// Validating benchmarks:
//    * Job(ShortRun) doesn't have a Runtime characteristic. It's recommended to specify runtime by using WithRuntime explicitly.

// ***** BenchmarkRunner: Start   *****
// ***** Found 36 benchmark(s) in total *****
// ***** Building 3 exe(s) in Parallel: Start   *****
// ***** Done, took 00:00:37 (37.41 sec)   *****
// Found 36 benchmarks:
//   MediatorBenchmarks.DirectCall: .NET 10.0(Runtime=.NET 10.0, Toolchain=net10.0)
//   MediatorBenchmarks.SendCommand_NoBehaviors: .NET 10.0(Runtime=.NET 10.0, Toolchain=net10.0)
//   MediatorBenchmarks.SendQuery_NoBehaviors: .NET 10.0(Runtime=.NET 10.0, Toolchain=net10.0)
//   MediatorBenchmarks.SendCommand_OneBehavior: .NET 10.0(Runtime=.NET 10.0, Toolchain=net10.0)
//   MediatorBenchmarks.SendCommand_FiveBehaviors: .NET 10.0(Runtime=.NET 10.0, Toolchain=net10.0)
//   MediatorBenchmarks.PublishNotification_OneHandler: .NET 10.0(Runtime=.NET 10.0, Toolchain=net10.0)
//   MediatorBenchmarks.PublishNotification_FiveHandlers: .NET 10.0(Runtime=.NET 10.0, Toolchain=net10.0)
//   MediatorBenchmarks.PublishNotification_Parallel: .NET 10.0(Runtime=.NET 10.0, Toolchain=net10.0)
//   MediatorBenchmarks.NestedSend: .NET 10.0(Runtime=.NET 10.0, Toolchain=net10.0)
//   MediatorBenchmarks.DirectCall: .NET 8.0(Runtime=.NET 8.0, Toolchain=net8.0)
//   MediatorBenchmarks.SendCommand_NoBehaviors: .NET 8.0(Runtime=.NET 8.0, Toolchain=net8.0)
//   MediatorBenchmarks.SendQuery_NoBehaviors: .NET 8.0(Runtime=.NET 8.0, Toolchain=net8.0)
//   MediatorBenchmarks.SendCommand_OneBehavior: .NET 8.0(Runtime=.NET 8.0, Toolchain=net8.0)
//   MediatorBenchmarks.SendCommand_FiveBehaviors: .NET 8.0(Runtime=.NET 8.0, Toolchain=net8.0)
//   MediatorBenchmarks.PublishNotification_OneHandler: .NET 8.0(Runtime=.NET 8.0, Toolchain=net8.0)
//   MediatorBenchmarks.PublishNotification_FiveHandlers: .NET 8.0(Runtime=.NET 8.0, Toolchain=net8.0)
//   MediatorBenchmarks.PublishNotification_Parallel: .NET 8.0(Runtime=.NET 8.0, Toolchain=net8.0)
//   MediatorBenchmarks.NestedSend: .NET 8.0(Runtime=.NET 8.0, Toolchain=net8.0)
//   MediatorBenchmarks.DirectCall: .NET 9.0(Runtime=.NET 9.0, Toolchain=net9.0)
//   MediatorBenchmarks.SendCommand_NoBehaviors: .NET 9.0(Runtime=.NET 9.0, Toolchain=net9.0)
//   MediatorBenchmarks.SendQuery_NoBehaviors: .NET 9.0(Runtime=.NET 9.0, Toolchain=net9.0)
//   MediatorBenchmarks.SendCommand_OneBehavior: .NET 9.0(Runtime=.NET 9.0, Toolchain=net9.0)
//   MediatorBenchmarks.SendCommand_FiveBehaviors: .NET 9.0(Runtime=.NET 9.0, Toolchain=net9.0)
//   MediatorBenchmarks.PublishNotification_OneHandler: .NET 9.0(Runtime=.NET 9.0, Toolchain=net9.0)
//   MediatorBenchmarks.PublishNotification_FiveHandlers: .NET 9.0(Runtime=.NET 9.0, Toolchain=net9.0)
//   MediatorBenchmarks.PublishNotification_Parallel: .NET 9.0(Runtime=.NET 9.0, Toolchain=net9.0)
//   MediatorBenchmarks.NestedSend: .NET 9.0(Runtime=.NET 9.0, Toolchain=net9.0)
//   MediatorBenchmarks.DirectCall: ShortRun(IterationCount=3, LaunchCount=1, WarmupCount=3)
//   MediatorBenchmarks.SendCommand_NoBehaviors: ShortRun(IterationCount=3, LaunchCount=1, WarmupCount=3)
//   MediatorBenchmarks.SendQuery_NoBehaviors: ShortRun(IterationCount=3, LaunchCount=1, WarmupCount=3)
//   MediatorBenchmarks.SendCommand_OneBehavior: ShortRun(IterationCount=3, LaunchCount=1, WarmupCount=3)
//   MediatorBenchmarks.SendCommand_FiveBehaviors: ShortRun(IterationCount=3, LaunchCount=1, WarmupCount=3)
//   MediatorBenchmarks.PublishNotification_OneHandler: ShortRun(IterationCount=3, LaunchCount=1, WarmupCount=3)
//   MediatorBenchmarks.PublishNotification_FiveHandlers: ShortRun(IterationCount=3, LaunchCount=1, WarmupCount=3)
//   MediatorBenchmarks.PublishNotification_Parallel: ShortRun(IterationCount=3, LaunchCount=1, WarmupCount=3)
//   MediatorBenchmarks.NestedSend: ShortRun(IterationCount=3, LaunchCount=1, WarmupCount=3)

// **************************
// Benchmark: MediatorBenchmarks.DirectCall: .NET 10.0(Runtime=.NET 10.0, Toolchain=net10.0)
// *** Execute ***
// Launch: 1 / 1
// Execute: dotnet "EricksonLopez.Mediator.Benchmarks-.NET 10.0-1.dll" --anonymousPipes 168 169 --benchmarkName EricksonLopez.Mediator.Benchmarks.MediatorBenchmarks.DirectCall --job ".NET 10.0" --benchmarkId 0 in /home/runner/work/dotnet-mediator/dotnet-mediator/benchmarks/EricksonLopez.Mediator.Benchmarks/bin/Release/net10.0/EricksonLopez.Mediator.Benchmarks-.NET 10.0-1/bin/Release/net10.0
// Failed to set up high priority (Permission denied). In order to run benchmarks with high priority, make sure you have the right permissions.
// BeforeAnythingElse

// Benchmark Process Environment Information:
// BenchmarkDotNet v0.15.8
// Runtime=.NET 10.0.12 (10.0.12, 10.0.1226.42308), X64 RyuJIT x86-64-v3
// GC=Concurrent Workstation
// HardwareIntrinsics=AVX2+BMI1+BMI2+F16C+FMA+LZCNT+MOVBE,AVX,SSE3+SSSE3+SSE4.1+SSE4.2+POPCNT,X86Base+SSE+SSE2,AES+PCLMUL VectorSize=256
// Job: .NET 10.0

OverheadJitting  1: 1 op, 223126.00 ns, 223.1260 us/op
WorkloadJitting  1: 1 op, 854521.00 ns, 854.5210 us/op

OverheadJitting  2: 16 op, 517504.00 ns, 32.3440 us/op
WorkloadJitting  2: 16 op, 463763.00 ns, 28.9852 us/op

WorkloadPilot    1: 16 op, 5300.00 ns, 331.2500 ns/op
WorkloadPilot    2: 32 op, 3066.00 ns, 95.8125 ns/op
WorkloadPilot    3: 64 op, 5150.00 ns, 80.4688 ns/op
WorkloadPilot    4: 128 op, 8495.00 ns, 66.3672 ns/op
WorkloadPilot    5: 256 op, 10570.00 ns, 41.2891 ns/op
WorkloadPilot    6: 512 op, 19656.00 ns, 38.3906 ns/op
WorkloadPilot    7: 1024 op, 37510.00 ns, 36.6309 ns/op
WorkloadPilot    8: 2048 op, 73837.00 ns, 36.0532 ns/op
WorkloadPilot    9: 4096 op, 147545.00 ns, 36.0217 ns/op
WorkloadPilot   10: 8192 op, 290932.00 ns, 35.5142 ns/op
WorkloadPilot   11: 16384 op, 612329.00 ns, 37.3736 ns/op
WorkloadPilot   12: 32768 op, 1192138.00 ns, 36.3812 ns/op
WorkloadPilot   13: 65536 op, 2373718.00 ns, 36.2201 ns/op
WorkloadPilot   14: 131072 op, 4703714.00 ns, 35.8865 ns/op
WorkloadPilot   15: 262144 op, 14886135.00 ns, 56.7861 ns/op
WorkloadPilot   16: 524288 op, 20011575.00 ns, 38.1691 ns/op
WorkloadPilot   17: 1048576 op, 37686199.00 ns, 35.9404 ns/op
WorkloadPilot   18: 2097152 op, 68466996.00 ns, 32.6476 ns/op
WorkloadPilot   19: 4194304 op, 16600165.00 ns, 3.9578 ns/op
WorkloadPilot   20: 8388608 op, 32982435.00 ns, 3.9318 ns/op
WorkloadPilot   21: 16777216 op, 66272923.00 ns, 3.9502 ns/op
WorkloadPilot   22: 33554432 op, 132088395.00 ns, 3.9365 ns/op
WorkloadPilot   23: 67108864 op, 264051747.00 ns, 3.9347 ns/op
WorkloadPilot   24: 134217728 op, 529276937.00 ns, 3.9434 ns/op

OverheadWarmup   1: 134217728 op, 500265281.00 ns, 3.7273 ns/op
OverheadWarmup   2: 134217728 op, 447710625.00 ns, 3.3357 ns/op
OverheadWarmup   3: 134217728 op, 447523976.00 ns, 3.3343 ns/op
OverheadWarmup   4: 134217728 op, 448776337.00 ns, 3.3436 ns/op
OverheadWarmup   5: 134217728 op, 447872584.00 ns, 3.3369 ns/op
OverheadWarmup   6: 134217728 op, 449708542.00 ns, 3.3506 ns/op
OverheadWarmup   7: 134217728 op, 449303406.00 ns, 3.3476 ns/op

OverheadActual   1: 134217728 op, 452074525.00 ns, 3.3682 ns/op
OverheadActual   2: 134217728 op, 457142767.00 ns, 3.4060 ns/op
OverheadActual   3: 134217728 op, 450600974.00 ns, 3.3572 ns/op
OverheadActual   4: 134217728 op, 447867495.00 ns, 3.3369 ns/op
OverheadActual   5: 134217728 op, 447113101.00 ns, 3.3313 ns/op
OverheadActual   6: 134217728 op, 448194995.00 ns, 3.3393 ns/op
OverheadActual   7: 134217728 op, 447137086.00 ns, 3.3314 ns/op
OverheadActual   8: 134217728 op, 488318450.00 ns, 3.6383 ns/op
OverheadActual   9: 134217728 op, 447903622.00 ns, 3.3371 ns/op
OverheadActual  10: 134217728 op, 448230500.00 ns, 3.3396 ns/op
OverheadActual  11: 134217728 op, 449452395.00 ns, 3.3487 ns/op
OverheadActual  12: 134217728 op, 448867841.00 ns, 3.3443 ns/op
OverheadActual  13: 134217728 op, 448223076.00 ns, 3.3395 ns/op
OverheadActual  14: 134217728 op, 447250073.00 ns, 3.3323 ns/op
OverheadActual  15: 134217728 op, 453475909.00 ns, 3.3787 ns/op

WorkloadWarmup   1: 134217728 op, 528655982.00 ns, 3.9388 ns/op
WorkloadWarmup   2: 134217728 op, 534391876.00 ns, 3.9815 ns/op
WorkloadWarmup   3: 134217728 op, 527324944.00 ns, 3.9289 ns/op
WorkloadWarmup   4: 134217728 op, 529618252.00 ns, 3.9460 ns/op
WorkloadWarmup   5: 134217728 op, 527496162.00 ns, 3.9302 ns/op
WorkloadWarmup   6: 134217728 op, 528471550.00 ns, 3.9374 ns/op

// BeforeActualRun
WorkloadActual   1: 134217728 op, 529515874.00 ns, 3.9452 ns/op
WorkloadActual   2: 134217728 op, 531210814.00 ns, 3.9578 ns/op
WorkloadActual   3: 134217728 op, 529152495.00 ns, 3.9425 ns/op
WorkloadActual   4: 134217728 op, 528510620.00 ns, 3.9377 ns/op
WorkloadActual   5: 134217728 op, 529209582.00 ns, 3.9429 ns/op
WorkloadActual   6: 134217728 op, 528136264.00 ns, 3.9349 ns/op
WorkloadActual   7: 134217728 op, 528961401.00 ns, 3.9411 ns/op
WorkloadActual   8: 134217728 op, 528158788.00 ns, 3.9351 ns/op
WorkloadActual   9: 134217728 op, 536833647.00 ns, 3.9997 ns/op
WorkloadActual  10: 134217728 op, 528081463.00 ns, 3.9345 ns/op
WorkloadActual  11: 134217728 op, 529387524.00 ns, 3.9442 ns/op
WorkloadActual  12: 134217728 op, 528238245.00 ns, 3.9357 ns/op
WorkloadActual  13: 134217728 op, 529127100.00 ns, 3.9423 ns/op
WorkloadActual  14: 134217728 op, 527904003.00 ns, 3.9332 ns/op
WorkloadActual  15: 134217728 op, 528458395.00 ns, 3.9373 ns/op

// AfterActualRun
WorkloadResult   1: 134217728 op, 81285374.00 ns, 0.6056 ns/op
WorkloadResult   2: 134217728 op, 80921995.00 ns, 0.6029 ns/op
WorkloadResult   3: 134217728 op, 80280120.00 ns, 0.5981 ns/op
WorkloadResult   4: 134217728 op, 80979082.00 ns, 0.6033 ns/op
WorkloadResult   5: 134217728 op, 79905764.00 ns, 0.5953 ns/op
WorkloadResult   6: 134217728 op, 80730901.00 ns, 0.6015 ns/op
WorkloadResult   7: 134217728 op, 79928288.00 ns, 0.5955 ns/op
WorkloadResult   8: 134217728 op, 79850963.00 ns, 0.5949 ns/op
WorkloadResult   9: 134217728 op, 81157024.00 ns, 0.6047 ns/op
WorkloadResult  10: 134217728 op, 80007745.00 ns, 0.5961 ns/op
WorkloadResult  11: 134217728 op, 80896600.00 ns, 0.6027 ns/op
WorkloadResult  12: 134217728 op, 79673503.00 ns, 0.5936 ns/op
WorkloadResult  13: 134217728 op, 80227895.00 ns, 0.5977 ns/op
// GC:  0 0 0 0 134217728
// Threading:  0 0 134217728

// AfterAll
// Benchmark Process 5257 has exited with code 0.

Mean = 0.599 ns, StdErr = 0.001 ns (0.19%), N = 13, StdDev = 0.004 ns
Min = 0.594 ns, Q1 = 0.596 ns, Median = 0.598 ns, Q3 = 0.603 ns, Max = 0.606 ns
IQR = 0.007 ns, LowerFence = 0.584 ns, UpperFence = 0.614 ns
ConfidenceInterval = [0.594 ns; 0.604 ns] (CI 99.9%), Margin = 0.005 ns (0.84% of Mean)
Skewness = 0.09, Kurtosis = 1.24, MValue = 2

// ** Remained 35 (97.2 %) benchmark(s) to run. Estimated finish 2026-09-20 7:27 (0h 13m from now) **
// **************************
// Benchmark: MediatorBenchmarks.SendCommand_NoBehaviors: .NET 10.0(Runtime=.NET 10.0, Toolchain=net10.0)
// *** Execute ***
// Launch: 1 / 1
// Execute: dotnet "EricksonLopez.Mediator.Benchmarks-.NET 10.0-1.dll" --anonymousPipes 107 108 --benchmarkName EricksonLopez.Mediator.Benchmarks.MediatorBenchmarks.SendCommand_NoBehaviors --job ".NET 10.0" --benchmarkId 1 in /home/runner/work/dotnet-mediator/dotnet-mediator/benchmarks/EricksonLopez.Mediator.Benchmarks/bin/Release/net10.0/EricksonLopez.Mediator.Benchmarks-.NET 10.0-1/bin/Release/net10.0
// Failed to set up high priority (Permission denied). In order to run benchmarks with high priority, make sure you have the right permissions.
// BeforeAnythingElse

// Benchmark Process Environment Information:
// BenchmarkDotNet v0.15.8
// Runtime=.NET 10.0.12 (10.0.12, 10.0.1226.42308), X64 RyuJIT x86-64-v3
// GC=Concurrent Workstation
// HardwareIntrinsics=AVX2+BMI1+BMI2+F16C+FMA+LZCNT+MOVBE,AVX,SSE3+SSSE3+SSE4.1+SSE4.2+POPCNT,X86Base+SSE+SSE2,AES+PCLMUL VectorSize=256
// Job: .NET 10.0

OverheadJitting  1: 1 op, 219989.00 ns, 219.9890 us/op
WorkloadJitting  1: 1 op, 2249246.00 ns, 2.2492 ms/op

OverheadJitting  2: 16 op, 780773.00 ns, 48.7983 us/op
WorkloadJitting  2: 16 op, 753433.00 ns, 47.0896 us/op

WorkloadPilot    1: 16 op, 7504.00 ns, 469.0000 ns/op
WorkloadPilot    2: 32 op, 11601.00 ns, 362.5313 ns/op
WorkloadPilot    3: 64 op, 17983.00 ns, 280.9844 ns/op
WorkloadPilot    4: 128 op, 63939.00 ns, 499.5234 ns/op
WorkloadPilot    5: 256 op, 68157.00 ns, 266.2383 ns/op
WorkloadPilot    6: 512 op, 129261.00 ns, 252.4629 ns/op
WorkloadPilot    7: 1024 op, 240978.00 ns, 235.3301 ns/op
WorkloadPilot    8: 2048 op, 473752.00 ns, 231.3242 ns/op
WorkloadPilot    9: 4096 op, 953765.00 ns, 232.8528 ns/op
WorkloadPilot   10: 8192 op, 2017525.00 ns, 246.2799 ns/op
WorkloadPilot   11: 16384 op, 3899337.00 ns, 237.9966 ns/op
WorkloadPilot   12: 32768 op, 7746097.00 ns, 236.3921 ns/op
WorkloadPilot   13: 65536 op, 15389692.00 ns, 234.8281 ns/op
WorkloadPilot   14: 131072 op, 30478273.00 ns, 232.5308 ns/op
WorkloadPilot   15: 262144 op, 60815274.00 ns, 231.9919 ns/op
WorkloadPilot   16: 524288 op, 53799416.00 ns, 102.6142 ns/op
WorkloadPilot   17: 1048576 op, 25746497.00 ns, 24.5538 ns/op
WorkloadPilot   18: 2097152 op, 51053576.00 ns, 24.3442 ns/op
WorkloadPilot   19: 4194304 op, 102319066.00 ns, 24.3948 ns/op
WorkloadPilot   20: 8388608 op, 204213552.00 ns, 24.3442 ns/op
WorkloadPilot   21: 16777216 op, 413497267.00 ns, 24.6464 ns/op
WorkloadPilot   22: 33554432 op, 817533313.00 ns, 24.3644 ns/op

OverheadWarmup   1: 33554432 op, 153580159.00 ns, 4.5770 ns/op
OverheadWarmup   2: 33554432 op, 154272086.00 ns, 4.5977 ns/op
OverheadWarmup   3: 33554432 op, 111964798.00 ns, 3.3368 ns/op
OverheadWarmup   4: 33554432 op, 111780254.00 ns, 3.3313 ns/op
OverheadWarmup   5: 33554432 op, 112095892.00 ns, 3.3407 ns/op
OverheadWarmup   6: 33554432 op, 111851645.00 ns, 3.3334 ns/op

OverheadActual   1: 33554432 op, 111790755.00 ns, 3.3316 ns/op
OverheadActual   2: 33554432 op, 112120670.00 ns, 3.3415 ns/op
OverheadActual   3: 33554432 op, 112321643.00 ns, 3.3474 ns/op
OverheadActual   4: 33554432 op, 117458603.00 ns, 3.5005 ns/op
OverheadActual   5: 33554432 op, 111967044.00 ns, 3.3369 ns/op
OverheadActual   6: 33554432 op, 111770297.00 ns, 3.3310 ns/op
OverheadActual   7: 33554432 op, 111796155.00 ns, 3.3318 ns/op
OverheadActual   8: 33554432 op, 111669770.00 ns, 3.3280 ns/op
OverheadActual   9: 33554432 op, 111661855.00 ns, 3.3278 ns/op
OverheadActual  10: 33554432 op, 111897775.00 ns, 3.3348 ns/op
OverheadActual  11: 33554432 op, 111723300.00 ns, 3.3296 ns/op
OverheadActual  12: 33554432 op, 112839758.00 ns, 3.3629 ns/op
OverheadActual  13: 33554432 op, 112181652.00 ns, 3.3433 ns/op
OverheadActual  14: 33554432 op, 111693324.00 ns, 3.3287 ns/op
OverheadActual  15: 33554432 op, 111740762.00 ns, 3.3301 ns/op

WorkloadWarmup   1: 33554432 op, 818145091.00 ns, 24.3826 ns/op
WorkloadWarmup   2: 33554432 op, 817384776.00 ns, 24.3600 ns/op
WorkloadWarmup   3: 33554432 op, 818039444.00 ns, 24.3795 ns/op
WorkloadWarmup   4: 33554432 op, 819657776.00 ns, 24.4277 ns/op
WorkloadWarmup   5: 33554432 op, 818125865.00 ns, 24.3821 ns/op
WorkloadWarmup   6: 33554432 op, 817154788.00 ns, 24.3531 ns/op
WorkloadWarmup   7: 33554432 op, 818598204.00 ns, 24.3961 ns/op
WorkloadWarmup   8: 33554432 op, 816706396.00 ns, 24.3397 ns/op

// BeforeActualRun
WorkloadActual   1: 33554432 op, 817872777.00 ns, 24.3745 ns/op
WorkloadActual   2: 33554432 op, 818388809.00 ns, 24.3899 ns/op
WorkloadActual   3: 33554432 op, 816976912.00 ns, 24.3478 ns/op
WorkloadActual   4: 33554432 op, 817005555.00 ns, 24.3487 ns/op
WorkloadActual   5: 33554432 op, 816481850.00 ns, 24.3331 ns/op
WorkloadActual   6: 33554432 op, 818063516.00 ns, 24.3802 ns/op
WorkloadActual   7: 33554432 op, 818687984.00 ns, 24.3988 ns/op
WorkloadActual   8: 33554432 op, 817758616.00 ns, 24.3711 ns/op
WorkloadActual   9: 33554432 op, 817155254.00 ns, 24.3531 ns/op
WorkloadActual  10: 33554432 op, 820824133.00 ns, 24.4625 ns/op
WorkloadActual  11: 33554432 op, 816338549.00 ns, 24.3288 ns/op
WorkloadActual  12: 33554432 op, 818103002.00 ns, 24.3814 ns/op
WorkloadActual  13: 33554432 op, 817956249.00 ns, 24.3770 ns/op
WorkloadActual  14: 33554432 op, 819531230.00 ns, 24.4239 ns/op
WorkloadActual  15: 33554432 op, 817087192.00 ns, 24.3511 ns/op

// AfterActualRun
WorkloadResult   1: 33554432 op, 706076622.00 ns, 21.0427 ns/op
WorkloadResult   2: 33554432 op, 706592654.00 ns, 21.0581 ns/op
WorkloadResult   3: 33554432 op, 705180757.00 ns, 21.0160 ns/op
WorkloadResult   4: 33554432 op, 705209400.00 ns, 21.0169 ns/op
WorkloadResult   5: 33554432 op, 704685695.00 ns, 21.0013 ns/op
WorkloadResult   6: 33554432 op, 706267361.00 ns, 21.0484 ns/op
WorkloadResult   7: 33554432 op, 706891829.00 ns, 21.0670 ns/op
WorkloadResult   8: 33554432 op, 705962461.00 ns, 21.0393 ns/op
WorkloadResult   9: 33554432 op, 705359099.00 ns, 21.0213 ns/op
WorkloadResult  10: 33554432 op, 704542394.00 ns, 20.9970 ns/op
WorkloadResult  11: 33554432 op, 706306847.00 ns, 21.0496 ns/op
WorkloadResult  12: 33554432 op, 706160094.00 ns, 21.0452 ns/op
WorkloadResult  13: 33554432 op, 707735075.00 ns, 21.0921 ns/op
WorkloadResult  14: 33554432 op, 705291037.00 ns, 21.0193 ns/op
// GC:  0 0 0 0 33554432
// Threading:  0 0 33554432

// AfterAll
// Benchmark Process 5281 has exited with code 0.

Mean = 21.037 ns, StdErr = 0.007 ns (0.03%), N = 14, StdDev = 0.026 ns
Min = 20.997 ns, Q1 = 21.017 ns, Median = 21.041 ns, Q3 = 21.049 ns, Max = 21.092 ns
IQR = 0.032 ns, LowerFence = 20.970 ns, UpperFence = 21.097 ns
ConfidenceInterval = [21.007 ns; 21.067 ns] (CI 99.9%), Margin = 0.030 ns (0.14% of Mean)
Skewness = 0.31, Kurtosis = 2.22, MValue = 2

// ** Remained 34 (94.4 %) benchmark(s) to run. Estimated finish 2026-09-20 7:27 (0h 13m from now) **
// **************************
// Benchmark: MediatorBenchmarks.SendQuery_NoBehaviors: .NET 10.0(Runtime=.NET 10.0, Toolchain=net10.0)
// *** Execute ***
// Launch: 1 / 1
// Execute: dotnet "EricksonLopez.Mediator.Benchmarks-.NET 10.0-1.dll" --anonymousPipes 107 108 --benchmarkName EricksonLopez.Mediator.Benchmarks.MediatorBenchmarks.SendQuery_NoBehaviors --job ".NET 10.0" --benchmarkId 2 in /home/runner/work/dotnet-mediator/dotnet-mediator/benchmarks/EricksonLopez.Mediator.Benchmarks/bin/Release/net10.0/EricksonLopez.Mediator.Benchmarks-.NET 10.0-1/bin/Release/net10.0
// Failed to set up high priority (Permission denied). In order to run benchmarks with high priority, make sure you have the right permissions.
// BeforeAnythingElse

// Benchmark Process Environment Information:
// BenchmarkDotNet v0.15.8
// Runtime=.NET 10.0.12 (10.0.12, 10.0.1226.42308), X64 RyuJIT x86-64-v3
// GC=Concurrent Workstation
// HardwareIntrinsics=AVX2+BMI1+BMI2+F16C+FMA+LZCNT+MOVBE,AVX,SSE3+SSSE3+SSE4.1+SSE4.2+POPCNT,X86Base+SSE+SSE2,AES+PCLMUL VectorSize=256
// Job: .NET 10.0

OverheadJitting  1: 1 op, 278408.00 ns, 278.4080 us/op
WorkloadJitting  1: 1 op, 1345124.00 ns, 1.3451 ms/op

OverheadJitting  2: 16 op, 471668.00 ns, 29.4793 us/op
WorkloadJitting  2: 16 op, 456589.00 ns, 28.5368 us/op

WorkloadPilot    1: 16 op, 7434.00 ns, 464.6250 ns/op
WorkloadPilot    2: 32 op, 10039.00 ns, 313.7188 ns/op
WorkloadPilot    3: 64 op, 18855.00 ns, 294.6094 ns/op
WorkloadPilot    4: 128 op, 28833.00 ns, 225.2578 ns/op
WorkloadPilot    5: 256 op, 53630.00 ns, 209.4922 ns/op
WorkloadPilot    6: 512 op, 131655.00 ns, 257.1387 ns/op
WorkloadPilot    7: 1024 op, 202266.00 ns, 197.5254 ns/op
WorkloadPilot    8: 2048 op, 397700.00 ns, 194.1895 ns/op
WorkloadPilot    9: 4096 op, 829254.00 ns, 202.4546 ns/op
WorkloadPilot   10: 8192 op, 1696036.00 ns, 207.0356 ns/op
WorkloadPilot   11: 16384 op, 3371544.00 ns, 205.7827 ns/op
WorkloadPilot   12: 32768 op, 6698956.00 ns, 204.4359 ns/op
WorkloadPilot   13: 65536 op, 13255828.00 ns, 202.2679 ns/op
WorkloadPilot   14: 131072 op, 26510864.00 ns, 202.2618 ns/op
WorkloadPilot   15: 262144 op, 52549288.00 ns, 200.4596 ns/op
WorkloadPilot   16: 524288 op, 58272979.00 ns, 111.1469 ns/op
WorkloadPilot   17: 1048576 op, 20178751.00 ns, 19.2440 ns/op
WorkloadPilot   18: 2097152 op, 40143963.00 ns, 19.1421 ns/op
WorkloadPilot   19: 4194304 op, 80148457.00 ns, 19.1089 ns/op
WorkloadPilot   20: 8388608 op, 159842688.00 ns, 19.0547 ns/op
WorkloadPilot   21: 16777216 op, 321096783.00 ns, 19.1389 ns/op
WorkloadPilot   22: 33554432 op, 640923252.00 ns, 19.1010 ns/op

OverheadWarmup   1: 33554432 op, 144769950.00 ns, 4.3145 ns/op
OverheadWarmup   2: 33554432 op, 149229198.00 ns, 4.4474 ns/op
OverheadWarmup   3: 33554432 op, 111829343.00 ns, 3.3328 ns/op
OverheadWarmup   4: 33554432 op, 111218534.00 ns, 3.3146 ns/op
OverheadWarmup   5: 33554432 op, 111234024.00 ns, 3.3150 ns/op
OverheadWarmup   6: 33554432 op, 110916813.00 ns, 3.3056 ns/op

OverheadActual   1: 33554432 op, 111071491.00 ns, 3.3102 ns/op
OverheadActual   2: 33554432 op, 111016175.00 ns, 3.3085 ns/op
OverheadActual   3: 33554432 op, 111124322.00 ns, 3.3118 ns/op
OverheadActual   4: 33554432 op, 120691209.00 ns, 3.5969 ns/op
OverheadActual   5: 33554432 op, 110922006.00 ns, 3.3057 ns/op
OverheadActual   6: 33554432 op, 111927836.00 ns, 3.3357 ns/op
OverheadActual   7: 33554432 op, 110981325.00 ns, 3.3075 ns/op
OverheadActual   8: 33554432 op, 111047789.00 ns, 3.3095 ns/op
OverheadActual   9: 33554432 op, 111031890.00 ns, 3.3090 ns/op
OverheadActual  10: 33554432 op, 110894795.00 ns, 3.3049 ns/op
OverheadActual  11: 33554432 op, 110859850.00 ns, 3.3039 ns/op
OverheadActual  12: 33554432 op, 110991064.00 ns, 3.3078 ns/op
OverheadActual  13: 33554432 op, 110996424.00 ns, 3.3080 ns/op
OverheadActual  14: 33554432 op, 110934789.00 ns, 3.3061 ns/op
OverheadActual  15: 33554432 op, 111241840.00 ns, 3.3153 ns/op

WorkloadWarmup   1: 33554432 op, 640891620.00 ns, 19.1001 ns/op
WorkloadWarmup   2: 33554432 op, 640767620.00 ns, 19.0964 ns/op
WorkloadWarmup   3: 33554432 op, 641988981.00 ns, 19.1328 ns/op
WorkloadWarmup   4: 33554432 op, 641169437.00 ns, 19.1083 ns/op
WorkloadWarmup   5: 33554432 op, 640959725.00 ns, 19.1021 ns/op
WorkloadWarmup   6: 33554432 op, 645171658.00 ns, 19.2276 ns/op
WorkloadWarmup   7: 33554432 op, 651403685.00 ns, 19.4133 ns/op
WorkloadWarmup   8: 33554432 op, 640746791.00 ns, 19.0957 ns/op

// BeforeActualRun
WorkloadActual   1: 33554432 op, 641724741.00 ns, 19.1249 ns/op
WorkloadActual   2: 33554432 op, 640988020.00 ns, 19.1029 ns/op
WorkloadActual   3: 33554432 op, 641461229.00 ns, 19.1170 ns/op
WorkloadActual   4: 33554432 op, 641079557.00 ns, 19.1057 ns/op
WorkloadActual   5: 33554432 op, 641653426.00 ns, 19.1228 ns/op
WorkloadActual   6: 33554432 op, 641641552.00 ns, 19.1224 ns/op
WorkloadActual   7: 33554432 op, 640493726.00 ns, 19.0882 ns/op
WorkloadActual   8: 33554432 op, 645109687.00 ns, 19.2258 ns/op
WorkloadActual   9: 33554432 op, 641835673.00 ns, 19.1282 ns/op
WorkloadActual  10: 33554432 op, 641022801.00 ns, 19.1040 ns/op
WorkloadActual  11: 33554432 op, 642388262.00 ns, 19.1447 ns/op
WorkloadActual  12: 33554432 op, 641016809.00 ns, 19.1038 ns/op
WorkloadActual  13: 33554432 op, 642065652.00 ns, 19.1350 ns/op
WorkloadActual  14: 33554432 op, 643285382.00 ns, 19.1714 ns/op
WorkloadActual  15: 33554432 op, 640823710.00 ns, 19.0980 ns/op

// AfterActualRun
WorkloadResult   1: 33554432 op, 530708566.00 ns, 15.8163 ns/op
WorkloadResult   2: 33554432 op, 529971845.00 ns, 15.7944 ns/op
WorkloadResult   3: 33554432 op, 530445054.00 ns, 15.8085 ns/op
WorkloadResult   4: 33554432 op, 530063382.00 ns, 15.7971 ns/op
WorkloadResult   5: 33554432 op, 530637251.00 ns, 15.8142 ns/op
WorkloadResult   6: 33554432 op, 530625377.00 ns, 15.8139 ns/op
WorkloadResult   7: 33554432 op, 529477551.00 ns, 15.7797 ns/op
WorkloadResult   8: 33554432 op, 530819498.00 ns, 15.8197 ns/op
WorkloadResult   9: 33554432 op, 530006626.00 ns, 15.7954 ns/op
WorkloadResult  10: 33554432 op, 531372087.00 ns, 15.8361 ns/op
WorkloadResult  11: 33554432 op, 530000634.00 ns, 15.7952 ns/op
WorkloadResult  12: 33554432 op, 531049477.00 ns, 15.8265 ns/op
WorkloadResult  13: 33554432 op, 532269207.00 ns, 15.8629 ns/op
WorkloadResult  14: 33554432 op, 529807535.00 ns, 15.7895 ns/op
// GC:  0 0 0 0 33554432
// Threading:  0 0 33554432

// AfterAll
// Benchmark Process 5304 has exited with code 0.

Mean = 15.811 ns, StdErr = 0.006 ns (0.04%), N = 14, StdDev = 0.022 ns
Min = 15.780 ns, Q1 = 15.795 ns, Median = 15.811 ns, Q3 = 15.819 ns, Max = 15.863 ns
IQR = 0.024 ns, LowerFence = 15.760 ns, UpperFence = 15.854 ns
ConfidenceInterval = [15.786 ns; 15.835 ns] (CI 99.9%), Margin = 0.024 ns (0.15% of Mean)
Skewness = 0.78, Kurtosis = 3.01, MValue = 2

// ** Remained 33 (91.7 %) benchmark(s) to run. Estimated finish 2026-09-20 7:26 (0h 12m from now) **
// **************************
// Benchmark: MediatorBenchmarks.SendCommand_OneBehavior: .NET 10.0(Runtime=.NET 10.0, Toolchain=net10.0)
// *** Execute ***
// Launch: 1 / 1
// Execute: dotnet "EricksonLopez.Mediator.Benchmarks-.NET 10.0-1.dll" --anonymousPipes 107 108 --benchmarkName EricksonLopez.Mediator.Benchmarks.MediatorBenchmarks.SendCommand_OneBehavior --job ".NET 10.0" --benchmarkId 3 in /home/runner/work/dotnet-mediator/dotnet-mediator/benchmarks/EricksonLopez.Mediator.Benchmarks/bin/Release/net10.0/EricksonLopez.Mediator.Benchmarks-.NET 10.0-1/bin/Release/net10.0
// Failed to set up high priority (Permission denied). In order to run benchmarks with high priority, make sure you have the right permissions.
// BeforeAnythingElse

// Benchmark Process Environment Information:
// BenchmarkDotNet v0.15.8
// Runtime=.NET 10.0.12 (10.0.12, 10.0.1226.42308), X64 RyuJIT x86-64-v3
// GC=Concurrent Workstation
// HardwareIntrinsics=AVX2+BMI1+BMI2+F16C+FMA+LZCNT+MOVBE,AVX,SSE3+SSSE3+SSE4.1+SSE4.2+POPCNT,X86Base+SSE+SSE2,AES+PCLMUL VectorSize=256
// Job: .NET 10.0

OverheadJitting  1: 1 op, 215331.00 ns, 215.3310 us/op
WorkloadJitting  1: 1 op, 2558891.00 ns, 2.5589 ms/op

OverheadJitting  2: 16 op, 478400.00 ns, 29.9000 us/op
WorkloadJitting  2: 16 op, 530988.00 ns, 33.1868 us/op

WorkloadPilot    1: 16 op, 15759.00 ns, 984.9375 ns/op
WorkloadPilot    2: 32 op, 25909.00 ns, 809.6563 ns/op
WorkloadPilot    3: 64 op, 41848.00 ns, 653.8750 ns/op
WorkloadPilot    4: 128 op, 71744.00 ns, 560.5000 ns/op
WorkloadPilot    5: 256 op, 133639.00 ns, 522.0273 ns/op
WorkloadPilot    6: 512 op, 245206.00 ns, 478.9180 ns/op
WorkloadPilot    7: 1024 op, 511641.00 ns, 499.6494 ns/op
WorkloadPilot    8: 2048 op, 978882.00 ns, 477.9697 ns/op
WorkloadPilot    9: 4096 op, 2917067.00 ns, 712.1746 ns/op
WorkloadPilot   10: 8192 op, 5928090.00 ns, 723.6438 ns/op
WorkloadPilot   11: 16384 op, 11483537.00 ns, 700.8995 ns/op
WorkloadPilot   12: 32768 op, 15821485.00 ns, 482.8334 ns/op
WorkloadPilot   13: 65536 op, 31106507.00 ns, 474.6476 ns/op
WorkloadPilot   14: 131072 op, 62145157.00 ns, 474.1299 ns/op
WorkloadPilot   15: 262144 op, 59091326.00 ns, 225.4155 ns/op
WorkloadPilot   16: 524288 op, 26526255.00 ns, 50.5948 ns/op
WorkloadPilot   17: 1048576 op, 53006635.00 ns, 50.5511 ns/op
WorkloadPilot   18: 2097152 op, 106571090.00 ns, 50.8171 ns/op
WorkloadPilot   19: 4194304 op, 211763025.00 ns, 50.4882 ns/op
WorkloadPilot   20: 8388608 op, 422727360.00 ns, 50.3930 ns/op
WorkloadPilot   21: 16777216 op, 847325600.00 ns, 50.5045 ns/op

OverheadWarmup   1: 16777216 op, 71741042.00 ns, 4.2761 ns/op
OverheadWarmup   2: 16777216 op, 76413265.00 ns, 4.5546 ns/op
OverheadWarmup   3: 16777216 op, 75202813.00 ns, 4.4824 ns/op
OverheadWarmup   4: 16777216 op, 55610849.00 ns, 3.3147 ns/op
OverheadWarmup   5: 16777216 op, 55512917.00 ns, 3.3088 ns/op
OverheadWarmup   6: 16777216 op, 56030230.00 ns, 3.3397 ns/op
OverheadWarmup   7: 16777216 op, 56973037.00 ns, 3.3959 ns/op
OverheadWarmup   8: 16777216 op, 59083872.00 ns, 3.5217 ns/op
OverheadWarmup   9: 16777216 op, 55798607.00 ns, 3.3259 ns/op

OverheadActual   1: 16777216 op, 55674749.00 ns, 3.3185 ns/op
OverheadActual   2: 16777216 op, 55733618.00 ns, 3.3220 ns/op
OverheadActual   3: 16777216 op, 55596533.00 ns, 3.3138 ns/op
OverheadActual   4: 16777216 op, 55591975.00 ns, 3.3135 ns/op
OverheadActual   5: 16777216 op, 55586654.00 ns, 3.3132 ns/op
OverheadActual   6: 16777216 op, 55548294.00 ns, 3.3109 ns/op
OverheadActual   7: 16777216 op, 55668437.00 ns, 3.3181 ns/op
OverheadActual   8: 16777216 op, 55741032.00 ns, 3.3224 ns/op
OverheadActual   9: 16777216 op, 55555467.00 ns, 3.3114 ns/op
OverheadActual  10: 16777216 op, 55586344.00 ns, 3.3132 ns/op
OverheadActual  11: 16777216 op, 56047572.00 ns, 3.3407 ns/op
OverheadActual  12: 16777216 op, 55695958.00 ns, 3.3197 ns/op
OverheadActual  13: 16777216 op, 55740992.00 ns, 3.3224 ns/op
OverheadActual  14: 16777216 op, 55678166.00 ns, 3.3187 ns/op
OverheadActual  15: 16777216 op, 55717458.00 ns, 3.3210 ns/op

WorkloadWarmup   1: 16777216 op, 856582805.00 ns, 51.0563 ns/op
WorkloadWarmup   2: 16777216 op, 846466222.00 ns, 50.4533 ns/op
WorkloadWarmup   3: 16777216 op, 846501737.00 ns, 50.4554 ns/op
WorkloadWarmup   4: 16777216 op, 847656295.00 ns, 50.5243 ns/op
WorkloadWarmup   5: 16777216 op, 847829335.00 ns, 50.5346 ns/op
WorkloadWarmup   6: 16777216 op, 847276940.00 ns, 50.5016 ns/op
WorkloadWarmup   7: 16777216 op, 848900310.00 ns, 50.5984 ns/op
WorkloadWarmup   8: 16777216 op, 847315061.00 ns, 50.5039 ns/op

// BeforeActualRun
WorkloadActual   1: 16777216 op, 848091565.00 ns, 50.5502 ns/op
WorkloadActual   2: 16777216 op, 846583650.00 ns, 50.4603 ns/op
WorkloadActual   3: 16777216 op, 851870521.00 ns, 50.7754 ns/op
WorkloadActual   4: 16777216 op, 846646606.00 ns, 50.4641 ns/op
WorkloadActual   5: 16777216 op, 846712690.00 ns, 50.4680 ns/op
WorkloadActual   6: 16777216 op, 848107257.00 ns, 50.5511 ns/op
WorkloadActual   7: 16777216 op, 845885644.00 ns, 50.4187 ns/op
WorkloadActual   8: 16777216 op, 848735618.00 ns, 50.5886 ns/op
WorkloadActual   9: 16777216 op, 847753981.00 ns, 50.5301 ns/op
WorkloadActual  10: 16777216 op, 846667419.00 ns, 50.4653 ns/op
WorkloadActual  11: 16777216 op, 847038330.00 ns, 50.4874 ns/op
WorkloadActual  12: 16777216 op, 848457199.00 ns, 50.5720 ns/op
WorkloadActual  13: 16777216 op, 847983349.00 ns, 50.5437 ns/op
WorkloadActual  14: 16777216 op, 846764191.00 ns, 50.4711 ns/op
WorkloadActual  15: 16777216 op, 847058968.00 ns, 50.4886 ns/op

// AfterActualRun
WorkloadResult   1: 16777216 op, 792416816.00 ns, 47.2317 ns/op
WorkloadResult   2: 16777216 op, 790908901.00 ns, 47.1418 ns/op
WorkloadResult   3: 16777216 op, 790971857.00 ns, 47.1456 ns/op
WorkloadResult   4: 16777216 op, 791037941.00 ns, 47.1495 ns/op
WorkloadResult   5: 16777216 op, 792432508.00 ns, 47.2327 ns/op
WorkloadResult   6: 16777216 op, 790210895.00 ns, 47.1002 ns/op
WorkloadResult   7: 16777216 op, 793060869.00 ns, 47.2701 ns/op
WorkloadResult   8: 16777216 op, 792079232.00 ns, 47.2116 ns/op
WorkloadResult   9: 16777216 op, 790992670.00 ns, 47.1468 ns/op
WorkloadResult  10: 16777216 op, 791363581.00 ns, 47.1689 ns/op
WorkloadResult  11: 16777216 op, 792782450.00 ns, 47.2535 ns/op
WorkloadResult  12: 16777216 op, 792308600.00 ns, 47.2253 ns/op
WorkloadResult  13: 16777216 op, 791089442.00 ns, 47.1526 ns/op
WorkloadResult  14: 16777216 op, 791384219.00 ns, 47.1702 ns/op
// GC:  0 0 0 32 16777216
// Threading:  0 0 16777216

// AfterAll
// Benchmark Process 5327 has exited with code 0.

Mean = 47.186 ns, StdErr = 0.014 ns (0.03%), N = 14, StdDev = 0.051 ns
Min = 47.100 ns, Q1 = 47.148 ns, Median = 47.170 ns, Q3 = 47.230 ns, Max = 47.270 ns
IQR = 0.083 ns, LowerFence = 47.024 ns, UpperFence = 47.354 ns
ConfidenceInterval = [47.128 ns; 47.243 ns] (CI 99.9%), Margin = 0.057 ns (0.12% of Mean)
Skewness = 0.14, Kurtosis = 1.6, MValue = 2

// ** Remained 32 (88.9 %) benchmark(s) to run. Estimated finish 2026-09-20 7:27 (0h 12m from now) **
// **************************
// Benchmark: MediatorBenchmarks.SendCommand_FiveBehaviors: .NET 10.0(Runtime=.NET 10.0, Toolchain=net10.0)
// *** Execute ***
// Launch: 1 / 1
// Execute: dotnet "EricksonLopez.Mediator.Benchmarks-.NET 10.0-1.dll" --anonymousPipes 107 108 --benchmarkName EricksonLopez.Mediator.Benchmarks.MediatorBenchmarks.SendCommand_FiveBehaviors --job ".NET 10.0" --benchmarkId 4 in /home/runner/work/dotnet-mediator/dotnet-mediator/benchmarks/EricksonLopez.Mediator.Benchmarks/bin/Release/net10.0/EricksonLopez.Mediator.Benchmarks-.NET 10.0-1/bin/Release/net10.0
// Failed to set up high priority (Permission denied). In order to run benchmarks with high priority, make sure you have the right permissions.
// BeforeAnythingElse

// Benchmark Process Environment Information:
// BenchmarkDotNet v0.15.8
// Runtime=.NET 10.0.12 (10.0.12, 10.0.1226.42308), X64 RyuJIT x86-64-v3
// GC=Concurrent Workstation
// HardwareIntrinsics=AVX2+BMI1+BMI2+F16C+FMA+LZCNT+MOVBE,AVX,SSE3+SSSE3+SSE4.1+SSE4.2+POPCNT,X86Base+SSE+SSE2,AES+PCLMUL VectorSize=256
// Job: .NET 10.0

OverheadJitting  1: 1 op, 223045.00 ns, 223.0450 us/op
WorkloadJitting  1: 1 op, 4796517.00 ns, 4.7965 ms/op

OverheadJitting  2: 16 op, 474683.00 ns, 29.6677 us/op
WorkloadJitting  2: 16 op, 489952.00 ns, 30.6220 us/op

WorkloadPilot    1: 16 op, 32200.00 ns, 2.0125 us/op
WorkloadPilot    2: 32 op, 54021.00 ns, 1.6882 us/op
WorkloadPilot    3: 64 op, 101449.00 ns, 1.5851 us/op
WorkloadPilot    4: 128 op, 199401.00 ns, 1.5578 us/op
WorkloadPilot    5: 256 op, 391899.00 ns, 1.5309 us/op
WorkloadPilot    6: 512 op, 786594.00 ns, 1.5363 us/op
WorkloadPilot    7: 1024 op, 1635845.00 ns, 1.5975 us/op
WorkloadPilot    8: 2048 op, 3290184.00 ns, 1.6065 us/op
WorkloadPilot    9: 4096 op, 6471875.00 ns, 1.5800 us/op
WorkloadPilot   10: 8192 op, 12869212.00 ns, 1.5709 us/op
WorkloadPilot   11: 16384 op, 25595597.00 ns, 1.5622 us/op
WorkloadPilot   12: 32768 op, 51368555.00 ns, 1.5676 us/op
WorkloadPilot   13: 65536 op, 88670479.00 ns, 1.3530 us/op
WorkloadPilot   14: 131072 op, 93934977.00 ns, 716.6670 ns/op
WorkloadPilot   15: 262144 op, 57571700.00 ns, 219.6186 ns/op
WorkloadPilot   16: 524288 op, 92666266.00 ns, 176.7469 ns/op
WorkloadPilot   17: 1048576 op, 186645496.00 ns, 177.9990 ns/op
WorkloadPilot   18: 2097152 op, 371605122.00 ns, 177.1951 ns/op
WorkloadPilot   19: 4194304 op, 742303407.00 ns, 176.9789 ns/op

OverheadWarmup   1: 4194304 op, 17896037.00 ns, 4.2667 ns/op
OverheadWarmup   2: 4194304 op, 17890446.00 ns, 4.2654 ns/op
OverheadWarmup   3: 4194304 op, 17880108.00 ns, 4.2629 ns/op
OverheadWarmup   4: 4194304 op, 17817912.00 ns, 4.2481 ns/op
OverheadWarmup   5: 4194304 op, 17842227.00 ns, 4.2539 ns/op
OverheadWarmup   6: 4194304 op, 17842628.00 ns, 4.2540 ns/op
OverheadWarmup   7: 4194304 op, 17870930.00 ns, 4.2608 ns/op
OverheadWarmup   8: 4194304 op, 17825436.00 ns, 4.2499 ns/op
OverheadWarmup   9: 4194304 op, 17859699.00 ns, 4.2581 ns/op
OverheadWarmup  10: 4194304 op, 17894243.00 ns, 4.2663 ns/op

OverheadActual   1: 4194304 op, 17808765.00 ns, 4.2459 ns/op
OverheadActual   2: 4194304 op, 17947894.00 ns, 4.2791 ns/op
OverheadActual   3: 4194304 op, 17807012.00 ns, 4.2455 ns/op
OverheadActual   4: 4194304 op, 17995833.00 ns, 4.2905 ns/op
OverheadActual   5: 4194304 op, 17858117.00 ns, 4.2577 ns/op
OverheadActual   6: 4194304 op, 17894474.00 ns, 4.2664 ns/op
OverheadActual   7: 4194304 op, 17863566.00 ns, 4.2590 ns/op
OverheadActual   8: 4194304 op, 17829523.00 ns, 4.2509 ns/op
OverheadActual   9: 4194304 op, 17844161.00 ns, 4.2544 ns/op
OverheadActual  10: 4194304 op, 17809847.00 ns, 4.2462 ns/op
OverheadActual  11: 4194304 op, 18023644.00 ns, 4.2972 ns/op
OverheadActual  12: 4194304 op, 15310786.00 ns, 3.6504 ns/op
OverheadActual  13: 4194304 op, 14069926.00 ns, 3.3545 ns/op
OverheadActual  14: 4194304 op, 13886505.00 ns, 3.3108 ns/op
OverheadActual  15: 4194304 op, 13940235.00 ns, 3.3236 ns/op
OverheadActual  16: 4194304 op, 13892476.00 ns, 3.3122 ns/op
OverheadActual  17: 4194304 op, 13894490.00 ns, 3.3127 ns/op
OverheadActual  18: 4194304 op, 13908015.00 ns, 3.3159 ns/op
OverheadActual  19: 4194304 op, 13935747.00 ns, 3.3225 ns/op
OverheadActual  20: 4194304 op, 13942109.00 ns, 3.3241 ns/op

WorkloadWarmup   1: 4194304 op, 743977222.00 ns, 177.3780 ns/op
WorkloadWarmup   2: 4194304 op, 745366679.00 ns, 177.7093 ns/op
WorkloadWarmup   3: 4194304 op, 742663006.00 ns, 177.0647 ns/op
WorkloadWarmup   4: 4194304 op, 745084653.00 ns, 177.6420 ns/op
WorkloadWarmup   5: 4194304 op, 741669627.00 ns, 176.8278 ns/op
WorkloadWarmup   6: 4194304 op, 741779312.00 ns, 176.8540 ns/op

// BeforeActualRun
WorkloadActual   1: 4194304 op, 743212114.00 ns, 177.1956 ns/op
WorkloadActual   2: 4194304 op, 742525794.00 ns, 177.0319 ns/op
WorkloadActual   3: 4194304 op, 744357643.00 ns, 177.4687 ns/op
WorkloadActual   4: 4194304 op, 756916918.00 ns, 180.4631 ns/op
WorkloadActual   5: 4194304 op, 745716072.00 ns, 177.7926 ns/op
WorkloadActual   6: 4194304 op, 743335841.00 ns, 177.2251 ns/op
WorkloadActual   7: 4194304 op, 742979688.00 ns, 177.1402 ns/op
WorkloadActual   8: 4194304 op, 745623529.00 ns, 177.7705 ns/op
WorkloadActual   9: 4194304 op, 743230558.00 ns, 177.2000 ns/op
WorkloadActual  10: 4194304 op, 742904967.00 ns, 177.1223 ns/op
WorkloadActual  11: 4194304 op, 744988857.00 ns, 177.6192 ns/op
WorkloadActual  12: 4194304 op, 741858896.00 ns, 176.8729 ns/op
WorkloadActual  13: 4194304 op, 742206575.00 ns, 176.9558 ns/op
WorkloadActual  14: 4194304 op, 741896098.00 ns, 176.8818 ns/op
WorkloadActual  15: 4194304 op, 742675628.00 ns, 177.0677 ns/op

// AfterActualRun
WorkloadResult   1: 4194304 op, 725404225.50 ns, 172.9498 ns/op
WorkloadResult   2: 4194304 op, 724717905.50 ns, 172.7862 ns/op
WorkloadResult   3: 4194304 op, 726549754.50 ns, 173.2230 ns/op
WorkloadResult   4: 4194304 op, 727908183.50 ns, 173.5468 ns/op
WorkloadResult   5: 4194304 op, 725527952.50 ns, 172.9793 ns/op
WorkloadResult   6: 4194304 op, 725171799.50 ns, 172.8944 ns/op
WorkloadResult   7: 4194304 op, 727815640.50 ns, 173.5248 ns/op
WorkloadResult   8: 4194304 op, 725422669.50 ns, 172.9542 ns/op
WorkloadResult   9: 4194304 op, 725097078.50 ns, 172.8766 ns/op
WorkloadResult  10: 4194304 op, 727180968.50 ns, 173.3735 ns/op
WorkloadResult  11: 4194304 op, 724051007.50 ns, 172.6272 ns/op
WorkloadResult  12: 4194304 op, 724398686.50 ns, 172.7101 ns/op
WorkloadResult  13: 4194304 op, 724088209.50 ns, 172.6361 ns/op
WorkloadResult  14: 4194304 op, 724867739.50 ns, 172.8219 ns/op
// GC:  0 0 0 0 4194304
// Threading:  0 0 4194304

// AfterAll
// Benchmark Process 5352 has exited with code 0.

Mean = 172.993 ns, StdErr = 0.082 ns (0.05%), N = 14, StdDev = 0.307 ns
Min = 172.627 ns, Q1 = 172.795 ns, Median = 172.922 ns, Q3 = 173.162 ns, Max = 173.547 ns
IQR = 0.367 ns, LowerFence = 172.245 ns, UpperFence = 173.712 ns
ConfidenceInterval = [172.647 ns; 173.340 ns] (CI 99.9%), Margin = 0.347 ns (0.20% of Mean)
Skewness = 0.62, Kurtosis = 1.93, MValue = 2

// ** Remained 31 (86.1 %) benchmark(s) to run. Estimated finish 2026-09-20 7:26 (0h 11m from now) **
// **************************
// Benchmark: MediatorBenchmarks.PublishNotification_OneHandler: .NET 10.0(Runtime=.NET 10.0, Toolchain=net10.0)
// *** Execute ***
// Launch: 1 / 1
// Execute: dotnet "EricksonLopez.Mediator.Benchmarks-.NET 10.0-1.dll" --anonymousPipes 107 108 --benchmarkName EricksonLopez.Mediator.Benchmarks.MediatorBenchmarks.PublishNotification_OneHandler --job ".NET 10.0" --benchmarkId 5 in /home/runner/work/dotnet-mediator/dotnet-mediator/benchmarks/EricksonLopez.Mediator.Benchmarks/bin/Release/net10.0/EricksonLopez.Mediator.Benchmarks-.NET 10.0-1/bin/Release/net10.0
// Failed to set up high priority (Permission denied). In order to run benchmarks with high priority, make sure you have the right permissions.
// BeforeAnythingElse

// Benchmark Process Environment Information:
// BenchmarkDotNet v0.15.8
// Runtime=.NET 10.0.12 (10.0.12, 10.0.1226.42308), X64 RyuJIT x86-64-v3
// GC=Concurrent Workstation
// HardwareIntrinsics=AVX2+BMI1+BMI2+F16C+FMA+LZCNT+MOVBE,AVX,SSE3+SSSE3+SSE4.1+SSE4.2+POPCNT,X86Base+SSE+SSE2,AES+PCLMUL VectorSize=256
// Job: .NET 10.0

OverheadJitting  1: 1 op, 196165.00 ns, 196.1650 us/op
WorkloadJitting  1: 1 op, 2738657.00 ns, 2.7387 ms/op

OverheadJitting  2: 16 op, 205022.00 ns, 12.8139 us/op
WorkloadJitting  2: 16 op, 1671180.00 ns, 104.4488 us/op

WorkloadPilot    1: 16 op, 122538.00 ns, 7.6586 us/op
WorkloadPilot    2: 32 op, 18515.00 ns, 578.5938 ns/op
WorkloadPilot    3: 64 op, 29384.00 ns, 459.1250 ns/op
WorkloadPilot    4: 128 op, 54732.00 ns, 427.5938 ns/op
WorkloadPilot    5: 256 op, 113020.00 ns, 441.4844 ns/op
WorkloadPilot    6: 512 op, 203529.00 ns, 397.5176 ns/op
WorkloadPilot    7: 1024 op, 442102.00 ns, 431.7402 ns/op
WorkloadPilot    8: 2048 op, 811541.00 ns, 396.2603 ns/op
WorkloadPilot    9: 4096 op, 1677511.00 ns, 409.5486 ns/op
WorkloadPilot   10: 8192 op, 3404065.00 ns, 415.5353 ns/op
WorkloadPilot   11: 16384 op, 6760611.00 ns, 412.6349 ns/op
WorkloadPilot   12: 32768 op, 13450852.00 ns, 410.4874 ns/op
WorkloadPilot   13: 65536 op, 26991883.00 ns, 411.8634 ns/op
WorkloadPilot   14: 131072 op, 53787400.00 ns, 410.3653 ns/op
WorkloadPilot   15: 262144 op, 65880786.00 ns, 251.3153 ns/op
WorkloadPilot   16: 524288 op, 27554450.00 ns, 52.5559 ns/op
WorkloadPilot   17: 1048576 op, 48289749.00 ns, 46.0527 ns/op
WorkloadPilot   18: 2097152 op, 93346181.00 ns, 44.5109 ns/op
WorkloadPilot   19: 4194304 op, 184004910.00 ns, 43.8702 ns/op
WorkloadPilot   20: 8388608 op, 364389563.00 ns, 43.4386 ns/op
WorkloadPilot   21: 16777216 op, 724063831.00 ns, 43.1576 ns/op

OverheadWarmup   1: 16777216 op, 44148843.00 ns, 2.6315 ns/op
OverheadWarmup   2: 16777216 op, 43627332.00 ns, 2.6004 ns/op
OverheadWarmup   3: 16777216 op, 43646327.00 ns, 2.6015 ns/op
OverheadWarmup   4: 16777216 op, 43723581.00 ns, 2.6061 ns/op
OverheadWarmup   5: 16777216 op, 43021414.00 ns, 2.5643 ns/op
OverheadWarmup   6: 16777216 op, 43483945.00 ns, 2.5918 ns/op
OverheadWarmup   7: 16777216 op, 45515275.00 ns, 2.7129 ns/op
OverheadWarmup   8: 16777216 op, 27485311.00 ns, 1.6383 ns/op

OverheadActual   1: 16777216 op, 27778737.00 ns, 1.6557 ns/op
OverheadActual   2: 16777216 op, 27506231.00 ns, 1.6395 ns/op
OverheadActual   3: 16777216 op, 27565851.00 ns, 1.6431 ns/op
OverheadActual   4: 16777216 op, 27477587.00 ns, 1.6378 ns/op
OverheadActual   5: 16777216 op, 27479190.00 ns, 1.6379 ns/op
OverheadActual   6: 16777216 op, 27426863.00 ns, 1.6348 ns/op
OverheadActual   7: 16777216 op, 29850723.00 ns, 1.7792 ns/op
OverheadActual   8: 16777216 op, 27700301.00 ns, 1.6511 ns/op
OverheadActual   9: 16777216 op, 28033131.00 ns, 1.6709 ns/op
OverheadActual  10: 16777216 op, 27766174.00 ns, 1.6550 ns/op
OverheadActual  11: 16777216 op, 27719036.00 ns, 1.6522 ns/op
OverheadActual  12: 16777216 op, 27579176.00 ns, 1.6438 ns/op
OverheadActual  13: 16777216 op, 27532158.00 ns, 1.6410 ns/op
OverheadActual  14: 16777216 op, 27455847.00 ns, 1.6365 ns/op
OverheadActual  15: 16777216 op, 27494278.00 ns, 1.6388 ns/op

WorkloadWarmup   1: 16777216 op, 731376860.00 ns, 43.5935 ns/op
WorkloadWarmup   2: 16777216 op, 733458886.00 ns, 43.7176 ns/op
WorkloadWarmup   3: 16777216 op, 735462073.00 ns, 43.8370 ns/op
WorkloadWarmup   4: 16777216 op, 726850529.00 ns, 43.3237 ns/op
WorkloadWarmup   5: 16777216 op, 739405044.00 ns, 44.0720 ns/op
WorkloadWarmup   6: 16777216 op, 729646996.00 ns, 43.4904 ns/op

// BeforeActualRun
WorkloadActual   1: 16777216 op, 735429294.00 ns, 43.8350 ns/op
WorkloadActual   2: 16777216 op, 723000234.00 ns, 43.0942 ns/op
WorkloadActual   3: 16777216 op, 721572547.00 ns, 43.0091 ns/op
WorkloadActual   4: 16777216 op, 721649439.00 ns, 43.0137 ns/op
WorkloadActual   5: 16777216 op, 723177874.00 ns, 43.1048 ns/op
WorkloadActual   6: 16777216 op, 726320543.00 ns, 43.2921 ns/op
WorkloadActual   7: 16777216 op, 722301243.00 ns, 43.0525 ns/op
WorkloadActual   8: 16777216 op, 721815965.00 ns, 43.0236 ns/op
WorkloadActual   9: 16777216 op, 725564075.00 ns, 43.2470 ns/op
WorkloadActual  10: 16777216 op, 722384807.00 ns, 43.0575 ns/op
WorkloadActual  11: 16777216 op, 718773547.00 ns, 42.8422 ns/op
WorkloadActual  12: 16777216 op, 717129427.00 ns, 42.7442 ns/op
WorkloadActual  13: 16777216 op, 722865953.00 ns, 43.0862 ns/op
WorkloadActual  14: 16777216 op, 720076972.00 ns, 42.9199 ns/op
WorkloadActual  15: 16777216 op, 716532596.00 ns, 42.7087 ns/op

// AfterActualRun
WorkloadResult   1: 16777216 op, 695434383.00 ns, 41.4511 ns/op
WorkloadResult   2: 16777216 op, 694006696.00 ns, 41.3660 ns/op
WorkloadResult   3: 16777216 op, 694083588.00 ns, 41.3706 ns/op
WorkloadResult   4: 16777216 op, 695612023.00 ns, 41.4617 ns/op
WorkloadResult   5: 16777216 op, 698754692.00 ns, 41.6490 ns/op
WorkloadResult   6: 16777216 op, 694735392.00 ns, 41.4095 ns/op
WorkloadResult   7: 16777216 op, 694250114.00 ns, 41.3805 ns/op
WorkloadResult   8: 16777216 op, 697998224.00 ns, 41.6039 ns/op
WorkloadResult   9: 16777216 op, 694818956.00 ns, 41.4144 ns/op
WorkloadResult  10: 16777216 op, 691207696.00 ns, 41.1992 ns/op
WorkloadResult  11: 16777216 op, 689563576.00 ns, 41.1012 ns/op
WorkloadResult  12: 16777216 op, 695300102.00 ns, 41.4431 ns/op
WorkloadResult  13: 16777216 op, 692511121.00 ns, 41.2769 ns/op
WorkloadResult  14: 16777216 op, 688966745.00 ns, 41.0656 ns/op
// GC:  24 0 0 402653184 16777216
// Threading:  0 0 16777216

// AfterAll
// Benchmark Process 5374 has exited with code 0.

Mean = 41.371 ns, StdErr = 0.044 ns (0.11%), N = 14, StdDev = 0.166 ns
Min = 41.066 ns, Q1 = 41.299 ns, Median = 41.395 ns, Q3 = 41.449 ns, Max = 41.649 ns
IQR = 0.150 ns, LowerFence = 41.074 ns, UpperFence = 41.674 ns
ConfidenceInterval = [41.183 ns; 41.558 ns] (CI 99.9%), Margin = 0.188 ns (0.45% of Mean)
Skewness = -0.28, Kurtosis = 2.24, MValue = 2

// ** Remained 30 (83.3 %) benchmark(s) to run. Estimated finish 2026-09-20 7:26 (0h 10m from now) **
// **************************
// Benchmark: MediatorBenchmarks.PublishNotification_FiveHandlers: .NET 10.0(Runtime=.NET 10.0, Toolchain=net10.0)
// *** Execute ***
// Launch: 1 / 1
// Execute: dotnet "EricksonLopez.Mediator.Benchmarks-.NET 10.0-1.dll" --anonymousPipes 107 108 --benchmarkName EricksonLopez.Mediator.Benchmarks.MediatorBenchmarks.PublishNotification_FiveHandlers --job ".NET 10.0" --benchmarkId 6 in /home/runner/work/dotnet-mediator/dotnet-mediator/benchmarks/EricksonLopez.Mediator.Benchmarks/bin/Release/net10.0/EricksonLopez.Mediator.Benchmarks-.NET 10.0-1/bin/Release/net10.0
// Failed to set up high priority (Permission denied). In order to run benchmarks with high priority, make sure you have the right permissions.
// BeforeAnythingElse

// Benchmark Process Environment Information:
// BenchmarkDotNet v0.15.8
// Runtime=.NET 10.0.12 (10.0.12, 10.0.1226.42308), X64 RyuJIT x86-64-v3
// GC=Concurrent Workstation
// HardwareIntrinsics=AVX2+BMI1+BMI2+F16C+FMA+LZCNT+MOVBE,AVX,SSE3+SSSE3+SSE4.1+SSE4.2+POPCNT,X86Base+SSE+SSE2,AES+PCLMUL VectorSize=256
// Job: .NET 10.0

OverheadJitting  1: 1 op, 161841.00 ns, 161.8410 us/op
WorkloadJitting  1: 1 op, 3252633.00 ns, 3.2526 ms/op

OverheadJitting  2: 16 op, 230058.00 ns, 14.3786 us/op
WorkloadJitting  2: 16 op, 2222516.00 ns, 138.9073 us/op

WorkloadPilot    1: 16 op, 295429.00 ns, 18.4643 us/op
WorkloadPilot    2: 32 op, 40356.00 ns, 1.2611 us/op
WorkloadPilot    3: 64 op, 78907.00 ns, 1.2329 us/op
WorkloadPilot    4: 128 op, 148406.00 ns, 1.1594 us/op
WorkloadPilot    5: 256 op, 287294.00 ns, 1.1222 us/op
WorkloadPilot    6: 512 op, 603213.00 ns, 1.1782 us/op
WorkloadPilot    7: 1024 op, 1200745.00 ns, 1.1726 us/op
WorkloadPilot    8: 2048 op, 2355494.00 ns, 1.1501 us/op
WorkloadPilot    9: 4096 op, 4494945.00 ns, 1.0974 us/op
WorkloadPilot   10: 8192 op, 9084797.00 ns, 1.1090 us/op
WorkloadPilot   11: 16384 op, 18229426.00 ns, 1.1126 us/op
WorkloadPilot   12: 32768 op, 37425091.00 ns, 1.1421 us/op
WorkloadPilot   13: 65536 op, 78663819.00 ns, 1.2003 us/op
WorkloadPilot   14: 131072 op, 47326708.00 ns, 361.0741 ns/op
WorkloadPilot   15: 262144 op, 55374456.00 ns, 211.2368 ns/op
WorkloadPilot   16: 524288 op, 108255832.00 ns, 206.4816 ns/op
WorkloadPilot   17: 1048576 op, 212263306.00 ns, 202.4301 ns/op
WorkloadPilot   18: 2097152 op, 424454616.00 ns, 202.3957 ns/op
WorkloadPilot   19: 4194304 op, 850684236.00 ns, 202.8189 ns/op

OverheadWarmup   1: 4194304 op, 9482948.00 ns, 2.2609 ns/op
OverheadWarmup   2: 4194304 op, 9784378.00 ns, 2.3328 ns/op
OverheadWarmup   3: 4194304 op, 9494289.00 ns, 2.2636 ns/op
OverheadWarmup   4: 4194304 op, 9475734.00 ns, 2.2592 ns/op
OverheadWarmup   5: 4194304 op, 9468641.00 ns, 2.2575 ns/op
OverheadWarmup   6: 4194304 op, 9485813.00 ns, 2.2616 ns/op
OverheadWarmup   7: 4194304 op, 9479932.00 ns, 2.2602 ns/op

OverheadActual   1: 4194304 op, 9494289.00 ns, 2.2636 ns/op
OverheadActual   2: 4194304 op, 9545985.00 ns, 2.2759 ns/op
OverheadActual   3: 4194304 op, 9477017.00 ns, 2.2595 ns/op
OverheadActual   4: 4194304 op, 9491143.00 ns, 2.2629 ns/op
OverheadActual   5: 4194304 op, 9599074.00 ns, 2.2886 ns/op
OverheadActual   6: 4194304 op, 9471016.00 ns, 2.2581 ns/op
OverheadActual   7: 4194304 op, 9477147.00 ns, 2.2595 ns/op
OverheadActual   8: 4194304 op, 9483820.00 ns, 2.2611 ns/op
OverheadActual   9: 4194304 op, 9484180.00 ns, 2.2612 ns/op
OverheadActual  10: 4194304 op, 9607159.00 ns, 2.2905 ns/op
OverheadActual  11: 4194304 op, 9524996.00 ns, 2.2709 ns/op
OverheadActual  12: 4194304 op, 10417847.00 ns, 2.4838 ns/op
OverheadActual  13: 4194304 op, 9509106.00 ns, 2.2671 ns/op
OverheadActual  14: 4194304 op, 9511311.00 ns, 2.2677 ns/op
OverheadActual  15: 4194304 op, 9471937.00 ns, 2.2583 ns/op

WorkloadWarmup   1: 4194304 op, 857198665.00 ns, 204.3721 ns/op
WorkloadWarmup   2: 4194304 op, 857773923.00 ns, 204.5092 ns/op
WorkloadWarmup   3: 4194304 op, 841352082.00 ns, 200.5940 ns/op
WorkloadWarmup   4: 4194304 op, 839759629.00 ns, 200.2143 ns/op
WorkloadWarmup   5: 4194304 op, 845052749.00 ns, 201.4763 ns/op
WorkloadWarmup   6: 4194304 op, 841980922.00 ns, 200.7439 ns/op

// BeforeActualRun
WorkloadActual   1: 4194304 op, 845070453.00 ns, 201.4805 ns/op
WorkloadActual   2: 4194304 op, 842958271.00 ns, 200.9769 ns/op
WorkloadActual   3: 4194304 op, 847419995.00 ns, 202.0407 ns/op
WorkloadActual   4: 4194304 op, 842786544.00 ns, 200.9360 ns/op
WorkloadActual   5: 4194304 op, 849466553.00 ns, 202.5286 ns/op
WorkloadActual   6: 4194304 op, 849589184.00 ns, 202.5578 ns/op
WorkloadActual   7: 4194304 op, 849422134.00 ns, 202.5180 ns/op
WorkloadActual   8: 4194304 op, 847847963.00 ns, 202.1427 ns/op
WorkloadActual   9: 4194304 op, 851368575.00 ns, 202.9821 ns/op
WorkloadActual  10: 4194304 op, 848512931.00 ns, 202.3012 ns/op
WorkloadActual  11: 4194304 op, 848533339.00 ns, 202.3061 ns/op
WorkloadActual  12: 4194304 op, 851310888.00 ns, 202.9683 ns/op
WorkloadActual  13: 4194304 op, 847009304.00 ns, 201.9428 ns/op
WorkloadActual  14: 4194304 op, 844606710.00 ns, 201.3699 ns/op
WorkloadActual  15: 4194304 op, 851109782.00 ns, 202.9204 ns/op

// AfterActualRun
WorkloadResult   1: 4194304 op, 835576164.00 ns, 199.2169 ns/op
WorkloadResult   2: 4194304 op, 833463982.00 ns, 198.7133 ns/op
WorkloadResult   3: 4194304 op, 837925706.00 ns, 199.7771 ns/op
WorkloadResult   4: 4194304 op, 833292255.00 ns, 198.6724 ns/op
WorkloadResult   5: 4194304 op, 839972264.00 ns, 200.2650 ns/op
WorkloadResult   6: 4194304 op, 840094895.00 ns, 200.2942 ns/op
WorkloadResult   7: 4194304 op, 839927845.00 ns, 200.2544 ns/op
WorkloadResult   8: 4194304 op, 838353674.00 ns, 199.8791 ns/op
WorkloadResult   9: 4194304 op, 841874286.00 ns, 200.7185 ns/op
WorkloadResult  10: 4194304 op, 839018642.00 ns, 200.0376 ns/op
WorkloadResult  11: 4194304 op, 839039050.00 ns, 200.0425 ns/op
WorkloadResult  12: 4194304 op, 841816599.00 ns, 200.7047 ns/op
WorkloadResult  13: 4194304 op, 837515015.00 ns, 199.6791 ns/op
WorkloadResult  14: 4194304 op, 835112421.00 ns, 199.1063 ns/op
WorkloadResult  15: 4194304 op, 841615493.00 ns, 200.6568 ns/op
// GC:  30 0 0 503316544 4194304
// Threading:  0 0 4194304

// AfterAll
// Benchmark Process 5417 has exited with code 0.

Mean = 199.868 ns, StdErr = 0.175 ns (0.09%), N = 15, StdDev = 0.676 ns
Min = 198.672 ns, Q1 = 199.448 ns, Median = 200.038 ns, Q3 = 200.280 ns, Max = 200.718 ns
IQR = 0.832 ns, LowerFence = 198.201 ns, UpperFence = 201.527 ns
ConfidenceInterval = [199.145 ns; 200.591 ns] (CI 99.9%), Margin = 0.723 ns (0.36% of Mean)
Skewness = -0.45, Kurtosis = 1.85, MValue = 2

// ** Remained 29 (80.6 %) benchmark(s) to run. Estimated finish 2026-09-20 7:26 (0h 10m from now) **
// **************************
// Benchmark: MediatorBenchmarks.PublishNotification_Parallel: .NET 10.0(Runtime=.NET 10.0, Toolchain=net10.0)
// *** Execute ***
// Launch: 1 / 1
// Execute: dotnet "EricksonLopez.Mediator.Benchmarks-.NET 10.0-1.dll" --anonymousPipes 107 108 --benchmarkName EricksonLopez.Mediator.Benchmarks.MediatorBenchmarks.PublishNotification_Parallel --job ".NET 10.0" --benchmarkId 7 in /home/runner/work/dotnet-mediator/dotnet-mediator/benchmarks/EricksonLopez.Mediator.Benchmarks/bin/Release/net10.0/EricksonLopez.Mediator.Benchmarks-.NET 10.0-1/bin/Release/net10.0
// Failed to set up high priority (Permission denied). In order to run benchmarks with high priority, make sure you have the right permissions.
// BeforeAnythingElse

// Benchmark Process Environment Information:
// BenchmarkDotNet v0.15.8
// Runtime=.NET 10.0.12 (10.0.12, 10.0.1226.42308), X64 RyuJIT x86-64-v3
// GC=Concurrent Workstation
// HardwareIntrinsics=AVX2+BMI1+BMI2+F16C+FMA+LZCNT+MOVBE,AVX,SSE3+SSSE3+SSE4.1+SSE4.2+POPCNT,X86Base+SSE+SSE2,AES+PCLMUL VectorSize=256
// Job: .NET 10.0

OverheadJitting  1: 1 op, 166290.00 ns, 166.2900 us/op
WorkloadJitting  1: 1 op, 3215374.00 ns, 3.2154 ms/op

OverheadJitting  2: 16 op, 214860.00 ns, 13.4288 us/op
WorkloadJitting  2: 16 op, 2010251.00 ns, 125.6407 us/op

WorkloadPilot    1: 16 op, 224298.00 ns, 14.0186 us/op
WorkloadPilot    2: 32 op, 53059.00 ns, 1.6581 us/op
WorkloadPilot    3: 64 op, 82393.00 ns, 1.2874 us/op
WorkloadPilot    4: 128 op, 136674.00 ns, 1.0678 us/op
WorkloadPilot    5: 256 op, 253121.00 ns, 988.7539 ns/op
WorkloadPilot    6: 512 op, 662102.00 ns, 1.2932 us/op
WorkloadPilot    7: 1024 op, 881039.00 ns, 860.3896 ns/op
WorkloadPilot    8: 2048 op, 1778159.00 ns, 868.2417 ns/op
WorkloadPilot    9: 4096 op, 3752143.00 ns, 916.0505 ns/op
WorkloadPilot   10: 8192 op, 7269849.00 ns, 887.4327 ns/op
WorkloadPilot   11: 16384 op, 14231175.00 ns, 868.6020 ns/op
WorkloadPilot   12: 32768 op, 28486444.00 ns, 869.3373 ns/op
WorkloadPilot   13: 65536 op, 57401964.00 ns, 875.8845 ns/op
WorkloadPilot   14: 131072 op, 84606024.00 ns, 645.4927 ns/op
WorkloadPilot   15: 262144 op, 48904001.00 ns, 186.5540 ns/op
WorkloadPilot   16: 524288 op, 99715954.00 ns, 190.1931 ns/op
WorkloadPilot   17: 1048576 op, 194803363.00 ns, 185.7790 ns/op
WorkloadPilot   18: 2097152 op, 390517831.00 ns, 186.2134 ns/op
WorkloadPilot   19: 4194304 op, 779575915.00 ns, 185.8654 ns/op

OverheadWarmup   1: 4194304 op, 9518554.00 ns, 2.2694 ns/op
OverheadWarmup   2: 4194304 op, 9478840.00 ns, 2.2599 ns/op
OverheadWarmup   3: 4194304 op, 9475033.00 ns, 2.2590 ns/op
OverheadWarmup   4: 4194304 op, 9478950.00 ns, 2.2600 ns/op
OverheadWarmup   5: 4194304 op, 9460486.00 ns, 2.2556 ns/op
OverheadWarmup   6: 4194304 op, 11938077.00 ns, 2.8463 ns/op
OverheadWarmup   7: 4194304 op, 9537640.00 ns, 2.2740 ns/op

OverheadActual   1: 4194304 op, 9544593.00 ns, 2.2756 ns/op
OverheadActual   2: 4194304 op, 9499329.00 ns, 2.2648 ns/op
OverheadActual   3: 4194304 op, 9495491.00 ns, 2.2639 ns/op
OverheadActual   4: 4194304 op, 9517893.00 ns, 2.2692 ns/op
OverheadActual   5: 4194304 op, 9477007.00 ns, 2.2595 ns/op
OverheadActual   6: 4194304 op, 9542980.00 ns, 2.2752 ns/op
OverheadActual   7: 4194304 op, 9475854.00 ns, 2.2592 ns/op
OverheadActual   8: 4194304 op, 9475314.00 ns, 2.2591 ns/op
OverheadActual   9: 4194304 op, 9515148.00 ns, 2.2686 ns/op
OverheadActual  10: 4194304 op, 9471426.00 ns, 2.2582 ns/op
OverheadActual  11: 4194304 op, 9473421.00 ns, 2.2586 ns/op
OverheadActual  12: 4194304 op, 9506081.00 ns, 2.2664 ns/op
OverheadActual  13: 4194304 op, 9481665.00 ns, 2.2606 ns/op
OverheadActual  14: 4194304 op, 9466027.00 ns, 2.2569 ns/op
OverheadActual  15: 4194304 op, 9467789.00 ns, 2.2573 ns/op

WorkloadWarmup   1: 4194304 op, 796861219.00 ns, 189.9865 ns/op
WorkloadWarmup   2: 4194304 op, 795021398.00 ns, 189.5479 ns/op
WorkloadWarmup   3: 4194304 op, 787198572.00 ns, 187.6828 ns/op
WorkloadWarmup   4: 4194304 op, 787716002.00 ns, 187.8061 ns/op
WorkloadWarmup   5: 4194304 op, 783756064.00 ns, 186.8620 ns/op
WorkloadWarmup   6: 4194304 op, 789021212.00 ns, 188.1173 ns/op
WorkloadWarmup   7: 4194304 op, 779099398.00 ns, 185.7518 ns/op

// BeforeActualRun
WorkloadActual   1: 4194304 op, 775132576.00 ns, 184.8060 ns/op
WorkloadActual   2: 4194304 op, 778163556.00 ns, 185.5286 ns/op
WorkloadActual   3: 4194304 op, 786668384.00 ns, 187.5564 ns/op
WorkloadActual   4: 4194304 op, 780373293.00 ns, 186.0555 ns/op
WorkloadActual   5: 4194304 op, 781254308.00 ns, 186.2655 ns/op
WorkloadActual   6: 4194304 op, 782208264.00 ns, 186.4930 ns/op
WorkloadActual   7: 4194304 op, 780138575.00 ns, 185.9995 ns/op
WorkloadActual   8: 4194304 op, 782331411.00 ns, 186.5223 ns/op
WorkloadActual   9: 4194304 op, 779757450.00 ns, 185.9087 ns/op
WorkloadActual  10: 4194304 op, 785235907.00 ns, 187.2148 ns/op
WorkloadActual  11: 4194304 op, 783023208.00 ns, 186.6873 ns/op
WorkloadActual  12: 4194304 op, 780126388.00 ns, 185.9966 ns/op
WorkloadActual  13: 4194304 op, 781044045.00 ns, 186.2154 ns/op
WorkloadActual  14: 4194304 op, 780811593.00 ns, 186.1600 ns/op
WorkloadActual  15: 4194304 op, 784577100.00 ns, 187.0578 ns/op

// AfterActualRun
WorkloadResult   1: 4194304 op, 765650911.00 ns, 182.5454 ns/op
WorkloadResult   2: 4194304 op, 768681891.00 ns, 183.2680 ns/op
WorkloadResult   3: 4194304 op, 770891628.00 ns, 183.7949 ns/op
WorkloadResult   4: 4194304 op, 771772643.00 ns, 184.0049 ns/op
WorkloadResult   5: 4194304 op, 772726599.00 ns, 184.2324 ns/op
WorkloadResult   6: 4194304 op, 770656910.00 ns, 183.7389 ns/op
WorkloadResult   7: 4194304 op, 772849746.00 ns, 184.2617 ns/op
WorkloadResult   8: 4194304 op, 770275785.00 ns, 183.6481 ns/op
WorkloadResult   9: 4194304 op, 775754242.00 ns, 184.9542 ns/op
WorkloadResult  10: 4194304 op, 773541543.00 ns, 184.4267 ns/op
WorkloadResult  11: 4194304 op, 770644723.00 ns, 183.7360 ns/op
WorkloadResult  12: 4194304 op, 771562380.00 ns, 183.9548 ns/op
WorkloadResult  13: 4194304 op, 771329928.00 ns, 183.8994 ns/op
WorkloadResult  14: 4194304 op, 775095435.00 ns, 184.7972 ns/op
// GC:  48 0 0 805306368 4194304
// Threading:  0 0 4194304

// AfterAll
// Benchmark Process 5444 has exited with code 0.

Mean = 183.947 ns, StdErr = 0.162 ns (0.09%), N = 14, StdDev = 0.606 ns
Min = 182.545 ns, Q1 = 183.737 ns, Median = 183.927 ns, Q3 = 184.254 ns, Max = 184.954 ns
IQR = 0.518 ns, LowerFence = 182.960 ns, UpperFence = 185.031 ns
ConfidenceInterval = [183.263 ns; 184.631 ns] (CI 99.9%), Margin = 0.684 ns (0.37% of Mean)
Skewness = -0.42, Kurtosis = 3.02, MValue = 2

// ** Remained 28 (77.8 %) benchmark(s) to run. Estimated finish 2026-09-20 7:26 (0h 9m from now) **
// **************************
// Benchmark: MediatorBenchmarks.NestedSend: .NET 10.0(Runtime=.NET 10.0, Toolchain=net10.0)
// *** Execute ***
// Launch: 1 / 1
// Execute: dotnet "EricksonLopez.Mediator.Benchmarks-.NET 10.0-1.dll" --anonymousPipes 107 108 --benchmarkName EricksonLopez.Mediator.Benchmarks.MediatorBenchmarks.NestedSend --job ".NET 10.0" --benchmarkId 8 in /home/runner/work/dotnet-mediator/dotnet-mediator/benchmarks/EricksonLopez.Mediator.Benchmarks/bin/Release/net10.0/EricksonLopez.Mediator.Benchmarks-.NET 10.0-1/bin/Release/net10.0
// Failed to set up high priority (Permission denied). In order to run benchmarks with high priority, make sure you have the right permissions.
// BeforeAnythingElse

// Benchmark Process Environment Information:
// BenchmarkDotNet v0.15.8
// Runtime=.NET 10.0.12 (10.0.12, 10.0.1226.42308), X64 RyuJIT x86-64-v3
// GC=Concurrent Workstation
// HardwareIntrinsics=AVX2+BMI1+BMI2+F16C+FMA+LZCNT+MOVBE,AVX,SSE3+SSSE3+SSE4.1+SSE4.2+POPCNT,X86Base+SSE+SSE2,AES+PCLMUL VectorSize=256
// Job: .NET 10.0

OverheadJitting  1: 1 op, 215661.00 ns, 215.6610 us/op
WorkloadJitting  1: 1 op, 2349873.00 ns, 2.3499 ms/op

OverheadJitting  2: 16 op, 456379.00 ns, 28.5237 us/op
WorkloadJitting  2: 16 op, 802203.00 ns, 50.1377 us/op

WorkloadPilot    1: 16 op, 31999.00 ns, 1.9999 us/op
WorkloadPilot    2: 32 op, 23914.00 ns, 747.3125 ns/op
WorkloadPilot    3: 64 op, 39363.00 ns, 615.0469 ns/op
WorkloadPilot    4: 128 op, 72705.00 ns, 568.0078 ns/op
WorkloadPilot    5: 256 op, 153616.00 ns, 600.0625 ns/op
WorkloadPilot    6: 512 op, 282596.00 ns, 551.9453 ns/op
WorkloadPilot    7: 1024 op, 586752.00 ns, 573.0000 ns/op
WorkloadPilot    8: 2048 op, 1129292.00 ns, 551.4121 ns/op
WorkloadPilot    9: 4096 op, 2404355.00 ns, 587.0007 ns/op
WorkloadPilot   10: 8192 op, 4712651.00 ns, 575.2748 ns/op
WorkloadPilot   11: 16384 op, 9309105.00 ns, 568.1827 ns/op
WorkloadPilot   12: 32768 op, 18726982.00 ns, 571.5021 ns/op
WorkloadPilot   13: 65536 op, 37229315.00 ns, 568.0743 ns/op
WorkloadPilot   14: 131072 op, 75611035.00 ns, 576.8664 ns/op
WorkloadPilot   15: 262144 op, 47937530.00 ns, 182.8672 ns/op
WorkloadPilot   16: 524288 op, 44306696.00 ns, 84.5083 ns/op
WorkloadPilot   17: 1048576 op, 82139726.00 ns, 78.3345 ns/op
WorkloadPilot   18: 2097152 op, 158996468.00 ns, 75.8154 ns/op
WorkloadPilot   19: 4194304 op, 315557119.00 ns, 75.2347 ns/op
WorkloadPilot   20: 8388608 op, 626885056.00 ns, 74.7305 ns/op

OverheadWarmup   1: 8388608 op, 35898808.00 ns, 4.2795 ns/op
OverheadWarmup   2: 8388608 op, 35919848.00 ns, 4.2820 ns/op
OverheadWarmup   3: 8388608 op, 36366289.00 ns, 4.3352 ns/op
OverheadWarmup   4: 8388608 op, 35798983.00 ns, 4.2676 ns/op
OverheadWarmup   5: 8388608 op, 35738300.00 ns, 4.2603 ns/op
OverheadWarmup   6: 8388608 op, 35874994.00 ns, 4.2766 ns/op
OverheadWarmup   7: 8388608 op, 35913235.00 ns, 4.2812 ns/op
OverheadWarmup   8: 8388608 op, 35841983.00 ns, 4.2727 ns/op

OverheadActual   1: 8388608 op, 35832615.00 ns, 4.2716 ns/op
OverheadActual   2: 8388608 op, 35874133.00 ns, 4.2765 ns/op
OverheadActual   3: 8388608 op, 35796117.00 ns, 4.2672 ns/op
OverheadActual   4: 8388608 op, 36126132.00 ns, 4.3066 ns/op
OverheadActual   5: 8388608 op, 35803511.00 ns, 4.2681 ns/op
OverheadActual   6: 8388608 op, 35802068.00 ns, 4.2679 ns/op
OverheadActual   7: 8388608 op, 36724435.00 ns, 4.3779 ns/op
OverheadActual   8: 8388608 op, 36075887.00 ns, 4.3006 ns/op
OverheadActual   9: 8388608 op, 38512743.00 ns, 4.5911 ns/op
OverheadActual  10: 8388608 op, 28060622.00 ns, 3.3451 ns/op
OverheadActual  11: 8388608 op, 28160077.00 ns, 3.3569 ns/op
OverheadActual  12: 8388608 op, 27928315.00 ns, 3.3293 ns/op
OverheadActual  13: 8388608 op, 27974011.00 ns, 3.3348 ns/op
OverheadActual  14: 8388608 op, 27891987.00 ns, 3.3250 ns/op
OverheadActual  15: 8388608 op, 27909921.00 ns, 3.3271 ns/op
OverheadActual  16: 8388608 op, 28173031.00 ns, 3.3585 ns/op
OverheadActual  17: 8388608 op, 30537170.00 ns, 3.6403 ns/op
OverheadActual  18: 8388608 op, 27992264.00 ns, 3.3369 ns/op
OverheadActual  19: 8388608 op, 28006050.00 ns, 3.3386 ns/op
OverheadActual  20: 8388608 op, 28056944.00 ns, 3.3446 ns/op

WorkloadWarmup   1: 8388608 op, 633092539.00 ns, 75.4705 ns/op
WorkloadWarmup   2: 8388608 op, 633016547.00 ns, 75.4615 ns/op
WorkloadWarmup   3: 8388608 op, 625225999.00 ns, 74.5327 ns/op
WorkloadWarmup   4: 8388608 op, 626049379.00 ns, 74.6309 ns/op
WorkloadWarmup   5: 8388608 op, 624799908.00 ns, 74.4820 ns/op
WorkloadWarmup   6: 8388608 op, 625974609.00 ns, 74.6220 ns/op
WorkloadWarmup   7: 8388608 op, 621573461.00 ns, 74.0973 ns/op

// BeforeActualRun
WorkloadActual   1: 8388608 op, 628403332.00 ns, 74.9115 ns/op
WorkloadActual   2: 8388608 op, 624867211.00 ns, 74.4900 ns/op
WorkloadActual   3: 8388608 op, 622093148.00 ns, 74.1593 ns/op
WorkloadActual   4: 8388608 op, 623128564.00 ns, 74.2827 ns/op
WorkloadActual   5: 8388608 op, 623668388.00 ns, 74.3471 ns/op
WorkloadActual   6: 8388608 op, 625733281.00 ns, 74.5932 ns/op
WorkloadActual   7: 8388608 op, 624407664.00 ns, 74.4352 ns/op
WorkloadActual   8: 8388608 op, 623676244.00 ns, 74.3480 ns/op
WorkloadActual   9: 8388608 op, 624076428.00 ns, 74.3957 ns/op
WorkloadActual  10: 8388608 op, 623790105.00 ns, 74.3616 ns/op
WorkloadActual  11: 8388608 op, 623525312.00 ns, 74.3300 ns/op
WorkloadActual  12: 8388608 op, 622959359.00 ns, 74.2625 ns/op
WorkloadActual  13: 8388608 op, 623450623.00 ns, 74.3211 ns/op
WorkloadActual  14: 8388608 op, 623082508.00 ns, 74.2772 ns/op
WorkloadActual  15: 8388608 op, 626579687.00 ns, 74.6941 ns/op

// AfterActualRun
WorkloadResult   1: 8388608 op, 595512110.50 ns, 70.9906 ns/op
WorkloadResult   2: 8388608 op, 592738047.50 ns, 70.6599 ns/op
WorkloadResult   3: 8388608 op, 593773463.50 ns, 70.7833 ns/op
WorkloadResult   4: 8388608 op, 594313287.50 ns, 70.8477 ns/op
WorkloadResult   5: 8388608 op, 596378180.50 ns, 71.0938 ns/op
WorkloadResult   6: 8388608 op, 595052563.50 ns, 70.9358 ns/op
WorkloadResult   7: 8388608 op, 594321143.50 ns, 70.8486 ns/op
WorkloadResult   8: 8388608 op, 594721327.50 ns, 70.8963 ns/op
WorkloadResult   9: 8388608 op, 594435004.50 ns, 70.8622 ns/op
WorkloadResult  10: 8388608 op, 594170211.50 ns, 70.8306 ns/op
WorkloadResult  11: 8388608 op, 593604258.50 ns, 70.7631 ns/op
WorkloadResult  12: 8388608 op, 594095522.50 ns, 70.8217 ns/op
WorkloadResult  13: 8388608 op, 593727407.50 ns, 70.7778 ns/op
WorkloadResult  14: 8388608 op, 597224586.50 ns, 71.1947 ns/op
// GC:  12 0 0 201326624 8388608
// Threading:  0 0 8388608

// AfterAll
// Benchmark Process 5469 has exited with code 0.

Mean = 70.879 ns, StdErr = 0.037 ns (0.05%), N = 14, StdDev = 0.139 ns
Min = 70.660 ns, Q1 = 70.793 ns, Median = 70.848 ns, Q3 = 70.926 ns, Max = 71.195 ns
IQR = 0.133 ns, LowerFence = 70.593 ns, UpperFence = 71.125 ns
ConfidenceInterval = [70.722 ns; 71.036 ns] (CI 99.9%), Margin = 0.157 ns (0.22% of Mean)
Skewness = 0.76, Kurtosis = 2.87, MValue = 2

// ** Remained 27 (75.0 %) benchmark(s) to run. Estimated finish 2026-09-20 7:25 (0h 9m from now) **
// **************************
// Benchmark: MediatorBenchmarks.DirectCall: .NET 8.0(Runtime=.NET 8.0, Toolchain=net8.0)
// *** Execute ***
// Launch: 1 / 1
// Execute: dotnet "EricksonLopez.Mediator.Benchmarks-.NET 8.0-2.dll" --anonymousPipes 107 108 --benchmarkName EricksonLopez.Mediator.Benchmarks.MediatorBenchmarks.DirectCall --job ".NET 8.0" --benchmarkId 0 in /home/runner/work/dotnet-mediator/dotnet-mediator/benchmarks/EricksonLopez.Mediator.Benchmarks/bin/Release/net10.0/EricksonLopez.Mediator.Benchmarks-.NET 8.0-2/bin/Release/net8.0
// Failed to set up high priority (Permission denied). In order to run benchmarks with high priority, make sure you have the right permissions.
// BeforeAnythingElse

// Benchmark Process Environment Information:
// BenchmarkDotNet v0.15.8
// Runtime=.NET 8.0.31 (8.0.31, 8.0.3126.42015), X64 RyuJIT x86-64-v3
// GC=Concurrent Workstation
// HardwareIntrinsics=AVX2+BMI1+BMI2+F16C+FMA+LZCNT+MOVBE,AVX,SSE3+SSSE3+SSE4.1+SSE4.2+POPCNT,X86Base+SSE+SSE2,AES+PCLMUL VectorSize=256
// Job: .NET 8.0

OverheadJitting  1: 1 op, 186747.00 ns, 186.7470 us/op
WorkloadJitting  1: 1 op, 776956.00 ns, 776.9560 us/op

OverheadJitting  2: 16 op, 443296.00 ns, 27.7060 us/op
WorkloadJitting  2: 16 op, 481947.00 ns, 30.1217 us/op

WorkloadPilot    1: 16 op, 3065.00 ns, 191.5625 ns/op
WorkloadPilot    2: 32 op, 4018.00 ns, 125.5625 ns/op
WorkloadPilot    3: 64 op, 5550.00 ns, 86.7188 ns/op
WorkloadPilot    4: 128 op, 10169.00 ns, 79.4453 ns/op
WorkloadPilot    5: 256 op, 17923.00 ns, 70.0117 ns/op
WorkloadPilot    6: 512 op, 32921.00 ns, 64.2988 ns/op
WorkloadPilot    7: 1024 op, 54221.00 ns, 52.9502 ns/op
WorkloadPilot    8: 2048 op, 80159.00 ns, 39.1401 ns/op
WorkloadPilot    9: 4096 op, 171780.00 ns, 41.9385 ns/op
WorkloadPilot   10: 8192 op, 327299.00 ns, 39.9535 ns/op
WorkloadPilot   11: 16384 op, 639169.00 ns, 39.0118 ns/op
WorkloadPilot   12: 32768 op, 1299739.00 ns, 39.6649 ns/op
WorkloadPilot   13: 65536 op, 2594719.00 ns, 39.5923 ns/op
WorkloadPilot   14: 131072 op, 5166415.00 ns, 39.4166 ns/op
WorkloadPilot   15: 262144 op, 10766828.00 ns, 41.0722 ns/op
WorkloadPilot   16: 524288 op, 20498189.00 ns, 39.0972 ns/op
WorkloadPilot   17: 1048576 op, 40695789.00 ns, 38.8105 ns/op
WorkloadPilot   18: 2097152 op, 74326077.00 ns, 35.4414 ns/op
WorkloadPilot   19: 4194304 op, 16654776.00 ns, 3.9708 ns/op
WorkloadPilot   20: 8388608 op, 33499786.00 ns, 3.9935 ns/op
WorkloadPilot   21: 16777216 op, 65945470.00 ns, 3.9307 ns/op
WorkloadPilot   22: 33554432 op, 132908123.00 ns, 3.9610 ns/op
WorkloadPilot   23: 67108864 op, 264925770.00 ns, 3.9477 ns/op
WorkloadPilot   24: 134217728 op, 529012789.00 ns, 3.9415 ns/op

OverheadWarmup   1: 134217728 op, 642677729.00 ns, 4.7883 ns/op
OverheadWarmup   2: 134217728 op, 493148742.00 ns, 3.6742 ns/op
OverheadWarmup   3: 134217728 op, 493220216.00 ns, 3.6748 ns/op
OverheadWarmup   4: 134217728 op, 491999995.00 ns, 3.6657 ns/op
OverheadWarmup   5: 134217728 op, 489206607.00 ns, 3.6449 ns/op
OverheadWarmup   6: 134217728 op, 489649159.00 ns, 3.6482 ns/op
OverheadWarmup   7: 134217728 op, 488598845.00 ns, 3.6403 ns/op

OverheadActual   1: 134217728 op, 490124464.00 ns, 3.6517 ns/op
OverheadActual   2: 134217728 op, 497117027.00 ns, 3.7038 ns/op
OverheadActual   3: 134217728 op, 489563030.00 ns, 3.6475 ns/op
OverheadActual   4: 134217728 op, 489351385.00 ns, 3.6460 ns/op
OverheadActual   5: 134217728 op, 489516193.00 ns, 3.6472 ns/op
OverheadActual   6: 134217728 op, 488582066.00 ns, 3.6402 ns/op
OverheadActual   7: 134217728 op, 489855776.00 ns, 3.6497 ns/op
OverheadActual   8: 134217728 op, 488929582.00 ns, 3.6428 ns/op
OverheadActual   9: 134217728 op, 491496426.00 ns, 3.6619 ns/op
OverheadActual  10: 134217728 op, 488846099.00 ns, 3.6422 ns/op
OverheadActual  11: 134217728 op, 490175999.00 ns, 3.6521 ns/op
OverheadActual  12: 134217728 op, 488311692.00 ns, 3.6382 ns/op
OverheadActual  13: 134217728 op, 489301484.00 ns, 3.6456 ns/op
OverheadActual  14: 134217728 op, 488294880.00 ns, 3.6381 ns/op
OverheadActual  15: 134217728 op, 489900559.00 ns, 3.6500 ns/op

WorkloadWarmup   1: 134217728 op, 535258642.00 ns, 3.9880 ns/op
WorkloadWarmup   2: 134217728 op, 530855006.00 ns, 3.9552 ns/op
WorkloadWarmup   3: 134217728 op, 528190096.00 ns, 3.9353 ns/op
WorkloadWarmup   4: 134217728 op, 529023538.00 ns, 3.9415 ns/op
WorkloadWarmup   5: 134217728 op, 528395940.00 ns, 3.9369 ns/op
WorkloadWarmup   6: 134217728 op, 529183696.00 ns, 3.9427 ns/op
WorkloadWarmup   7: 134217728 op, 529877381.00 ns, 3.9479 ns/op
WorkloadWarmup   8: 134217728 op, 528595578.00 ns, 3.9383 ns/op

// BeforeActualRun
WorkloadActual   1: 134217728 op, 530127449.00 ns, 3.9498 ns/op
WorkloadActual   2: 134217728 op, 530698451.00 ns, 3.9540 ns/op
WorkloadActual   3: 134217728 op, 529138318.00 ns, 3.9424 ns/op
WorkloadActual   4: 134217728 op, 529193440.00 ns, 3.9428 ns/op
WorkloadActual   5: 134217728 op, 531216566.00 ns, 3.9579 ns/op
WorkloadActual   6: 134217728 op, 528145500.00 ns, 3.9350 ns/op
WorkloadActual   7: 134217728 op, 528660018.00 ns, 3.9388 ns/op
WorkloadActual   8: 134217728 op, 528013263.00 ns, 3.9340 ns/op
WorkloadActual   9: 134217728 op, 530188503.00 ns, 3.9502 ns/op
WorkloadActual  10: 134217728 op, 528165508.00 ns, 3.9351 ns/op
WorkloadActual  11: 134217728 op, 528919981.00 ns, 3.9408 ns/op
WorkloadActual  12: 134217728 op, 528243602.00 ns, 3.9357 ns/op
WorkloadActual  13: 134217728 op, 530455589.00 ns, 3.9522 ns/op
WorkloadActual  14: 134217728 op, 528087700.00 ns, 3.9346 ns/op
WorkloadActual  15: 134217728 op, 528485549.00 ns, 3.9375 ns/op

// AfterActualRun
WorkloadResult   1: 134217728 op, 40611256.00 ns, 0.3026 ns/op
WorkloadResult   2: 134217728 op, 41182258.00 ns, 0.3068 ns/op
WorkloadResult   3: 134217728 op, 39622125.00 ns, 0.2952 ns/op
WorkloadResult   4: 134217728 op, 39677247.00 ns, 0.2956 ns/op
WorkloadResult   5: 134217728 op, 41700373.00 ns, 0.3107 ns/op
WorkloadResult   6: 134217728 op, 38629307.00 ns, 0.2878 ns/op
WorkloadResult   7: 134217728 op, 39143825.00 ns, 0.2916 ns/op
WorkloadResult   8: 134217728 op, 38497070.00 ns, 0.2868 ns/op
WorkloadResult   9: 134217728 op, 40672310.00 ns, 0.3030 ns/op
WorkloadResult  10: 134217728 op, 38649315.00 ns, 0.2880 ns/op
WorkloadResult  11: 134217728 op, 39403788.00 ns, 0.2936 ns/op
WorkloadResult  12: 134217728 op, 38727409.00 ns, 0.2885 ns/op
WorkloadResult  13: 134217728 op, 40939396.00 ns, 0.3050 ns/op
WorkloadResult  14: 134217728 op, 38571507.00 ns, 0.2874 ns/op
WorkloadResult  15: 134217728 op, 38969356.00 ns, 0.2903 ns/op
// GC:  0 0 0 0 134217728
// Threading:  0 0 134217728

// AfterAll
// Benchmark Process 5480 has exited with code 0.

Mean = 0.296 ns, StdErr = 0.002 ns (0.70%), N = 15, StdDev = 0.008 ns
Min = 0.287 ns, Q1 = 0.288 ns, Median = 0.294 ns, Q3 = 0.303 ns, Max = 0.311 ns
IQR = 0.015 ns, LowerFence = 0.266 ns, UpperFence = 0.325 ns
ConfidenceInterval = [0.287 ns; 0.304 ns] (CI 99.9%), Margin = 0.009 ns (2.91% of Mean)
Skewness = 0.5, Kurtosis = 1.64, MValue = 3

// ** Remained 26 (72.2 %) benchmark(s) to run. Estimated finish 2026-09-20 7:26 (0h 9m from now) **
// **************************
// Benchmark: MediatorBenchmarks.SendCommand_NoBehaviors: .NET 8.0(Runtime=.NET 8.0, Toolchain=net8.0)
// *** Execute ***
// Launch: 1 / 1
// Execute: dotnet "EricksonLopez.Mediator.Benchmarks-.NET 8.0-2.dll" --anonymousPipes 107 108 --benchmarkName EricksonLopez.Mediator.Benchmarks.MediatorBenchmarks.SendCommand_NoBehaviors --job ".NET 8.0" --benchmarkId 1 in /home/runner/work/dotnet-mediator/dotnet-mediator/benchmarks/EricksonLopez.Mediator.Benchmarks/bin/Release/net10.0/EricksonLopez.Mediator.Benchmarks-.NET 8.0-2/bin/Release/net8.0
// Failed to set up high priority (Permission denied). In order to run benchmarks with high priority, make sure you have the right permissions.
// BeforeAnythingElse

// Benchmark Process Environment Information:
// BenchmarkDotNet v0.15.8
// Runtime=.NET 8.0.31 (8.0.31, 8.0.3126.42015), X64 RyuJIT x86-64-v3
// GC=Concurrent Workstation
// HardwareIntrinsics=AVX2+BMI1+BMI2+F16C+FMA+LZCNT+MOVBE,AVX,SSE3+SSSE3+SSE4.1+SSE4.2+POPCNT,X86Base+SSE+SSE2,AES+PCLMUL VectorSize=256
// Job: .NET 8.0

OverheadJitting  1: 1 op, 173864.00 ns, 173.8640 us/op
WorkloadJitting  1: 1 op, 1439449.00 ns, 1.4394 ms/op

OverheadJitting  2: 16 op, 451150.00 ns, 28.1969 us/op
WorkloadJitting  2: 16 op, 446281.00 ns, 27.8926 us/op

WorkloadPilot    1: 16 op, 7775.00 ns, 485.9375 ns/op
WorkloadPilot    2: 32 op, 11190.00 ns, 349.6875 ns/op
WorkloadPilot    3: 64 op, 23624.00 ns, 369.1250 ns/op
WorkloadPilot    4: 128 op, 39443.00 ns, 308.1484 ns/op
WorkloadPilot    5: 256 op, 65231.00 ns, 254.8086 ns/op
WorkloadPilot    6: 512 op, 117338.00 ns, 229.1758 ns/op
WorkloadPilot    7: 1024 op, 245707.00 ns, 239.9482 ns/op
WorkloadPilot    8: 2048 op, 455778.00 ns, 222.5479 ns/op
WorkloadPilot    9: 4096 op, 837850.00 ns, 204.5532 ns/op
WorkloadPilot   10: 8192 op, 1839604.00 ns, 224.5610 ns/op
WorkloadPilot   11: 16384 op, 3537604.00 ns, 215.9182 ns/op
WorkloadPilot   12: 32768 op, 7021769.00 ns, 214.2874 ns/op
WorkloadPilot   13: 65536 op, 13994406.00 ns, 213.5377 ns/op
WorkloadPilot   14: 131072 op, 27829576.00 ns, 212.3228 ns/op
WorkloadPilot   15: 262144 op, 55491771.00 ns, 211.6843 ns/op
WorkloadPilot   16: 524288 op, 64639857.00 ns, 123.2907 ns/op
WorkloadPilot   17: 1048576 op, 31169822.00 ns, 29.7259 ns/op
WorkloadPilot   18: 2097152 op, 62905930.00 ns, 29.9959 ns/op
WorkloadPilot   19: 4194304 op, 125245044.00 ns, 29.8607 ns/op
WorkloadPilot   20: 8388608 op, 250309582.00 ns, 29.8392 ns/op
WorkloadPilot   21: 16777216 op, 501422760.00 ns, 29.8871 ns/op

OverheadWarmup   1: 16777216 op, 76969955.00 ns, 4.5878 ns/op
OverheadWarmup   2: 16777216 op, 76929670.00 ns, 4.5854 ns/op
OverheadWarmup   3: 16777216 op, 79269526.00 ns, 4.7248 ns/op
OverheadWarmup   4: 16777216 op, 61211135.00 ns, 3.6485 ns/op
OverheadWarmup   5: 16777216 op, 61510983.00 ns, 3.6663 ns/op
OverheadWarmup   6: 16777216 op, 61273372.00 ns, 3.6522 ns/op

OverheadActual   1: 16777216 op, 61143890.00 ns, 3.6445 ns/op
OverheadActual   2: 16777216 op, 61271227.00 ns, 3.6520 ns/op
OverheadActual   3: 16777216 op, 61316321.00 ns, 3.6547 ns/op
OverheadActual   4: 16777216 op, 61160581.00 ns, 3.6455 ns/op
OverheadActual   5: 16777216 op, 61158207.00 ns, 3.6453 ns/op
OverheadActual   6: 16777216 op, 61269013.00 ns, 3.6519 ns/op
OverheadActual   7: 16777216 op, 61446112.00 ns, 3.6625 ns/op
OverheadActual   8: 16777216 op, 61161363.00 ns, 3.6455 ns/op
OverheadActual   9: 16777216 op, 61427288.00 ns, 3.6614 ns/op
OverheadActual  10: 16777216 op, 61096973.00 ns, 3.6417 ns/op
OverheadActual  11: 16777216 op, 62750570.00 ns, 3.7402 ns/op
OverheadActual  12: 16777216 op, 61094778.00 ns, 3.6415 ns/op
OverheadActual  13: 16777216 op, 61353660.00 ns, 3.6570 ns/op
OverheadActual  14: 16777216 op, 61346888.00 ns, 3.6566 ns/op
OverheadActual  15: 16777216 op, 61114155.00 ns, 3.6427 ns/op

WorkloadWarmup   1: 16777216 op, 500931115.00 ns, 29.8578 ns/op
WorkloadWarmup   2: 16777216 op, 499325147.00 ns, 29.7621 ns/op
WorkloadWarmup   3: 16777216 op, 501765078.00 ns, 29.9075 ns/op
WorkloadWarmup   4: 16777216 op, 500439740.00 ns, 29.8285 ns/op
WorkloadWarmup   5: 16777216 op, 499858068.00 ns, 29.7939 ns/op
WorkloadWarmup   6: 16777216 op, 499340174.00 ns, 29.7630 ns/op
WorkloadWarmup   7: 16777216 op, 500067889.00 ns, 29.8064 ns/op
WorkloadWarmup   8: 16777216 op, 499134672.00 ns, 29.7507 ns/op

// BeforeActualRun
WorkloadActual   1: 16777216 op, 501045788.00 ns, 29.8647 ns/op
WorkloadActual   2: 16777216 op, 500093315.00 ns, 29.8079 ns/op
WorkloadActual   3: 16777216 op, 500514569.00 ns, 29.8330 ns/op
WorkloadActual   4: 16777216 op, 501519710.00 ns, 29.8929 ns/op
WorkloadActual   5: 16777216 op, 499518525.00 ns, 29.7736 ns/op
WorkloadActual   6: 16777216 op, 499491024.00 ns, 29.7720 ns/op
WorkloadActual   7: 16777216 op, 500697429.00 ns, 29.8439 ns/op
WorkloadActual   8: 16777216 op, 499927276.00 ns, 29.7980 ns/op
WorkloadActual   9: 16777216 op, 499417377.00 ns, 29.7676 ns/op
WorkloadActual  10: 16777216 op, 502607183.00 ns, 29.9577 ns/op
WorkloadActual  11: 16777216 op, 499112359.00 ns, 29.7494 ns/op
WorkloadActual  12: 16777216 op, 498864839.00 ns, 29.7347 ns/op
WorkloadActual  13: 16777216 op, 501822544.00 ns, 29.9110 ns/op
WorkloadActual  14: 16777216 op, 501431856.00 ns, 29.8877 ns/op
WorkloadActual  15: 16777216 op, 502579372.00 ns, 29.9561 ns/op

// AfterActualRun
WorkloadResult   1: 16777216 op, 439776775.00 ns, 26.2127 ns/op
WorkloadResult   2: 16777216 op, 438824302.00 ns, 26.1560 ns/op
WorkloadResult   3: 16777216 op, 439245556.00 ns, 26.1811 ns/op
WorkloadResult   4: 16777216 op, 440250697.00 ns, 26.2410 ns/op
WorkloadResult   5: 16777216 op, 438249512.00 ns, 26.1217 ns/op
WorkloadResult   6: 16777216 op, 438222011.00 ns, 26.1201 ns/op
WorkloadResult   7: 16777216 op, 439428416.00 ns, 26.1920 ns/op
WorkloadResult   8: 16777216 op, 438658263.00 ns, 26.1461 ns/op
WorkloadResult   9: 16777216 op, 438148364.00 ns, 26.1157 ns/op
WorkloadResult  10: 16777216 op, 441338170.00 ns, 26.3058 ns/op
WorkloadResult  11: 16777216 op, 437843346.00 ns, 26.0975 ns/op
WorkloadResult  12: 16777216 op, 437595826.00 ns, 26.0827 ns/op
WorkloadResult  13: 16777216 op, 440553531.00 ns, 26.2590 ns/op
WorkloadResult  14: 16777216 op, 440162843.00 ns, 26.2357 ns/op
WorkloadResult  15: 16777216 op, 441310359.00 ns, 26.3041 ns/op
// GC:  0 0 0 0 16777216
// Threading:  0 0 16777216

// AfterAll
// Benchmark Process 5505 has exited with code 0.

Mean = 26.185 ns, StdErr = 0.019 ns (0.07%), N = 15, StdDev = 0.073 ns
Min = 26.083 ns, Q1 = 26.121 ns, Median = 26.181 ns, Q3 = 26.238 ns, Max = 26.306 ns
IQR = 0.117 ns, LowerFence = 25.945 ns, UpperFence = 26.415 ns
ConfidenceInterval = [26.107 ns; 26.263 ns] (CI 99.9%), Margin = 0.078 ns (0.30% of Mean)
Skewness = 0.27, Kurtosis = 1.64, MValue = 2

// ** Remained 25 (69.4 %) benchmark(s) to run. Estimated finish 2026-09-20 7:25 (0h 8m from now) **
// **************************
// Benchmark: MediatorBenchmarks.SendQuery_NoBehaviors: .NET 8.0(Runtime=.NET 8.0, Toolchain=net8.0)
// *** Execute ***
// Launch: 1 / 1
// Execute: dotnet "EricksonLopez.Mediator.Benchmarks-.NET 8.0-2.dll" --anonymousPipes 107 108 --benchmarkName EricksonLopez.Mediator.Benchmarks.MediatorBenchmarks.SendQuery_NoBehaviors --job ".NET 8.0" --benchmarkId 2 in /home/runner/work/dotnet-mediator/dotnet-mediator/benchmarks/EricksonLopez.Mediator.Benchmarks/bin/Release/net10.0/EricksonLopez.Mediator.Benchmarks-.NET 8.0-2/bin/Release/net8.0
// Failed to set up high priority (Permission denied). In order to run benchmarks with high priority, make sure you have the right permissions.
// BeforeAnythingElse

// Benchmark Process Environment Information:
// BenchmarkDotNet v0.15.8
// Runtime=.NET 8.0.31 (8.0.31, 8.0.3126.42015), X64 RyuJIT x86-64-v3
// GC=Concurrent Workstation
// HardwareIntrinsics=AVX2+BMI1+BMI2+F16C+FMA+LZCNT+MOVBE,AVX,SSE3+SSSE3+SSE4.1+SSE4.2+POPCNT,X86Base+SSE+SSE2,AES+PCLMUL VectorSize=256
// Job: .NET 8.0

OverheadJitting  1: 1 op, 186979.00 ns, 186.9790 us/op
WorkloadJitting  1: 1 op, 1148236.00 ns, 1.1482 ms/op

OverheadJitting  2: 16 op, 482067.00 ns, 30.1292 us/op
WorkloadJitting  2: 16 op, 435511.00 ns, 27.2194 us/op

WorkloadPilot    1: 16 op, 7514.00 ns, 469.6250 ns/op
WorkloadPilot    2: 32 op, 11060.00 ns, 345.6250 ns/op
WorkloadPilot    3: 64 op, 16901.00 ns, 264.0781 ns/op
WorkloadPilot    4: 128 op, 30687.00 ns, 239.7422 ns/op
WorkloadPilot    5: 256 op, 59541.00 ns, 232.5820 ns/op
WorkloadPilot    6: 512 op, 110235.00 ns, 215.3027 ns/op
WorkloadPilot    7: 1024 op, 221713.00 ns, 216.5166 ns/op
WorkloadPilot    8: 2048 op, 443886.00 ns, 216.7412 ns/op
WorkloadPilot    9: 4096 op, 859600.00 ns, 209.8633 ns/op
WorkloadPilot   10: 8192 op, 1948717.00 ns, 237.8805 ns/op
WorkloadPilot   11: 16384 op, 3382254.00 ns, 206.4364 ns/op
WorkloadPilot   12: 32768 op, 6907354.00 ns, 210.7957 ns/op
WorkloadPilot   13: 65536 op, 13613114.00 ns, 207.7196 ns/op
WorkloadPilot   14: 131072 op, 27484127.00 ns, 209.6872 ns/op
WorkloadPilot   15: 262144 op, 54773281.00 ns, 208.9435 ns/op
WorkloadPilot   16: 524288 op, 58311275.00 ns, 111.2199 ns/op
WorkloadPilot   17: 1048576 op, 30459324.00 ns, 29.0483 ns/op
WorkloadPilot   18: 2097152 op, 62284847.00 ns, 29.6997 ns/op
WorkloadPilot   19: 4194304 op, 122193267.00 ns, 29.1331 ns/op
WorkloadPilot   20: 8388608 op, 244295334.00 ns, 29.1223 ns/op
WorkloadPilot   21: 16777216 op, 487143173.00 ns, 29.0360 ns/op
WorkloadPilot   22: 33554432 op, 988776863.00 ns, 29.4678 ns/op

OverheadWarmup   1: 33554432 op, 153607447.00 ns, 4.5779 ns/op
OverheadWarmup   2: 33554432 op, 160463707.00 ns, 4.7822 ns/op
OverheadWarmup   3: 33554432 op, 123938444.00 ns, 3.6937 ns/op
OverheadWarmup   4: 33554432 op, 122273315.00 ns, 3.6440 ns/op
OverheadWarmup   5: 33554432 op, 121940386.00 ns, 3.6341 ns/op
OverheadWarmup   6: 33554432 op, 121949773.00 ns, 3.6344 ns/op
OverheadWarmup   7: 33554432 op, 121618246.00 ns, 3.6245 ns/op

OverheadActual   1: 33554432 op, 121562383.00 ns, 3.6228 ns/op
OverheadActual   2: 33554432 op, 121838346.00 ns, 3.6311 ns/op
OverheadActual   3: 33554432 op, 121740965.00 ns, 3.6282 ns/op
OverheadActual   4: 33554432 op, 121502952.00 ns, 3.6211 ns/op
OverheadActual   5: 33554432 op, 133884694.00 ns, 3.9901 ns/op
OverheadActual   6: 33554432 op, 122103049.00 ns, 3.6390 ns/op
OverheadActual   7: 33554432 op, 121922573.00 ns, 3.6336 ns/op
OverheadActual   8: 33554432 op, 122034271.00 ns, 3.6369 ns/op
OverheadActual   9: 33554432 op, 122292151.00 ns, 3.6446 ns/op
OverheadActual  10: 33554432 op, 122517179.00 ns, 3.6513 ns/op
OverheadActual  11: 33554432 op, 122065669.00 ns, 3.6378 ns/op
OverheadActual  12: 33554432 op, 121893479.00 ns, 3.6327 ns/op
OverheadActual  13: 33554432 op, 121752125.00 ns, 3.6285 ns/op
OverheadActual  14: 33554432 op, 121729774.00 ns, 3.6278 ns/op
OverheadActual  15: 33554432 op, 124842888.00 ns, 3.7206 ns/op

WorkloadWarmup   1: 33554432 op, 988197465.00 ns, 29.4506 ns/op
WorkloadWarmup   2: 33554432 op, 993398233.00 ns, 29.6056 ns/op
WorkloadWarmup   3: 33554432 op, 988207312.00 ns, 29.4509 ns/op
WorkloadWarmup   4: 33554432 op, 988644032.00 ns, 29.4639 ns/op
WorkloadWarmup   5: 33554432 op, 989822385.00 ns, 29.4990 ns/op
WorkloadWarmup   6: 33554432 op, 984155118.00 ns, 29.3301 ns/op

// BeforeActualRun
WorkloadActual   1: 33554432 op, 986480646.00 ns, 29.3994 ns/op
WorkloadActual   2: 33554432 op, 983679053.00 ns, 29.3159 ns/op
WorkloadActual   3: 33554432 op, 984087302.00 ns, 29.3281 ns/op
WorkloadActual   4: 33554432 op, 985596499.00 ns, 29.3731 ns/op
WorkloadActual   5: 33554432 op, 984614956.00 ns, 29.3438 ns/op
WorkloadActual   6: 33554432 op, 985544009.00 ns, 29.3715 ns/op
WorkloadActual   7: 33554432 op, 986132315.00 ns, 29.3890 ns/op
WorkloadActual   8: 33554432 op, 987620855.00 ns, 29.4334 ns/op
WorkloadActual   9: 33554432 op, 987375519.00 ns, 29.4261 ns/op
WorkloadActual  10: 33554432 op, 987011942.00 ns, 29.4152 ns/op
WorkloadActual  11: 33554432 op, 984723272.00 ns, 29.3470 ns/op
WorkloadActual  12: 33554432 op, 988294139.00 ns, 29.4535 ns/op
WorkloadActual  13: 33554432 op, 987188726.00 ns, 29.4205 ns/op
WorkloadActual  14: 33554432 op, 985017589.00 ns, 29.3558 ns/op
WorkloadActual  15: 33554432 op, 983497129.00 ns, 29.3105 ns/op

// AfterActualRun
WorkloadResult   1: 33554432 op, 864558073.00 ns, 25.7658 ns/op
WorkloadResult   2: 33554432 op, 861756480.00 ns, 25.6823 ns/op
WorkloadResult   3: 33554432 op, 862164729.00 ns, 25.6945 ns/op
WorkloadResult   4: 33554432 op, 863673926.00 ns, 25.7395 ns/op
WorkloadResult   5: 33554432 op, 862692383.00 ns, 25.7102 ns/op
WorkloadResult   6: 33554432 op, 863621436.00 ns, 25.7379 ns/op
WorkloadResult   7: 33554432 op, 864209742.00 ns, 25.7555 ns/op
WorkloadResult   8: 33554432 op, 865698282.00 ns, 25.7998 ns/op
WorkloadResult   9: 33554432 op, 865452946.00 ns, 25.7925 ns/op
WorkloadResult  10: 33554432 op, 865089369.00 ns, 25.7817 ns/op
WorkloadResult  11: 33554432 op, 862800699.00 ns, 25.7135 ns/op
WorkloadResult  12: 33554432 op, 866371566.00 ns, 25.8199 ns/op
WorkloadResult  13: 33554432 op, 865266153.00 ns, 25.7869 ns/op
WorkloadResult  14: 33554432 op, 863095016.00 ns, 25.7222 ns/op
WorkloadResult  15: 33554432 op, 861574556.00 ns, 25.6769 ns/op
// GC:  0 0 0 0 33554432
// Threading:  0 0 33554432

// AfterAll
// Benchmark Process 5518 has exited with code 0.

Mean = 25.745 ns, StdErr = 0.012 ns (0.05%), N = 15, StdDev = 0.045 ns
Min = 25.677 ns, Q1 = 25.712 ns, Median = 25.739 ns, Q3 = 25.784 ns, Max = 25.820 ns
IQR = 0.072 ns, LowerFence = 25.603 ns, UpperFence = 25.893 ns
ConfidenceInterval = [25.697 ns; 25.793 ns] (CI 99.9%), Margin = 0.048 ns (0.19% of Mean)
Skewness = 0.02, Kurtosis = 1.56, MValue = 2

// ** Remained 24 (66.7 %) benchmark(s) to run. Estimated finish 2026-09-20 7:26 (0h 8m from now) **
// **************************
// Benchmark: MediatorBenchmarks.SendCommand_OneBehavior: .NET 8.0(Runtime=.NET 8.0, Toolchain=net8.0)
// *** Execute ***
// Launch: 1 / 1
// Execute: dotnet "EricksonLopez.Mediator.Benchmarks-.NET 8.0-2.dll" --anonymousPipes 107 108 --benchmarkName EricksonLopez.Mediator.Benchmarks.MediatorBenchmarks.SendCommand_OneBehavior --job ".NET 8.0" --benchmarkId 3 in /home/runner/work/dotnet-mediator/dotnet-mediator/benchmarks/EricksonLopez.Mediator.Benchmarks/bin/Release/net10.0/EricksonLopez.Mediator.Benchmarks-.NET 8.0-2/bin/Release/net8.0
// Failed to set up high priority (Permission denied). In order to run benchmarks with high priority, make sure you have the right permissions.
// BeforeAnythingElse

// Benchmark Process Environment Information:
// BenchmarkDotNet v0.15.8
// Runtime=.NET 8.0.31 (8.0.31, 8.0.3126.42015), X64 RyuJIT x86-64-v3
// GC=Concurrent Workstation
// HardwareIntrinsics=AVX2+BMI1+BMI2+F16C+FMA+LZCNT+MOVBE,AVX,SSE3+SSSE3+SSE4.1+SSE4.2+POPCNT,X86Base+SSE+SSE2,AES+PCLMUL VectorSize=256
// Job: .NET 8.0

OverheadJitting  1: 1 op, 178853.00 ns, 178.8530 us/op
WorkloadJitting  1: 1 op, 2345455.00 ns, 2.3455 ms/op

OverheadJitting  2: 16 op, 429509.00 ns, 26.8443 us/op
WorkloadJitting  2: 16 op, 396578.00 ns, 24.7861 us/op

WorkloadPilot    1: 16 op, 13145.00 ns, 821.5625 ns/op
WorkloadPilot    2: 32 op, 19807.00 ns, 618.9688 ns/op
WorkloadPilot    3: 64 op, 66724.00 ns, 1.0426 us/op
WorkloadPilot    4: 128 op, 61755.00 ns, 482.4609 ns/op
WorkloadPilot    5: 256 op, 114644.00 ns, 447.8281 ns/op
WorkloadPilot    6: 512 op, 227053.00 ns, 443.4629 ns/op
WorkloadPilot    7: 1024 op, 442513.00 ns, 432.1416 ns/op
WorkloadPilot    8: 2048 op, 895687.00 ns, 437.3472 ns/op
WorkloadPilot    9: 4096 op, 1819186.00 ns, 444.1372 ns/op
WorkloadPilot   10: 8192 op, 3720455.00 ns, 454.1571 ns/op
WorkloadPilot   11: 16384 op, 7342196.00 ns, 448.1321 ns/op
WorkloadPilot   12: 32768 op, 14577181.00 ns, 444.8603 ns/op
WorkloadPilot   13: 65536 op, 28928032.00 ns, 441.4067 ns/op
WorkloadPilot   14: 131072 op, 58053583.00 ns, 442.9137 ns/op
WorkloadPilot   15: 262144 op, 63510830.00 ns, 242.2746 ns/op
WorkloadPilot   16: 524288 op, 32209731.00 ns, 61.4352 ns/op
WorkloadPilot   17: 1048576 op, 63917888.00 ns, 60.9568 ns/op
WorkloadPilot   18: 2097152 op, 127830687.00 ns, 60.9544 ns/op
WorkloadPilot   19: 4194304 op, 256109959.00 ns, 61.0614 ns/op
WorkloadPilot   20: 8388608 op, 512026868.00 ns, 61.0384 ns/op

OverheadWarmup   1: 8388608 op, 38583534.00 ns, 4.5995 ns/op
OverheadWarmup   2: 8388608 op, 38898500.00 ns, 4.6371 ns/op
OverheadWarmup   3: 8388608 op, 40124743.00 ns, 4.7832 ns/op
OverheadWarmup   4: 8388608 op, 38541256.00 ns, 4.5945 ns/op
OverheadWarmup   5: 8388608 op, 38361331.00 ns, 4.5730 ns/op
OverheadWarmup   6: 8388608 op, 38503896.00 ns, 4.5900 ns/op
OverheadWarmup   7: 8388608 op, 38753120.00 ns, 4.6197 ns/op
OverheadWarmup   8: 8388608 op, 42392614.00 ns, 5.0536 ns/op
OverheadWarmup   9: 8388608 op, 30542347.00 ns, 3.6409 ns/op

OverheadActual   1: 8388608 op, 32740599.00 ns, 3.9030 ns/op
OverheadActual   2: 8388608 op, 30568656.00 ns, 3.6441 ns/op
OverheadActual   3: 8388608 op, 30575329.00 ns, 3.6449 ns/op
OverheadActual   4: 8388608 op, 30637345.00 ns, 3.6523 ns/op
OverheadActual   5: 8388608 op, 30576181.00 ns, 3.6450 ns/op
OverheadActual   6: 8388608 op, 30533361.00 ns, 3.6399 ns/op
OverheadActual   7: 8388608 op, 30679623.00 ns, 3.6573 ns/op
OverheadActual   8: 8388608 op, 30529533.00 ns, 3.6394 ns/op
OverheadActual   9: 8388608 op, 30836354.00 ns, 3.6760 ns/op
OverheadActual  10: 8388608 op, 34488983.00 ns, 4.1114 ns/op
OverheadActual  11: 8388608 op, 30640339.00 ns, 3.6526 ns/op
OverheadActual  12: 8388608 op, 30538620.00 ns, 3.6405 ns/op
OverheadActual  13: 8388608 op, 30532799.00 ns, 3.6398 ns/op
OverheadActual  14: 8388608 op, 30513964.00 ns, 3.6375 ns/op
OverheadActual  15: 8388608 op, 30535585.00 ns, 3.6401 ns/op

WorkloadWarmup   1: 8388608 op, 522582305.00 ns, 62.2967 ns/op
WorkloadWarmup   2: 8388608 op, 521971147.00 ns, 62.2238 ns/op
WorkloadWarmup   3: 8388608 op, 522201115.00 ns, 62.2512 ns/op
WorkloadWarmup   4: 8388608 op, 521841535.00 ns, 62.2084 ns/op
WorkloadWarmup   5: 8388608 op, 521936091.00 ns, 62.2196 ns/op
WorkloadWarmup   6: 8388608 op, 522164524.00 ns, 62.2469 ns/op
WorkloadWarmup   7: 8388608 op, 527505711.00 ns, 62.8836 ns/op
WorkloadWarmup   8: 8388608 op, 524933036.00 ns, 62.5769 ns/op

// BeforeActualRun
WorkloadActual   1: 8388608 op, 525487660.00 ns, 62.6430 ns/op
WorkloadActual   2: 8388608 op, 521978515.00 ns, 62.2247 ns/op
WorkloadActual   3: 8388608 op, 522235735.00 ns, 62.2554 ns/op
WorkloadActual   4: 8388608 op, 523455396.00 ns, 62.4007 ns/op
WorkloadActual   5: 8388608 op, 522758358.00 ns, 62.3177 ns/op
WorkloadActual   6: 8388608 op, 521737227.00 ns, 62.1959 ns/op
WorkloadActual   7: 8388608 op, 522912395.00 ns, 62.3360 ns/op
WorkloadActual   8: 8388608 op, 522833919.00 ns, 62.3267 ns/op
WorkloadActual   9: 8388608 op, 525694356.00 ns, 62.6677 ns/op
WorkloadActual  10: 8388608 op, 533887761.00 ns, 63.6444 ns/op
WorkloadActual  11: 8388608 op, 521555104.00 ns, 62.1742 ns/op
WorkloadActual  12: 8388608 op, 526197433.00 ns, 62.7276 ns/op
WorkloadActual  13: 8388608 op, 521294763.00 ns, 62.1432 ns/op
WorkloadActual  14: 8388608 op, 522957641.00 ns, 62.3414 ns/op
WorkloadActual  15: 8388608 op, 522008654.00 ns, 62.2283 ns/op

// AfterActualRun
WorkloadResult   1: 8388608 op, 494912331.00 ns, 58.9981 ns/op
WorkloadResult   2: 8388608 op, 491403186.00 ns, 58.5798 ns/op
WorkloadResult   3: 8388608 op, 491660406.00 ns, 58.6105 ns/op
WorkloadResult   4: 8388608 op, 492880067.00 ns, 58.7559 ns/op
WorkloadResult   5: 8388608 op, 492183029.00 ns, 58.6728 ns/op
WorkloadResult   6: 8388608 op, 491161898.00 ns, 58.5511 ns/op
WorkloadResult   7: 8388608 op, 492337066.00 ns, 58.6912 ns/op
WorkloadResult   8: 8388608 op, 492258590.00 ns, 58.6818 ns/op
WorkloadResult   9: 8388608 op, 495119027.00 ns, 59.0228 ns/op
WorkloadResult  10: 8388608 op, 490979775.00 ns, 58.5294 ns/op
WorkloadResult  11: 8388608 op, 495622104.00 ns, 59.0828 ns/op
WorkloadResult  12: 8388608 op, 490719434.00 ns, 58.4983 ns/op
WorkloadResult  13: 8388608 op, 492382312.00 ns, 58.6965 ns/op
WorkloadResult  14: 8388608 op, 491433325.00 ns, 58.5834 ns/op
// GC:  0 0 0 0 8388608
// Threading:  0 0 8388608

// AfterAll
// Benchmark Process 5541 has exited with code 0.

Mean = 58.711 ns, StdErr = 0.051 ns (0.09%), N = 14, StdDev = 0.190 ns
Min = 58.498 ns, Q1 = 58.581 ns, Median = 58.677 ns, Q3 = 58.741 ns, Max = 59.083 ns
IQR = 0.160 ns, LowerFence = 58.340 ns, UpperFence = 58.982 ns
ConfidenceInterval = [58.496 ns; 58.926 ns] (CI 99.9%), Margin = 0.215 ns (0.37% of Mean)
Skewness = 0.83, Kurtosis = 2.17, MValue = 2

// ** Remained 23 (63.9 %) benchmark(s) to run. Estimated finish 2026-09-20 7:25 (0h 7m from now) **
// **************************
// Benchmark: MediatorBenchmarks.SendCommand_FiveBehaviors: .NET 8.0(Runtime=.NET 8.0, Toolchain=net8.0)
// *** Execute ***
// Launch: 1 / 1
// Execute: dotnet "EricksonLopez.Mediator.Benchmarks-.NET 8.0-2.dll" --anonymousPipes 107 108 --benchmarkName EricksonLopez.Mediator.Benchmarks.MediatorBenchmarks.SendCommand_FiveBehaviors --job ".NET 8.0" --benchmarkId 4 in /home/runner/work/dotnet-mediator/dotnet-mediator/benchmarks/EricksonLopez.Mediator.Benchmarks/bin/Release/net10.0/EricksonLopez.Mediator.Benchmarks-.NET 8.0-2/bin/Release/net8.0
// Failed to set up high priority (Permission denied). In order to run benchmarks with high priority, make sure you have the right permissions.
// BeforeAnythingElse

// Benchmark Process Environment Information:
// BenchmarkDotNet v0.15.8
// Runtime=.NET 8.0.31 (8.0.31, 8.0.3126.42015), X64 RyuJIT x86-64-v3
// GC=Concurrent Workstation
// HardwareIntrinsics=AVX2+BMI1+BMI2+F16C+FMA+LZCNT+MOVBE,AVX,SSE3+SSSE3+SSE4.1+SSE4.2+POPCNT,X86Base+SSE+SSE2,AES+PCLMUL VectorSize=256
// Job: .NET 8.0

OverheadJitting  1: 1 op, 207236.00 ns, 207.2360 us/op
WorkloadJitting  1: 1 op, 4298703.00 ns, 4.2987 ms/op

OverheadJitting  2: 16 op, 453735.00 ns, 28.3584 us/op
WorkloadJitting  2: 16 op, 476437.00 ns, 29.7773 us/op

WorkloadPilot    1: 16 op, 42849.00 ns, 2.6781 us/op
WorkloadPilot    2: 32 op, 64771.00 ns, 2.0241 us/op
WorkloadPilot    3: 64 op, 113281.00 ns, 1.7700 us/op
WorkloadPilot    4: 128 op, 236471.00 ns, 1.8474 us/op
WorkloadPilot    5: 256 op, 429780.00 ns, 1.6788 us/op
WorkloadPilot    6: 512 op, 808926.00 ns, 1.5799 us/op
WorkloadPilot    7: 1024 op, 1656755.00 ns, 1.6179 us/op
WorkloadPilot    8: 2048 op, 3292059.00 ns, 1.6075 us/op
WorkloadPilot    9: 4096 op, 6535888.00 ns, 1.5957 us/op
WorkloadPilot   10: 8192 op, 12938899.00 ns, 1.5795 us/op
WorkloadPilot   11: 16384 op, 25633032.00 ns, 1.5645 us/op
WorkloadPilot   12: 32768 op, 51111736.00 ns, 1.5598 us/op
WorkloadPilot   13: 65536 op, 79512370.00 ns, 1.2133 us/op
WorkloadPilot   14: 131072 op, 39326204.00 ns, 300.0351 ns/op
WorkloadPilot   15: 262144 op, 75295990.00 ns, 287.2314 ns/op
WorkloadPilot   16: 524288 op, 147907011.00 ns, 282.1102 ns/op
WorkloadPilot   17: 1048576 op, 300020033.00 ns, 286.1214 ns/op
WorkloadPilot   18: 2097152 op, 599030398.00 ns, 285.6400 ns/op

OverheadWarmup   1: 2097152 op, 9591496.00 ns, 4.5736 ns/op
OverheadWarmup   2: 2097152 op, 9605793.00 ns, 4.5804 ns/op
OverheadWarmup   3: 2097152 op, 9604000.00 ns, 4.5795 ns/op
OverheadWarmup   4: 2097152 op, 9585706.00 ns, 4.5708 ns/op
OverheadWarmup   5: 2097152 op, 9594031.00 ns, 4.5748 ns/op
OverheadWarmup   6: 2097152 op, 9577000.00 ns, 4.5667 ns/op

OverheadActual   1: 2097152 op, 9598439.00 ns, 4.5769 ns/op
OverheadActual   2: 2097152 op, 9630660.00 ns, 4.5923 ns/op
OverheadActual   3: 2097152 op, 9597708.00 ns, 4.5765 ns/op
OverheadActual   4: 2097152 op, 9630209.00 ns, 4.5920 ns/op
OverheadActual   5: 2097152 op, 9629988.00 ns, 4.5919 ns/op
OverheadActual   6: 2097152 op, 9621232.00 ns, 4.5878 ns/op
OverheadActual   7: 2097152 op, 9764830.00 ns, 4.6562 ns/op
OverheadActual   8: 2097152 op, 9580096.00 ns, 4.5681 ns/op
OverheadActual   9: 2097152 op, 9596526.00 ns, 4.5760 ns/op
OverheadActual  10: 2097152 op, 9604711.00 ns, 4.5799 ns/op
OverheadActual  11: 2097152 op, 9608288.00 ns, 4.5816 ns/op
OverheadActual  12: 2097152 op, 9643083.00 ns, 4.5982 ns/op
OverheadActual  13: 2097152 op, 9603289.00 ns, 4.5792 ns/op
OverheadActual  14: 2097152 op, 9598750.00 ns, 4.5770 ns/op
OverheadActual  15: 2097152 op, 9862561.00 ns, 4.7028 ns/op

WorkloadWarmup   1: 2097152 op, 602850659.00 ns, 287.4616 ns/op
WorkloadWarmup   2: 2097152 op, 598698297.00 ns, 285.4816 ns/op
WorkloadWarmup   3: 2097152 op, 599186517.00 ns, 285.7144 ns/op
WorkloadWarmup   4: 2097152 op, 608749841.00 ns, 290.2745 ns/op
WorkloadWarmup   5: 2097152 op, 598737151.00 ns, 285.5001 ns/op
WorkloadWarmup   6: 2097152 op, 599782085.00 ns, 285.9984 ns/op
WorkloadWarmup   7: 2097152 op, 596744516.00 ns, 284.5500 ns/op

// BeforeActualRun
WorkloadActual   1: 2097152 op, 596463022.00 ns, 284.4157 ns/op
WorkloadActual   2: 2097152 op, 598282710.00 ns, 285.2834 ns/op
WorkloadActual   3: 2097152 op, 601909309.00 ns, 287.0127 ns/op
WorkloadActual   4: 2097152 op, 596192148.00 ns, 284.2866 ns/op
WorkloadActual   5: 2097152 op, 599096584.00 ns, 285.6715 ns/op
WorkloadActual   6: 2097152 op, 597001945.00 ns, 284.6727 ns/op
WorkloadActual   7: 2097152 op, 598364381.00 ns, 285.3224 ns/op
WorkloadActual   8: 2097152 op, 598020442.00 ns, 285.1584 ns/op
WorkloadActual   9: 2097152 op, 596793237.00 ns, 284.5732 ns/op
WorkloadActual  10: 2097152 op, 599700498.00 ns, 285.9595 ns/op
WorkloadActual  11: 2097152 op, 595929740.00 ns, 284.1614 ns/op
WorkloadActual  12: 2097152 op, 605555895.00 ns, 288.7516 ns/op
WorkloadActual  13: 2097152 op, 597410937.00 ns, 284.8677 ns/op
WorkloadActual  14: 2097152 op, 598421683.00 ns, 285.3497 ns/op
WorkloadActual  15: 2097152 op, 596253305.00 ns, 284.3157 ns/op

// AfterActualRun
WorkloadResult   1: 2097152 op, 586854734.00 ns, 279.8341 ns/op
WorkloadResult   2: 2097152 op, 588674422.00 ns, 280.7018 ns/op
WorkloadResult   3: 2097152 op, 592301021.00 ns, 282.4311 ns/op
WorkloadResult   4: 2097152 op, 586583860.00 ns, 279.7050 ns/op
WorkloadResult   5: 2097152 op, 589488296.00 ns, 281.0899 ns/op
WorkloadResult   6: 2097152 op, 587393657.00 ns, 280.0911 ns/op
WorkloadResult   7: 2097152 op, 588756093.00 ns, 280.7408 ns/op
WorkloadResult   8: 2097152 op, 588412154.00 ns, 280.5768 ns/op
WorkloadResult   9: 2097152 op, 587184949.00 ns, 279.9916 ns/op
WorkloadResult  10: 2097152 op, 590092210.00 ns, 281.3779 ns/op
WorkloadResult  11: 2097152 op, 586321452.00 ns, 279.5799 ns/op
WorkloadResult  12: 2097152 op, 587802649.00 ns, 280.2861 ns/op
WorkloadResult  13: 2097152 op, 588813395.00 ns, 280.7681 ns/op
WorkloadResult  14: 2097152 op, 586645017.00 ns, 279.7341 ns/op
// GC:  0 0 0 0 2097152
// Threading:  0 0 2097152

// AfterAll
// Benchmark Process 5559 has exited with code 0.

Mean = 280.493 ns, StdErr = 0.210 ns (0.07%), N = 14, StdDev = 0.785 ns
Min = 279.580 ns, Q1 = 279.874 ns, Median = 280.431 ns, Q3 = 280.761 ns, Max = 282.431 ns
IQR = 0.888 ns, LowerFence = 278.542 ns, UpperFence = 282.093 ns
ConfidenceInterval = [279.608 ns; 281.379 ns] (CI 99.9%), Margin = 0.885 ns (0.32% of Mean)
Skewness = 0.89, Kurtosis = 3.12, MValue = 2

// ** Remained 22 (61.1 %) benchmark(s) to run. Estimated finish 2026-09-20 7:25 (0h 7m from now) **
// **************************
// Benchmark: MediatorBenchmarks.PublishNotification_OneHandler: .NET 8.0(Runtime=.NET 8.0, Toolchain=net8.0)
// *** Execute ***
// Launch: 1 / 1
// Execute: dotnet "EricksonLopez.Mediator.Benchmarks-.NET 8.0-2.dll" --anonymousPipes 107 108 --benchmarkName EricksonLopez.Mediator.Benchmarks.MediatorBenchmarks.PublishNotification_OneHandler --job ".NET 8.0" --benchmarkId 5 in /home/runner/work/dotnet-mediator/dotnet-mediator/benchmarks/EricksonLopez.Mediator.Benchmarks/bin/Release/net10.0/EricksonLopez.Mediator.Benchmarks-.NET 8.0-2/bin/Release/net8.0
// Failed to set up high priority (Permission denied). In order to run benchmarks with high priority, make sure you have the right permissions.
// BeforeAnythingElse

// Benchmark Process Environment Information:
// BenchmarkDotNet v0.15.8
// Runtime=.NET 8.0.31 (8.0.31, 8.0.3126.42015), X64 RyuJIT x86-64-v3
// GC=Concurrent Workstation
// HardwareIntrinsics=AVX2+BMI1+BMI2+F16C+FMA+LZCNT+MOVBE,AVX,SSE3+SSSE3+SSE4.1+SSE4.2+POPCNT,X86Base+SSE+SSE2,AES+PCLMUL VectorSize=256
// Job: .NET 8.0

OverheadJitting  1: 1 op, 133168.00 ns, 133.1680 us/op
WorkloadJitting  1: 1 op, 2606732.00 ns, 2.6067 ms/op

OverheadJitting  2: 16 op, 185034.00 ns, 11.5646 us/op
WorkloadJitting  2: 16 op, 1707328.00 ns, 106.7080 us/op

WorkloadPilot    1: 16 op, 115585.00 ns, 7.2241 us/op
WorkloadPilot    2: 32 op, 17012.00 ns, 531.6250 ns/op
WorkloadPilot    3: 64 op, 27972.00 ns, 437.0625 ns/op
WorkloadPilot    4: 128 op, 71603.00 ns, 559.3984 ns/op
WorkloadPilot    5: 256 op, 100768.00 ns, 393.6250 ns/op
WorkloadPilot    6: 512 op, 189973.00 ns, 371.0410 ns/op
WorkloadPilot    7: 1024 op, 368586.00 ns, 359.9473 ns/op
WorkloadPilot    8: 2048 op, 746689.00 ns, 364.5942 ns/op
WorkloadPilot    9: 4096 op, 1482479.00 ns, 361.9333 ns/op
WorkloadPilot   10: 8192 op, 2996096.00 ns, 365.7344 ns/op
WorkloadPilot   11: 16384 op, 5830342.00 ns, 355.8558 ns/op
WorkloadPilot   12: 32768 op, 11725353.00 ns, 357.8294 ns/op
WorkloadPilot   13: 65536 op, 23448981.00 ns, 357.8031 ns/op
WorkloadPilot   14: 131072 op, 46915586.00 ns, 357.9375 ns/op
WorkloadPilot   15: 262144 op, 77700701.00 ns, 296.4047 ns/op
WorkloadPilot   16: 524288 op, 36544706.00 ns, 69.7035 ns/op
WorkloadPilot   17: 1048576 op, 66695620.00 ns, 63.6059 ns/op
WorkloadPilot   18: 2097152 op, 129042925.00 ns, 61.5325 ns/op
WorkloadPilot   19: 4194304 op, 256591279.00 ns, 61.1761 ns/op
WorkloadPilot   20: 8388608 op, 507417520.00 ns, 60.4889 ns/op

OverheadWarmup   1: 8388608 op, 18978030.00 ns, 2.2624 ns/op
OverheadWarmup   2: 8388608 op, 19013156.00 ns, 2.2665 ns/op
OverheadWarmup   3: 8388608 op, 18956200.00 ns, 2.2598 ns/op
OverheadWarmup   4: 8388608 op, 18945159.00 ns, 2.2584 ns/op
OverheadWarmup   5: 8388608 op, 18996435.00 ns, 2.2646 ns/op
OverheadWarmup   6: 8388608 op, 18970277.00 ns, 2.2614 ns/op

OverheadActual   1: 8388608 op, 19052228.00 ns, 2.2712 ns/op
OverheadActual   2: 8388608 op, 19069812.00 ns, 2.2733 ns/op
OverheadActual   3: 8388608 op, 18986226.00 ns, 2.2633 ns/op
OverheadActual   4: 8388608 op, 19104456.00 ns, 2.2774 ns/op
OverheadActual   5: 8388608 op, 19006191.00 ns, 2.2657 ns/op
OverheadActual   6: 8388608 op, 19337822.00 ns, 2.3052 ns/op
OverheadActual   7: 8388608 op, 19016622.00 ns, 2.2670 ns/op
OverheadActual   8: 8388608 op, 18919412.00 ns, 2.2554 ns/op
OverheadActual   9: 8388608 op, 18932015.00 ns, 2.2569 ns/op
OverheadActual  10: 8388608 op, 18961690.00 ns, 2.2604 ns/op
OverheadActual  11: 8388608 op, 18983741.00 ns, 2.2630 ns/op
OverheadActual  12: 8388608 op, 18929731.00 ns, 2.2566 ns/op
OverheadActual  13: 8388608 op, 18940460.00 ns, 2.2579 ns/op
OverheadActual  14: 8388608 op, 22362569.00 ns, 2.6658 ns/op
OverheadActual  15: 8388608 op, 16429277.00 ns, 1.9585 ns/op

WorkloadWarmup   1: 8388608 op, 518210107.00 ns, 61.7755 ns/op
WorkloadWarmup   2: 8388608 op, 512585318.00 ns, 61.1049 ns/op
WorkloadWarmup   3: 8388608 op, 505917619.00 ns, 60.3101 ns/op
WorkloadWarmup   4: 8388608 op, 513581682.00 ns, 61.2237 ns/op
WorkloadWarmup   5: 8388608 op, 504600949.00 ns, 60.1531 ns/op
WorkloadWarmup   6: 8388608 op, 504992748.00 ns, 60.1998 ns/op
WorkloadWarmup   7: 8388608 op, 507259566.00 ns, 60.4701 ns/op
WorkloadWarmup   8: 8388608 op, 506757973.00 ns, 60.4103 ns/op

// BeforeActualRun
WorkloadActual   1: 8388608 op, 508369632.00 ns, 60.6024 ns/op
WorkloadActual   2: 8388608 op, 503874196.00 ns, 60.0665 ns/op
WorkloadActual   3: 8388608 op, 505329618.00 ns, 60.2400 ns/op
WorkloadActual   4: 8388608 op, 503858681.00 ns, 60.0646 ns/op
WorkloadActual   5: 8388608 op, 504381584.00 ns, 60.1270 ns/op
WorkloadActual   6: 8388608 op, 503950431.00 ns, 60.0756 ns/op
WorkloadActual   7: 8388608 op, 509378804.00 ns, 60.7227 ns/op
WorkloadActual   8: 8388608 op, 505114307.00 ns, 60.2143 ns/op
WorkloadActual   9: 8388608 op, 506857221.00 ns, 60.4221 ns/op
WorkloadActual  10: 8388608 op, 505448693.00 ns, 60.2542 ns/op
WorkloadActual  11: 8388608 op, 506435336.00 ns, 60.3718 ns/op
WorkloadActual  12: 8388608 op, 505092667.00 ns, 60.2117 ns/op
WorkloadActual  13: 8388608 op, 504934523.00 ns, 60.1929 ns/op
WorkloadActual  14: 8388608 op, 503972432.00 ns, 60.0782 ns/op
WorkloadActual  15: 8388608 op, 506758868.00 ns, 60.4104 ns/op

// AfterActualRun
WorkloadResult   1: 8388608 op, 489383406.00 ns, 58.3390 ns/op
WorkloadResult   2: 8388608 op, 484887970.00 ns, 57.8032 ns/op
WorkloadResult   3: 8388608 op, 486343392.00 ns, 57.9767 ns/op
WorkloadResult   4: 8388608 op, 484872455.00 ns, 57.8013 ns/op
WorkloadResult   5: 8388608 op, 485395358.00 ns, 57.8636 ns/op
WorkloadResult   6: 8388608 op, 484964205.00 ns, 57.8122 ns/op
WorkloadResult   7: 8388608 op, 490392578.00 ns, 58.4594 ns/op
WorkloadResult   8: 8388608 op, 486128081.00 ns, 57.9510 ns/op
WorkloadResult   9: 8388608 op, 487870995.00 ns, 58.1588 ns/op
WorkloadResult  10: 8388608 op, 486462467.00 ns, 57.9908 ns/op
WorkloadResult  11: 8388608 op, 487449110.00 ns, 58.1085 ns/op
WorkloadResult  12: 8388608 op, 486106441.00 ns, 57.9484 ns/op
WorkloadResult  13: 8388608 op, 485948297.00 ns, 57.9296 ns/op
WorkloadResult  14: 8388608 op, 484986206.00 ns, 57.8149 ns/op
WorkloadResult  15: 8388608 op, 487772642.00 ns, 58.1470 ns/op
// GC:  12 0 0 201326592 8388608
// Threading:  0 0 8388608

// AfterAll
// Benchmark Process 5575 has exited with code 0.

Mean = 58.007 ns, StdErr = 0.052 ns (0.09%), N = 15, StdDev = 0.200 ns
Min = 57.801 ns, Q1 = 57.839 ns, Median = 57.951 ns, Q3 = 58.128 ns, Max = 58.459 ns
IQR = 0.288 ns, LowerFence = 57.407 ns, UpperFence = 58.560 ns
ConfidenceInterval = [57.793 ns; 58.221 ns] (CI 99.9%), Margin = 0.214 ns (0.37% of Mean)
Skewness = 0.84, Kurtosis = 2.57, MValue = 2

// ** Remained 21 (58.3 %) benchmark(s) to run. Estimated finish 2026-09-20 7:25 (0h 6m from now) **
// **************************
// Benchmark: MediatorBenchmarks.PublishNotification_FiveHandlers: .NET 8.0(Runtime=.NET 8.0, Toolchain=net8.0)
// *** Execute ***
// Launch: 1 / 1
// Execute: dotnet "EricksonLopez.Mediator.Benchmarks-.NET 8.0-2.dll" --anonymousPipes 107 108 --benchmarkName EricksonLopez.Mediator.Benchmarks.MediatorBenchmarks.PublishNotification_FiveHandlers --job ".NET 8.0" --benchmarkId 6 in /home/runner/work/dotnet-mediator/dotnet-mediator/benchmarks/EricksonLopez.Mediator.Benchmarks/bin/Release/net10.0/EricksonLopez.Mediator.Benchmarks-.NET 8.0-2/bin/Release/net8.0
// Failed to set up high priority (Permission denied). In order to run benchmarks with high priority, make sure you have the right permissions.
// BeforeAnythingElse

// Benchmark Process Environment Information:
// BenchmarkDotNet v0.15.8
// Runtime=.NET 8.0.31 (8.0.31, 8.0.3126.42015), X64 RyuJIT x86-64-v3
// GC=Concurrent Workstation
// HardwareIntrinsics=AVX2+BMI1+BMI2+F16C+FMA+LZCNT+MOVBE,AVX,SSE3+SSSE3+SSE4.1+SSE4.2+POPCNT,X86Base+SSE+SSE2,AES+PCLMUL VectorSize=256
// Job: .NET 8.0

OverheadJitting  1: 1 op, 132807.00 ns, 132.8070 us/op
WorkloadJitting  1: 1 op, 3041701.00 ns, 3.0417 ms/op

OverheadJitting  2: 16 op, 180235.00 ns, 11.2647 us/op
WorkloadJitting  2: 16 op, 2049454.00 ns, 128.0909 us/op

WorkloadPilot    1: 16 op, 234917.00 ns, 14.6823 us/op
WorkloadPilot    2: 32 op, 41437.00 ns, 1.2949 us/op
WorkloadPilot    3: 64 op, 84868.00 ns, 1.3261 us/op
WorkloadPilot    4: 128 op, 159547.00 ns, 1.2465 us/op
WorkloadPilot    5: 256 op, 307583.00 ns, 1.2015 us/op
WorkloadPilot    6: 512 op, 680546.00 ns, 1.3292 us/op
WorkloadPilot    7: 1024 op, 1293537.00 ns, 1.2632 us/op
WorkloadPilot    8: 2048 op, 2496346.00 ns, 1.2189 us/op
WorkloadPilot    9: 4096 op, 4938471.00 ns, 1.2057 us/op
WorkloadPilot   10: 8192 op, 9698869.00 ns, 1.1839 us/op
WorkloadPilot   11: 16384 op, 19402578.00 ns, 1.1842 us/op
WorkloadPilot   12: 32768 op, 38804155.00 ns, 1.1842 us/op
WorkloadPilot   13: 65536 op, 81038673.00 ns, 1.2366 us/op
WorkloadPilot   14: 131072 op, 46724775.00 ns, 356.4817 ns/op
WorkloadPilot   15: 262144 op, 62287978.00 ns, 237.6098 ns/op
WorkloadPilot   16: 524288 op, 122494994.00 ns, 233.6407 ns/op
WorkloadPilot   17: 1048576 op, 244774033.00 ns, 233.4347 ns/op
WorkloadPilot   18: 2097152 op, 488675242.00 ns, 233.0185 ns/op
WorkloadPilot   19: 4194304 op, 979431044.00 ns, 233.5146 ns/op

OverheadWarmup   1: 4194304 op, 9532200.00 ns, 2.2727 ns/op
OverheadWarmup   2: 4194304 op, 9510439.00 ns, 2.2675 ns/op
OverheadWarmup   3: 4194304 op, 9576352.00 ns, 2.2832 ns/op
OverheadWarmup   4: 4194304 op, 9510720.00 ns, 2.2675 ns/op
OverheadWarmup   5: 4194304 op, 9463733.00 ns, 2.2563 ns/op
OverheadWarmup   6: 4194304 op, 9469063.00 ns, 2.2576 ns/op
OverheadWarmup   7: 4194304 op, 9477879.00 ns, 2.2597 ns/op
OverheadWarmup   8: 4194304 op, 9467399.00 ns, 2.2572 ns/op

OverheadActual   1: 4194304 op, 9499308.00 ns, 2.2648 ns/op
OverheadActual   2: 4194304 op, 9569509.00 ns, 2.2815 ns/op
OverheadActual   3: 4194304 op, 9509708.00 ns, 2.2673 ns/op
OverheadActual   4: 4194304 op, 9507664.00 ns, 2.2668 ns/op
OverheadActual   5: 4194304 op, 9490953.00 ns, 2.2628 ns/op
OverheadActual   6: 4194304 op, 9496223.00 ns, 2.2641 ns/op
OverheadActual   7: 4194304 op, 9533772.00 ns, 2.2730 ns/op
OverheadActual   8: 4194304 op, 9512223.00 ns, 2.2679 ns/op
OverheadActual   9: 4194304 op, 9497776.00 ns, 2.2644 ns/op
OverheadActual  10: 4194304 op, 9567135.00 ns, 2.2810 ns/op
OverheadActual  11: 4194304 op, 9506883.00 ns, 2.2666 ns/op
OverheadActual  12: 4194304 op, 9531168.00 ns, 2.2724 ns/op
OverheadActual  13: 4194304 op, 9493878.00 ns, 2.2635 ns/op
OverheadActual  14: 4194304 op, 9486394.00 ns, 2.2617 ns/op
OverheadActual  15: 4194304 op, 9494981.00 ns, 2.2638 ns/op

WorkloadWarmup   1: 4194304 op, 990091995.00 ns, 236.0563 ns/op
WorkloadWarmup   2: 4194304 op, 982990609.00 ns, 234.3632 ns/op
WorkloadWarmup   3: 4194304 op, 976016441.00 ns, 232.7005 ns/op
WorkloadWarmup   4: 4194304 op, 973674412.00 ns, 232.1421 ns/op
WorkloadWarmup   5: 4194304 op, 975833510.00 ns, 232.6568 ns/op
WorkloadWarmup   6: 4194304 op, 976956369.00 ns, 232.9245 ns/op
WorkloadWarmup   7: 4194304 op, 974466210.00 ns, 232.3308 ns/op
WorkloadWarmup   8: 4194304 op, 971369881.00 ns, 231.5926 ns/op
WorkloadWarmup   9: 4194304 op, 975003473.00 ns, 232.4589 ns/op
WorkloadWarmup  10: 4194304 op, 975611204.00 ns, 232.6038 ns/op
WorkloadWarmup  11: 4194304 op, 976862153.00 ns, 232.9021 ns/op
WorkloadWarmup  12: 4194304 op, 974253096.00 ns, 232.2800 ns/op

// BeforeActualRun
WorkloadActual   1: 4194304 op, 978260294.00 ns, 233.2354 ns/op
WorkloadActual   2: 4194304 op, 977244674.00 ns, 232.9933 ns/op
WorkloadActual   3: 4194304 op, 980021794.00 ns, 233.6554 ns/op
WorkloadActual   4: 4194304 op, 979732451.00 ns, 233.5864 ns/op
WorkloadActual   5: 4194304 op, 977119348.00 ns, 232.9634 ns/op
WorkloadActual   6: 4194304 op, 976067400.00 ns, 232.7126 ns/op
WorkloadActual   7: 4194304 op, 978842515.00 ns, 233.3742 ns/op
WorkloadActual   8: 4194304 op, 981827681.00 ns, 234.0860 ns/op
WorkloadActual   9: 4194304 op, 977013298.00 ns, 232.9381 ns/op
WorkloadActual  10: 4194304 op, 974634945.00 ns, 232.3711 ns/op
WorkloadActual  11: 4194304 op, 973869333.00 ns, 232.1885 ns/op
WorkloadActual  12: 4194304 op, 974315132.00 ns, 232.2948 ns/op
WorkloadActual  13: 4194304 op, 976932084.00 ns, 232.9188 ns/op
WorkloadActual  14: 4194304 op, 976340501.00 ns, 232.7777 ns/op
WorkloadActual  15: 4194304 op, 974304492.00 ns, 232.2923 ns/op

// AfterActualRun
WorkloadResult   1: 4194304 op, 968753411.00 ns, 230.9688 ns/op
WorkloadResult   2: 4194304 op, 967737791.00 ns, 230.7267 ns/op
WorkloadResult   3: 4194304 op, 970514911.00 ns, 231.3888 ns/op
WorkloadResult   4: 4194304 op, 970225568.00 ns, 231.3198 ns/op
WorkloadResult   5: 4194304 op, 967612465.00 ns, 230.6968 ns/op
WorkloadResult   6: 4194304 op, 966560517.00 ns, 230.4460 ns/op
WorkloadResult   7: 4194304 op, 969335632.00 ns, 231.1076 ns/op
WorkloadResult   8: 4194304 op, 972320798.00 ns, 231.8193 ns/op
WorkloadResult   9: 4194304 op, 967506415.00 ns, 230.6715 ns/op
WorkloadResult  10: 4194304 op, 965128062.00 ns, 230.1045 ns/op
WorkloadResult  11: 4194304 op, 964362450.00 ns, 229.9219 ns/op
WorkloadResult  12: 4194304 op, 964808249.00 ns, 230.0282 ns/op
WorkloadResult  13: 4194304 op, 967425201.00 ns, 230.6521 ns/op
WorkloadResult  14: 4194304 op, 966833618.00 ns, 230.5111 ns/op
WorkloadResult  15: 4194304 op, 964797609.00 ns, 230.0257 ns/op
// GC:  30 0 0 503316480 4194304
// Threading:  0 0 4194304

// AfterAll
// Benchmark Process 5593 has exited with code 0.

Mean = 230.693 ns, StdErr = 0.143 ns (0.06%), N = 15, StdDev = 0.555 ns
Min = 229.922 ns, Q1 = 230.275 ns, Median = 230.672 ns, Q3 = 231.038 ns, Max = 231.819 ns
IQR = 0.763 ns, LowerFence = 229.131 ns, UpperFence = 232.183 ns
ConfidenceInterval = [230.099 ns; 231.286 ns] (CI 99.9%), Margin = 0.594 ns (0.26% of Mean)
Skewness = 0.32, Kurtosis = 2.04, MValue = 2

// ** Remained 20 (55.6 %) benchmark(s) to run. Estimated finish 2026-09-20 7:25 (0h 6m from now) **
// **************************
// Benchmark: MediatorBenchmarks.PublishNotification_Parallel: .NET 8.0(Runtime=.NET 8.0, Toolchain=net8.0)
// *** Execute ***
// Launch: 1 / 1
// Execute: dotnet "EricksonLopez.Mediator.Benchmarks-.NET 8.0-2.dll" --anonymousPipes 107 108 --benchmarkName EricksonLopez.Mediator.Benchmarks.MediatorBenchmarks.PublishNotification_Parallel --job ".NET 8.0" --benchmarkId 7 in /home/runner/work/dotnet-mediator/dotnet-mediator/benchmarks/EricksonLopez.Mediator.Benchmarks/bin/Release/net10.0/EricksonLopez.Mediator.Benchmarks-.NET 8.0-2/bin/Release/net8.0
// Failed to set up high priority (Permission denied). In order to run benchmarks with high priority, make sure you have the right permissions.
// BeforeAnythingElse

// Benchmark Process Environment Information:
// BenchmarkDotNet v0.15.8
// Runtime=.NET 8.0.31 (8.0.31, 8.0.3126.42015), X64 RyuJIT x86-64-v3
// GC=Concurrent Workstation
// HardwareIntrinsics=AVX2+BMI1+BMI2+F16C+FMA+LZCNT+MOVBE,AVX,SSE3+SSSE3+SSE4.1+SSE4.2+POPCNT,X86Base+SSE+SSE2,AES+PCLMUL VectorSize=256
// Job: .NET 8.0

OverheadJitting  1: 1 op, 131875.00 ns, 131.8750 us/op
WorkloadJitting  1: 1 op, 2957975.00 ns, 2.9580 ms/op

OverheadJitting  2: 16 op, 156621.00 ns, 9.7888 us/op
WorkloadJitting  2: 16 op, 1812012.00 ns, 113.2508 us/op

WorkloadPilot    1: 16 op, 168484.00 ns, 10.5303 us/op
WorkloadPilot    2: 32 op, 56645.00 ns, 1.7702 us/op
WorkloadPilot    3: 64 op, 70180.00 ns, 1.0966 us/op
WorkloadPilot    4: 128 op, 124271.00 ns, 970.8672 ns/op
WorkloadPilot    5: 256 op, 239085.00 ns, 933.9258 ns/op
WorkloadPilot    6: 512 op, 491825.00 ns, 960.5957 ns/op
WorkloadPilot    7: 1024 op, 971397.00 ns, 948.6299 ns/op
WorkloadPilot    8: 2048 op, 1880840.00 ns, 918.3789 ns/op
WorkloadPilot    9: 4096 op, 3789662.00 ns, 925.2104 ns/op
WorkloadPilot   10: 8192 op, 7691003.00 ns, 938.8431 ns/op
WorkloadPilot   11: 16384 op, 15089271.00 ns, 920.9760 ns/op
WorkloadPilot   12: 32768 op, 30276255.00 ns, 923.9580 ns/op
WorkloadPilot   13: 65536 op, 59574039.00 ns, 909.0277 ns/op
WorkloadPilot   14: 131072 op, 73967846.00 ns, 564.3299 ns/op
WorkloadPilot   15: 262144 op, 54878430.00 ns, 209.3446 ns/op
WorkloadPilot   16: 524288 op, 109739028.00 ns, 209.3106 ns/op
WorkloadPilot   17: 1048576 op, 220796919.00 ns, 210.5684 ns/op
WorkloadPilot   18: 2097152 op, 439184116.00 ns, 209.4193 ns/op
WorkloadPilot   19: 4194304 op, 880333229.00 ns, 209.8878 ns/op

OverheadWarmup   1: 4194304 op, 9586851.00 ns, 2.2857 ns/op
OverheadWarmup   2: 4194304 op, 9516220.00 ns, 2.2688 ns/op
OverheadWarmup   3: 4194304 op, 9517552.00 ns, 2.2692 ns/op
OverheadWarmup   4: 4194304 op, 9622277.00 ns, 2.2941 ns/op
OverheadWarmup   5: 4194304 op, 9487607.00 ns, 2.2620 ns/op
OverheadWarmup   6: 4194304 op, 9495170.00 ns, 2.2638 ns/op
OverheadWarmup   7: 4194304 op, 9499719.00 ns, 2.2649 ns/op
OverheadWarmup   8: 4194304 op, 9489590.00 ns, 2.2625 ns/op

OverheadActual   1: 4194304 op, 9484180.00 ns, 2.2612 ns/op
OverheadActual   2: 4194304 op, 9584096.00 ns, 2.2850 ns/op
OverheadActual   3: 4194304 op, 9498066.00 ns, 2.2645 ns/op
OverheadActual   4: 4194304 op, 9543891.00 ns, 2.2754 ns/op
OverheadActual   5: 4194304 op, 9572404.00 ns, 2.2822 ns/op
OverheadActual   6: 4194304 op, 9558659.00 ns, 2.2790 ns/op
OverheadActual   7: 4194304 op, 9497014.00 ns, 2.2643 ns/op
OverheadActual   8: 4194304 op, 9514136.00 ns, 2.2683 ns/op
OverheadActual   9: 4194304 op, 9501703.00 ns, 2.2654 ns/op
OverheadActual  10: 4194304 op, 9512713.00 ns, 2.2680 ns/op
OverheadActual  11: 4194304 op, 9515569.00 ns, 2.2687 ns/op
OverheadActual  12: 4194304 op, 9504519.00 ns, 2.2661 ns/op
OverheadActual  13: 4194304 op, 9514687.00 ns, 2.2685 ns/op
OverheadActual  14: 4194304 op, 9519446.00 ns, 2.2696 ns/op
OverheadActual  15: 4194304 op, 9538191.00 ns, 2.2741 ns/op

WorkloadWarmup   1: 4194304 op, 888364225.00 ns, 211.8025 ns/op
WorkloadWarmup   2: 4194304 op, 881342406.00 ns, 210.1284 ns/op
WorkloadWarmup   3: 4194304 op, 878071669.00 ns, 209.3486 ns/op
WorkloadWarmup   4: 4194304 op, 881146389.00 ns, 210.0817 ns/op
WorkloadWarmup   5: 4194304 op, 878450777.00 ns, 209.4390 ns/op
WorkloadWarmup   6: 4194304 op, 878974349.00 ns, 209.5638 ns/op
WorkloadWarmup   7: 4194304 op, 887056550.00 ns, 211.4908 ns/op
WorkloadWarmup   8: 4194304 op, 879856833.00 ns, 209.7742 ns/op

// BeforeActualRun
WorkloadActual   1: 4194304 op, 879306429.00 ns, 209.6430 ns/op
WorkloadActual   2: 4194304 op, 884186364.00 ns, 210.8065 ns/op
WorkloadActual   3: 4194304 op, 883811621.00 ns, 210.7171 ns/op
WorkloadActual   4: 4194304 op, 885573480.00 ns, 211.1372 ns/op
WorkloadActual   5: 4194304 op, 892072273.00 ns, 212.6866 ns/op
WorkloadActual   6: 4194304 op, 886360254.00 ns, 211.3248 ns/op
WorkloadActual   7: 4194304 op, 883206215.00 ns, 210.5728 ns/op
WorkloadActual   8: 4194304 op, 885620036.00 ns, 211.1483 ns/op
WorkloadActual   9: 4194304 op, 887260549.00 ns, 211.5394 ns/op
WorkloadActual  10: 4194304 op, 886529008.00 ns, 211.3650 ns/op
WorkloadActual  11: 4194304 op, 883265167.00 ns, 210.5868 ns/op
WorkloadActual  12: 4194304 op, 882674352.00 ns, 210.4460 ns/op
WorkloadActual  13: 4194304 op, 884321017.00 ns, 210.8386 ns/op
WorkloadActual  14: 4194304 op, 888987248.00 ns, 211.9511 ns/op
WorkloadActual  15: 4194304 op, 883458581.00 ns, 210.6329 ns/op

// AfterActualRun
WorkloadResult   1: 4194304 op, 869791742.00 ns, 207.3745 ns/op
WorkloadResult   2: 4194304 op, 874671677.00 ns, 208.5380 ns/op
WorkloadResult   3: 4194304 op, 874296934.00 ns, 208.4486 ns/op
WorkloadResult   4: 4194304 op, 876058793.00 ns, 208.8687 ns/op
WorkloadResult   5: 4194304 op, 876845567.00 ns, 209.0563 ns/op
WorkloadResult   6: 4194304 op, 873691528.00 ns, 208.3043 ns/op
WorkloadResult   7: 4194304 op, 876105349.00 ns, 208.8798 ns/op
WorkloadResult   8: 4194304 op, 877745862.00 ns, 209.2709 ns/op
WorkloadResult   9: 4194304 op, 877014321.00 ns, 209.0965 ns/op
WorkloadResult  10: 4194304 op, 873750480.00 ns, 208.3183 ns/op
WorkloadResult  11: 4194304 op, 873159665.00 ns, 208.1775 ns/op
WorkloadResult  12: 4194304 op, 874806330.00 ns, 208.5701 ns/op
WorkloadResult  13: 4194304 op, 879472561.00 ns, 209.6826 ns/op
WorkloadResult  14: 4194304 op, 873943894.00 ns, 208.3645 ns/op
// GC:  50 0 0 838860800 4194304
// Threading:  0 0 4194304

// AfterAll
// Benchmark Process 5619 has exited with code 0.

Mean = 208.639 ns, StdErr = 0.151 ns (0.07%), N = 14, StdDev = 0.564 ns
Min = 207.375 ns, Q1 = 208.330 ns, Median = 208.554 ns, Q3 = 209.012 ns, Max = 209.683 ns
IQR = 0.682 ns, LowerFence = 207.306 ns, UpperFence = 210.036 ns
ConfidenceInterval = [208.003 ns; 209.276 ns] (CI 99.9%), Margin = 0.636 ns (0.30% of Mean)
Skewness = -0.25, Kurtosis = 2.86, MValue = 2

// ** Remained 19 (52.8 %) benchmark(s) to run. Estimated finish 2026-09-20 7:25 (0h 6m from now) **
// **************************
// Benchmark: MediatorBenchmarks.NestedSend: .NET 8.0(Runtime=.NET 8.0, Toolchain=net8.0)
// *** Execute ***
// Launch: 1 / 1
// Execute: dotnet "EricksonLopez.Mediator.Benchmarks-.NET 8.0-2.dll" --anonymousPipes 107 108 --benchmarkName EricksonLopez.Mediator.Benchmarks.MediatorBenchmarks.NestedSend --job ".NET 8.0" --benchmarkId 8 in /home/runner/work/dotnet-mediator/dotnet-mediator/benchmarks/EricksonLopez.Mediator.Benchmarks/bin/Release/net10.0/EricksonLopez.Mediator.Benchmarks-.NET 8.0-2/bin/Release/net8.0
// Failed to set up high priority (Permission denied). In order to run benchmarks with high priority, make sure you have the right permissions.
// BeforeAnythingElse

// Benchmark Process Environment Information:
// BenchmarkDotNet v0.15.8
// Runtime=.NET 8.0.31 (8.0.31, 8.0.3126.42015), X64 RyuJIT x86-64-v3
// GC=Concurrent Workstation
// HardwareIntrinsics=AVX2+BMI1+BMI2+F16C+FMA+LZCNT+MOVBE,AVX,SSE3+SSSE3+SSE4.1+SSE4.2+POPCNT,X86Base+SSE+SSE2,AES+PCLMUL VectorSize=256
// Job: .NET 8.0

OverheadJitting  1: 1 op, 182019.00 ns, 182.0190 us/op
WorkloadJitting  1: 1 op, 2242965.00 ns, 2.2430 ms/op

OverheadJitting  2: 16 op, 457491.00 ns, 28.5932 us/op
WorkloadJitting  2: 16 op, 420552.00 ns, 26.2845 us/op

WorkloadPilot    1: 16 op, 16421.00 ns, 1.0263 us/op
WorkloadPilot    2: 32 op, 24015.00 ns, 750.4688 ns/op
WorkloadPilot    3: 64 op, 41928.00 ns, 655.1250 ns/op
WorkloadPilot    4: 128 op, 75360.00 ns, 588.7500 ns/op
WorkloadPilot    5: 256 op, 156080.00 ns, 609.6875 ns/op
WorkloadPilot    6: 512 op, 298545.00 ns, 583.0957 ns/op
WorkloadPilot    7: 1024 op, 614544.00 ns, 600.1406 ns/op
WorkloadPilot    8: 2048 op, 1172723.00 ns, 572.6187 ns/op
WorkloadPilot    9: 4096 op, 2425233.00 ns, 592.0979 ns/op
WorkloadPilot   10: 8192 op, 4844346.00 ns, 591.3508 ns/op
WorkloadPilot   11: 16384 op, 9540074.00 ns, 582.2799 ns/op
WorkloadPilot   12: 32768 op, 19236542.00 ns, 587.0527 ns/op
WorkloadPilot   13: 65536 op, 38407785.00 ns, 586.0563 ns/op
WorkloadPilot   14: 131072 op, 78660591.00 ns, 600.1327 ns/op
WorkloadPilot   15: 262144 op, 42470758.00 ns, 162.0131 ns/op
WorkloadPilot   16: 524288 op, 55368482.00 ns, 105.6070 ns/op
WorkloadPilot   17: 1048576 op, 104404348.00 ns, 99.5677 ns/op
WorkloadPilot   18: 2097152 op, 204384443.00 ns, 97.4581 ns/op
WorkloadPilot   19: 4194304 op, 407982132.00 ns, 97.2705 ns/op
WorkloadPilot   20: 8388608 op, 808536098.00 ns, 96.3850 ns/op

OverheadWarmup   1: 8388608 op, 38171428.00 ns, 4.5504 ns/op
OverheadWarmup   2: 8388608 op, 38781302.00 ns, 4.6231 ns/op
OverheadWarmup   3: 8388608 op, 38236989.00 ns, 4.5582 ns/op
OverheadWarmup   4: 8388608 op, 38243001.00 ns, 4.5589 ns/op
OverheadWarmup   5: 8388608 op, 38211593.00 ns, 4.5552 ns/op

OverheadActual   1: 8388608 op, 38236127.00 ns, 4.5581 ns/op
OverheadActual   2: 8388608 op, 38273468.00 ns, 4.5626 ns/op
OverheadActual   3: 8388608 op, 38266625.00 ns, 4.5617 ns/op
OverheadActual   4: 8388608 op, 38350280.00 ns, 4.5717 ns/op
OverheadActual   5: 8388608 op, 38293304.00 ns, 4.5649 ns/op
OverheadActual   6: 8388608 op, 38341514.00 ns, 4.5707 ns/op
OverheadActual   7: 8388608 op, 38156169.00 ns, 4.5486 ns/op
OverheadActual   8: 8388608 op, 39527852.00 ns, 4.7121 ns/op
OverheadActual   9: 8388608 op, 30675197.00 ns, 3.6568 ns/op
OverheadActual  10: 8388608 op, 30481417.00 ns, 3.6337 ns/op
OverheadActual  11: 8388608 op, 30565222.00 ns, 3.6437 ns/op
OverheadActual  12: 8388608 op, 30529585.00 ns, 3.6394 ns/op
OverheadActual  13: 8388608 op, 30536740.00 ns, 3.6403 ns/op
OverheadActual  14: 8388608 op, 30442985.00 ns, 3.6291 ns/op
OverheadActual  15: 8388608 op, 30699342.00 ns, 3.6596 ns/op
OverheadActual  16: 8388608 op, 30365942.00 ns, 3.6199 ns/op
OverheadActual  17: 8388608 op, 30374578.00 ns, 3.6209 ns/op
OverheadActual  18: 8388608 op, 30691067.00 ns, 3.6587 ns/op
OverheadActual  19: 8388608 op, 30367925.00 ns, 3.6201 ns/op
OverheadActual  20: 8388608 op, 30331377.00 ns, 3.6158 ns/op

WorkloadWarmup   1: 8388608 op, 815272016.00 ns, 97.1880 ns/op
WorkloadWarmup   2: 8388608 op, 797392955.00 ns, 95.0566 ns/op
WorkloadWarmup   3: 8388608 op, 788218440.00 ns, 93.9630 ns/op
WorkloadWarmup   4: 8388608 op, 787288479.00 ns, 93.8521 ns/op
WorkloadWarmup   5: 8388608 op, 785446312.00 ns, 93.6325 ns/op
WorkloadWarmup   6: 8388608 op, 784839954.00 ns, 93.5602 ns/op
WorkloadWarmup   7: 8388608 op, 786445851.00 ns, 93.7517 ns/op
WorkloadWarmup   8: 8388608 op, 786319065.00 ns, 93.7365 ns/op
WorkloadWarmup   9: 8388608 op, 787689899.00 ns, 93.9000 ns/op
WorkloadWarmup  10: 8388608 op, 785772770.00 ns, 93.6714 ns/op

// BeforeActualRun
WorkloadActual   1: 8388608 op, 789017716.00 ns, 94.0582 ns/op
WorkloadActual   2: 8388608 op, 786377872.00 ns, 93.7435 ns/op
WorkloadActual   3: 8388608 op, 786102149.00 ns, 93.7107 ns/op
WorkloadActual   4: 8388608 op, 788045816.00 ns, 93.9424 ns/op
WorkloadActual   5: 8388608 op, 787557668.00 ns, 93.8842 ns/op
WorkloadActual   6: 8388608 op, 789918220.00 ns, 94.1656 ns/op
WorkloadActual   7: 8388608 op, 786979752.00 ns, 93.8153 ns/op
WorkloadActual   8: 8388608 op, 786674384.00 ns, 93.7789 ns/op
WorkloadActual   9: 8388608 op, 788261978.00 ns, 93.9682 ns/op
WorkloadActual  10: 8388608 op, 788650401.00 ns, 94.0145 ns/op
WorkloadActual  11: 8388608 op, 787958379.00 ns, 93.9320 ns/op
WorkloadActual  12: 8388608 op, 787226262.00 ns, 93.8447 ns/op
WorkloadActual  13: 8388608 op, 786835434.00 ns, 93.7981 ns/op
WorkloadActual  14: 8388608 op, 785219848.00 ns, 93.6055 ns/op
WorkloadActual  15: 8388608 op, 787104355.00 ns, 93.8302 ns/op

// AfterActualRun
WorkloadResult   1: 8388608 op, 758334584.00 ns, 90.4005 ns/op
WorkloadResult   2: 8388608 op, 755694740.00 ns, 90.0858 ns/op
WorkloadResult   3: 8388608 op, 755419017.00 ns, 90.0530 ns/op
WorkloadResult   4: 8388608 op, 757362684.00 ns, 90.2847 ns/op
WorkloadResult   5: 8388608 op, 756874536.00 ns, 90.2265 ns/op
WorkloadResult   6: 8388608 op, 759235088.00 ns, 90.5079 ns/op
WorkloadResult   7: 8388608 op, 756296620.00 ns, 90.1576 ns/op
WorkloadResult   8: 8388608 op, 755991252.00 ns, 90.1212 ns/op
WorkloadResult   9: 8388608 op, 757578846.00 ns, 90.3104 ns/op
WorkloadResult  10: 8388608 op, 757967269.00 ns, 90.3567 ns/op
WorkloadResult  11: 8388608 op, 757275247.00 ns, 90.2742 ns/op
WorkloadResult  12: 8388608 op, 756543130.00 ns, 90.1870 ns/op
WorkloadResult  13: 8388608 op, 756152302.00 ns, 90.1404 ns/op
WorkloadResult  14: 8388608 op, 754536716.00 ns, 89.9478 ns/op
WorkloadResult  15: 8388608 op, 756421223.00 ns, 90.1724 ns/op
// GC:  12 0 0 201326592 8388608
// Threading:  0 0 8388608

// AfterAll
// Benchmark Process 5642 has exited with code 0.

Mean = 90.215 ns, StdErr = 0.037 ns (0.04%), N = 15, StdDev = 0.145 ns
Min = 89.948 ns, Q1 = 90.131 ns, Median = 90.187 ns, Q3 = 90.298 ns, Max = 90.508 ns
IQR = 0.167 ns, LowerFence = 89.881 ns, UpperFence = 90.548 ns
ConfidenceInterval = [90.061 ns; 90.370 ns] (CI 99.9%), Margin = 0.155 ns (0.17% of Mean)
Skewness = 0.19, Kurtosis = 2.33, MValue = 2

// ** Remained 18 (50.0 %) benchmark(s) to run. Estimated finish 2026-09-20 7:26 (0h 6m from now) **
// **************************
// Benchmark: MediatorBenchmarks.DirectCall: .NET 9.0(Runtime=.NET 9.0, Toolchain=net9.0)
// *** Execute ***
// Launch: 1 / 1
// Execute: dotnet "EricksonLopez.Mediator.Benchmarks-.NET 9.0-3.dll" --anonymousPipes 109 110 --benchmarkName EricksonLopez.Mediator.Benchmarks.MediatorBenchmarks.DirectCall --job ".NET 9.0" --benchmarkId 0 in /home/runner/work/dotnet-mediator/dotnet-mediator/benchmarks/EricksonLopez.Mediator.Benchmarks/bin/Release/net10.0/EricksonLopez.Mediator.Benchmarks-.NET 9.0-3/bin/Release/net9.0
// Failed to set up high priority (Permission denied). In order to run benchmarks with high priority, make sure you have the right permissions.
// BeforeAnythingElse

// Benchmark Process Environment Information:
// BenchmarkDotNet v0.15.8
// Runtime=.NET 9.0.20 (9.0.20, 9.0.2026.41315), X64 RyuJIT x86-64-v3
// GC=Concurrent Workstation
// HardwareIntrinsics=AVX2+BMI1+BMI2+F16C+FMA+LZCNT+MOVBE,AVX,SSE3+SSSE3+SSE4.1+SSE4.2+POPCNT,X86Base+SSE+SSE2,AES+PCLMUL VectorSize=256
// Job: .NET 9.0

OverheadJitting  1: 1 op, 184644.00 ns, 184.6440 us/op
WorkloadJitting  1: 1 op, 731893.00 ns, 731.8930 us/op

OverheadJitting  2: 16 op, 437795.00 ns, 27.3622 us/op
WorkloadJitting  2: 16 op, 394464.00 ns, 24.6540 us/op

WorkloadPilot    1: 16 op, 2144.00 ns, 134.0000 ns/op
WorkloadPilot    2: 32 op, 2595.00 ns, 81.0938 ns/op
WorkloadPilot    3: 64 op, 3927.00 ns, 61.3594 ns/op
WorkloadPilot    4: 128 op, 6361.00 ns, 49.6953 ns/op
WorkloadPilot    5: 256 op, 11391.00 ns, 44.4961 ns/op
WorkloadPilot    6: 512 op, 21250.00 ns, 41.5039 ns/op
WorkloadPilot    7: 1024 op, 40705.00 ns, 39.7510 ns/op
WorkloadPilot    8: 2048 op, 80400.00 ns, 39.2578 ns/op
WorkloadPilot    9: 4096 op, 157994.00 ns, 38.5728 ns/op
WorkloadPilot   10: 8192 op, 333691.00 ns, 40.7338 ns/op
WorkloadPilot   11: 16384 op, 641554.00 ns, 39.1573 ns/op
WorkloadPilot   12: 32768 op, 1286444.00 ns, 39.2592 ns/op
WorkloadPilot   13: 65536 op, 2554314.00 ns, 38.9757 ns/op
WorkloadPilot   14: 131072 op, 5072591.00 ns, 38.7008 ns/op
WorkloadPilot   15: 262144 op, 10182160.00 ns, 38.8419 ns/op
WorkloadPilot   16: 524288 op, 20342850.00 ns, 38.8009 ns/op
WorkloadPilot   17: 1048576 op, 40563512.00 ns, 38.6844 ns/op
WorkloadPilot   18: 2097152 op, 61749300.00 ns, 29.4444 ns/op
WorkloadPilot   19: 4194304 op, 16683158.00 ns, 3.9776 ns/op
WorkloadPilot   20: 8388608 op, 33149193.00 ns, 3.9517 ns/op
WorkloadPilot   21: 16777216 op, 67459917.00 ns, 4.0209 ns/op
WorkloadPilot   22: 33554432 op, 133441334.00 ns, 3.9769 ns/op
WorkloadPilot   23: 67108864 op, 265852390.00 ns, 3.9615 ns/op
WorkloadPilot   24: 134217728 op, 531198056.00 ns, 3.9577 ns/op

OverheadWarmup   1: 134217728 op, 624398418.00 ns, 4.6521 ns/op
OverheadWarmup   2: 134217728 op, 486173462.00 ns, 3.6223 ns/op
OverheadWarmup   3: 134217728 op, 485897889.00 ns, 3.6202 ns/op
OverheadWarmup   4: 134217728 op, 485726841.00 ns, 3.6189 ns/op
OverheadWarmup   5: 134217728 op, 485369171.00 ns, 3.6163 ns/op
OverheadWarmup   6: 134217728 op, 487362974.00 ns, 3.6311 ns/op
OverheadWarmup   7: 134217728 op, 486771995.00 ns, 3.6267 ns/op
OverheadWarmup   8: 134217728 op, 486230267.00 ns, 3.6227 ns/op
OverheadWarmup   9: 134217728 op, 486427084.00 ns, 3.6242 ns/op
OverheadWarmup  10: 134217728 op, 485767216.00 ns, 3.6192 ns/op

OverheadActual   1: 134217728 op, 485816678.00 ns, 3.6196 ns/op
OverheadActual   2: 134217728 op, 486199400.00 ns, 3.6225 ns/op
OverheadActual   3: 134217728 op, 486661102.00 ns, 3.6259 ns/op
OverheadActual   4: 134217728 op, 486000156.00 ns, 3.6210 ns/op
OverheadActual   5: 134217728 op, 487009354.00 ns, 3.6285 ns/op
OverheadActual   6: 134217728 op, 486207011.00 ns, 3.6225 ns/op
OverheadActual   7: 134217728 op, 494832212.00 ns, 3.6868 ns/op
OverheadActual   8: 134217728 op, 485783863.00 ns, 3.6194 ns/op
OverheadActual   9: 134217728 op, 486046902.00 ns, 3.6213 ns/op
OverheadActual  10: 134217728 op, 489368944.00 ns, 3.6461 ns/op
OverheadActual  11: 134217728 op, 486887020.00 ns, 3.6276 ns/op
OverheadActual  12: 134217728 op, 488295499.00 ns, 3.6381 ns/op
OverheadActual  13: 134217728 op, 487532479.00 ns, 3.6324 ns/op
OverheadActual  14: 134217728 op, 493789574.00 ns, 3.6790 ns/op
OverheadActual  15: 134217728 op, 489216783.00 ns, 3.6449 ns/op

WorkloadWarmup   1: 134217728 op, 530834022.00 ns, 3.9550 ns/op
WorkloadWarmup   2: 134217728 op, 532250351.00 ns, 3.9656 ns/op
WorkloadWarmup   3: 134217728 op, 532529066.00 ns, 3.9677 ns/op
WorkloadWarmup   4: 134217728 op, 532730492.00 ns, 3.9692 ns/op
WorkloadWarmup   5: 134217728 op, 530133226.00 ns, 3.9498 ns/op
WorkloadWarmup   6: 134217728 op, 530250437.00 ns, 3.9507 ns/op
WorkloadWarmup   7: 134217728 op, 530339201.00 ns, 3.9513 ns/op
WorkloadWarmup   8: 134217728 op, 530066434.00 ns, 3.9493 ns/op

// BeforeActualRun
WorkloadActual   1: 134217728 op, 531174726.00 ns, 3.9576 ns/op
WorkloadActual   2: 134217728 op, 530594196.00 ns, 3.9532 ns/op
WorkloadActual   3: 134217728 op, 530746269.00 ns, 3.9544 ns/op
WorkloadActual   4: 134217728 op, 531518623.00 ns, 3.9601 ns/op
WorkloadActual   5: 134217728 op, 530170236.00 ns, 3.9501 ns/op
WorkloadActual   6: 134217728 op, 533305691.00 ns, 3.9734 ns/op
WorkloadActual   7: 134217728 op, 530993879.00 ns, 3.9562 ns/op
WorkloadActual   8: 134217728 op, 531829654.00 ns, 3.9624 ns/op
WorkloadActual   9: 134217728 op, 530470395.00 ns, 3.9523 ns/op
WorkloadActual  10: 134217728 op, 529992055.00 ns, 3.9487 ns/op
WorkloadActual  11: 134217728 op, 531766837.00 ns, 3.9620 ns/op
WorkloadActual  12: 134217728 op, 530259182.00 ns, 3.9507 ns/op
WorkloadActual  13: 134217728 op, 531870811.00 ns, 3.9627 ns/op
WorkloadActual  14: 134217728 op, 530445088.00 ns, 3.9521 ns/op
WorkloadActual  15: 134217728 op, 531473562.00 ns, 3.9598 ns/op

// AfterActualRun
WorkloadResult   1: 134217728 op, 44287706.00 ns, 0.3300 ns/op
WorkloadResult   2: 134217728 op, 43707176.00 ns, 0.3256 ns/op
WorkloadResult   3: 134217728 op, 43859249.00 ns, 0.3268 ns/op
WorkloadResult   4: 134217728 op, 44631603.00 ns, 0.3325 ns/op
WorkloadResult   5: 134217728 op, 43283216.00 ns, 0.3225 ns/op
WorkloadResult   6: 134217728 op, 46418671.00 ns, 0.3458 ns/op
WorkloadResult   7: 134217728 op, 44106859.00 ns, 0.3286 ns/op
WorkloadResult   8: 134217728 op, 44942634.00 ns, 0.3348 ns/op
WorkloadResult   9: 134217728 op, 43583375.00 ns, 0.3247 ns/op
WorkloadResult  10: 134217728 op, 43105035.00 ns, 0.3212 ns/op
WorkloadResult  11: 134217728 op, 44879817.00 ns, 0.3344 ns/op
WorkloadResult  12: 134217728 op, 43372162.00 ns, 0.3231 ns/op
WorkloadResult  13: 134217728 op, 44983791.00 ns, 0.3352 ns/op
WorkloadResult  14: 134217728 op, 43558068.00 ns, 0.3245 ns/op
WorkloadResult  15: 134217728 op, 44586542.00 ns, 0.3322 ns/op
// GC:  0 0 0 0 134217728
// Threading:  0 0 134217728

// AfterAll
// Benchmark Process 5656 has exited with code 0.

Mean = 0.329 ns, StdErr = 0.002 ns (0.51%), N = 15, StdDev = 0.007 ns
Min = 0.321 ns, Q1 = 0.325 ns, Median = 0.329 ns, Q3 = 0.333 ns, Max = 0.346 ns
IQR = 0.009 ns, LowerFence = 0.311 ns, UpperFence = 0.347 ns
ConfidenceInterval = [0.322 ns; 0.336 ns] (CI 99.9%), Margin = 0.007 ns (2.12% of Mean)
Skewness = 0.82, Kurtosis = 3.09, MValue = 2.29

// ** Remained 17 (47.2 %) benchmark(s) to run. Estimated finish 2026-09-20 7:26 (0h 5m from now) **
// **************************
// Benchmark: MediatorBenchmarks.SendCommand_NoBehaviors: .NET 9.0(Runtime=.NET 9.0, Toolchain=net9.0)
// *** Execute ***
// Launch: 1 / 1
// Execute: dotnet "EricksonLopez.Mediator.Benchmarks-.NET 9.0-3.dll" --anonymousPipes 107 108 --benchmarkName EricksonLopez.Mediator.Benchmarks.MediatorBenchmarks.SendCommand_NoBehaviors --job ".NET 9.0" --benchmarkId 1 in /home/runner/work/dotnet-mediator/dotnet-mediator/benchmarks/EricksonLopez.Mediator.Benchmarks/bin/Release/net10.0/EricksonLopez.Mediator.Benchmarks-.NET 9.0-3/bin/Release/net9.0
// Failed to set up high priority (Permission denied). In order to run benchmarks with high priority, make sure you have the right permissions.
// BeforeAnythingElse

// Benchmark Process Environment Information:
// BenchmarkDotNet v0.15.8
// Runtime=.NET 9.0.20 (9.0.20, 9.0.2026.41315), X64 RyuJIT x86-64-v3
// GC=Concurrent Workstation
// HardwareIntrinsics=AVX2+BMI1+BMI2+F16C+FMA+LZCNT+MOVBE,AVX,SSE3+SSSE3+SSE4.1+SSE4.2+POPCNT,X86Base+SSE+SSE2,AES+PCLMUL VectorSize=256
// Job: .NET 9.0

OverheadJitting  1: 1 op, 187368.00 ns, 187.3680 us/op
WorkloadJitting  1: 1 op, 1387492.00 ns, 1.3875 ms/op

OverheadJitting  2: 16 op, 433697.00 ns, 27.1061 us/op
WorkloadJitting  2: 16 op, 453264.00 ns, 28.3290 us/op

WorkloadPilot    1: 16 op, 7675.00 ns, 479.6875 ns/op
WorkloadPilot    2: 32 op, 11031.00 ns, 344.7188 ns/op
WorkloadPilot    3: 64 op, 18344.00 ns, 286.6250 ns/op
WorkloadPilot    4: 128 op, 32831.00 ns, 256.4922 ns/op
WorkloadPilot    5: 256 op, 60743.00 ns, 237.2773 ns/op
WorkloadPilot    6: 512 op, 142846.00 ns, 278.9961 ns/op
WorkloadPilot    7: 1024 op, 231992.00 ns, 226.5547 ns/op
WorkloadPilot    8: 2048 op, 462170.00 ns, 225.6689 ns/op
WorkloadPilot    9: 4096 op, 939007.00 ns, 229.2498 ns/op
WorkloadPilot   10: 8192 op, 1872574.00 ns, 228.5857 ns/op
WorkloadPilot   11: 16384 op, 3757613.00 ns, 229.3465 ns/op
WorkloadPilot   12: 32768 op, 7472005.00 ns, 228.0275 ns/op
WorkloadPilot   13: 65536 op, 14907823.00 ns, 227.4753 ns/op
WorkloadPilot   14: 131072 op, 29560302.00 ns, 225.5272 ns/op
WorkloadPilot   15: 262144 op, 58959824.00 ns, 224.9139 ns/op
WorkloadPilot   16: 524288 op, 45383789.00 ns, 86.5627 ns/op
WorkloadPilot   17: 1048576 op, 29751419.00 ns, 28.3732 ns/op
WorkloadPilot   18: 2097152 op, 59527291.00 ns, 28.3848 ns/op
WorkloadPilot   19: 4194304 op, 119484017.00 ns, 28.4872 ns/op
WorkloadPilot   20: 8388608 op, 238303475.00 ns, 28.4080 ns/op
WorkloadPilot   21: 16777216 op, 476627680.00 ns, 28.4092 ns/op
WorkloadPilot   22: 33554432 op, 952940233.00 ns, 28.3998 ns/op

OverheadWarmup   1: 33554432 op, 142511601.00 ns, 4.2472 ns/op
OverheadWarmup   2: 33554432 op, 155103023.00 ns, 4.6224 ns/op
OverheadWarmup   3: 33554432 op, 121574638.00 ns, 3.6232 ns/op
OverheadWarmup   4: 33554432 op, 121398931.00 ns, 3.6180 ns/op
OverheadWarmup   5: 33554432 op, 121275852.00 ns, 3.6143 ns/op
OverheadWarmup   6: 33554432 op, 122509387.00 ns, 3.6511 ns/op
OverheadWarmup   7: 33554432 op, 122085880.00 ns, 3.6384 ns/op

OverheadActual   1: 33554432 op, 122784669.00 ns, 3.6593 ns/op
OverheadActual   2: 33554432 op, 121643135.00 ns, 3.6252 ns/op
OverheadActual   3: 33554432 op, 122013825.00 ns, 3.6363 ns/op
OverheadActual   4: 33554432 op, 122257108.00 ns, 3.6435 ns/op
OverheadActual   5: 33554432 op, 121476044.00 ns, 3.6203 ns/op
OverheadActual   6: 33554432 op, 121661560.00 ns, 3.6258 ns/op
OverheadActual   7: 33554432 op, 122618631.00 ns, 3.6543 ns/op
OverheadActual   8: 33554432 op, 121884813.00 ns, 3.6325 ns/op
OverheadActual   9: 33554432 op, 121660649.00 ns, 3.6258 ns/op
OverheadActual  10: 33554432 op, 121517171.00 ns, 3.6215 ns/op
OverheadActual  11: 33554432 op, 123539685.00 ns, 3.6818 ns/op
OverheadActual  12: 33554432 op, 121761095.00 ns, 3.6288 ns/op
OverheadActual  13: 33554432 op, 121411634.00 ns, 3.6183 ns/op
OverheadActual  14: 33554432 op, 121535606.00 ns, 3.6220 ns/op
OverheadActual  15: 33554432 op, 122436352.00 ns, 3.6489 ns/op

WorkloadWarmup   1: 33554432 op, 958438525.00 ns, 28.5637 ns/op
WorkloadWarmup   2: 33554432 op, 953198864.00 ns, 28.4075 ns/op
WorkloadWarmup   3: 33554432 op, 960504069.00 ns, 28.6253 ns/op
WorkloadWarmup   4: 33554432 op, 952878060.00 ns, 28.3980 ns/op
WorkloadWarmup   5: 33554432 op, 952504712.00 ns, 28.3869 ns/op
WorkloadWarmup   6: 33554432 op, 955382669.00 ns, 28.4726 ns/op
WorkloadWarmup   7: 33554432 op, 957114604.00 ns, 28.5242 ns/op
WorkloadWarmup   8: 33554432 op, 956075351.00 ns, 28.4933 ns/op

// BeforeActualRun
WorkloadActual   1: 33554432 op, 956028993.00 ns, 28.4919 ns/op
WorkloadActual   2: 33554432 op, 956127558.00 ns, 28.4948 ns/op
WorkloadActual   3: 33554432 op, 954616466.00 ns, 28.4498 ns/op
WorkloadActual   4: 33554432 op, 954828162.00 ns, 28.4561 ns/op
WorkloadActual   5: 33554432 op, 953888084.00 ns, 28.4281 ns/op
WorkloadActual   6: 33554432 op, 953374787.00 ns, 28.4128 ns/op
WorkloadActual   7: 33554432 op, 953597320.00 ns, 28.4194 ns/op
WorkloadActual   8: 33554432 op, 953251327.00 ns, 28.4091 ns/op
WorkloadActual   9: 33554432 op, 954297610.00 ns, 28.4403 ns/op
WorkloadActual  10: 33554432 op, 954050725.00 ns, 28.4329 ns/op
WorkloadActual  11: 33554432 op, 953718906.00 ns, 28.4230 ns/op
WorkloadActual  12: 33554432 op, 954531659.00 ns, 28.4473 ns/op
WorkloadActual  13: 33554432 op, 959054006.00 ns, 28.5820 ns/op
WorkloadActual  14: 33554432 op, 956199253.00 ns, 28.4970 ns/op
WorkloadActual  15: 33554432 op, 951938694.00 ns, 28.3700 ns/op

// AfterActualRun
WorkloadResult   1: 33554432 op, 834267898.00 ns, 24.8631 ns/op
WorkloadResult   2: 33554432 op, 834366463.00 ns, 24.8661 ns/op
WorkloadResult   3: 33554432 op, 832855371.00 ns, 24.8210 ns/op
WorkloadResult   4: 33554432 op, 833067067.00 ns, 24.8273 ns/op
WorkloadResult   5: 33554432 op, 832126989.00 ns, 24.7993 ns/op
WorkloadResult   6: 33554432 op, 831613692.00 ns, 24.7840 ns/op
WorkloadResult   7: 33554432 op, 831836225.00 ns, 24.7907 ns/op
WorkloadResult   8: 33554432 op, 831490232.00 ns, 24.7803 ns/op
WorkloadResult   9: 33554432 op, 832536515.00 ns, 24.8115 ns/op
WorkloadResult  10: 33554432 op, 832289630.00 ns, 24.8042 ns/op
WorkloadResult  11: 33554432 op, 831957811.00 ns, 24.7943 ns/op
WorkloadResult  12: 33554432 op, 832770564.00 ns, 24.8185 ns/op
WorkloadResult  13: 33554432 op, 834438158.00 ns, 24.8682 ns/op
WorkloadResult  14: 33554432 op, 830177599.00 ns, 24.7412 ns/op
// GC:  0 0 0 0 33554432
// Threading:  0 0 33554432

// AfterAll
// Benchmark Process 5677 has exited with code 0.

Mean = 24.812 ns, StdErr = 0.010 ns (0.04%), N = 14, StdDev = 0.036 ns
Min = 24.741 ns, Q1 = 24.792 ns, Median = 24.808 ns, Q3 = 24.826 ns, Max = 24.868 ns
IQR = 0.034 ns, LowerFence = 24.740 ns, UpperFence = 24.877 ns
ConfidenceInterval = [24.772 ns; 24.853 ns] (CI 99.9%), Margin = 0.041 ns (0.16% of Mean)
Skewness = 0.06, Kurtosis = 2.23, MValue = 2

// ** Remained 16 (44.4 %) benchmark(s) to run. Estimated finish 2026-09-20 7:26 (0h 5m from now) **
// **************************
// Benchmark: MediatorBenchmarks.SendQuery_NoBehaviors: .NET 9.0(Runtime=.NET 9.0, Toolchain=net9.0)
// *** Execute ***
// Launch: 1 / 1
// Execute: dotnet "EricksonLopez.Mediator.Benchmarks-.NET 9.0-3.dll" --anonymousPipes 107 108 --benchmarkName EricksonLopez.Mediator.Benchmarks.MediatorBenchmarks.SendQuery_NoBehaviors --job ".NET 9.0" --benchmarkId 2 in /home/runner/work/dotnet-mediator/dotnet-mediator/benchmarks/EricksonLopez.Mediator.Benchmarks/bin/Release/net10.0/EricksonLopez.Mediator.Benchmarks-.NET 9.0-3/bin/Release/net9.0
// Failed to set up high priority (Permission denied). In order to run benchmarks with high priority, make sure you have the right permissions.
// BeforeAnythingElse

// Benchmark Process Environment Information:
// BenchmarkDotNet v0.15.8
// Runtime=.NET 9.0.20 (9.0.20, 9.0.2026.41315), X64 RyuJIT x86-64-v3
// GC=Concurrent Workstation
// HardwareIntrinsics=AVX2+BMI1+BMI2+F16C+FMA+LZCNT+MOVBE,AVX,SSE3+SSSE3+SSE4.1+SSE4.2+POPCNT,X86Base+SSE+SSE2,AES+PCLMUL VectorSize=256
// Job: .NET 9.0

OverheadJitting  1: 1 op, 185074.00 ns, 185.0740 us/op
WorkloadJitting  1: 1 op, 1173153.00 ns, 1.1732 ms/op

OverheadJitting  2: 16 op, 408470.00 ns, 25.5294 us/op
WorkloadJitting  2: 16 op, 468742.00 ns, 29.2964 us/op

WorkloadPilot    1: 16 op, 7404.00 ns, 462.7500 ns/op
WorkloadPilot    2: 32 op, 9989.00 ns, 312.1563 ns/op
WorkloadPilot    3: 64 op, 16140.00 ns, 252.1875 ns/op
WorkloadPilot    4: 128 op, 29485.00 ns, 230.3516 ns/op
WorkloadPilot    5: 256 op, 53720.00 ns, 209.8438 ns/op
WorkloadPilot    6: 512 op, 102992.00 ns, 201.1563 ns/op
WorkloadPilot    7: 1024 op, 202878.00 ns, 198.1230 ns/op
WorkloadPilot    8: 2048 op, 408069.00 ns, 199.2524 ns/op
WorkloadPilot    9: 4096 op, 804046.00 ns, 196.3003 ns/op
WorkloadPilot   10: 8192 op, 1654760.00 ns, 201.9971 ns/op
WorkloadPilot   11: 16384 op, 3309448.00 ns, 201.9927 ns/op
WorkloadPilot   12: 32768 op, 6610703.00 ns, 201.7426 ns/op
WorkloadPilot   13: 65536 op, 13100230.00 ns, 199.8936 ns/op
WorkloadPilot   14: 131072 op, 25911271.00 ns, 197.6873 ns/op
WorkloadPilot   15: 262144 op, 51747513.00 ns, 197.4011 ns/op
WorkloadPilot   16: 524288 op, 49007183.00 ns, 93.4738 ns/op
WorkloadPilot   17: 1048576 op, 23529819.00 ns, 22.4398 ns/op
WorkloadPilot   18: 2097152 op, 47518834.00 ns, 22.6587 ns/op
WorkloadPilot   19: 4194304 op, 94517699.00 ns, 22.5348 ns/op
WorkloadPilot   20: 8388608 op, 187841516.00 ns, 22.3925 ns/op
WorkloadPilot   21: 16777216 op, 375683453.00 ns, 22.3925 ns/op
WorkloadPilot   22: 33554432 op, 750409625.00 ns, 22.3639 ns/op

OverheadWarmup   1: 33554432 op, 143183587.00 ns, 4.2672 ns/op
OverheadWarmup   2: 33554432 op, 133190280.00 ns, 3.9694 ns/op
OverheadWarmup   3: 33554432 op, 122236724.00 ns, 3.6429 ns/op
OverheadWarmup   4: 33554432 op, 122297987.00 ns, 3.6448 ns/op
OverheadWarmup   5: 33554432 op, 122220765.00 ns, 3.6425 ns/op
OverheadWarmup   6: 33554432 op, 122249850.00 ns, 3.6433 ns/op
OverheadWarmup   7: 33554432 op, 122257033.00 ns, 3.6435 ns/op
OverheadWarmup   8: 33554432 op, 121931918.00 ns, 3.6339 ns/op

OverheadActual   1: 33554432 op, 122062160.00 ns, 3.6377 ns/op
OverheadActual   2: 33554432 op, 122839627.00 ns, 3.6609 ns/op
OverheadActual   3: 33554432 op, 122057692.00 ns, 3.6376 ns/op
OverheadActual   4: 33554432 op, 122027215.00 ns, 3.6367 ns/op
OverheadActual   5: 33554432 op, 122046941.00 ns, 3.6373 ns/op
OverheadActual   6: 33554432 op, 122175310.00 ns, 3.6411 ns/op
OverheadActual   7: 33554432 op, 122246203.00 ns, 3.6432 ns/op
OverheadActual   8: 33554432 op, 122006527.00 ns, 3.6361 ns/op
OverheadActual   9: 33554432 op, 122017818.00 ns, 3.6364 ns/op
OverheadActual  10: 33554432 op, 122752074.00 ns, 3.6583 ns/op
OverheadActual  11: 33554432 op, 122612865.00 ns, 3.6541 ns/op
OverheadActual  12: 33554432 op, 122119777.00 ns, 3.6395 ns/op
OverheadActual  13: 33554432 op, 122160803.00 ns, 3.6407 ns/op
OverheadActual  14: 33554432 op, 122270097.00 ns, 3.6439 ns/op
OverheadActual  15: 33554432 op, 122236073.00 ns, 3.6429 ns/op

WorkloadWarmup   1: 33554432 op, 750927904.00 ns, 22.3794 ns/op
WorkloadWarmup   2: 33554432 op, 750830902.00 ns, 22.3765 ns/op
WorkloadWarmup   3: 33554432 op, 751537557.00 ns, 22.3976 ns/op
WorkloadWarmup   4: 33554432 op, 750365846.00 ns, 22.3626 ns/op
WorkloadWarmup   5: 33554432 op, 750697333.00 ns, 22.3725 ns/op
WorkloadWarmup   6: 33554432 op, 750003752.00 ns, 22.3519 ns/op

// BeforeActualRun
WorkloadActual   1: 33554432 op, 759990995.00 ns, 22.6495 ns/op
WorkloadActual   2: 33554432 op, 751411484.00 ns, 22.3938 ns/op
WorkloadActual   3: 33554432 op, 750192082.00 ns, 22.3575 ns/op
WorkloadActual   4: 33554432 op, 750190530.00 ns, 22.3574 ns/op
WorkloadActual   5: 33554432 op, 749891293.00 ns, 22.3485 ns/op
WorkloadActual   6: 33554432 op, 750079860.00 ns, 22.3541 ns/op
WorkloadActual   7: 33554432 op, 750973314.00 ns, 22.3807 ns/op
WorkloadActual   8: 33554432 op, 750645464.00 ns, 22.3710 ns/op
WorkloadActual   9: 33554432 op, 748871733.00 ns, 22.3181 ns/op
WorkloadActual  10: 33554432 op, 749973082.00 ns, 22.3509 ns/op
WorkloadActual  11: 33554432 op, 748555555.00 ns, 22.3087 ns/op
WorkloadActual  12: 33554432 op, 749501805.00 ns, 22.3369 ns/op
WorkloadActual  13: 33554432 op, 749146754.00 ns, 22.3263 ns/op
WorkloadActual  14: 33554432 op, 749284030.00 ns, 22.3304 ns/op
WorkloadActual  15: 33554432 op, 750162776.00 ns, 22.3566 ns/op

// AfterActualRun
WorkloadResult   1: 33554432 op, 629250681.00 ns, 18.7531 ns/op
WorkloadResult   2: 33554432 op, 628031279.00 ns, 18.7168 ns/op
WorkloadResult   3: 33554432 op, 628029727.00 ns, 18.7167 ns/op
WorkloadResult   4: 33554432 op, 627730490.00 ns, 18.7078 ns/op
WorkloadResult   5: 33554432 op, 627919057.00 ns, 18.7134 ns/op
WorkloadResult   6: 33554432 op, 628812511.00 ns, 18.7401 ns/op
WorkloadResult   7: 33554432 op, 628484661.00 ns, 18.7303 ns/op
WorkloadResult   8: 33554432 op, 626710930.00 ns, 18.6774 ns/op
WorkloadResult   9: 33554432 op, 627812279.00 ns, 18.7103 ns/op
WorkloadResult  10: 33554432 op, 626394752.00 ns, 18.6680 ns/op
WorkloadResult  11: 33554432 op, 627341002.00 ns, 18.6962 ns/op
WorkloadResult  12: 33554432 op, 626985951.00 ns, 18.6856 ns/op
WorkloadResult  13: 33554432 op, 627123227.00 ns, 18.6897 ns/op
WorkloadResult  14: 33554432 op, 628001973.00 ns, 18.7159 ns/op
// GC:  0 0 0 0 33554432
// Threading:  0 0 33554432

// AfterAll
// Benchmark Process 5704 has exited with code 0.

Mean = 18.709 ns, StdErr = 0.006 ns (0.03%), N = 14, StdDev = 0.024 ns
Min = 18.668 ns, Q1 = 18.691 ns, Median = 18.712 ns, Q3 = 18.717 ns, Max = 18.753 ns
IQR = 0.025 ns, LowerFence = 18.653 ns, UpperFence = 18.755 ns
ConfidenceInterval = [18.682 ns; 18.735 ns] (CI 99.9%), Margin = 0.027 ns (0.14% of Mean)
Skewness = 0.06, Kurtosis = 2.08, MValue = 2

// ** Remained 15 (41.7 %) benchmark(s) to run. Estimated finish 2026-09-20 7:26 (0h 5m from now) **
// **************************
// Benchmark: MediatorBenchmarks.SendCommand_OneBehavior: .NET 9.0(Runtime=.NET 9.0, Toolchain=net9.0)
// *** Execute ***
// Launch: 1 / 1
// Execute: dotnet "EricksonLopez.Mediator.Benchmarks-.NET 9.0-3.dll" --anonymousPipes 107 108 --benchmarkName EricksonLopez.Mediator.Benchmarks.MediatorBenchmarks.SendCommand_OneBehavior --job ".NET 9.0" --benchmarkId 3 in /home/runner/work/dotnet-mediator/dotnet-mediator/benchmarks/EricksonLopez.Mediator.Benchmarks/bin/Release/net10.0/EricksonLopez.Mediator.Benchmarks-.NET 9.0-3/bin/Release/net9.0
// Failed to set up high priority (Permission denied). In order to run benchmarks with high priority, make sure you have the right permissions.
// BeforeAnythingElse

// Benchmark Process Environment Information:
// BenchmarkDotNet v0.15.8
// Runtime=.NET 9.0.20 (9.0.20, 9.0.2026.41315), X64 RyuJIT x86-64-v3
// GC=Concurrent Workstation
// HardwareIntrinsics=AVX2+BMI1+BMI2+F16C+FMA+LZCNT+MOVBE,AVX,SSE3+SSSE3+SSE4.1+SSE4.2+POPCNT,X86Base+SSE+SSE2,AES+PCLMUL VectorSize=256
// Job: .NET 9.0

OverheadJitting  1: 1 op, 184173.00 ns, 184.1730 us/op
WorkloadJitting  1: 1 op, 2199754.00 ns, 2.1998 ms/op

OverheadJitting  2: 16 op, 452933.00 ns, 28.3083 us/op
WorkloadJitting  2: 16 op, 435340.00 ns, 27.2088 us/op

WorkloadPilot    1: 16 op, 12314.00 ns, 769.6250 ns/op
WorkloadPilot    2: 32 op, 19286.00 ns, 602.6875 ns/op
WorkloadPilot    3: 64 op, 33853.00 ns, 528.9531 ns/op
WorkloadPilot    4: 128 op, 60733.00 ns, 474.4766 ns/op
WorkloadPilot    5: 256 op, 117158.00 ns, 457.6484 ns/op
WorkloadPilot    6: 512 op, 250396.00 ns, 489.0547 ns/op
WorkloadPilot    7: 1024 op, 469263.00 ns, 458.2646 ns/op
WorkloadPilot    8: 2048 op, 922197.00 ns, 450.2915 ns/op
WorkloadPilot    9: 4096 op, 1897041.00 ns, 463.1448 ns/op
WorkloadPilot   10: 8192 op, 3821282.00 ns, 466.4651 ns/op
WorkloadPilot   11: 16384 op, 7474079.00 ns, 456.1816 ns/op
WorkloadPilot   12: 32768 op, 14852460.00 ns, 453.2611 ns/op
WorkloadPilot   13: 65536 op, 29685745.00 ns, 452.9685 ns/op
WorkloadPilot   14: 131072 op, 58881299.00 ns, 449.2287 ns/op
WorkloadPilot   15: 262144 op, 123378027.00 ns, 470.6498 ns/op
WorkloadPilot   16: 524288 op, 36579284.00 ns, 69.7694 ns/op
WorkloadPilot   17: 1048576 op, 52034927.00 ns, 49.6244 ns/op
WorkloadPilot   18: 2097152 op, 103761280.00 ns, 49.4772 ns/op
WorkloadPilot   19: 4194304 op, 208321738.00 ns, 49.6678 ns/op
WorkloadPilot   20: 8388608 op, 415783515.00 ns, 49.5653 ns/op
WorkloadPilot   21: 16777216 op, 829030470.00 ns, 49.4141 ns/op

OverheadWarmup   1: 16777216 op, 71625045.00 ns, 4.2692 ns/op
OverheadWarmup   2: 16777216 op, 71569311.00 ns, 4.2659 ns/op
OverheadWarmup   3: 16777216 op, 76040762.00 ns, 4.5324 ns/op
OverheadWarmup   4: 16777216 op, 61219680.00 ns, 3.6490 ns/op
OverheadWarmup   5: 16777216 op, 61220251.00 ns, 3.6490 ns/op
OverheadWarmup   6: 16777216 op, 61039085.00 ns, 3.6382 ns/op

OverheadActual   1: 16777216 op, 60993129.00 ns, 3.6355 ns/op
OverheadActual   2: 16777216 op, 61112460.00 ns, 3.6426 ns/op
OverheadActual   3: 16777216 op, 61003668.00 ns, 3.6361 ns/op
OverheadActual   4: 16777216 op, 61245599.00 ns, 3.6505 ns/op
OverheadActual   5: 16777216 op, 61198350.00 ns, 3.6477 ns/op
OverheadActual   6: 16777216 op, 61991757.00 ns, 3.6950 ns/op
OverheadActual   7: 16777216 op, 61188612.00 ns, 3.6471 ns/op
OverheadActual   8: 16777216 op, 61054082.00 ns, 3.6391 ns/op
OverheadActual   9: 16777216 op, 61074811.00 ns, 3.6403 ns/op
OverheadActual  10: 16777216 op, 61057408.00 ns, 3.6393 ns/op
OverheadActual  11: 16777216 op, 61095659.00 ns, 3.6416 ns/op
OverheadActual  12: 16777216 op, 61053621.00 ns, 3.6391 ns/op
OverheadActual  13: 16777216 op, 61082265.00 ns, 3.6408 ns/op
OverheadActual  14: 16777216 op, 61098465.00 ns, 3.6418 ns/op
OverheadActual  15: 16777216 op, 61047801.00 ns, 3.6387 ns/op

WorkloadWarmup   1: 16777216 op, 825780301.00 ns, 49.2203 ns/op
WorkloadWarmup   2: 16777216 op, 829058573.00 ns, 49.4157 ns/op
WorkloadWarmup   3: 16777216 op, 831991197.00 ns, 49.5905 ns/op
WorkloadWarmup   4: 16777216 op, 828224700.00 ns, 49.3660 ns/op
WorkloadWarmup   5: 16777216 op, 828922528.00 ns, 49.4076 ns/op
WorkloadWarmup   6: 16777216 op, 829044921.00 ns, 49.4149 ns/op
WorkloadWarmup   7: 16777216 op, 830466717.00 ns, 49.4997 ns/op
WorkloadWarmup   8: 16777216 op, 829286541.00 ns, 49.4293 ns/op

// BeforeActualRun
WorkloadActual   1: 16777216 op, 829844627.00 ns, 49.4626 ns/op
WorkloadActual   2: 16777216 op, 829378511.00 ns, 49.4348 ns/op
WorkloadActual   3: 16777216 op, 829636091.00 ns, 49.4502 ns/op
WorkloadActual   4: 16777216 op, 829352403.00 ns, 49.4333 ns/op
WorkloadActual   5: 16777216 op, 829191153.00 ns, 49.4236 ns/op
WorkloadActual   6: 16777216 op, 829668151.00 ns, 49.4521 ns/op
WorkloadActual   7: 16777216 op, 832289830.00 ns, 49.6083 ns/op
WorkloadActual   8: 16777216 op, 829430702.00 ns, 49.4379 ns/op
WorkloadActual   9: 16777216 op, 830493049.00 ns, 49.5012 ns/op
WorkloadActual  10: 16777216 op, 830011172.00 ns, 49.4725 ns/op
WorkloadActual  11: 16777216 op, 832609938.00 ns, 49.6274 ns/op
WorkloadActual  12: 16777216 op, 830209961.00 ns, 49.4844 ns/op
WorkloadActual  13: 16777216 op, 828453272.00 ns, 49.3797 ns/op
WorkloadActual  14: 16777216 op, 832570956.00 ns, 49.6251 ns/op
WorkloadActual  15: 16777216 op, 830135184.00 ns, 49.4799 ns/op

// AfterActualRun
WorkloadResult   1: 16777216 op, 768762362.00 ns, 45.8218 ns/op
WorkloadResult   2: 16777216 op, 768296246.00 ns, 45.7940 ns/op
WorkloadResult   3: 16777216 op, 768553826.00 ns, 45.8094 ns/op
WorkloadResult   4: 16777216 op, 768270138.00 ns, 45.7925 ns/op
WorkloadResult   5: 16777216 op, 768108888.00 ns, 45.7829 ns/op
WorkloadResult   6: 16777216 op, 768585886.00 ns, 45.8113 ns/op
WorkloadResult   7: 16777216 op, 768348437.00 ns, 45.7971 ns/op
WorkloadResult   8: 16777216 op, 769410784.00 ns, 45.8605 ns/op
WorkloadResult   9: 16777216 op, 768928907.00 ns, 45.8317 ns/op
WorkloadResult  10: 16777216 op, 769127696.00 ns, 45.8436 ns/op
WorkloadResult  11: 16777216 op, 767371007.00 ns, 45.7389 ns/op
WorkloadResult  12: 16777216 op, 769052919.00 ns, 45.8391 ns/op
// GC:  0 0 0 0 16777216
// Threading:  0 0 16777216

// AfterAll
// Benchmark Process 5721 has exited with code 0.

Mean = 45.810 ns, StdErr = 0.009 ns (0.02%), N = 12, StdDev = 0.033 ns
Min = 45.739 ns, Q1 = 45.794 ns, Median = 45.810 ns, Q3 = 45.834 ns, Max = 45.860 ns
IQR = 0.040 ns, LowerFence = 45.734 ns, UpperFence = 45.894 ns
ConfidenceInterval = [45.769 ns; 45.852 ns] (CI 99.9%), Margin = 0.042 ns (0.09% of Mean)
Skewness = -0.47, Kurtosis = 2.61, MValue = 2

// ** Remained 14 (38.9 %) benchmark(s) to run. Estimated finish 2026-09-20 7:26 (0h 5m from now) **
// **************************
// Benchmark: MediatorBenchmarks.SendCommand_FiveBehaviors: .NET 9.0(Runtime=.NET 9.0, Toolchain=net9.0)
// *** Execute ***
// Launch: 1 / 1
// Execute: dotnet "EricksonLopez.Mediator.Benchmarks-.NET 9.0-3.dll" --anonymousPipes 107 108 --benchmarkName EricksonLopez.Mediator.Benchmarks.MediatorBenchmarks.SendCommand_FiveBehaviors --job ".NET 9.0" --benchmarkId 4 in /home/runner/work/dotnet-mediator/dotnet-mediator/benchmarks/EricksonLopez.Mediator.Benchmarks/bin/Release/net10.0/EricksonLopez.Mediator.Benchmarks-.NET 9.0-3/bin/Release/net9.0
// Failed to set up high priority (Permission denied). In order to run benchmarks with high priority, make sure you have the right permissions.
// BeforeAnythingElse

// Benchmark Process Environment Information:
// BenchmarkDotNet v0.15.8
// Runtime=.NET 9.0.20 (9.0.20, 9.0.2026.41315), X64 RyuJIT x86-64-v3
// GC=Concurrent Workstation
// HardwareIntrinsics=AVX2+BMI1+BMI2+F16C+FMA+LZCNT+MOVBE,AVX,SSE3+SSSE3+SSE4.1+SSE4.2+POPCNT,X86Base+SSE+SSE2,AES+PCLMUL VectorSize=256
// Job: .NET 9.0

OverheadJitting  1: 1 op, 187640.00 ns, 187.6400 us/op
WorkloadJitting  1: 1 op, 4200036.00 ns, 4.2000 ms/op

OverheadJitting  2: 16 op, 447072.00 ns, 27.9420 us/op
WorkloadJitting  2: 16 op, 423047.00 ns, 26.4404 us/op

WorkloadPilot    1: 16 op, 31950.00 ns, 1.9969 us/op
WorkloadPilot    2: 32 op, 57207.00 ns, 1.7877 us/op
WorkloadPilot    3: 64 op, 106959.00 ns, 1.6712 us/op
WorkloadPilot    4: 128 op, 238113.00 ns, 1.8603 us/op
WorkloadPilot    5: 256 op, 442394.00 ns, 1.7281 us/op
WorkloadPilot    6: 512 op, 844662.00 ns, 1.6497 us/op
WorkloadPilot    7: 1024 op, 1671391.00 ns, 1.6322 us/op
WorkloadPilot    8: 2048 op, 3373047.00 ns, 1.6470 us/op
WorkloadPilot    9: 4096 op, 6646629.00 ns, 1.6227 us/op
WorkloadPilot   10: 8192 op, 13152796.00 ns, 1.6056 us/op
WorkloadPilot   11: 16384 op, 26495485.00 ns, 1.6172 us/op
WorkloadPilot   12: 32768 op, 52456947.00 ns, 1.6009 us/op
WorkloadPilot   13: 65536 op, 105523759.00 ns, 1.6102 us/op
WorkloadPilot   14: 131072 op, 136472380.00 ns, 1.0412 us/op
WorkloadPilot   15: 262144 op, 80614343.00 ns, 307.5193 ns/op
WorkloadPilot   16: 524288 op, 125078614.00 ns, 238.5685 ns/op
WorkloadPilot   17: 1048576 op, 249872739.00 ns, 238.2972 ns/op
WorkloadPilot   18: 2097152 op, 499040346.00 ns, 237.9610 ns/op
WorkloadPilot   19: 4194304 op, 1001081114.00 ns, 238.6763 ns/op

OverheadWarmup   1: 4194304 op, 17990838.00 ns, 4.2894 ns/op
OverheadWarmup   2: 4194304 op, 18910448.00 ns, 4.5086 ns/op
OverheadWarmup   3: 4194304 op, 17786417.00 ns, 4.2406 ns/op
OverheadWarmup   4: 4194304 op, 17772030.00 ns, 4.2372 ns/op
OverheadWarmup   5: 4194304 op, 17836240.00 ns, 4.2525 ns/op
OverheadWarmup   6: 4194304 op, 17793841.00 ns, 4.2424 ns/op

OverheadActual   1: 4194304 op, 17795724.00 ns, 4.2428 ns/op
OverheadActual   2: 4194304 op, 17804180.00 ns, 4.2448 ns/op
OverheadActual   3: 4194304 op, 17852680.00 ns, 4.2564 ns/op
OverheadActual   4: 4194304 op, 17792658.00 ns, 4.2421 ns/op
OverheadActual   5: 4194304 op, 17794151.00 ns, 4.2425 ns/op
OverheadActual   6: 4194304 op, 17796966.00 ns, 4.2431 ns/op
OverheadActual   7: 4194304 op, 17784372.00 ns, 4.2401 ns/op
OverheadActual   8: 4194304 op, 17810652.00 ns, 4.2464 ns/op
OverheadActual   9: 4194304 op, 17791917.00 ns, 4.2419 ns/op
OverheadActual  10: 4194304 op, 18091796.00 ns, 4.3134 ns/op
OverheadActual  11: 4194304 op, 15178634.00 ns, 3.6189 ns/op
OverheadActual  12: 4194304 op, 15182492.00 ns, 3.6198 ns/op
OverheadActual  13: 4194304 op, 15194233.00 ns, 3.6226 ns/op
OverheadActual  14: 4194304 op, 15172262.00 ns, 3.6173 ns/op
OverheadActual  15: 4194304 op, 15168896.00 ns, 3.6165 ns/op
OverheadActual  16: 4194304 op, 15160060.00 ns, 3.6144 ns/op
OverheadActual  17: 4194304 op, 15214451.00 ns, 3.6274 ns/op
OverheadActual  18: 4194304 op, 15240580.00 ns, 3.6336 ns/op
OverheadActual  19: 4194304 op, 15166632.00 ns, 3.6160 ns/op
OverheadActual  20: 4194304 op, 15167233.00 ns, 3.6162 ns/op

WorkloadWarmup   1: 4194304 op, 999414473.00 ns, 238.2790 ns/op
WorkloadWarmup   2: 4194304 op, 998707888.00 ns, 238.1105 ns/op
WorkloadWarmup   3: 4194304 op, 1001408293.00 ns, 238.7543 ns/op
WorkloadWarmup   4: 4194304 op, 1013748806.00 ns, 241.6965 ns/op
WorkloadWarmup   5: 4194304 op, 998406307.00 ns, 238.0386 ns/op
WorkloadWarmup   6: 4194304 op, 998216202.00 ns, 237.9933 ns/op
WorkloadWarmup   7: 4194304 op, 999539494.00 ns, 238.3088 ns/op
WorkloadWarmup   8: 4194304 op, 1001244727.00 ns, 238.7153 ns/op
WorkloadWarmup   9: 4194304 op, 1002529909.00 ns, 239.0218 ns/op
WorkloadWarmup  10: 4194304 op, 997828489.00 ns, 237.9009 ns/op

// BeforeActualRun
WorkloadActual   1: 4194304 op, 998997042.00 ns, 238.1795 ns/op
WorkloadActual   2: 4194304 op, 998802403.00 ns, 238.1330 ns/op
WorkloadActual   3: 4194304 op, 1008012853.00 ns, 240.3290 ns/op
WorkloadActual   4: 4194304 op, 999359540.00 ns, 238.2659 ns/op
WorkloadActual   5: 4194304 op, 999505949.00 ns, 238.3008 ns/op
WorkloadActual   6: 4194304 op, 999399472.00 ns, 238.2754 ns/op
WorkloadActual   7: 4194304 op, 999923537.00 ns, 238.4003 ns/op
WorkloadActual   8: 4194304 op, 1000079938.00 ns, 238.4376 ns/op
WorkloadActual   9: 4194304 op, 1002690526.00 ns, 239.0601 ns/op
WorkloadActual  10: 4194304 op, 998592911.00 ns, 238.0831 ns/op
WorkloadActual  11: 4194304 op, 998541175.00 ns, 238.0708 ns/op
WorkloadActual  12: 4194304 op, 998323317.00 ns, 238.0188 ns/op
WorkloadActual  13: 4194304 op, 1003317521.00 ns, 239.2095 ns/op
WorkloadActual  14: 4194304 op, 999494117.00 ns, 238.2980 ns/op
WorkloadActual  15: 4194304 op, 998964792.00 ns, 238.1718 ns/op

// AfterActualRun
WorkloadResult   1: 4194304 op, 982484566.00 ns, 234.2426 ns/op
WorkloadResult   2: 4194304 op, 982289927.00 ns, 234.1962 ns/op
WorkloadResult   3: 4194304 op, 982847064.00 ns, 234.3290 ns/op
WorkloadResult   4: 4194304 op, 982993473.00 ns, 234.3639 ns/op
WorkloadResult   5: 4194304 op, 982886996.00 ns, 234.3385 ns/op
WorkloadResult   6: 4194304 op, 983411061.00 ns, 234.4635 ns/op
WorkloadResult   7: 4194304 op, 983567462.00 ns, 234.5008 ns/op
WorkloadResult   8: 4194304 op, 982080435.00 ns, 234.1462 ns/op
WorkloadResult   9: 4194304 op, 982028699.00 ns, 234.1339 ns/op
WorkloadResult  10: 4194304 op, 981810841.00 ns, 234.0819 ns/op
WorkloadResult  11: 4194304 op, 982981641.00 ns, 234.3611 ns/op
WorkloadResult  12: 4194304 op, 982452316.00 ns, 234.2349 ns/op
// GC:  0 0 0 0 4194304
// Threading:  0 0 4194304

// AfterAll
// Benchmark Process 5742 has exited with code 0.

Mean = 234.283 ns, StdErr = 0.038 ns (0.02%), N = 12, StdDev = 0.132 ns
Min = 234.082 ns, Q1 = 234.184 ns, Median = 234.286 ns, Q3 = 234.362 ns, Max = 234.501 ns
IQR = 0.178 ns, LowerFence = 233.917 ns, UpperFence = 234.629 ns
ConfidenceInterval = [234.114 ns; 234.451 ns] (CI 99.9%), Margin = 0.169 ns (0.07% of Mean)
Skewness = 0.1, Kurtosis = 1.65, MValue = 2

// ** Remained 13 (36.1 %) benchmark(s) to run. Estimated finish 2026-09-20 7:26 (0h 4m from now) **
// **************************
// Benchmark: MediatorBenchmarks.PublishNotification_OneHandler: .NET 9.0(Runtime=.NET 9.0, Toolchain=net9.0)
// *** Execute ***
// Launch: 1 / 1
// Execute: dotnet "EricksonLopez.Mediator.Benchmarks-.NET 9.0-3.dll" --anonymousPipes 107 108 --benchmarkName EricksonLopez.Mediator.Benchmarks.MediatorBenchmarks.PublishNotification_OneHandler --job ".NET 9.0" --benchmarkId 5 in /home/runner/work/dotnet-mediator/dotnet-mediator/benchmarks/EricksonLopez.Mediator.Benchmarks/bin/Release/net10.0/EricksonLopez.Mediator.Benchmarks-.NET 9.0-3/bin/Release/net9.0
// Failed to set up high priority (Permission denied). In order to run benchmarks with high priority, make sure you have the right permissions.
// BeforeAnythingElse

// Benchmark Process Environment Information:
// BenchmarkDotNet v0.15.8
// Runtime=.NET 9.0.20 (9.0.20, 9.0.2026.41315), X64 RyuJIT x86-64-v3
// GC=Concurrent Workstation
// HardwareIntrinsics=AVX2+BMI1+BMI2+F16C+FMA+LZCNT+MOVBE,AVX,SSE3+SSSE3+SSE4.1+SSE4.2+POPCNT,X86Base+SSE+SSE2,AES+PCLMUL VectorSize=256
// Job: .NET 9.0

OverheadJitting  1: 1 op, 140111.00 ns, 140.1110 us/op
WorkloadJitting  1: 1 op, 2479102.00 ns, 2.4791 ms/op

OverheadJitting  2: 16 op, 162182.00 ns, 10.1364 us/op
WorkloadJitting  2: 16 op, 1637326.00 ns, 102.3329 us/op

WorkloadPilot    1: 16 op, 113000.00 ns, 7.0625 us/op
WorkloadPilot    2: 32 op, 17091.00 ns, 534.0938 ns/op
WorkloadPilot    3: 64 op, 27721.00 ns, 433.1406 ns/op
WorkloadPilot    4: 128 op, 50274.00 ns, 392.7656 ns/op
WorkloadPilot    5: 256 op, 134731.00 ns, 526.2930 ns/op
WorkloadPilot    6: 512 op, 198239.00 ns, 387.1855 ns/op
WorkloadPilot    7: 1024 op, 385838.00 ns, 376.7949 ns/op
WorkloadPilot    8: 2048 op, 815327.00 ns, 398.1089 ns/op
WorkloadPilot    9: 4096 op, 1553320.00 ns, 379.2285 ns/op
WorkloadPilot   10: 8192 op, 3198091.00 ns, 390.3920 ns/op
WorkloadPilot   11: 16384 op, 6165092.00 ns, 376.2874 ns/op
WorkloadPilot   12: 32768 op, 12269109.00 ns, 374.4235 ns/op
WorkloadPilot   13: 65536 op, 24521218.00 ns, 374.1641 ns/op
WorkloadPilot   14: 131072 op, 49066641.00 ns, 374.3488 ns/op
WorkloadPilot   15: 262144 op, 61823798.00 ns, 235.8391 ns/op
WorkloadPilot   16: 524288 op, 36879163.00 ns, 70.3414 ns/op
WorkloadPilot   17: 1048576 op, 66084346.00 ns, 63.0229 ns/op
WorkloadPilot   18: 2097152 op, 141106203.00 ns, 67.2847 ns/op
WorkloadPilot   19: 4194304 op, 252132315.00 ns, 60.1130 ns/op
WorkloadPilot   20: 8388608 op, 500762543.00 ns, 59.6955 ns/op

OverheadWarmup   1: 8388608 op, 21608708.00 ns, 2.5760 ns/op
OverheadWarmup   2: 8388608 op, 21579744.00 ns, 2.5725 ns/op
OverheadWarmup   3: 8388608 op, 21575647.00 ns, 2.5720 ns/op
OverheadWarmup   4: 8388608 op, 21958510.00 ns, 2.6177 ns/op
OverheadWarmup   5: 8388608 op, 21652660.00 ns, 2.5812 ns/op
OverheadWarmup   6: 8388608 op, 21575126.00 ns, 2.5720 ns/op
OverheadWarmup   7: 8388608 op, 21554067.00 ns, 2.5694 ns/op
OverheadWarmup   8: 8388608 op, 22514133.00 ns, 2.6839 ns/op
OverheadWarmup   9: 8388608 op, 23279017.00 ns, 2.7751 ns/op
OverheadWarmup  10: 8388608 op, 13828381.00 ns, 1.6485 ns/op

OverheadActual   1: 8388608 op, 13745567.00 ns, 1.6386 ns/op
OverheadActual   2: 8388608 op, 13737091.00 ns, 1.6376 ns/op
OverheadActual   3: 8388608 op, 13733024.00 ns, 1.6371 ns/op
OverheadActual   4: 8388608 op, 14697255.00 ns, 1.7520 ns/op
OverheadActual   5: 8388608 op, 13776395.00 ns, 1.6423 ns/op
OverheadActual   6: 8388608 op, 13732934.00 ns, 1.6371 ns/op
OverheadActual   7: 8388608 op, 13726272.00 ns, 1.6363 ns/op
OverheadActual   8: 8388608 op, 13694933.00 ns, 1.6326 ns/op
OverheadActual   9: 8388608 op, 13729577.00 ns, 1.6367 ns/op
OverheadActual  10: 8388608 op, 13708719.00 ns, 1.6342 ns/op
OverheadActual  11: 8388608 op, 13724217.00 ns, 1.6361 ns/op
OverheadActual  12: 8388608 op, 13767178.00 ns, 1.6412 ns/op
OverheadActual  13: 8388608 op, 15207067.00 ns, 1.8128 ns/op
OverheadActual  14: 8388608 op, 13841296.00 ns, 1.6500 ns/op
OverheadActual  15: 8388608 op, 13716513.00 ns, 1.6351 ns/op

WorkloadWarmup   1: 8388608 op, 505363976.00 ns, 60.2441 ns/op
WorkloadWarmup   2: 8388608 op, 478373803.00 ns, 57.0266 ns/op
WorkloadWarmup   3: 8388608 op, 468658646.00 ns, 55.8685 ns/op
WorkloadWarmup   4: 8388608 op, 468901856.00 ns, 55.8975 ns/op
WorkloadWarmup   5: 8388608 op, 470239158.00 ns, 56.0569 ns/op
WorkloadWarmup   6: 8388608 op, 469543303.00 ns, 55.9739 ns/op
WorkloadWarmup   7: 8388608 op, 470601685.00 ns, 56.1001 ns/op
WorkloadWarmup   8: 8388608 op, 468260145.00 ns, 55.8210 ns/op

// BeforeActualRun
WorkloadActual   1: 8388608 op, 471321281.00 ns, 56.1859 ns/op
WorkloadActual   2: 8388608 op, 471070424.00 ns, 56.1560 ns/op
WorkloadActual   3: 8388608 op, 470057199.00 ns, 56.0352 ns/op
WorkloadActual   4: 8388608 op, 469738056.00 ns, 55.9971 ns/op
WorkloadActual   5: 8388608 op, 469192490.00 ns, 55.9321 ns/op
WorkloadActual   6: 8388608 op, 468395567.00 ns, 55.8371 ns/op
WorkloadActual   7: 8388608 op, 468047359.00 ns, 55.7956 ns/op
WorkloadActual   8: 8388608 op, 468032302.00 ns, 55.7938 ns/op
WorkloadActual   9: 8388608 op, 470505463.00 ns, 56.0886 ns/op
WorkloadActual  10: 8388608 op, 469476198.00 ns, 55.9659 ns/op
WorkloadActual  11: 8388608 op, 469202389.00 ns, 55.9333 ns/op
WorkloadActual  12: 8388608 op, 468874578.00 ns, 55.8942 ns/op
WorkloadActual  13: 8388608 op, 470211583.00 ns, 56.0536 ns/op
WorkloadActual  14: 8388608 op, 470335217.00 ns, 56.0683 ns/op
WorkloadActual  15: 8388608 op, 470180750.00 ns, 56.0499 ns/op

// AfterActualRun
WorkloadResult   1: 8388608 op, 457588257.00 ns, 54.5488 ns/op
WorkloadResult   2: 8388608 op, 457337400.00 ns, 54.5189 ns/op
WorkloadResult   3: 8388608 op, 456324175.00 ns, 54.3981 ns/op
WorkloadResult   4: 8388608 op, 456005032.00 ns, 54.3600 ns/op
WorkloadResult   5: 8388608 op, 455459466.00 ns, 54.2950 ns/op
WorkloadResult   6: 8388608 op, 454662543.00 ns, 54.2000 ns/op
WorkloadResult   7: 8388608 op, 454314335.00 ns, 54.1585 ns/op
WorkloadResult   8: 8388608 op, 454299278.00 ns, 54.1567 ns/op
WorkloadResult   9: 8388608 op, 456772439.00 ns, 54.4515 ns/op
WorkloadResult  10: 8388608 op, 455743174.00 ns, 54.3288 ns/op
WorkloadResult  11: 8388608 op, 455469365.00 ns, 54.2962 ns/op
WorkloadResult  12: 8388608 op, 455141554.00 ns, 54.2571 ns/op
WorkloadResult  13: 8388608 op, 456478559.00 ns, 54.4165 ns/op
WorkloadResult  14: 8388608 op, 456602193.00 ns, 54.4312 ns/op
WorkloadResult  15: 8388608 op, 456447726.00 ns, 54.4128 ns/op
// GC:  12 0 0 201326592 8388608
// Threading:  0 0 8388608

// AfterAll
// Benchmark Process 5784 has exited with code 0.

Mean = 54.349 ns, StdErr = 0.031 ns (0.06%), N = 15, StdDev = 0.122 ns
Min = 54.157 ns, Q1 = 54.276 ns, Median = 54.360 ns, Q3 = 54.424 ns, Max = 54.549 ns
IQR = 0.148 ns, LowerFence = 54.054 ns, UpperFence = 54.646 ns
ConfidenceInterval = [54.219 ns; 54.479 ns] (CI 99.9%), Margin = 0.130 ns (0.24% of Mean)
Skewness = -0.11, Kurtosis = 1.79, MValue = 2

// ** Remained 12 (33.3 %) benchmark(s) to run. Estimated finish 2026-09-20 7:26 (0h 4m from now) **
// **************************
// Benchmark: MediatorBenchmarks.PublishNotification_FiveHandlers: .NET 9.0(Runtime=.NET 9.0, Toolchain=net9.0)
// *** Execute ***
// Launch: 1 / 1
// Execute: dotnet "EricksonLopez.Mediator.Benchmarks-.NET 9.0-3.dll" --anonymousPipes 107 108 --benchmarkName EricksonLopez.Mediator.Benchmarks.MediatorBenchmarks.PublishNotification_FiveHandlers --job ".NET 9.0" --benchmarkId 6 in /home/runner/work/dotnet-mediator/dotnet-mediator/benchmarks/EricksonLopez.Mediator.Benchmarks/bin/Release/net10.0/EricksonLopez.Mediator.Benchmarks-.NET 9.0-3/bin/Release/net9.0
// Failed to set up high priority (Permission denied). In order to run benchmarks with high priority, make sure you have the right permissions.
// BeforeAnythingElse

// Benchmark Process Environment Information:
// BenchmarkDotNet v0.15.8
// Runtime=.NET 9.0.20 (9.0.20, 9.0.2026.41315), X64 RyuJIT x86-64-v3
// GC=Concurrent Workstation
// HardwareIntrinsics=AVX2+BMI1+BMI2+F16C+FMA+LZCNT+MOVBE,AVX,SSE3+SSSE3+SSE4.1+SSE4.2+POPCNT,X86Base+SSE+SSE2,AES+PCLMUL VectorSize=256
// Job: .NET 9.0

OverheadJitting  1: 1 op, 143026.00 ns, 143.0260 us/op
WorkloadJitting  1: 1 op, 3007657.00 ns, 3.0077 ms/op

OverheadJitting  2: 16 op, 162032.00 ns, 10.1270 us/op
WorkloadJitting  2: 16 op, 2368220.00 ns, 148.0138 us/op

WorkloadPilot    1: 16 op, 254364.00 ns, 15.8978 us/op
WorkloadPilot    2: 32 op, 42789.00 ns, 1.3372 us/op
WorkloadPilot    3: 64 op, 97952.00 ns, 1.5305 us/op
WorkloadPilot    4: 128 op, 175818.00 ns, 1.3736 us/op
WorkloadPilot    5: 256 op, 331136.00 ns, 1.2935 us/op
WorkloadPilot    6: 512 op, 657934.00 ns, 1.2850 us/op
WorkloadPilot    7: 1024 op, 1290832.00 ns, 1.2606 us/op
WorkloadPilot    8: 2048 op, 2632610.00 ns, 1.2855 us/op
WorkloadPilot    9: 4096 op, 5008491.00 ns, 1.2228 us/op
WorkloadPilot   10: 8192 op, 10061454.00 ns, 1.2282 us/op
WorkloadPilot   11: 16384 op, 20071212.00 ns, 1.2250 us/op
WorkloadPilot   12: 32768 op, 39985683.00 ns, 1.2203 us/op
WorkloadPilot   13: 65536 op, 73310177.00 ns, 1.1186 us/op
WorkloadPilot   14: 131072 op, 39653354.00 ns, 302.5311 ns/op
WorkloadPilot   15: 262144 op, 60372181.00 ns, 230.3016 ns/op
WorkloadPilot   16: 524288 op, 118693625.00 ns, 226.3901 ns/op
WorkloadPilot   17: 1048576 op, 237436431.00 ns, 226.4370 ns/op
WorkloadPilot   18: 2097152 op, 473470903.00 ns, 225.7685 ns/op
WorkloadPilot   19: 4194304 op, 943297203.00 ns, 224.8996 ns/op

OverheadWarmup   1: 4194304 op, 10797013.00 ns, 2.5742 ns/op
OverheadWarmup   2: 4194304 op, 10810478.00 ns, 2.5774 ns/op
OverheadWarmup   3: 4194304 op, 10804417.00 ns, 2.5760 ns/op
OverheadWarmup   4: 4194304 op, 10803104.00 ns, 2.5757 ns/op
OverheadWarmup   5: 4194304 op, 10903321.00 ns, 2.5996 ns/op
OverheadWarmup   6: 4194304 op, 10847767.00 ns, 2.5863 ns/op

OverheadActual   1: 4194304 op, 10823352.00 ns, 2.5805 ns/op
OverheadActual   2: 4194304 op, 10813494.00 ns, 2.5781 ns/op
OverheadActual   3: 4194304 op, 10840765.00 ns, 2.5846 ns/op
OverheadActual   4: 4194304 op, 10905945.00 ns, 2.6002 ns/op
OverheadActual   5: 4194304 op, 11459565.00 ns, 2.7322 ns/op
OverheadActual   6: 4194304 op, 10805128.00 ns, 2.5761 ns/op
OverheadActual   7: 4194304 op, 11232363.00 ns, 2.6780 ns/op
OverheadActual   8: 4194304 op, 11368366.00 ns, 2.7104 ns/op
OverheadActual   9: 4194304 op, 10774481.00 ns, 2.5688 ns/op
OverheadActual  10: 4194304 op, 10783938.00 ns, 2.5711 ns/op
OverheadActual  11: 4194304 op, 10883194.00 ns, 2.5948 ns/op
OverheadActual  12: 4194304 op, 10774662.00 ns, 2.5689 ns/op
OverheadActual  13: 4194304 op, 10824083.00 ns, 2.5807 ns/op
OverheadActual  14: 4194304 op, 10781224.00 ns, 2.5704 ns/op
OverheadActual  15: 4194304 op, 10774400.00 ns, 2.5688 ns/op

WorkloadWarmup   1: 4194304 op, 957071174.00 ns, 228.1835 ns/op
WorkloadWarmup   2: 4194304 op, 942856853.00 ns, 224.7946 ns/op
WorkloadWarmup   3: 4194304 op, 933817842.00 ns, 222.6395 ns/op
WorkloadWarmup   4: 4194304 op, 935675800.00 ns, 223.0825 ns/op
WorkloadWarmup   5: 4194304 op, 937060728.00 ns, 223.4127 ns/op
WorkloadWarmup   6: 4194304 op, 930182498.00 ns, 221.7728 ns/op
WorkloadWarmup   7: 4194304 op, 939459038.00 ns, 223.9845 ns/op
WorkloadWarmup   8: 4194304 op, 931290377.00 ns, 222.0369 ns/op

// BeforeActualRun
WorkloadActual   1: 4194304 op, 935418362.00 ns, 223.0211 ns/op
WorkloadActual   2: 4194304 op, 934394566.00 ns, 222.7770 ns/op
WorkloadActual   3: 4194304 op, 925303978.00 ns, 220.6097 ns/op
WorkloadActual   4: 4194304 op, 933764604.00 ns, 222.6268 ns/op
WorkloadActual   5: 4194304 op, 935399882.00 ns, 223.0167 ns/op
WorkloadActual   6: 4194304 op, 934020851.00 ns, 222.6879 ns/op
WorkloadActual   7: 4194304 op, 933879518.00 ns, 222.6542 ns/op
WorkloadActual   8: 4194304 op, 932868325.00 ns, 222.4131 ns/op
WorkloadActual   9: 4194304 op, 932464897.00 ns, 222.3170 ns/op
WorkloadActual  10: 4194304 op, 934514868.00 ns, 222.8057 ns/op
WorkloadActual  11: 4194304 op, 931093101.00 ns, 221.9899 ns/op
WorkloadActual  12: 4194304 op, 937383670.00 ns, 223.4897 ns/op
WorkloadActual  13: 4194304 op, 931038459.00 ns, 221.9769 ns/op
WorkloadActual  14: 4194304 op, 929804557.00 ns, 221.6827 ns/op
WorkloadActual  15: 4194304 op, 932728660.00 ns, 222.3798 ns/op

// AfterActualRun
WorkloadResult   1: 4194304 op, 924595010.00 ns, 220.4406 ns/op
WorkloadResult   2: 4194304 op, 923571214.00 ns, 220.1965 ns/op
WorkloadResult   3: 4194304 op, 914480626.00 ns, 218.0292 ns/op
WorkloadResult   4: 4194304 op, 922941252.00 ns, 220.0463 ns/op
WorkloadResult   5: 4194304 op, 924576530.00 ns, 220.4362 ns/op
WorkloadResult   6: 4194304 op, 923197499.00 ns, 220.1074 ns/op
WorkloadResult   7: 4194304 op, 923056166.00 ns, 220.0737 ns/op
WorkloadResult   8: 4194304 op, 922044973.00 ns, 219.8327 ns/op
WorkloadResult   9: 4194304 op, 921641545.00 ns, 219.7365 ns/op
WorkloadResult  10: 4194304 op, 923691516.00 ns, 220.2252 ns/op
WorkloadResult  11: 4194304 op, 920269749.00 ns, 219.4094 ns/op
WorkloadResult  12: 4194304 op, 926560318.00 ns, 220.9092 ns/op
WorkloadResult  13: 4194304 op, 920215107.00 ns, 219.3964 ns/op
WorkloadResult  14: 4194304 op, 918981205.00 ns, 219.1022 ns/op
WorkloadResult  15: 4194304 op, 921905308.00 ns, 219.7994 ns/op
// GC:  30 0 0 503316480 4194304
// Threading:  0 0 4194304

// AfterAll
// Benchmark Process 5798 has exited with code 0.

Mean = 219.849 ns, StdErr = 0.176 ns (0.08%), N = 15, StdDev = 0.682 ns
Min = 218.029 ns, Q1 = 219.573 ns, Median = 220.046 ns, Q3 = 220.211 ns, Max = 220.909 ns
IQR = 0.638 ns, LowerFence = 218.616 ns, UpperFence = 221.168 ns
ConfidenceInterval = [219.120 ns; 220.579 ns] (CI 99.9%), Margin = 0.730 ns (0.33% of Mean)
Skewness = -1.03, Kurtosis = 3.97, MValue = 2

// ** Remained 11 (30.6 %) benchmark(s) to run. Estimated finish 2026-09-20 7:26 (0h 3m from now) **
// **************************
// Benchmark: MediatorBenchmarks.PublishNotification_Parallel: .NET 9.0(Runtime=.NET 9.0, Toolchain=net9.0)
// *** Execute ***
// Launch: 1 / 1
// Execute: dotnet "EricksonLopez.Mediator.Benchmarks-.NET 9.0-3.dll" --anonymousPipes 107 108 --benchmarkName EricksonLopez.Mediator.Benchmarks.MediatorBenchmarks.PublishNotification_Parallel --job ".NET 9.0" --benchmarkId 7 in /home/runner/work/dotnet-mediator/dotnet-mediator/benchmarks/EricksonLopez.Mediator.Benchmarks/bin/Release/net10.0/EricksonLopez.Mediator.Benchmarks-.NET 9.0-3/bin/Release/net9.0
// Failed to set up high priority (Permission denied). In order to run benchmarks with high priority, make sure you have the right permissions.
// BeforeAnythingElse

// Benchmark Process Environment Information:
// BenchmarkDotNet v0.15.8
// Runtime=.NET 9.0.20 (9.0.20, 9.0.2026.41315), X64 RyuJIT x86-64-v3
// GC=Concurrent Workstation
// HardwareIntrinsics=AVX2+BMI1+BMI2+F16C+FMA+LZCNT+MOVBE,AVX,SSE3+SSSE3+SSE4.1+SSE4.2+POPCNT,X86Base+SSE+SSE2,AES+PCLMUL VectorSize=256
// Job: .NET 9.0

OverheadJitting  1: 1 op, 142585.00 ns, 142.5850 us/op
WorkloadJitting  1: 1 op, 2854482.00 ns, 2.8545 ms/op

OverheadJitting  2: 16 op, 160669.00 ns, 10.0418 us/op
WorkloadJitting  2: 16 op, 1873797.00 ns, 117.1123 us/op

WorkloadPilot    1: 16 op, 191206.00 ns, 11.9504 us/op
WorkloadPilot    2: 32 op, 54351.00 ns, 1.6985 us/op
WorkloadPilot    3: 64 op, 83215.00 ns, 1.3002 us/op
WorkloadPilot    4: 128 op, 139800.00 ns, 1.0922 us/op
WorkloadPilot    5: 256 op, 256247.00 ns, 1.0010 us/op
WorkloadPilot    6: 512 op, 477819.00 ns, 933.2402 ns/op
WorkloadPilot    7: 1024 op, 1015711.00 ns, 991.9053 ns/op
WorkloadPilot    8: 2048 op, 1846026.00 ns, 901.3799 ns/op
WorkloadPilot    9: 4096 op, 3770457.00 ns, 920.5217 ns/op
WorkloadPilot   10: 8192 op, 7774448.00 ns, 949.0293 ns/op
WorkloadPilot   11: 16384 op, 15289233.00 ns, 933.1807 ns/op
WorkloadPilot   12: 32768 op, 30161912.00 ns, 920.4685 ns/op
WorkloadPilot   13: 65536 op, 60542970.00 ns, 923.8124 ns/op
WorkloadPilot   14: 131072 op, 58859306.00 ns, 449.0609 ns/op
WorkloadPilot   15: 262144 op, 54245150.00 ns, 206.9288 ns/op
WorkloadPilot   16: 524288 op, 110819033.00 ns, 211.3705 ns/op
WorkloadPilot   17: 1048576 op, 216941406.00 ns, 206.8914 ns/op
WorkloadPilot   18: 2097152 op, 435968994.00 ns, 207.8862 ns/op
WorkloadPilot   19: 4194304 op, 868452903.00 ns, 207.0553 ns/op

OverheadWarmup   1: 4194304 op, 10809326.00 ns, 2.5771 ns/op
OverheadWarmup   2: 4194304 op, 10826428.00 ns, 2.5812 ns/op
OverheadWarmup   3: 4194304 op, 10804006.00 ns, 2.5759 ns/op
OverheadWarmup   4: 4194304 op, 10814886.00 ns, 2.5785 ns/op
OverheadWarmup   5: 4194304 op, 10816109.00 ns, 2.5788 ns/op
OverheadWarmup   6: 4194304 op, 10990633.00 ns, 2.6204 ns/op
OverheadWarmup   7: 4194304 op, 10845213.00 ns, 2.5857 ns/op

OverheadActual   1: 4194304 op, 10861804.00 ns, 2.5897 ns/op
OverheadActual   2: 4194304 op, 10900526.00 ns, 2.5989 ns/op
OverheadActual   3: 4194304 op, 11000622.00 ns, 2.6228 ns/op
OverheadActual   4: 4194304 op, 11286674.00 ns, 2.6910 ns/op
OverheadActual   5: 4194304 op, 10882833.00 ns, 2.5947 ns/op
OverheadActual   6: 4194304 op, 10908431.00 ns, 2.6008 ns/op
OverheadActual   7: 4194304 op, 10850383.00 ns, 2.5869 ns/op
OverheadActual   8: 4194304 op, 10834823.00 ns, 2.5832 ns/op
OverheadActual   9: 4194304 op, 10858037.00 ns, 2.5888 ns/op
OverheadActual  10: 4194304 op, 10876320.00 ns, 2.5931 ns/op
OverheadActual  11: 4194304 op, 10805489.00 ns, 2.5762 ns/op
OverheadActual  12: 4194304 op, 10802804.00 ns, 2.5756 ns/op
OverheadActual  13: 4194304 op, 10828141.00 ns, 2.5816 ns/op
OverheadActual  14: 4194304 op, 10848579.00 ns, 2.5865 ns/op
OverheadActual  15: 4194304 op, 10803977.00 ns, 2.5759 ns/op

WorkloadWarmup   1: 4194304 op, 869489983.00 ns, 207.3026 ns/op
WorkloadWarmup   2: 4194304 op, 851692232.00 ns, 203.0593 ns/op
WorkloadWarmup   3: 4194304 op, 854913386.00 ns, 203.8272 ns/op
WorkloadWarmup   4: 4194304 op, 847345693.00 ns, 202.0230 ns/op
WorkloadWarmup   5: 4194304 op, 844226900.00 ns, 201.2794 ns/op
WorkloadWarmup   6: 4194304 op, 845367753.00 ns, 201.5514 ns/op
WorkloadWarmup   7: 4194304 op, 852080204.00 ns, 203.1518 ns/op
WorkloadWarmup   8: 4194304 op, 854115974.00 ns, 203.6371 ns/op
WorkloadWarmup   9: 4194304 op, 850401210.00 ns, 202.7514 ns/op

// BeforeActualRun
WorkloadActual   1: 4194304 op, 861486591.00 ns, 205.3944 ns/op
WorkloadActual   2: 4194304 op, 853606476.00 ns, 203.5156 ns/op
WorkloadActual   3: 4194304 op, 854296579.00 ns, 203.6802 ns/op
WorkloadActual   4: 4194304 op, 855683752.00 ns, 204.0109 ns/op
WorkloadActual   5: 4194304 op, 858003115.00 ns, 204.5639 ns/op
WorkloadActual   6: 4194304 op, 852290623.00 ns, 203.2019 ns/op
WorkloadActual   7: 4194304 op, 848986604.00 ns, 202.4142 ns/op
WorkloadActual   8: 4194304 op, 852065736.00 ns, 203.1483 ns/op
WorkloadActual   9: 4194304 op, 856807306.00 ns, 204.2788 ns/op
WorkloadActual  10: 4194304 op, 849616777.00 ns, 202.5644 ns/op
WorkloadActual  11: 4194304 op, 849849420.00 ns, 202.6199 ns/op
WorkloadActual  12: 4194304 op, 854058854.00 ns, 203.6235 ns/op
WorkloadActual  13: 4194304 op, 841273550.00 ns, 200.5752 ns/op
WorkloadActual  14: 4194304 op, 841689825.00 ns, 200.6745 ns/op
WorkloadActual  15: 4194304 op, 846923665.00 ns, 201.9223 ns/op

// AfterActualRun
WorkloadResult   1: 4194304 op, 850628554.00 ns, 202.8057 ns/op
WorkloadResult   2: 4194304 op, 842748439.00 ns, 200.9269 ns/op
WorkloadResult   3: 4194304 op, 843438542.00 ns, 201.0914 ns/op
WorkloadResult   4: 4194304 op, 844825715.00 ns, 201.4221 ns/op
WorkloadResult   5: 4194304 op, 847145078.00 ns, 201.9751 ns/op
WorkloadResult   6: 4194304 op, 841432586.00 ns, 200.6132 ns/op
WorkloadResult   7: 4194304 op, 838128567.00 ns, 199.8254 ns/op
WorkloadResult   8: 4194304 op, 841207699.00 ns, 200.5595 ns/op
WorkloadResult   9: 4194304 op, 845949269.00 ns, 201.6900 ns/op
WorkloadResult  10: 4194304 op, 838758740.00 ns, 199.9757 ns/op
WorkloadResult  11: 4194304 op, 838991383.00 ns, 200.0311 ns/op
WorkloadResult  12: 4194304 op, 843200817.00 ns, 201.0347 ns/op
WorkloadResult  13: 4194304 op, 830415513.00 ns, 197.9865 ns/op
WorkloadResult  14: 4194304 op, 830831788.00 ns, 198.0857 ns/op
WorkloadResult  15: 4194304 op, 836065628.00 ns, 199.3336 ns/op
// GC:  48 0 0 805306368 4194304
// Threading:  0 0 4194304

// AfterAll
// Benchmark Process 5820 has exited with code 0.

Mean = 200.490 ns, StdErr = 0.345 ns (0.17%), N = 15, StdDev = 1.338 ns
Min = 197.986 ns, Q1 = 199.901 ns, Median = 200.613 ns, Q3 = 201.257 ns, Max = 202.806 ns
IQR = 1.356 ns, LowerFence = 197.866 ns, UpperFence = 203.291 ns
ConfidenceInterval = [199.060 ns; 201.920 ns] (CI 99.9%), Margin = 1.430 ns (0.71% of Mean)
Skewness = -0.36, Kurtosis = 2.32, MValue = 2

// ** Remained 10 (27.8 %) benchmark(s) to run. Estimated finish 2026-09-20 7:26 (0h 3m from now) **
// **************************
// Benchmark: MediatorBenchmarks.NestedSend: .NET 9.0(Runtime=.NET 9.0, Toolchain=net9.0)
// *** Execute ***
// Launch: 1 / 1
// Execute: dotnet "EricksonLopez.Mediator.Benchmarks-.NET 9.0-3.dll" --anonymousPipes 107 108 --benchmarkName EricksonLopez.Mediator.Benchmarks.MediatorBenchmarks.NestedSend --job ".NET 9.0" --benchmarkId 8 in /home/runner/work/dotnet-mediator/dotnet-mediator/benchmarks/EricksonLopez.Mediator.Benchmarks/bin/Release/net10.0/EricksonLopez.Mediator.Benchmarks-.NET 9.0-3/bin/Release/net9.0
// Failed to set up high priority (Permission denied). In order to run benchmarks with high priority, make sure you have the right permissions.
// BeforeAnythingElse

// Benchmark Process Environment Information:
// BenchmarkDotNet v0.15.8
// Runtime=.NET 9.0.20 (9.0.20, 9.0.2026.41315), X64 RyuJIT x86-64-v3
// GC=Concurrent Workstation
// HardwareIntrinsics=AVX2+BMI1+BMI2+F16C+FMA+LZCNT+MOVBE,AVX,SSE3+SSSE3+SSE4.1+SSE4.2+POPCNT,X86Base+SSE+SSE2,AES+PCLMUL VectorSize=256
// Job: .NET 9.0

OverheadJitting  1: 1 op, 184543.00 ns, 184.5430 us/op
WorkloadJitting  1: 1 op, 2102092.00 ns, 2.1021 ms/op

OverheadJitting  2: 16 op, 406817.00 ns, 25.4261 us/op
WorkloadJitting  2: 16 op, 421455.00 ns, 26.3409 us/op

WorkloadPilot    1: 16 op, 34785.00 ns, 2.1741 us/op
WorkloadPilot    2: 32 op, 22121.00 ns, 691.2813 ns/op
WorkloadPilot    3: 64 op, 36828.00 ns, 575.4375 ns/op
WorkloadPilot    4: 128 op, 67155.00 ns, 524.6484 ns/op
WorkloadPilot    5: 256 op, 135743.00 ns, 530.2461 ns/op
WorkloadPilot    6: 512 op, 261277.00 ns, 510.3066 ns/op
WorkloadPilot    7: 1024 op, 510110.00 ns, 498.1543 ns/op
WorkloadPilot    8: 2048 op, 1057197.00 ns, 516.2095 ns/op
WorkloadPilot    9: 4096 op, 2164969.00 ns, 528.5569 ns/op
WorkloadPilot   10: 8192 op, 4268524.00 ns, 521.0601 ns/op
WorkloadPilot   11: 16384 op, 8394753.00 ns, 512.3751 ns/op
WorkloadPilot   12: 32768 op, 16844158.00 ns, 514.0429 ns/op
WorkloadPilot   13: 65536 op, 33548265.00 ns, 511.9059 ns/op
WorkloadPilot   14: 131072 op, 66914119.00 ns, 510.5142 ns/op
WorkloadPilot   15: 262144 op, 46966727.00 ns, 179.1638 ns/op
WorkloadPilot   16: 524288 op, 47754423.00 ns, 91.0843 ns/op
WorkloadPilot   17: 1048576 op, 89782899.00 ns, 85.6236 ns/op
WorkloadPilot   18: 2097152 op, 174681098.00 ns, 83.2944 ns/op
WorkloadPilot   19: 4194304 op, 347448064.00 ns, 82.8381 ns/op
WorkloadPilot   20: 8388608 op, 689363471.00 ns, 82.1785 ns/op

OverheadWarmup   1: 8388608 op, 35837565.00 ns, 4.2722 ns/op
OverheadWarmup   2: 8388608 op, 35843376.00 ns, 4.2729 ns/op
OverheadWarmup   3: 8388608 op, 36624390.00 ns, 4.3660 ns/op
OverheadWarmup   4: 8388608 op, 35730716.00 ns, 4.2594 ns/op
OverheadWarmup   5: 8388608 op, 35754441.00 ns, 4.2623 ns/op
OverheadWarmup   6: 8388608 op, 35815304.00 ns, 4.2695 ns/op
OverheadWarmup   7: 8388608 op, 35789906.00 ns, 4.2665 ns/op

OverheadActual   1: 8388608 op, 35744542.00 ns, 4.2611 ns/op
OverheadActual   2: 8388608 op, 35861339.00 ns, 4.2750 ns/op
OverheadActual   3: 8388608 op, 35720988.00 ns, 4.2583 ns/op
OverheadActual   4: 8388608 op, 35755913.00 ns, 4.2624 ns/op
OverheadActual   5: 8388608 op, 35951046.00 ns, 4.2857 ns/op
OverheadActual   6: 8388608 op, 35741837.00 ns, 4.2608 ns/op
OverheadActual   7: 8388608 op, 35730706.00 ns, 4.2594 ns/op
OverheadActual   8: 8388608 op, 35719605.00 ns, 4.2581 ns/op
OverheadActual   9: 8388608 op, 35788244.00 ns, 4.2663 ns/op
OverheadActual  10: 8388608 op, 40323694.00 ns, 4.8070 ns/op
OverheadActual  11: 8388608 op, 30606520.00 ns, 3.6486 ns/op
OverheadActual  12: 8388608 op, 30600508.00 ns, 3.6479 ns/op
OverheadActual  13: 8388608 op, 30544364.00 ns, 3.6412 ns/op
OverheadActual  14: 8388608 op, 30518146.00 ns, 3.6380 ns/op
OverheadActual  15: 8388608 op, 30512034.00 ns, 3.6373 ns/op
OverheadActual  16: 8388608 op, 30504150.00 ns, 3.6364 ns/op
OverheadActual  17: 8388608 op, 31649761.00 ns, 3.7729 ns/op
OverheadActual  18: 8388608 op, 30555124.00 ns, 3.6425 ns/op
OverheadActual  19: 8388608 op, 30536099.00 ns, 3.6402 ns/op
OverheadActual  20: 8388608 op, 30542652.00 ns, 3.6410 ns/op

WorkloadWarmup   1: 8388608 op, 705446884.00 ns, 84.0958 ns/op
WorkloadWarmup   2: 8388608 op, 708211820.00 ns, 84.4254 ns/op
WorkloadWarmup   3: 8388608 op, 698404958.00 ns, 83.2564 ns/op
WorkloadWarmup   4: 8388608 op, 699343026.00 ns, 83.3682 ns/op
WorkloadWarmup   5: 8388608 op, 706010639.00 ns, 84.1630 ns/op
WorkloadWarmup   6: 8388608 op, 701698830.00 ns, 83.6490 ns/op

// BeforeActualRun
WorkloadActual   1: 8388608 op, 702253933.00 ns, 83.7152 ns/op
WorkloadActual   2: 8388608 op, 703499842.00 ns, 83.8637 ns/op
WorkloadActual   3: 8388608 op, 701276825.00 ns, 83.5987 ns/op
WorkloadActual   4: 8388608 op, 701000330.00 ns, 83.5658 ns/op
WorkloadActual   5: 8388608 op, 701958574.00 ns, 83.6800 ns/op
WorkloadActual   6: 8388608 op, 706107826.00 ns, 84.1746 ns/op
WorkloadActual   7: 8388608 op, 701921254.00 ns, 83.6755 ns/op
WorkloadActual   8: 8388608 op, 700537198.00 ns, 83.5105 ns/op
WorkloadActual   9: 8388608 op, 700582052.00 ns, 83.5159 ns/op
WorkloadActual  10: 8388608 op, 702464644.00 ns, 83.7403 ns/op
WorkloadActual  11: 8388608 op, 701372178.00 ns, 83.6101 ns/op
WorkloadActual  12: 8388608 op, 700737738.00 ns, 83.5344 ns/op
WorkloadActual  13: 8388608 op, 702051632.00 ns, 83.6911 ns/op
WorkloadActual  14: 8388608 op, 710061147.00 ns, 84.6459 ns/op
WorkloadActual  15: 8388608 op, 704317740.00 ns, 83.9612 ns/op

// AfterActualRun
WorkloadResult   1: 8388608 op, 668569250.00 ns, 79.6997 ns/op
WorkloadResult   2: 8388608 op, 669815159.00 ns, 79.8482 ns/op
WorkloadResult   3: 8388608 op, 667592142.00 ns, 79.5832 ns/op
WorkloadResult   4: 8388608 op, 667315647.00 ns, 79.5502 ns/op
WorkloadResult   5: 8388608 op, 668273891.00 ns, 79.6645 ns/op
WorkloadResult   6: 8388608 op, 668236571.00 ns, 79.6600 ns/op
WorkloadResult   7: 8388608 op, 666852515.00 ns, 79.4950 ns/op
WorkloadResult   8: 8388608 op, 666897369.00 ns, 79.5004 ns/op
WorkloadResult   9: 8388608 op, 668779961.00 ns, 79.7248 ns/op
WorkloadResult  10: 8388608 op, 667687495.00 ns, 79.5946 ns/op
WorkloadResult  11: 8388608 op, 667053055.00 ns, 79.5189 ns/op
WorkloadResult  12: 8388608 op, 668366949.00 ns, 79.6755 ns/op
WorkloadResult  13: 8388608 op, 670633057.00 ns, 79.9457 ns/op
// GC:  12 0 0 201326592 8388608
// Threading:  0 0 8388608

// AfterAll
// Benchmark Process 5850 has exited with code 0.

Mean = 79.651 ns, StdErr = 0.037 ns (0.05%), N = 13, StdDev = 0.134 ns
Min = 79.495 ns, Q1 = 79.550 ns, Median = 79.660 ns, Q3 = 79.700 ns, Max = 79.946 ns
IQR = 0.149 ns, LowerFence = 79.326 ns, UpperFence = 79.924 ns
ConfidenceInterval = [79.490 ns; 79.812 ns] (CI 99.9%), Margin = 0.161 ns (0.20% of Mean)
Skewness = 0.72, Kurtosis = 2.51, MValue = 2

// ** Remained 9 (25.0 %) benchmark(s) to run. Estimated finish 2026-09-20 7:26 (0h 3m from now) **
// **************************
// Benchmark: MediatorBenchmarks.DirectCall: ShortRun(IterationCount=3, LaunchCount=1, WarmupCount=3)
// *** Execute ***
// Launch: 1 / 1
// Execute: dotnet "EricksonLopez.Mediator.Benchmarks-.NET 10.0-1.dll" --anonymousPipes 107 108 --benchmarkName EricksonLopez.Mediator.Benchmarks.MediatorBenchmarks.DirectCall --job ShortRun --benchmarkId 9 in /home/runner/work/dotnet-mediator/dotnet-mediator/benchmarks/EricksonLopez.Mediator.Benchmarks/bin/Release/net10.0/EricksonLopez.Mediator.Benchmarks-.NET 10.0-1/bin/Release/net10.0
// Failed to set up high priority (Permission denied). In order to run benchmarks with high priority, make sure you have the right permissions.
// BeforeAnythingElse

// Benchmark Process Environment Information:
// BenchmarkDotNet v0.15.8
// Runtime=.NET 10.0.12 (10.0.12, 10.0.1226.42308), X64 RyuJIT x86-64-v3
// GC=Concurrent Workstation
// HardwareIntrinsics=AVX2+BMI1+BMI2+F16C+FMA+LZCNT+MOVBE,AVX,SSE3+SSSE3+SSE4.1+SSE4.2+POPCNT,X86Base+SSE+SSE2,AES+PCLMUL VectorSize=256
// Job: ShortRun(IterationCount=3, LaunchCount=1, WarmupCount=3)

OverheadJitting  1: 1 op, 240447.00 ns, 240.4470 us/op
WorkloadJitting  1: 1 op, 850854.00 ns, 850.8540 us/op

OverheadJitting  2: 16 op, 458363.00 ns, 28.6477 us/op
WorkloadJitting  2: 16 op, 445048.00 ns, 27.8155 us/op

WorkloadPilot    1: 16 op, 1844.00 ns, 115.2500 ns/op
WorkloadPilot    2: 32 op, 2495.00 ns, 77.9688 ns/op
WorkloadPilot    3: 64 op, 3687.00 ns, 57.6094 ns/op
WorkloadPilot    4: 128 op, 6011.00 ns, 46.9609 ns/op
WorkloadPilot    5: 256 op, 10790.00 ns, 42.1484 ns/op
WorkloadPilot    6: 512 op, 19796.00 ns, 38.6641 ns/op
WorkloadPilot    7: 1024 op, 38241.00 ns, 37.3447 ns/op
WorkloadPilot    8: 2048 op, 74088.00 ns, 36.1758 ns/op
WorkloadPilot    9: 4096 op, 147324.00 ns, 35.9678 ns/op
WorkloadPilot   10: 8192 op, 309807.00 ns, 37.8182 ns/op
WorkloadPilot   11: 16384 op, 604214.00 ns, 36.8783 ns/op
WorkloadPilot   12: 32768 op, 1192028.00 ns, 36.3778 ns/op
WorkloadPilot   13: 65536 op, 2351806.00 ns, 35.8857 ns/op
WorkloadPilot   14: 131072 op, 4691040.00 ns, 35.7898 ns/op
WorkloadPilot   15: 262144 op, 9415131.00 ns, 35.9159 ns/op
WorkloadPilot   16: 524288 op, 18831284.00 ns, 35.9178 ns/op
WorkloadPilot   17: 1048576 op, 37536913.00 ns, 35.7980 ns/op
WorkloadPilot   18: 2097152 op, 75098362.00 ns, 35.8097 ns/op
WorkloadPilot   19: 4194304 op, 24141435.00 ns, 5.7558 ns/op
WorkloadPilot   20: 8388608 op, 33175937.00 ns, 3.9549 ns/op
WorkloadPilot   21: 16777216 op, 65997476.00 ns, 3.9338 ns/op
WorkloadPilot   22: 33554432 op, 132212097.00 ns, 3.9402 ns/op
WorkloadPilot   23: 67108864 op, 264799461.00 ns, 3.9458 ns/op
WorkloadPilot   24: 134217728 op, 527643693.00 ns, 3.9313 ns/op

OverheadWarmup   1: 134217728 op, 502186651.00 ns, 3.7416 ns/op
OverheadWarmup   2: 134217728 op, 449256912.00 ns, 3.3472 ns/op
OverheadWarmup   3: 134217728 op, 447049033.00 ns, 3.3308 ns/op
OverheadWarmup   4: 134217728 op, 449014860.00 ns, 3.3454 ns/op
OverheadWarmup   5: 134217728 op, 447537126.00 ns, 3.3344 ns/op
OverheadWarmup   6: 134217728 op, 447548671.00 ns, 3.3345 ns/op
OverheadWarmup   7: 134217728 op, 446948043.00 ns, 3.3300 ns/op

OverheadActual   1: 134217728 op, 447990894.00 ns, 3.3378 ns/op
OverheadActual   2: 134217728 op, 452618694.00 ns, 3.3723 ns/op
OverheadActual   3: 134217728 op, 447906486.00 ns, 3.3372 ns/op
OverheadActual   4: 134217728 op, 448163936.00 ns, 3.3391 ns/op
OverheadActual   5: 134217728 op, 457765946.00 ns, 3.4106 ns/op
OverheadActual   6: 134217728 op, 447472880.00 ns, 3.3339 ns/op
OverheadActual   7: 134217728 op, 447264121.00 ns, 3.3324 ns/op
OverheadActual   8: 134217728 op, 447025778.00 ns, 3.3306 ns/op
OverheadActual   9: 134217728 op, 447214840.00 ns, 3.3320 ns/op
OverheadActual  10: 134217728 op, 447175617.00 ns, 3.3317 ns/op
OverheadActual  11: 134217728 op, 446769381.00 ns, 3.3287 ns/op
OverheadActual  12: 134217728 op, 447185355.00 ns, 3.3318 ns/op
OverheadActual  13: 134217728 op, 447341836.00 ns, 3.3330 ns/op
OverheadActual  14: 134217728 op, 446830254.00 ns, 3.3291 ns/op
OverheadActual  15: 134217728 op, 447876632.00 ns, 3.3369 ns/op

WorkloadWarmup   1: 134217728 op, 532127040.00 ns, 3.9647 ns/op
WorkloadWarmup   2: 134217728 op, 530708661.00 ns, 3.9541 ns/op
WorkloadWarmup   3: 134217728 op, 528488930.00 ns, 3.9375 ns/op

// BeforeActualRun
WorkloadActual   1: 134217728 op, 527734968.00 ns, 3.9319 ns/op
WorkloadActual   2: 134217728 op, 527888012.00 ns, 3.9331 ns/op
WorkloadActual   3: 134217728 op, 528215732.00 ns, 3.9355 ns/op

// AfterActualRun
WorkloadResult   1: 134217728 op, 80393132.00 ns, 0.5990 ns/op
WorkloadResult   2: 134217728 op, 80546176.00 ns, 0.6001 ns/op
WorkloadResult   3: 134217728 op, 80873896.00 ns, 0.6026 ns/op
// GC:  0 0 0 0 134217728
// Threading:  0 0 134217728

// AfterAll
// Benchmark Process 5863 has exited with code 0.

Mean = 0.601 ns, StdErr = 0.001 ns (0.18%), N = 3, StdDev = 0.002 ns
Min = 0.599 ns, Q1 = 0.600 ns, Median = 0.600 ns, Q3 = 0.601 ns, Max = 0.603 ns
IQR = 0.002 ns, LowerFence = 0.597 ns, UpperFence = 0.604 ns
ConfidenceInterval = [0.567 ns; 0.634 ns] (CI 99.9%), Margin = 0.033 ns (5.56% of Mean)
Skewness = 0.22, Kurtosis = 0.67, MValue = 2

// ** Remained 8 (22.2 %) benchmark(s) to run. Estimated finish 2026-09-20 7:26 (0h 2m from now) **
// **************************
// Benchmark: MediatorBenchmarks.SendCommand_NoBehaviors: ShortRun(IterationCount=3, LaunchCount=1, WarmupCount=3)
// *** Execute ***
// Launch: 1 / 1
// Execute: dotnet "EricksonLopez.Mediator.Benchmarks-.NET 10.0-1.dll" --anonymousPipes 107 108 --benchmarkName EricksonLopez.Mediator.Benchmarks.MediatorBenchmarks.SendCommand_NoBehaviors --job ShortRun --benchmarkId 10 in /home/runner/work/dotnet-mediator/dotnet-mediator/benchmarks/EricksonLopez.Mediator.Benchmarks/bin/Release/net10.0/EricksonLopez.Mediator.Benchmarks-.NET 10.0-1/bin/Release/net10.0
// Failed to set up high priority (Permission denied). In order to run benchmarks with high priority, make sure you have the right permissions.
// BeforeAnythingElse

// Benchmark Process Environment Information:
// BenchmarkDotNet v0.15.8
// Runtime=.NET 10.0.12 (10.0.12, 10.0.1226.42308), X64 RyuJIT x86-64-v3
// GC=Concurrent Workstation
// HardwareIntrinsics=AVX2+BMI1+BMI2+F16C+FMA+LZCNT+MOVBE,AVX,SSE3+SSSE3+SSE4.1+SSE4.2+POPCNT,X86Base+SSE+SSE2,AES+PCLMUL VectorSize=256
// Job: ShortRun(IterationCount=3, LaunchCount=1, WarmupCount=3)

OverheadJitting  1: 1 op, 243112.00 ns, 243.1120 us/op
WorkloadJitting  1: 1 op, 1555625.00 ns, 1.5556 ms/op

OverheadJitting  2: 16 op, 522112.00 ns, 32.6320 us/op
WorkloadJitting  2: 16 op, 510841.00 ns, 31.9276 us/op

WorkloadPilot    1: 16 op, 7584.00 ns, 474.0000 ns/op
WorkloadPilot    2: 32 op, 11071.00 ns, 345.9688 ns/op
WorkloadPilot    3: 64 op, 17322.00 ns, 270.6563 ns/op
WorkloadPilot    4: 128 op, 31950.00 ns, 249.6094 ns/op
WorkloadPilot    5: 256 op, 58840.00 ns, 229.8438 ns/op
WorkloadPilot    6: 512 op, 115695.00 ns, 225.9668 ns/op
WorkloadPilot    7: 1024 op, 253762.00 ns, 247.8145 ns/op
WorkloadPilot    8: 2048 op, 478460.00 ns, 233.6230 ns/op
WorkloadPilot    9: 4096 op, 924761.00 ns, 225.7717 ns/op
WorkloadPilot   10: 8192 op, 1904614.00 ns, 232.4968 ns/op
WorkloadPilot   11: 16384 op, 3803859.00 ns, 232.1691 ns/op
WorkloadPilot   12: 32768 op, 7467858.00 ns, 227.9009 ns/op
WorkloadPilot   13: 65536 op, 14825430.00 ns, 226.2181 ns/op
WorkloadPilot   14: 131072 op, 29496652.00 ns, 225.0416 ns/op
WorkloadPilot   15: 262144 op, 59232848.00 ns, 225.9554 ns/op
WorkloadPilot   16: 524288 op, 56887587.00 ns, 108.5045 ns/op
WorkloadPilot   17: 1048576 op, 25482643.00 ns, 24.3021 ns/op
WorkloadPilot   18: 2097152 op, 51209880.00 ns, 24.4188 ns/op
WorkloadPilot   19: 4194304 op, 102362365.00 ns, 24.4051 ns/op
WorkloadPilot   20: 8388608 op, 205603976.00 ns, 24.5099 ns/op
WorkloadPilot   21: 16777216 op, 409657227.00 ns, 24.4175 ns/op
WorkloadPilot   22: 33554432 op, 817711540.00 ns, 24.3697 ns/op

OverheadWarmup   1: 33554432 op, 143323403.00 ns, 4.2714 ns/op
OverheadWarmup   2: 33554432 op, 150005759.00 ns, 4.4705 ns/op
OverheadWarmup   3: 33554432 op, 111660719.00 ns, 3.3277 ns/op
OverheadWarmup   4: 33554432 op, 111773229.00 ns, 3.3311 ns/op
OverheadWarmup   5: 33554432 op, 111580510.00 ns, 3.3254 ns/op

OverheadActual   1: 33554432 op, 111933617.00 ns, 3.3359 ns/op
OverheadActual   2: 33554432 op, 111928827.00 ns, 3.3357 ns/op
OverheadActual   3: 33554432 op, 111693830.00 ns, 3.3287 ns/op
OverheadActual   4: 33554432 op, 111845573.00 ns, 3.3333 ns/op
OverheadActual   5: 33554432 op, 111673613.00 ns, 3.3281 ns/op
OverheadActual   6: 33554432 op, 111978570.00 ns, 3.3372 ns/op
OverheadActual   7: 33554432 op, 111853024.00 ns, 3.3335 ns/op
OverheadActual   8: 33554432 op, 112456360.00 ns, 3.3515 ns/op
OverheadActual   9: 33554432 op, 111861764.00 ns, 3.3337 ns/op
OverheadActual  10: 33554432 op, 112672922.00 ns, 3.3579 ns/op
OverheadActual  11: 33554432 op, 111741700.00 ns, 3.3302 ns/op
OverheadActual  12: 33554432 op, 111991064.00 ns, 3.3376 ns/op
OverheadActual  13: 33554432 op, 111671690.00 ns, 3.3281 ns/op
OverheadActual  14: 33554432 op, 111862104.00 ns, 3.3338 ns/op
OverheadActual  15: 33554432 op, 111788207.00 ns, 3.3315 ns/op

WorkloadWarmup   1: 33554432 op, 818908153.00 ns, 24.4054 ns/op
WorkloadWarmup   2: 33554432 op, 818852414.00 ns, 24.4037 ns/op
WorkloadWarmup   3: 33554432 op, 819635074.00 ns, 24.4270 ns/op

// BeforeActualRun
WorkloadActual   1: 33554432 op, 818962890.00 ns, 24.4070 ns/op
WorkloadActual   2: 33554432 op, 821988249.00 ns, 24.4972 ns/op
WorkloadActual   3: 33554432 op, 818216591.00 ns, 24.3848 ns/op

// AfterActualRun
WorkloadResult   1: 33554432 op, 707101126.00 ns, 21.0733 ns/op
WorkloadResult   2: 33554432 op, 710126485.00 ns, 21.1634 ns/op
WorkloadResult   3: 33554432 op, 706354827.00 ns, 21.0510 ns/op
// GC:  0 0 0 0 33554432
// Threading:  0 0 33554432

// AfterAll
// Benchmark Process 5875 has exited with code 0.

Mean = 21.096 ns, StdErr = 0.034 ns (0.16%), N = 3, StdDev = 0.060 ns
Min = 21.051 ns, Q1 = 21.062 ns, Median = 21.073 ns, Q3 = 21.118 ns, Max = 21.163 ns
IQR = 0.056 ns, LowerFence = 20.978 ns, UpperFence = 21.203 ns
ConfidenceInterval = [20.010 ns; 22.182 ns] (CI 99.9%), Margin = 1.086 ns (5.15% of Mean)
Skewness = 0.33, Kurtosis = 0.67, MValue = 2

// ** Remained 7 (19.4 %) benchmark(s) to run. Estimated finish 2026-09-20 7:26 (0h 2m from now) **
// **************************
// Benchmark: MediatorBenchmarks.SendQuery_NoBehaviors: ShortRun(IterationCount=3, LaunchCount=1, WarmupCount=3)
// *** Execute ***
// Launch: 1 / 1
// Execute: dotnet "EricksonLopez.Mediator.Benchmarks-.NET 10.0-1.dll" --anonymousPipes 107 108 --benchmarkName EricksonLopez.Mediator.Benchmarks.MediatorBenchmarks.SendQuery_NoBehaviors --job ShortRun --benchmarkId 11 in /home/runner/work/dotnet-mediator/dotnet-mediator/benchmarks/EricksonLopez.Mediator.Benchmarks/bin/Release/net10.0/EricksonLopez.Mediator.Benchmarks-.NET 10.0-1/bin/Release/net10.0
// Failed to set up high priority (Permission denied). In order to run benchmarks with high priority, make sure you have the right permissions.
// BeforeAnythingElse

// Benchmark Process Environment Information:
// BenchmarkDotNet v0.15.8
// Runtime=.NET 10.0.12 (10.0.12, 10.0.1226.42308), X64 RyuJIT x86-64-v3
// GC=Concurrent Workstation
// HardwareIntrinsics=AVX2+BMI1+BMI2+F16C+FMA+LZCNT+MOVBE,AVX,SSE3+SSSE3+SSE4.1+SSE4.2+POPCNT,X86Base+SSE+SSE2,AES+PCLMUL VectorSize=256
// Job: ShortRun(IterationCount=3, LaunchCount=1, WarmupCount=3)

OverheadJitting  1: 1 op, 217615.00 ns, 217.6150 us/op
WorkloadJitting  1: 1 op, 1263281.00 ns, 1.2633 ms/op

OverheadJitting  2: 16 op, 450629.00 ns, 28.1643 us/op
WorkloadJitting  2: 16 op, 491385.00 ns, 30.7116 us/op

WorkloadPilot    1: 16 op, 8475.00 ns, 529.6875 ns/op
WorkloadPilot    2: 32 op, 12673.00 ns, 396.0313 ns/op
WorkloadPilot    3: 64 op, 21119.00 ns, 329.9844 ns/op
WorkloadPilot    4: 128 op, 38051.00 ns, 297.2734 ns/op
WorkloadPilot    5: 256 op, 62096.00 ns, 242.5625 ns/op
WorkloadPilot    6: 512 op, 112389.00 ns, 219.5098 ns/op
WorkloadPilot    7: 1024 op, 218577.00 ns, 213.4541 ns/op
WorkloadPilot    8: 2048 op, 566444.00 ns, 276.5840 ns/op
WorkloadPilot    9: 4096 op, 831658.00 ns, 203.0415 ns/op
WorkloadPilot   10: 8192 op, 1694003.00 ns, 206.7875 ns/op
WorkloadPilot   11: 16384 op, 3360905.00 ns, 205.1334 ns/op
WorkloadPilot   12: 32768 op, 6681466.00 ns, 203.9022 ns/op
WorkloadPilot   13: 65536 op, 13391393.00 ns, 204.3364 ns/op
WorkloadPilot   14: 131072 op, 26885578.00 ns, 205.1207 ns/op
WorkloadPilot   15: 262144 op, 53689705.00 ns, 204.8100 ns/op
WorkloadPilot   16: 524288 op, 60787846.00 ns, 115.9436 ns/op
WorkloadPilot   17: 1048576 op, 20234330.00 ns, 19.2970 ns/op
WorkloadPilot   18: 2097152 op, 39711219.00 ns, 18.9358 ns/op
WorkloadPilot   19: 4194304 op, 79604376.00 ns, 18.9792 ns/op
WorkloadPilot   20: 8388608 op, 159416479.00 ns, 19.0039 ns/op
WorkloadPilot   21: 16777216 op, 318186606.00 ns, 18.9654 ns/op
WorkloadPilot   22: 33554432 op, 637347806.00 ns, 18.9944 ns/op

OverheadWarmup   1: 33554432 op, 142534369.00 ns, 4.2479 ns/op
OverheadWarmup   2: 33554432 op, 149142328.00 ns, 4.4448 ns/op
OverheadWarmup   3: 33554432 op, 111365790.00 ns, 3.3190 ns/op
OverheadWarmup   4: 33554432 op, 111193118.00 ns, 3.3138 ns/op
OverheadWarmup   5: 33554432 op, 111121736.00 ns, 3.3117 ns/op
OverheadWarmup   6: 33554432 op, 111119071.00 ns, 3.3116 ns/op
OverheadWarmup   7: 33554432 op, 111122136.00 ns, 3.3117 ns/op
OverheadWarmup   8: 33554432 op, 111311078.00 ns, 3.3173 ns/op
OverheadWarmup   9: 33554432 op, 111466351.00 ns, 3.3220 ns/op
OverheadWarmup  10: 33554432 op, 111395760.00 ns, 3.3199 ns/op

OverheadActual   1: 33554432 op, 111247765.00 ns, 3.3154 ns/op
OverheadActual   2: 33554432 op, 111071497.00 ns, 3.3102 ns/op
OverheadActual   3: 33554432 op, 111052350.00 ns, 3.3096 ns/op
OverheadActual   4: 33554432 op, 111089079.00 ns, 3.3107 ns/op
OverheadActual   5: 33554432 op, 111179788.00 ns, 3.3134 ns/op
OverheadActual   6: 33554432 op, 111076102.00 ns, 3.3103 ns/op
OverheadActual   7: 33554432 op, 111320479.00 ns, 3.3176 ns/op
OverheadActual   8: 33554432 op, 111082637.00 ns, 3.3105 ns/op
OverheadActual   9: 33554432 op, 111614297.00 ns, 3.3264 ns/op
OverheadActual  10: 33554432 op, 111186290.00 ns, 3.3136 ns/op
OverheadActual  11: 33554432 op, 110985126.00 ns, 3.3076 ns/op
OverheadActual  12: 33554432 op, 111212088.00 ns, 3.3144 ns/op
OverheadActual  13: 33554432 op, 111097043.00 ns, 3.3109 ns/op
OverheadActual  14: 33554432 op, 111136397.00 ns, 3.3121 ns/op
OverheadActual  15: 33554432 op, 111223309.00 ns, 3.3147 ns/op

WorkloadWarmup   1: 33554432 op, 636090978.00 ns, 18.9570 ns/op
WorkloadWarmup   2: 33554432 op, 636544161.00 ns, 18.9705 ns/op
WorkloadWarmup   3: 33554432 op, 635795358.00 ns, 18.9482 ns/op

// BeforeActualRun
WorkloadActual   1: 33554432 op, 636285971.00 ns, 18.9628 ns/op
WorkloadActual   2: 33554432 op, 635729525.00 ns, 18.9462 ns/op
WorkloadActual   3: 33554432 op, 638235079.00 ns, 19.0209 ns/op

// AfterActualRun
WorkloadResult   1: 33554432 op, 525149574.00 ns, 15.6507 ns/op
WorkloadResult   2: 33554432 op, 524593128.00 ns, 15.6341 ns/op
WorkloadResult   3: 33554432 op, 527098682.00 ns, 15.7088 ns/op
// GC:  0 0 0 0 33554432
// Threading:  0 0 33554432

// AfterAll
// Benchmark Process 5884 has exited with code 0.

Mean = 15.665 ns, StdErr = 0.023 ns (0.14%), N = 3, StdDev = 0.039 ns
Min = 15.634 ns, Q1 = 15.642 ns, Median = 15.651 ns, Q3 = 15.680 ns, Max = 15.709 ns
IQR = 0.037 ns, LowerFence = 15.586 ns, UpperFence = 15.736 ns
ConfidenceInterval = [14.949 ns; 16.380 ns] (CI 99.9%), Margin = 0.715 ns (4.57% of Mean)
Skewness = 0.31, Kurtosis = 0.67, MValue = 2

// ** Remained 6 (16.7 %) benchmark(s) to run. Estimated finish 2026-09-20 7:25 (0h 2m from now) **
// **************************
// Benchmark: MediatorBenchmarks.SendCommand_OneBehavior: ShortRun(IterationCount=3, LaunchCount=1, WarmupCount=3)
// *** Execute ***
// Launch: 1 / 1
// Execute: dotnet "EricksonLopez.Mediator.Benchmarks-.NET 10.0-1.dll" --anonymousPipes 107 108 --benchmarkName EricksonLopez.Mediator.Benchmarks.MediatorBenchmarks.SendCommand_OneBehavior --job ShortRun --benchmarkId 12 in /home/runner/work/dotnet-mediator/dotnet-mediator/benchmarks/EricksonLopez.Mediator.Benchmarks/bin/Release/net10.0/EricksonLopez.Mediator.Benchmarks-.NET 10.0-1/bin/Release/net10.0
// Failed to set up high priority (Permission denied). In order to run benchmarks with high priority, make sure you have the right permissions.
// BeforeAnythingElse

// Benchmark Process Environment Information:
// BenchmarkDotNet v0.15.8
// Runtime=.NET 10.0.12 (10.0.12, 10.0.1226.42308), X64 RyuJIT x86-64-v3
// GC=Concurrent Workstation
// HardwareIntrinsics=AVX2+BMI1+BMI2+F16C+FMA+LZCNT+MOVBE,AVX,SSE3+SSSE3+SSE4.1+SSE4.2+POPCNT,X86Base+SSE+SSE2,AES+PCLMUL VectorSize=256
// Job: ShortRun(IterationCount=3, LaunchCount=1, WarmupCount=3)

OverheadJitting  1: 1 op, 251197.00 ns, 251.1970 us/op
WorkloadJitting  1: 1 op, 2356135.00 ns, 2.3561 ms/op

OverheadJitting  2: 16 op, 457942.00 ns, 28.6214 us/op
WorkloadJitting  2: 16 op, 450649.00 ns, 28.1656 us/op

WorkloadPilot    1: 16 op, 16190.00 ns, 1.0119 us/op
WorkloadPilot    2: 32 op, 26289.00 ns, 821.5313 ns/op
WorkloadPilot    3: 64 op, 34494.00 ns, 538.9688 ns/op
WorkloadPilot    4: 128 op, 71183.00 ns, 556.1172 ns/op
WorkloadPilot    5: 256 op, 128148.00 ns, 500.5781 ns/op
WorkloadPilot    6: 512 op, 251659.00 ns, 491.5215 ns/op
WorkloadPilot    7: 1024 op, 506893.00 ns, 495.0127 ns/op
WorkloadPilot    8: 2048 op, 957121.00 ns, 467.3442 ns/op
WorkloadPilot    9: 4096 op, 1964236.00 ns, 479.5498 ns/op
WorkloadPilot   10: 8192 op, 3923782.00 ns, 478.9773 ns/op
WorkloadPilot   11: 16384 op, 7621133.00 ns, 465.1570 ns/op
WorkloadPilot   12: 32768 op, 15067481.00 ns, 459.8230 ns/op
WorkloadPilot   13: 65536 op, 30630223.00 ns, 467.3801 ns/op
WorkloadPilot   14: 131072 op, 60458585.00 ns, 461.2624 ns/op
WorkloadPilot   15: 262144 op, 67231048.00 ns, 256.4661 ns/op
WorkloadPilot   16: 524288 op, 26790989.00 ns, 51.0998 ns/op
WorkloadPilot   17: 1048576 op, 52969607.00 ns, 50.5158 ns/op
WorkloadPilot   18: 2097152 op, 105761314.00 ns, 50.4309 ns/op
WorkloadPilot   19: 4194304 op, 211930096.00 ns, 50.5281 ns/op
WorkloadPilot   20: 8388608 op, 423422197.00 ns, 50.4759 ns/op
WorkloadPilot   21: 16777216 op, 847165090.00 ns, 50.4950 ns/op

OverheadWarmup   1: 16777216 op, 71596783.00 ns, 4.2675 ns/op
OverheadWarmup   2: 16777216 op, 71473143.00 ns, 4.2601 ns/op
OverheadWarmup   3: 16777216 op, 72494313.00 ns, 4.3210 ns/op
OverheadWarmup   4: 16777216 op, 55537045.00 ns, 3.3103 ns/op
OverheadWarmup   5: 16777216 op, 55502441.00 ns, 3.3082 ns/op
OverheadWarmup   6: 16777216 op, 55592519.00 ns, 3.3136 ns/op
OverheadWarmup   7: 16777216 op, 55731187.00 ns, 3.3218 ns/op
OverheadWarmup   8: 16777216 op, 56000620.00 ns, 3.3379 ns/op
OverheadWarmup   9: 16777216 op, 55528239.00 ns, 3.3097 ns/op

OverheadActual   1: 16777216 op, 55884952.00 ns, 3.3310 ns/op
OverheadActual   2: 16777216 op, 56460123.00 ns, 3.3653 ns/op
OverheadActual   3: 16777216 op, 56286791.00 ns, 3.3550 ns/op
OverheadActual   4: 16777216 op, 55792451.00 ns, 3.3255 ns/op
OverheadActual   5: 16777216 op, 55506699.00 ns, 3.3085 ns/op
OverheadActual   6: 16777216 op, 55618006.00 ns, 3.3151 ns/op
OverheadActual   7: 16777216 op, 55611544.00 ns, 3.3147 ns/op
OverheadActual   8: 16777216 op, 55545050.00 ns, 3.3107 ns/op
OverheadActual   9: 16777216 op, 55635849.00 ns, 3.3162 ns/op
OverheadActual  10: 16777216 op, 55541463.00 ns, 3.3105 ns/op
OverheadActual  11: 16777216 op, 56454082.00 ns, 3.3649 ns/op
OverheadActual  12: 16777216 op, 55764309.00 ns, 3.3238 ns/op
OverheadActual  13: 16777216 op, 55648583.00 ns, 3.3169 ns/op
OverheadActual  14: 16777216 op, 55578462.00 ns, 3.3127 ns/op
OverheadActual  15: 16777216 op, 55581398.00 ns, 3.3129 ns/op

WorkloadWarmup   1: 16777216 op, 846376911.00 ns, 50.4480 ns/op
WorkloadWarmup   2: 16777216 op, 847116488.00 ns, 50.4921 ns/op
WorkloadWarmup   3: 16777216 op, 846014448.00 ns, 50.4264 ns/op

// BeforeActualRun
WorkloadActual   1: 16777216 op, 847332421.00 ns, 50.5049 ns/op
WorkloadActual   2: 16777216 op, 847522752.00 ns, 50.5163 ns/op
WorkloadActual   3: 16777216 op, 845659457.00 ns, 50.4052 ns/op

// AfterActualRun
WorkloadResult   1: 16777216 op, 791696572.00 ns, 47.1888 ns/op
WorkloadResult   2: 16777216 op, 791886903.00 ns, 47.2001 ns/op
WorkloadResult   3: 16777216 op, 790023608.00 ns, 47.0891 ns/op
// GC:  0 0 0 0 16777216
// Threading:  0 0 16777216

// AfterAll
// Benchmark Process 5896 has exited with code 0.

Mean = 47.159 ns, StdErr = 0.035 ns (0.07%), N = 3, StdDev = 0.061 ns
Min = 47.089 ns, Q1 = 47.139 ns, Median = 47.189 ns, Q3 = 47.194 ns, Max = 47.200 ns
IQR = 0.056 ns, LowerFence = 47.056 ns, UpperFence = 47.278 ns
ConfidenceInterval = [46.044 ns; 48.274 ns] (CI 99.9%), Margin = 1.115 ns (2.36% of Mean)
Skewness = -0.37, Kurtosis = 0.67, MValue = 2

// ** Remained 5 (13.9 %) benchmark(s) to run. Estimated finish 2026-09-20 7:25 (0h 1m from now) **
// **************************
// Benchmark: MediatorBenchmarks.SendCommand_FiveBehaviors: ShortRun(IterationCount=3, LaunchCount=1, WarmupCount=3)
// *** Execute ***
// Launch: 1 / 1
// Execute: dotnet "EricksonLopez.Mediator.Benchmarks-.NET 10.0-1.dll" --anonymousPipes 107 108 --benchmarkName EricksonLopez.Mediator.Benchmarks.MediatorBenchmarks.SendCommand_FiveBehaviors --job ShortRun --benchmarkId 13 in /home/runner/work/dotnet-mediator/dotnet-mediator/benchmarks/EricksonLopez.Mediator.Benchmarks/bin/Release/net10.0/EricksonLopez.Mediator.Benchmarks-.NET 10.0-1/bin/Release/net10.0
// Failed to set up high priority (Permission denied). In order to run benchmarks with high priority, make sure you have the right permissions.
// BeforeAnythingElse

// Benchmark Process Environment Information:
// BenchmarkDotNet v0.15.8
// Runtime=.NET 10.0.12 (10.0.12, 10.0.1226.42308), X64 RyuJIT x86-64-v3
// GC=Concurrent Workstation
// HardwareIntrinsics=AVX2+BMI1+BMI2+F16C+FMA+LZCNT+MOVBE,AVX,SSE3+SSSE3+SSE4.1+SSE4.2+POPCNT,X86Base+SSE+SSE2,AES+PCLMUL VectorSize=256
// Job: ShortRun(IterationCount=3, LaunchCount=1, WarmupCount=3)

OverheadJitting  1: 1 op, 222454.00 ns, 222.4540 us/op
WorkloadJitting  1: 1 op, 4735603.00 ns, 4.7356 ms/op

OverheadJitting  2: 16 op, 447343.00 ns, 27.9589 us/op
WorkloadJitting  2: 16 op, 528013.00 ns, 33.0008 us/op

WorkloadPilot    1: 16 op, 40275.00 ns, 2.5172 us/op
WorkloadPilot    2: 32 op, 63819.00 ns, 1.9943 us/op
WorkloadPilot    3: 64 op, 112248.00 ns, 1.7539 us/op
WorkloadPilot    4: 128 op, 210702.00 ns, 1.6461 us/op
WorkloadPilot    5: 256 op, 405234.00 ns, 1.5829 us/op
WorkloadPilot    6: 512 op, 818383.00 ns, 1.5984 us/op
WorkloadPilot    7: 1024 op, 1656152.00 ns, 1.6173 us/op
WorkloadPilot    8: 2048 op, 3339325.00 ns, 1.6305 us/op
WorkloadPilot    9: 4096 op, 6576879.00 ns, 1.6057 us/op
WorkloadPilot   10: 8192 op, 12980096.00 ns, 1.5845 us/op
WorkloadPilot   11: 16384 op, 26504074.00 ns, 1.6177 us/op
WorkloadPilot   12: 32768 op, 51728547.00 ns, 1.5786 us/op
WorkloadPilot   13: 65536 op, 88898650.00 ns, 1.3565 us/op
WorkloadPilot   14: 131072 op, 31113182.00 ns, 237.3747 ns/op
WorkloadPilot   15: 262144 op, 49314544.00 ns, 188.1201 ns/op
WorkloadPilot   16: 524288 op, 98976485.00 ns, 188.7827 ns/op
WorkloadPilot   17: 1048576 op, 197425529.00 ns, 188.2797 ns/op
WorkloadPilot   18: 2097152 op, 395025182.00 ns, 188.3627 ns/op
WorkloadPilot   19: 4194304 op, 789101978.00 ns, 188.1366 ns/op

OverheadWarmup   1: 4194304 op, 17793203.00 ns, 4.2422 ns/op
OverheadWarmup   2: 4194304 op, 18024884.00 ns, 4.2975 ns/op
OverheadWarmup   3: 4194304 op, 17797621.00 ns, 4.2433 ns/op
OverheadWarmup   4: 4194304 op, 17834921.00 ns, 4.2522 ns/op
OverheadWarmup   5: 4194304 op, 17857032.00 ns, 4.2574 ns/op
OverheadWarmup   6: 4194304 op, 17935879.00 ns, 4.2762 ns/op
OverheadWarmup   7: 4194304 op, 17786130.00 ns, 4.2405 ns/op

OverheadActual   1: 4194304 op, 17834079.00 ns, 4.2520 ns/op
OverheadActual   2: 4194304 op, 17899250.00 ns, 4.2675 ns/op
OverheadActual   3: 4194304 op, 17827407.00 ns, 4.2504 ns/op
OverheadActual   4: 4194304 op, 18049901.00 ns, 4.3034 ns/op
OverheadActual   5: 4194304 op, 17841032.00 ns, 4.2536 ns/op
OverheadActual   6: 4194304 op, 17862823.00 ns, 4.2588 ns/op
OverheadActual   7: 4194304 op, 17827557.00 ns, 4.2504 ns/op
OverheadActual   8: 4194304 op, 18512602.00 ns, 4.4137 ns/op
OverheadActual   9: 4194304 op, 17851382.00 ns, 4.2561 ns/op
OverheadActual  10: 4194304 op, 17827056.00 ns, 4.2503 ns/op
OverheadActual  11: 4194304 op, 17913406.00 ns, 4.2709 ns/op
OverheadActual  12: 4194304 op, 17810154.00 ns, 4.2463 ns/op
OverheadActual  13: 4194304 op, 17806999.00 ns, 4.2455 ns/op
OverheadActual  14: 4194304 op, 17824692.00 ns, 4.2497 ns/op
OverheadActual  15: 4194304 op, 23180760.00 ns, 5.5267 ns/op

WorkloadWarmup   1: 4194304 op, 789548369.00 ns, 188.2430 ns/op
WorkloadWarmup   2: 4194304 op, 789467418.00 ns, 188.2237 ns/op
WorkloadWarmup   3: 4194304 op, 789581901.00 ns, 188.2510 ns/op

// BeforeActualRun
WorkloadActual   1: 4194304 op, 789543660.00 ns, 188.2419 ns/op
WorkloadActual   2: 4194304 op, 789268217.00 ns, 188.1762 ns/op
WorkloadActual   3: 4194304 op, 789131132.00 ns, 188.1435 ns/op

// AfterActualRun
WorkloadResult   1: 4194304 op, 771702628.00 ns, 183.9882 ns/op
WorkloadResult   2: 4194304 op, 771427185.00 ns, 183.9226 ns/op
WorkloadResult   3: 4194304 op, 771290100.00 ns, 183.8899 ns/op
// GC:  0 0 0 0 4194304
// Threading:  0 0 4194304

// AfterAll
// Benchmark Process 5907 has exited with code 0.

Mean = 183.934 ns, StdErr = 0.029 ns (0.02%), N = 3, StdDev = 0.050 ns
Min = 183.890 ns, Q1 = 183.906 ns, Median = 183.923 ns, Q3 = 183.955 ns, Max = 183.988 ns
IQR = 0.049 ns, LowerFence = 183.832 ns, UpperFence = 184.029 ns
ConfidenceInterval = [183.020 ns; 184.847 ns] (CI 99.9%), Margin = 0.914 ns (0.50% of Mean)
Skewness = 0.21, Kurtosis = 0.67, MValue = 2

// ** Remained 4 (11.1 %) benchmark(s) to run. Estimated finish 2026-09-20 7:25 (0h 1m from now) **
// **************************
// Benchmark: MediatorBenchmarks.PublishNotification_OneHandler: ShortRun(IterationCount=3, LaunchCount=1, WarmupCount=3)
// *** Execute ***
// Launch: 1 / 1
// Execute: dotnet "EricksonLopez.Mediator.Benchmarks-.NET 10.0-1.dll" --anonymousPipes 107 108 --benchmarkName EricksonLopez.Mediator.Benchmarks.MediatorBenchmarks.PublishNotification_OneHandler --job ShortRun --benchmarkId 14 in /home/runner/work/dotnet-mediator/dotnet-mediator/benchmarks/EricksonLopez.Mediator.Benchmarks/bin/Release/net10.0/EricksonLopez.Mediator.Benchmarks-.NET 10.0-1/bin/Release/net10.0
// Failed to set up high priority (Permission denied). In order to run benchmarks with high priority, make sure you have the right permissions.
// BeforeAnythingElse

// Benchmark Process Environment Information:
// BenchmarkDotNet v0.15.8
// Runtime=.NET 10.0.12 (10.0.12, 10.0.1226.42308), X64 RyuJIT x86-64-v3
// GC=Concurrent Workstation
// HardwareIntrinsics=AVX2+BMI1+BMI2+F16C+FMA+LZCNT+MOVBE,AVX,SSE3+SSSE3+SSE4.1+SSE4.2+POPCNT,X86Base+SSE+SSE2,AES+PCLMUL VectorSize=256
// Job: ShortRun(IterationCount=3, LaunchCount=1, WarmupCount=3)

OverheadJitting  1: 1 op, 168704.00 ns, 168.7040 us/op
WorkloadJitting  1: 1 op, 2743946.00 ns, 2.7439 ms/op

OverheadJitting  2: 16 op, 195483.00 ns, 12.2177 us/op
WorkloadJitting  2: 16 op, 1728396.00 ns, 108.0248 us/op

WorkloadPilot    1: 16 op, 124692.00 ns, 7.7933 us/op
WorkloadPilot    2: 32 op, 18705.00 ns, 584.5313 ns/op
WorkloadPilot    3: 64 op, 30096.00 ns, 470.2500 ns/op
WorkloadPilot    4: 128 op, 98092.00 ns, 766.3438 ns/op
WorkloadPilot    5: 256 op, 120815.00 ns, 471.9336 ns/op
WorkloadPilot    6: 512 op, 206945.00 ns, 404.1895 ns/op
WorkloadPilot    7: 1024 op, 404984.00 ns, 395.4922 ns/op
WorkloadPilot    8: 2048 op, 828713.00 ns, 404.6450 ns/op
WorkloadPilot    9: 4096 op, 1600950.00 ns, 390.8569 ns/op
WorkloadPilot   10: 8192 op, 3434282.00 ns, 419.2239 ns/op
WorkloadPilot   11: 16384 op, 6698546.00 ns, 408.8468 ns/op
WorkloadPilot   12: 32768 op, 13991098.00 ns, 426.9744 ns/op
WorkloadPilot   13: 65536 op, 27234343.00 ns, 415.5631 ns/op
WorkloadPilot   14: 131072 op, 54444141.00 ns, 415.3758 ns/op
WorkloadPilot   15: 262144 op, 63517055.00 ns, 242.2983 ns/op
WorkloadPilot   16: 524288 op, 25918805.00 ns, 49.4362 ns/op
WorkloadPilot   17: 1048576 op, 44925459.00 ns, 42.8443 ns/op
WorkloadPilot   18: 2097152 op, 89661195.00 ns, 42.7538 ns/op
WorkloadPilot   19: 4194304 op, 176418193.00 ns, 42.0614 ns/op
WorkloadPilot   20: 8388608 op, 350509095.00 ns, 41.7839 ns/op
WorkloadPilot   21: 16777216 op, 702883510.00 ns, 41.8951 ns/op

OverheadWarmup   1: 16777216 op, 37964973.00 ns, 2.2629 ns/op
OverheadWarmup   2: 16777216 op, 37967857.00 ns, 2.2631 ns/op
OverheadWarmup   3: 16777216 op, 37861920.00 ns, 2.2567 ns/op
OverheadWarmup   4: 16777216 op, 37861831.00 ns, 2.2567 ns/op
OverheadWarmup   5: 16777216 op, 37863644.00 ns, 2.2568 ns/op
OverheadWarmup   6: 16777216 op, 37952790.00 ns, 2.2622 ns/op
OverheadWarmup   7: 16777216 op, 37925079.00 ns, 2.2605 ns/op

OverheadActual   1: 16777216 op, 37958370.00 ns, 2.2625 ns/op
OverheadActual   2: 16777216 op, 37900863.00 ns, 2.2591 ns/op
OverheadActual   3: 16777216 op, 37974050.00 ns, 2.2634 ns/op
OverheadActual   4: 16777216 op, 38096397.00 ns, 2.2707 ns/op
OverheadActual   5: 16777216 op, 38062073.00 ns, 2.2687 ns/op
OverheadActual   6: 16777216 op, 37874634.00 ns, 2.2575 ns/op
OverheadActual   7: 16777216 op, 37912214.00 ns, 2.2597 ns/op
OverheadActual   8: 16777216 op, 38096547.00 ns, 2.2707 ns/op
OverheadActual   9: 16777216 op, 46600133.00 ns, 2.7776 ns/op
OverheadActual  10: 16777216 op, 27464120.00 ns, 1.6370 ns/op
OverheadActual  11: 16777216 op, 27440186.00 ns, 1.6356 ns/op
OverheadActual  12: 16777216 op, 27558245.00 ns, 1.6426 ns/op
OverheadActual  13: 16777216 op, 27429757.00 ns, 1.6349 ns/op
OverheadActual  14: 16777216 op, 27442039.00 ns, 1.6357 ns/op
OverheadActual  15: 16777216 op, 27441288.00 ns, 1.6356 ns/op
OverheadActual  16: 16777216 op, 27498975.00 ns, 1.6391 ns/op
OverheadActual  17: 16777216 op, 27681064.00 ns, 1.6499 ns/op
OverheadActual  18: 16777216 op, 27479729.00 ns, 1.6379 ns/op
OverheadActual  19: 16777216 op, 27433333.00 ns, 1.6352 ns/op
OverheadActual  20: 16777216 op, 27457207.00 ns, 1.6366 ns/op

WorkloadWarmup   1: 16777216 op, 704267365.00 ns, 41.9776 ns/op
WorkloadWarmup   2: 16777216 op, 705381939.00 ns, 42.0440 ns/op
WorkloadWarmup   3: 16777216 op, 702022748.00 ns, 41.8438 ns/op

// BeforeActualRun
WorkloadActual   1: 16777216 op, 707346044.00 ns, 42.1611 ns/op
WorkloadActual   2: 16777216 op, 701799592.00 ns, 41.8305 ns/op
WorkloadActual   3: 16777216 op, 703281591.00 ns, 41.9188 ns/op

// AfterActualRun
WorkloadResult   1: 16777216 op, 679726389.50 ns, 40.5148 ns/op
WorkloadResult   2: 16777216 op, 674179937.50 ns, 40.1843 ns/op
WorkloadResult   3: 16777216 op, 675661936.50 ns, 40.2726 ns/op
// GC:  24 0 0 402653184 16777216
// Threading:  0 0 16777216

// AfterAll
// Benchmark Process 5916 has exited with code 0.

Mean = 40.324 ns, StdErr = 0.099 ns (0.25%), N = 3, StdDev = 0.171 ns
Min = 40.184 ns, Q1 = 40.228 ns, Median = 40.273 ns, Q3 = 40.394 ns, Max = 40.515 ns
IQR = 0.165 ns, LowerFence = 39.980 ns, UpperFence = 40.642 ns
ConfidenceInterval = [37.201 ns; 43.447 ns] (CI 99.9%), Margin = 3.123 ns (7.74% of Mean)
Skewness = 0.27, Kurtosis = 0.67, MValue = 2

// ** Remained 3 (8.3 %) benchmark(s) to run. Estimated finish 2026-09-20 7:25 (0h 0m from now) **
// **************************
// Benchmark: MediatorBenchmarks.PublishNotification_FiveHandlers: ShortRun(IterationCount=3, LaunchCount=1, WarmupCount=3)
// *** Execute ***
// Launch: 1 / 1
// Execute: dotnet "EricksonLopez.Mediator.Benchmarks-.NET 10.0-1.dll" --anonymousPipes 107 108 --benchmarkName EricksonLopez.Mediator.Benchmarks.MediatorBenchmarks.PublishNotification_FiveHandlers --job ShortRun --benchmarkId 15 in /home/runner/work/dotnet-mediator/dotnet-mediator/benchmarks/EricksonLopez.Mediator.Benchmarks/bin/Release/net10.0/EricksonLopez.Mediator.Benchmarks-.NET 10.0-1/bin/Release/net10.0
// Failed to set up high priority (Permission denied). In order to run benchmarks with high priority, make sure you have the right permissions.
// BeforeAnythingElse

// Benchmark Process Environment Information:
// BenchmarkDotNet v0.15.8
// Runtime=.NET 10.0.12 (10.0.12, 10.0.1226.42308), X64 RyuJIT x86-64-v3
// GC=Concurrent Workstation
// HardwareIntrinsics=AVX2+BMI1+BMI2+F16C+FMA+LZCNT+MOVBE,AVX,SSE3+SSSE3+SSE4.1+SSE4.2+POPCNT,X86Base+SSE+SSE2,AES+PCLMUL VectorSize=256
// Job: ShortRun(IterationCount=3, LaunchCount=1, WarmupCount=3)

OverheadJitting  1: 1 op, 198249.00 ns, 198.2490 us/op
WorkloadJitting  1: 1 op, 3146886.00 ns, 3.1469 ms/op

OverheadJitting  2: 16 op, 180897.00 ns, 11.3061 us/op
WorkloadJitting  2: 16 op, 2532704.00 ns, 158.2940 us/op

WorkloadPilot    1: 16 op, 304557.00 ns, 19.0348 us/op
WorkloadPilot    2: 32 op, 55483.00 ns, 1.7338 us/op
WorkloadPilot    3: 64 op, 94736.00 ns, 1.4803 us/op
WorkloadPilot    4: 128 op, 167802.00 ns, 1.3110 us/op
WorkloadPilot    5: 256 op, 315778.00 ns, 1.2335 us/op
WorkloadPilot    6: 512 op, 631766.00 ns, 1.2339 us/op
WorkloadPilot    7: 1024 op, 1233816.00 ns, 1.2049 us/op
WorkloadPilot    8: 2048 op, 2513508.00 ns, 1.2273 us/op
WorkloadPilot    9: 4096 op, 4808739.00 ns, 1.1740 us/op
WorkloadPilot   10: 8192 op, 9762898.00 ns, 1.1918 us/op
WorkloadPilot   11: 16384 op, 19096419.00 ns, 1.1656 us/op
WorkloadPilot   12: 32768 op, 38156058.00 ns, 1.1644 us/op
WorkloadPilot   13: 65536 op, 80514684.00 ns, 1.2286 us/op
WorkloadPilot   14: 131072 op, 55849526.00 ns, 426.0981 ns/op
WorkloadPilot   15: 262144 op, 53765457.00 ns, 205.0989 ns/op
WorkloadPilot   16: 524288 op, 105598949.00 ns, 201.4140 ns/op
WorkloadPilot   17: 1048576 op, 210843197.00 ns, 201.0757 ns/op
WorkloadPilot   18: 2097152 op, 421302862.00 ns, 200.8929 ns/op
WorkloadPilot   19: 4194304 op, 842422863.00 ns, 200.8493 ns/op

OverheadWarmup   1: 4194304 op, 9517261.00 ns, 2.2691 ns/op
OverheadWarmup   2: 4194304 op, 9501993.00 ns, 2.2655 ns/op
OverheadWarmup   3: 4194304 op, 9494048.00 ns, 2.2636 ns/op
OverheadWarmup   4: 4194304 op, 9554802.00 ns, 2.2780 ns/op
OverheadWarmup   5: 4194304 op, 9538110.00 ns, 2.2741 ns/op
OverheadWarmup   6: 4194304 op, 9556845.00 ns, 2.2785 ns/op
OverheadWarmup   7: 4194304 op, 9537489.00 ns, 2.2739 ns/op

OverheadActual   1: 4194304 op, 9532250.00 ns, 2.2727 ns/op
OverheadActual   2: 4194304 op, 9567204.00 ns, 2.2810 ns/op
OverheadActual   3: 4194304 op, 9585028.00 ns, 2.2852 ns/op
OverheadActual   4: 4194304 op, 9664295.00 ns, 2.3041 ns/op
OverheadActual   5: 4194304 op, 9557947.00 ns, 2.2788 ns/op
OverheadActual   6: 4194304 op, 9665929.00 ns, 2.3045 ns/op
OverheadActual   7: 4194304 op, 9506482.00 ns, 2.2665 ns/op
OverheadActual   8: 4194304 op, 9492465.00 ns, 2.2632 ns/op
OverheadActual   9: 4194304 op, 9493047.00 ns, 2.2633 ns/op
OverheadActual  10: 4194304 op, 9501292.00 ns, 2.2653 ns/op
OverheadActual  11: 4194304 op, 9500620.00 ns, 2.2651 ns/op
OverheadActual  12: 4194304 op, 9490642.00 ns, 2.2627 ns/op
OverheadActual  13: 4194304 op, 9518133.00 ns, 2.2693 ns/op
OverheadActual  14: 4194304 op, 9513144.00 ns, 2.2681 ns/op
OverheadActual  15: 4194304 op, 9577063.00 ns, 2.2833 ns/op

WorkloadWarmup   1: 4194304 op, 855686487.00 ns, 204.0116 ns/op
WorkloadWarmup   2: 4194304 op, 849192702.00 ns, 202.4633 ns/op
WorkloadWarmup   3: 4194304 op, 843124769.00 ns, 201.0166 ns/op

// BeforeActualRun
WorkloadActual   1: 4194304 op, 845897899.00 ns, 201.6778 ns/op
WorkloadActual   2: 4194304 op, 847078664.00 ns, 201.9593 ns/op
WorkloadActual   3: 4194304 op, 843668491.00 ns, 201.1462 ns/op

// AfterActualRun
WorkloadResult   1: 4194304 op, 836379766.00 ns, 199.4085 ns/op
WorkloadResult   2: 4194304 op, 837560531.00 ns, 199.6900 ns/op
WorkloadResult   3: 4194304 op, 834150358.00 ns, 198.8769 ns/op
// GC:  30 0 0 503316480 4194304
// Threading:  0 0 4194304

// AfterAll
// Benchmark Process 5929 has exited with code 0.

Mean = 199.325 ns, StdErr = 0.238 ns (0.12%), N = 3, StdDev = 0.413 ns
Min = 198.877 ns, Q1 = 199.143 ns, Median = 199.408 ns, Q3 = 199.549 ns, Max = 199.690 ns
IQR = 0.407 ns, LowerFence = 198.533 ns, UpperFence = 200.159 ns
ConfidenceInterval = [191.793 ns; 206.858 ns] (CI 99.9%), Margin = 7.532 ns (3.78% of Mean)
Skewness = -0.19, Kurtosis = 0.67, MValue = 2

// ** Remained 2 (5.6 %) benchmark(s) to run. Estimated finish 2026-09-20 7:25 (0h 0m from now) **
// **************************
// Benchmark: MediatorBenchmarks.PublishNotification_Parallel: ShortRun(IterationCount=3, LaunchCount=1, WarmupCount=3)
// *** Execute ***
// Launch: 1 / 1
// Execute: dotnet "EricksonLopez.Mediator.Benchmarks-.NET 10.0-1.dll" --anonymousPipes 107 108 --benchmarkName EricksonLopez.Mediator.Benchmarks.MediatorBenchmarks.PublishNotification_Parallel --job ShortRun --benchmarkId 16 in /home/runner/work/dotnet-mediator/dotnet-mediator/benchmarks/EricksonLopez.Mediator.Benchmarks/bin/Release/net10.0/EricksonLopez.Mediator.Benchmarks-.NET 10.0-1/bin/Release/net10.0
// Failed to set up high priority (Permission denied). In order to run benchmarks with high priority, make sure you have the right permissions.
// BeforeAnythingElse

// Benchmark Process Environment Information:
// BenchmarkDotNet v0.15.8
// Runtime=.NET 10.0.12 (10.0.12, 10.0.1226.42308), X64 RyuJIT x86-64-v3
// GC=Concurrent Workstation
// HardwareIntrinsics=AVX2+BMI1+BMI2+F16C+FMA+LZCNT+MOVBE,AVX,SSE3+SSSE3+SSE4.1+SSE4.2+POPCNT,X86Base+SSE+SSE2,AES+PCLMUL VectorSize=256
// Job: ShortRun(IterationCount=3, LaunchCount=1, WarmupCount=3)

OverheadJitting  1: 1 op, 202467.00 ns, 202.4670 us/op
WorkloadJitting  1: 1 op, 3217559.00 ns, 3.2176 ms/op

OverheadJitting  2: 16 op, 210642.00 ns, 13.1651 us/op
WorkloadJitting  2: 16 op, 2011162.00 ns, 125.6976 us/op

WorkloadPilot    1: 16 op, 221352.00 ns, 13.8345 us/op
WorkloadPilot    2: 32 op, 41708.00 ns, 1.3034 us/op
WorkloadPilot    3: 64 op, 69890.00 ns, 1.0920 us/op
WorkloadPilot    4: 128 op, 124662.00 ns, 973.9219 ns/op
WorkloadPilot    5: 256 op, 251238.00 ns, 981.3984 ns/op
WorkloadPilot    6: 512 op, 477348.00 ns, 932.3203 ns/op
WorkloadPilot    7: 1024 op, 957151.00 ns, 934.7178 ns/op
WorkloadPilot    8: 2048 op, 1774873.00 ns, 866.6372 ns/op
WorkloadPilot    9: 4096 op, 3698723.00 ns, 903.0085 ns/op
WorkloadPilot   10: 8192 op, 7214947.00 ns, 880.7308 ns/op
WorkloadPilot   11: 16384 op, 14534048.00 ns, 887.0879 ns/op
WorkloadPilot   12: 32768 op, 28883021.00 ns, 881.4398 ns/op
WorkloadPilot   13: 65536 op, 57433333.00 ns, 876.3631 ns/op
WorkloadPilot   14: 131072 op, 85292999.00 ns, 650.7339 ns/op
WorkloadPilot   15: 262144 op, 48662672.00 ns, 185.6334 ns/op
WorkloadPilot   16: 524288 op, 100037128.00 ns, 190.8057 ns/op
WorkloadPilot   17: 1048576 op, 195825684.00 ns, 186.7539 ns/op
WorkloadPilot   18: 2097152 op, 390173006.00 ns, 186.0490 ns/op
WorkloadPilot   19: 4194304 op, 773848670.00 ns, 184.4999 ns/op

OverheadWarmup   1: 4194304 op, 9522842.00 ns, 2.2704 ns/op
OverheadWarmup   2: 4194304 op, 9486845.00 ns, 2.2618 ns/op
OverheadWarmup   3: 4194304 op, 9558047.00 ns, 2.2788 ns/op
OverheadWarmup   4: 4194304 op, 9469853.00 ns, 2.2578 ns/op
OverheadWarmup   5: 4194304 op, 9487357.00 ns, 2.2620 ns/op
OverheadWarmup   6: 4194304 op, 9474011.00 ns, 2.2588 ns/op

OverheadActual   1: 4194304 op, 9464904.00 ns, 2.2566 ns/op
OverheadActual   2: 4194304 op, 9554501.00 ns, 2.2780 ns/op
OverheadActual   3: 4194304 op, 9487356.00 ns, 2.2620 ns/op
OverheadActual   4: 4194304 op, 9487497.00 ns, 2.2620 ns/op
OverheadActual   5: 4194304 op, 9515148.00 ns, 2.2686 ns/op
OverheadActual   6: 4194304 op, 9474202.00 ns, 2.2588 ns/op
OverheadActual   7: 4194304 op, 9501332.00 ns, 2.2653 ns/op
OverheadActual   8: 4194304 op, 9509567.00 ns, 2.2673 ns/op
OverheadActual   9: 4194304 op, 9484371.00 ns, 2.2613 ns/op
OverheadActual  10: 4194304 op, 9471907.00 ns, 2.2583 ns/op
OverheadActual  11: 4194304 op, 9457460.00 ns, 2.2548 ns/op
OverheadActual  12: 4194304 op, 9469283.00 ns, 2.2577 ns/op
OverheadActual  13: 4194304 op, 9491774.00 ns, 2.2630 ns/op
OverheadActual  14: 4194304 op, 9508546.00 ns, 2.2670 ns/op
OverheadActual  15: 4194304 op, 9475253.00 ns, 2.2591 ns/op

WorkloadWarmup   1: 4194304 op, 777945535.00 ns, 185.4767 ns/op
WorkloadWarmup   2: 4194304 op, 783596562.00 ns, 186.8240 ns/op
WorkloadWarmup   3: 4194304 op, 771364688.00 ns, 183.9077 ns/op

// BeforeActualRun
WorkloadActual   1: 4194304 op, 777636299.00 ns, 185.4029 ns/op
WorkloadActual   2: 4194304 op, 776304431.00 ns, 185.0854 ns/op
WorkloadActual   3: 4194304 op, 781477248.00 ns, 186.3187 ns/op

// AfterActualRun
WorkloadResult   1: 4194304 op, 768148943.00 ns, 183.1410 ns/op
WorkloadResult   2: 4194304 op, 766817075.00 ns, 182.8234 ns/op
WorkloadResult   3: 4194304 op, 771989892.00 ns, 184.0567 ns/op
// GC:  48 0 0 805306368 4194304
// Threading:  0 0 4194304

// AfterAll
// Benchmark Process 5945 has exited with code 0.

Mean = 183.340 ns, StdErr = 0.370 ns (0.20%), N = 3, StdDev = 0.640 ns
Min = 182.823 ns, Q1 = 182.982 ns, Median = 183.141 ns, Q3 = 183.599 ns, Max = 184.057 ns
IQR = 0.617 ns, LowerFence = 182.057 ns, UpperFence = 184.524 ns
ConfidenceInterval = [171.658 ns; 195.023 ns] (CI 99.9%), Margin = 11.683 ns (6.37% of Mean)
Skewness = 0.28, Kurtosis = 0.67, MValue = 2

// ** Remained 1 (2.8 %) benchmark(s) to run. Estimated finish 2026-09-20 7:24 (0h 0m from now) **
// **************************
// Benchmark: MediatorBenchmarks.NestedSend: ShortRun(IterationCount=3, LaunchCount=1, WarmupCount=3)
// *** Execute ***
// Launch: 1 / 1
// Execute: dotnet "EricksonLopez.Mediator.Benchmarks-.NET 10.0-1.dll" --anonymousPipes 107 108 --benchmarkName EricksonLopez.Mediator.Benchmarks.MediatorBenchmarks.NestedSend --job ShortRun --benchmarkId 17 in /home/runner/work/dotnet-mediator/dotnet-mediator/benchmarks/EricksonLopez.Mediator.Benchmarks/bin/Release/net10.0/EricksonLopez.Mediator.Benchmarks-.NET 10.0-1/bin/Release/net10.0
// Failed to set up high priority (Permission denied). In order to run benchmarks with high priority, make sure you have the right permissions.
// BeforeAnythingElse

// Benchmark Process Environment Information:
// BenchmarkDotNet v0.15.8
// Runtime=.NET 10.0.12 (10.0.12, 10.0.1226.42308), X64 RyuJIT x86-64-v3
// GC=Concurrent Workstation
// HardwareIntrinsics=AVX2+BMI1+BMI2+F16C+FMA+LZCNT+MOVBE,AVX,SSE3+SSSE3+SSE4.1+SSE4.2+POPCNT,X86Base+SSE+SSE2,AES+PCLMUL VectorSize=256
// Job: ShortRun(IterationCount=3, LaunchCount=1, WarmupCount=3)

OverheadJitting  1: 1 op, 217665.00 ns, 217.6650 us/op
WorkloadJitting  1: 1 op, 2319466.00 ns, 2.3195 ms/op

OverheadJitting  2: 16 op, 477839.00 ns, 29.8649 us/op
WorkloadJitting  2: 16 op, 489501.00 ns, 30.5938 us/op

WorkloadPilot    1: 16 op, 19055.00 ns, 1.1909 us/op
WorkloadPilot    2: 32 op, 28993.00 ns, 906.0313 ns/op
WorkloadPilot    3: 64 op, 50965.00 ns, 796.3281 ns/op
WorkloadPilot    4: 128 op, 81902.00 ns, 639.8594 ns/op
WorkloadPilot    5: 256 op, 159477.00 ns, 622.9570 ns/op
WorkloadPilot    6: 512 op, 305508.00 ns, 596.6953 ns/op
WorkloadPilot    7: 1024 op, 590800.00 ns, 576.9531 ns/op
WorkloadPilot    8: 2048 op, 1107982.00 ns, 541.0068 ns/op
WorkloadPilot    9: 4096 op, 2446473.00 ns, 597.2834 ns/op
WorkloadPilot   10: 8192 op, 4514752.00 ns, 551.1172 ns/op
WorkloadPilot   11: 16384 op, 8829371.00 ns, 538.9020 ns/op
WorkloadPilot   12: 32768 op, 17415922.00 ns, 531.4918 ns/op
WorkloadPilot   13: 65536 op, 35039228.00 ns, 534.6562 ns/op
WorkloadPilot   14: 131072 op, 69728495.00 ns, 531.9862 ns/op
WorkloadPilot   15: 262144 op, 62895731.00 ns, 239.9282 ns/op
WorkloadPilot   16: 524288 op, 43988272.00 ns, 83.9010 ns/op
WorkloadPilot   17: 1048576 op, 81599217.00 ns, 77.8191 ns/op
WorkloadPilot   18: 2097152 op, 159717827.00 ns, 76.1594 ns/op
WorkloadPilot   19: 4194304 op, 317678965.00 ns, 75.7406 ns/op
WorkloadPilot   20: 8388608 op, 629564872.00 ns, 75.0500 ns/op

OverheadWarmup   1: 8388608 op, 35973383.00 ns, 4.2884 ns/op
OverheadWarmup   2: 8388608 op, 35775433.00 ns, 4.2648 ns/op
OverheadWarmup   3: 8388608 op, 35884537.00 ns, 4.2778 ns/op
OverheadWarmup   4: 8388608 op, 35951221.00 ns, 4.2857 ns/op
OverheadWarmup   5: 8388608 op, 35878536.00 ns, 4.2771 ns/op
OverheadWarmup   6: 8388608 op, 35810930.00 ns, 4.2690 ns/op
OverheadWarmup   7: 8388608 op, 35766978.00 ns, 4.2638 ns/op
OverheadWarmup   8: 8388608 op, 36381631.00 ns, 4.3370 ns/op
OverheadWarmup   9: 8388608 op, 41182045.00 ns, 4.9093 ns/op
OverheadWarmup  10: 8388608 op, 27930655.00 ns, 3.3296 ns/op

OverheadActual   1: 8388608 op, 27923883.00 ns, 3.3288 ns/op
OverheadActual   2: 8388608 op, 28098568.00 ns, 3.3496 ns/op
OverheadActual   3: 8388608 op, 27977323.00 ns, 3.3352 ns/op
OverheadActual   4: 8388608 op, 27989094.00 ns, 3.3366 ns/op
OverheadActual   5: 8388608 op, 27985237.00 ns, 3.3361 ns/op
OverheadActual   6: 8388608 op, 27952616.00 ns, 3.3322 ns/op
OverheadActual   7: 8388608 op, 27970731.00 ns, 3.3344 ns/op
OverheadActual   8: 8388608 op, 27966532.00 ns, 3.3339 ns/op
OverheadActual   9: 8388608 op, 27895259.00 ns, 3.3254 ns/op
OverheadActual  10: 8388608 op, 31594614.00 ns, 3.7664 ns/op
OverheadActual  11: 8388608 op, 28139855.00 ns, 3.3545 ns/op
OverheadActual  12: 8388608 op, 27950282.00 ns, 3.3319 ns/op
OverheadActual  13: 8388608 op, 27915517.00 ns, 3.3278 ns/op
OverheadActual  14: 8388608 op, 28108547.00 ns, 3.3508 ns/op
OverheadActual  15: 8388608 op, 28010023.00 ns, 3.3391 ns/op

WorkloadWarmup   1: 8388608 op, 638230948.00 ns, 76.0831 ns/op
WorkloadWarmup   2: 8388608 op, 639721592.00 ns, 76.2608 ns/op
WorkloadWarmup   3: 8388608 op, 629212687.00 ns, 75.0080 ns/op

// BeforeActualRun
WorkloadActual   1: 8388608 op, 632082156.00 ns, 75.3501 ns/op
WorkloadActual   2: 8388608 op, 629756688.00 ns, 75.0728 ns/op
WorkloadActual   3: 8388608 op, 627349159.00 ns, 74.7858 ns/op

// AfterActualRun
WorkloadResult   1: 8388608 op, 604104833.00 ns, 72.0149 ns/op
WorkloadResult   2: 8388608 op, 601779365.00 ns, 71.7377 ns/op
WorkloadResult   3: 8388608 op, 599371836.00 ns, 71.4507 ns/op
// GC:  12 0 0 201326592 8388608
// Threading:  0 0 8388608

// AfterAll
// Benchmark Process 5959 has exited with code 0.

Mean = 71.734 ns, StdErr = 0.163 ns (0.23%), N = 3, StdDev = 0.282 ns
Min = 71.451 ns, Q1 = 71.594 ns, Median = 71.738 ns, Q3 = 71.876 ns, Max = 72.015 ns
IQR = 0.282 ns, LowerFence = 71.171 ns, UpperFence = 72.299 ns
ConfidenceInterval = [66.587 ns; 76.881 ns] (CI 99.9%), Margin = 5.147 ns (7.18% of Mean)
Skewness = -0.01, Kurtosis = 0.67, MValue = 2

// ** Remained 0 (0.0 %) benchmark(s) to run. Estimated finish 2026-09-20 7:24 (0h 0m from now) **
// ***** BenchmarkRunner: Finish  *****

// * Export *
  benchmarks/results/results/EricksonLopez.Mediator.Benchmarks.MediatorBenchmarks-report.csv
  benchmarks/results/results/EricksonLopez.Mediator.Benchmarks.MediatorBenchmarks-report-github.md
  benchmarks/results/results/EricksonLopez.Mediator.Benchmarks.MediatorBenchmarks-report.html
  benchmarks/results/results/EricksonLopez.Mediator.Benchmarks.MediatorBenchmarks-report-full-compressed.json
  benchmarks/results/results/EricksonLopez.Mediator.Benchmarks.MediatorBenchmarks-report-default.md

// * Detailed results *
MediatorBenchmarks.DirectCall: .NET 10.0(Runtime=.NET 10.0, Toolchain=net10.0)
Runtime = .NET 10.0.12 (10.0.12, 10.0.1226.42308), X64 RyuJIT x86-64-v3; GC = Concurrent Workstation
Mean = 0.599 ns, StdErr = 0.001 ns (0.19%), N = 13, StdDev = 0.004 ns
Min = 0.594 ns, Q1 = 0.596 ns, Median = 0.598 ns, Q3 = 0.603 ns, Max = 0.606 ns
IQR = 0.007 ns, LowerFence = 0.584 ns, UpperFence = 0.614 ns
ConfidenceInterval = [0.594 ns; 0.604 ns] (CI 99.9%), Margin = 0.005 ns (0.84% of Mean)
Skewness = 0.09, Kurtosis = 1.24, MValue = 2
-------------------- Histogram --------------------
[0.591 ns ; 0.608 ns) | @@@@@@@@@@@@@
---------------------------------------------------

MediatorBenchmarks.SendCommand_NoBehaviors: .NET 10.0(Runtime=.NET 10.0, Toolchain=net10.0)
Runtime = .NET 10.0.12 (10.0.12, 10.0.1226.42308), X64 RyuJIT x86-64-v3; GC = Concurrent Workstation
Mean = 21.037 ns, StdErr = 0.007 ns (0.03%), N = 14, StdDev = 0.026 ns
Min = 20.997 ns, Q1 = 21.017 ns, Median = 21.041 ns, Q3 = 21.049 ns, Max = 21.092 ns
IQR = 0.032 ns, LowerFence = 20.970 ns, UpperFence = 21.097 ns
ConfidenceInterval = [21.007 ns; 21.067 ns] (CI 99.9%), Margin = 0.030 ns (0.14% of Mean)
Skewness = 0.31, Kurtosis = 2.22, MValue = 2
-------------------- Histogram --------------------
[20.983 ns ; 21.107 ns) | @@@@@@@@@@@@@@
---------------------------------------------------

MediatorBenchmarks.SendQuery_NoBehaviors: .NET 10.0(Runtime=.NET 10.0, Toolchain=net10.0)
Runtime = .NET 10.0.12 (10.0.12, 10.0.1226.42308), X64 RyuJIT x86-64-v3; GC = Concurrent Workstation
Mean = 15.811 ns, StdErr = 0.006 ns (0.04%), N = 14, StdDev = 0.022 ns
Min = 15.780 ns, Q1 = 15.795 ns, Median = 15.811 ns, Q3 = 15.819 ns, Max = 15.863 ns
IQR = 0.024 ns, LowerFence = 15.760 ns, UpperFence = 15.854 ns
ConfidenceInterval = [15.786 ns; 15.835 ns] (CI 99.9%), Margin = 0.024 ns (0.15% of Mean)
Skewness = 0.78, Kurtosis = 3.01, MValue = 2
-------------------- Histogram --------------------
[15.768 ns ; 15.875 ns) | @@@@@@@@@@@@@@
---------------------------------------------------

MediatorBenchmarks.SendCommand_OneBehavior: .NET 10.0(Runtime=.NET 10.0, Toolchain=net10.0)
Runtime = .NET 10.0.12 (10.0.12, 10.0.1226.42308), X64 RyuJIT x86-64-v3; GC = Concurrent Workstation
Mean = 47.186 ns, StdErr = 0.014 ns (0.03%), N = 14, StdDev = 0.051 ns
Min = 47.100 ns, Q1 = 47.148 ns, Median = 47.170 ns, Q3 = 47.230 ns, Max = 47.270 ns
IQR = 0.083 ns, LowerFence = 47.024 ns, UpperFence = 47.354 ns
ConfidenceInterval = [47.128 ns; 47.243 ns] (CI 99.9%), Margin = 0.057 ns (0.12% of Mean)
Skewness = 0.14, Kurtosis = 1.6, MValue = 2
-------------------- Histogram --------------------
[47.073 ns ; 47.298 ns) | @@@@@@@@@@@@@@
---------------------------------------------------

MediatorBenchmarks.SendCommand_FiveBehaviors: .NET 10.0(Runtime=.NET 10.0, Toolchain=net10.0)
Runtime = .NET 10.0.12 (10.0.12, 10.0.1226.42308), X64 RyuJIT x86-64-v3; GC = Concurrent Workstation
Mean = 172.993 ns, StdErr = 0.082 ns (0.05%), N = 14, StdDev = 0.307 ns
Min = 172.627 ns, Q1 = 172.795 ns, Median = 172.922 ns, Q3 = 173.162 ns, Max = 173.547 ns
IQR = 0.367 ns, LowerFence = 172.245 ns, UpperFence = 173.712 ns
ConfidenceInterval = [172.647 ns; 173.340 ns] (CI 99.9%), Margin = 0.347 ns (0.20% of Mean)
Skewness = 0.62, Kurtosis = 1.93, MValue = 2
-------------------- Histogram --------------------
[172.460 ns ; 173.714 ns) | @@@@@@@@@@@@@@
---------------------------------------------------

MediatorBenchmarks.PublishNotification_OneHandler: .NET 10.0(Runtime=.NET 10.0, Toolchain=net10.0)
Runtime = .NET 10.0.12 (10.0.12, 10.0.1226.42308), X64 RyuJIT x86-64-v3; GC = Concurrent Workstation
Mean = 41.371 ns, StdErr = 0.044 ns (0.11%), N = 14, StdDev = 0.166 ns
Min = 41.066 ns, Q1 = 41.299 ns, Median = 41.395 ns, Q3 = 41.449 ns, Max = 41.649 ns
IQR = 0.150 ns, LowerFence = 41.074 ns, UpperFence = 41.674 ns
ConfidenceInterval = [41.183 ns; 41.558 ns] (CI 99.9%), Margin = 0.188 ns (0.45% of Mean)
Skewness = -0.28, Kurtosis = 2.24, MValue = 2
-------------------- Histogram --------------------
[40.975 ns ; 41.740 ns) | @@@@@@@@@@@@@@
---------------------------------------------------

MediatorBenchmarks.PublishNotification_FiveHandlers: .NET 10.0(Runtime=.NET 10.0, Toolchain=net10.0)
Runtime = .NET 10.0.12 (10.0.12, 10.0.1226.42308), X64 RyuJIT x86-64-v3; GC = Concurrent Workstation
Mean = 199.868 ns, StdErr = 0.175 ns (0.09%), N = 15, StdDev = 0.676 ns
Min = 198.672 ns, Q1 = 199.448 ns, Median = 200.038 ns, Q3 = 200.280 ns, Max = 200.718 ns
IQR = 0.832 ns, LowerFence = 198.201 ns, UpperFence = 201.527 ns
ConfidenceInterval = [199.145 ns; 200.591 ns] (CI 99.9%), Margin = 0.723 ns (0.36% of Mean)
Skewness = -0.45, Kurtosis = 1.85, MValue = 2
-------------------- Histogram --------------------
[198.312 ns ; 201.079 ns) | @@@@@@@@@@@@@@@
---------------------------------------------------

MediatorBenchmarks.PublishNotification_Parallel: .NET 10.0(Runtime=.NET 10.0, Toolchain=net10.0)
Runtime = .NET 10.0.12 (10.0.12, 10.0.1226.42308), X64 RyuJIT x86-64-v3; GC = Concurrent Workstation
Mean = 183.947 ns, StdErr = 0.162 ns (0.09%), N = 14, StdDev = 0.606 ns
Min = 182.545 ns, Q1 = 183.737 ns, Median = 183.927 ns, Q3 = 184.254 ns, Max = 184.954 ns
IQR = 0.518 ns, LowerFence = 182.960 ns, UpperFence = 185.031 ns
ConfidenceInterval = [183.263 ns; 184.631 ns] (CI 99.9%), Margin = 0.684 ns (0.37% of Mean)
Skewness = -0.42, Kurtosis = 3.02, MValue = 2
-------------------- Histogram --------------------
[182.215 ns ; 185.285 ns) | @@@@@@@@@@@@@@
---------------------------------------------------

MediatorBenchmarks.NestedSend: .NET 10.0(Runtime=.NET 10.0, Toolchain=net10.0)
Runtime = .NET 10.0.12 (10.0.12, 10.0.1226.42308), X64 RyuJIT x86-64-v3; GC = Concurrent Workstation
Mean = 70.879 ns, StdErr = 0.037 ns (0.05%), N = 14, StdDev = 0.139 ns
Min = 70.660 ns, Q1 = 70.793 ns, Median = 70.848 ns, Q3 = 70.926 ns, Max = 71.195 ns
IQR = 0.133 ns, LowerFence = 70.593 ns, UpperFence = 71.125 ns
ConfidenceInterval = [70.722 ns; 71.036 ns] (CI 99.9%), Margin = 0.157 ns (0.22% of Mean)
Skewness = 0.76, Kurtosis = 2.87, MValue = 2
-------------------- Histogram --------------------
[70.584 ns ; 71.270 ns) | @@@@@@@@@@@@@@
---------------------------------------------------

MediatorBenchmarks.DirectCall: .NET 8.0(Runtime=.NET 8.0, Toolchain=net8.0)
Runtime = .NET 8.0.31 (8.0.31, 8.0.3126.42015), X64 RyuJIT x86-64-v3; GC = Concurrent Workstation
Mean = 0.296 ns, StdErr = 0.002 ns (0.70%), N = 15, StdDev = 0.008 ns
Min = 0.287 ns, Q1 = 0.288 ns, Median = 0.294 ns, Q3 = 0.303 ns, Max = 0.311 ns
IQR = 0.015 ns, LowerFence = 0.266 ns, UpperFence = 0.325 ns
ConfidenceInterval = [0.287 ns; 0.304 ns] (CI 99.9%), Margin = 0.009 ns (2.91% of Mean)
Skewness = 0.5, Kurtosis = 1.64, MValue = 3
-------------------- Histogram --------------------
[0.283 ns ; 0.296 ns) | @@@@@@@@@@
[0.296 ns ; 0.302 ns) | 
[0.302 ns ; 0.311 ns) | @@@@@
---------------------------------------------------

MediatorBenchmarks.SendCommand_NoBehaviors: .NET 8.0(Runtime=.NET 8.0, Toolchain=net8.0)
Runtime = .NET 8.0.31 (8.0.31, 8.0.3126.42015), X64 RyuJIT x86-64-v3; GC = Concurrent Workstation
Mean = 26.185 ns, StdErr = 0.019 ns (0.07%), N = 15, StdDev = 0.073 ns
Min = 26.083 ns, Q1 = 26.121 ns, Median = 26.181 ns, Q3 = 26.238 ns, Max = 26.306 ns
IQR = 0.117 ns, LowerFence = 25.945 ns, UpperFence = 26.415 ns
ConfidenceInterval = [26.107 ns; 26.263 ns] (CI 99.9%), Margin = 0.078 ns (0.30% of Mean)
Skewness = 0.27, Kurtosis = 1.64, MValue = 2
-------------------- Histogram --------------------
[26.044 ns ; 26.345 ns) | @@@@@@@@@@@@@@@
---------------------------------------------------

MediatorBenchmarks.SendQuery_NoBehaviors: .NET 8.0(Runtime=.NET 8.0, Toolchain=net8.0)
Runtime = .NET 8.0.31 (8.0.31, 8.0.3126.42015), X64 RyuJIT x86-64-v3; GC = Concurrent Workstation
Mean = 25.745 ns, StdErr = 0.012 ns (0.05%), N = 15, StdDev = 0.045 ns
Min = 25.677 ns, Q1 = 25.712 ns, Median = 25.739 ns, Q3 = 25.784 ns, Max = 25.820 ns
IQR = 0.072 ns, LowerFence = 25.603 ns, UpperFence = 25.893 ns
ConfidenceInterval = [25.697 ns; 25.793 ns] (CI 99.9%), Margin = 0.048 ns (0.19% of Mean)
Skewness = 0.02, Kurtosis = 1.56, MValue = 2
-------------------- Histogram --------------------
[25.653 ns ; 25.844 ns) | @@@@@@@@@@@@@@@
---------------------------------------------------

MediatorBenchmarks.SendCommand_OneBehavior: .NET 8.0(Runtime=.NET 8.0, Toolchain=net8.0)
Runtime = .NET 8.0.31 (8.0.31, 8.0.3126.42015), X64 RyuJIT x86-64-v3; GC = Concurrent Workstation
Mean = 58.711 ns, StdErr = 0.051 ns (0.09%), N = 14, StdDev = 0.190 ns
Min = 58.498 ns, Q1 = 58.581 ns, Median = 58.677 ns, Q3 = 58.741 ns, Max = 59.083 ns
IQR = 0.160 ns, LowerFence = 58.340 ns, UpperFence = 58.982 ns
ConfidenceInterval = [58.496 ns; 58.926 ns] (CI 99.9%), Margin = 0.215 ns (0.37% of Mean)
Skewness = 0.83, Kurtosis = 2.17, MValue = 2
-------------------- Histogram --------------------
[58.395 ns ; 59.186 ns) | @@@@@@@@@@@@@@
---------------------------------------------------

MediatorBenchmarks.SendCommand_FiveBehaviors: .NET 8.0(Runtime=.NET 8.0, Toolchain=net8.0)
Runtime = .NET 8.0.31 (8.0.31, 8.0.3126.42015), X64 RyuJIT x86-64-v3; GC = Concurrent Workstation
Mean = 280.493 ns, StdErr = 0.210 ns (0.07%), N = 14, StdDev = 0.785 ns
Min = 279.580 ns, Q1 = 279.874 ns, Median = 280.431 ns, Q3 = 280.761 ns, Max = 282.431 ns
IQR = 0.888 ns, LowerFence = 278.542 ns, UpperFence = 282.093 ns
ConfidenceInterval = [279.608 ns; 281.379 ns] (CI 99.9%), Margin = 0.885 ns (0.32% of Mean)
Skewness = 0.89, Kurtosis = 3.12, MValue = 2
-------------------- Histogram --------------------
[279.153 ns ; 282.858 ns) | @@@@@@@@@@@@@@
---------------------------------------------------

MediatorBenchmarks.PublishNotification_OneHandler: .NET 8.0(Runtime=.NET 8.0, Toolchain=net8.0)
Runtime = .NET 8.0.31 (8.0.31, 8.0.3126.42015), X64 RyuJIT x86-64-v3; GC = Concurrent Workstation
Mean = 58.007 ns, StdErr = 0.052 ns (0.09%), N = 15, StdDev = 0.200 ns
Min = 57.801 ns, Q1 = 57.839 ns, Median = 57.951 ns, Q3 = 58.128 ns, Max = 58.459 ns
IQR = 0.288 ns, LowerFence = 57.407 ns, UpperFence = 58.560 ns
ConfidenceInterval = [57.793 ns; 58.221 ns] (CI 99.9%), Margin = 0.214 ns (0.37% of Mean)
Skewness = 0.84, Kurtosis = 2.57, MValue = 2
-------------------- Histogram --------------------
[57.695 ns ; 58.566 ns) | @@@@@@@@@@@@@@@
---------------------------------------------------

MediatorBenchmarks.PublishNotification_FiveHandlers: .NET 8.0(Runtime=.NET 8.0, Toolchain=net8.0)
Runtime = .NET 8.0.31 (8.0.31, 8.0.3126.42015), X64 RyuJIT x86-64-v3; GC = Concurrent Workstation
Mean = 230.693 ns, StdErr = 0.143 ns (0.06%), N = 15, StdDev = 0.555 ns
Min = 229.922 ns, Q1 = 230.275 ns, Median = 230.672 ns, Q3 = 231.038 ns, Max = 231.819 ns
IQR = 0.763 ns, LowerFence = 229.131 ns, UpperFence = 232.183 ns
ConfidenceInterval = [230.099 ns; 231.286 ns] (CI 99.9%), Margin = 0.594 ns (0.26% of Mean)
Skewness = 0.32, Kurtosis = 2.04, MValue = 2
-------------------- Histogram --------------------
[229.626 ns ; 232.115 ns) | @@@@@@@@@@@@@@@
---------------------------------------------------

MediatorBenchmarks.PublishNotification_Parallel: .NET 8.0(Runtime=.NET 8.0, Toolchain=net8.0)
Runtime = .NET 8.0.31 (8.0.31, 8.0.3126.42015), X64 RyuJIT x86-64-v3; GC = Concurrent Workstation
Mean = 208.639 ns, StdErr = 0.151 ns (0.07%), N = 14, StdDev = 0.564 ns
Min = 207.375 ns, Q1 = 208.330 ns, Median = 208.554 ns, Q3 = 209.012 ns, Max = 209.683 ns
IQR = 0.682 ns, LowerFence = 207.306 ns, UpperFence = 210.036 ns
ConfidenceInterval = [208.003 ns; 209.276 ns] (CI 99.9%), Margin = 0.636 ns (0.30% of Mean)
Skewness = -0.25, Kurtosis = 2.86, MValue = 2
-------------------- Histogram --------------------
[207.067 ns ; 209.990 ns) | @@@@@@@@@@@@@@
---------------------------------------------------

MediatorBenchmarks.NestedSend: .NET 8.0(Runtime=.NET 8.0, Toolchain=net8.0)
Runtime = .NET 8.0.31 (8.0.31, 8.0.3126.42015), X64 RyuJIT x86-64-v3; GC = Concurrent Workstation
Mean = 90.215 ns, StdErr = 0.037 ns (0.04%), N = 15, StdDev = 0.145 ns
Min = 89.948 ns, Q1 = 90.131 ns, Median = 90.187 ns, Q3 = 90.298 ns, Max = 90.508 ns
IQR = 0.167 ns, LowerFence = 89.881 ns, UpperFence = 90.548 ns
ConfidenceInterval = [90.061 ns; 90.370 ns] (CI 99.9%), Margin = 0.155 ns (0.17% of Mean)
Skewness = 0.19, Kurtosis = 2.33, MValue = 2
-------------------- Histogram --------------------
[89.871 ns ; 90.585 ns) | @@@@@@@@@@@@@@@
---------------------------------------------------

MediatorBenchmarks.DirectCall: .NET 9.0(Runtime=.NET 9.0, Toolchain=net9.0)
Runtime = .NET 9.0.20 (9.0.20, 9.0.2026.41315), X64 RyuJIT x86-64-v3; GC = Concurrent Workstation
Mean = 0.329 ns, StdErr = 0.002 ns (0.51%), N = 15, StdDev = 0.007 ns
Min = 0.321 ns, Q1 = 0.325 ns, Median = 0.329 ns, Q3 = 0.333 ns, Max = 0.346 ns
IQR = 0.009 ns, LowerFence = 0.311 ns, UpperFence = 0.347 ns
ConfidenceInterval = [0.322 ns; 0.336 ns] (CI 99.9%), Margin = 0.007 ns (2.12% of Mean)
Skewness = 0.82, Kurtosis = 3.09, MValue = 2.29
-------------------- Histogram --------------------
[0.320 ns ; 0.327 ns) | @@@@@@@
[0.327 ns ; 0.335 ns) | @@@@@@@
[0.335 ns ; 0.342 ns) | 
[0.342 ns ; 0.349 ns) | @
---------------------------------------------------

MediatorBenchmarks.SendCommand_NoBehaviors: .NET 9.0(Runtime=.NET 9.0, Toolchain=net9.0)
Runtime = .NET 9.0.20 (9.0.20, 9.0.2026.41315), X64 RyuJIT x86-64-v3; GC = Concurrent Workstation
Mean = 24.812 ns, StdErr = 0.010 ns (0.04%), N = 14, StdDev = 0.036 ns
Min = 24.741 ns, Q1 = 24.792 ns, Median = 24.808 ns, Q3 = 24.826 ns, Max = 24.868 ns
IQR = 0.034 ns, LowerFence = 24.740 ns, UpperFence = 24.877 ns
ConfidenceInterval = [24.772 ns; 24.853 ns] (CI 99.9%), Margin = 0.041 ns (0.16% of Mean)
Skewness = 0.06, Kurtosis = 2.23, MValue = 2
-------------------- Histogram --------------------
[24.722 ns ; 24.888 ns) | @@@@@@@@@@@@@@
---------------------------------------------------

MediatorBenchmarks.SendQuery_NoBehaviors: .NET 9.0(Runtime=.NET 9.0, Toolchain=net9.0)
Runtime = .NET 9.0.20 (9.0.20, 9.0.2026.41315), X64 RyuJIT x86-64-v3; GC = Concurrent Workstation
Mean = 18.709 ns, StdErr = 0.006 ns (0.03%), N = 14, StdDev = 0.024 ns
Min = 18.668 ns, Q1 = 18.691 ns, Median = 18.712 ns, Q3 = 18.717 ns, Max = 18.753 ns
IQR = 0.025 ns, LowerFence = 18.653 ns, UpperFence = 18.755 ns
ConfidenceInterval = [18.682 ns; 18.735 ns] (CI 99.9%), Margin = 0.027 ns (0.14% of Mean)
Skewness = 0.06, Kurtosis = 2.08, MValue = 2
-------------------- Histogram --------------------
[18.655 ns ; 18.766 ns) | @@@@@@@@@@@@@@
---------------------------------------------------

MediatorBenchmarks.SendCommand_OneBehavior: .NET 9.0(Runtime=.NET 9.0, Toolchain=net9.0)
Runtime = .NET 9.0.20 (9.0.20, 9.0.2026.41315), X64 RyuJIT x86-64-v3; GC = Concurrent Workstation
Mean = 45.810 ns, StdErr = 0.009 ns (0.02%), N = 12, StdDev = 0.033 ns
Min = 45.739 ns, Q1 = 45.794 ns, Median = 45.810 ns, Q3 = 45.834 ns, Max = 45.860 ns
IQR = 0.040 ns, LowerFence = 45.734 ns, UpperFence = 45.894 ns
ConfidenceInterval = [45.769 ns; 45.852 ns] (CI 99.9%), Margin = 0.042 ns (0.09% of Mean)
Skewness = -0.47, Kurtosis = 2.61, MValue = 2
-------------------- Histogram --------------------
[45.720 ns ; 45.879 ns) | @@@@@@@@@@@@
---------------------------------------------------

MediatorBenchmarks.SendCommand_FiveBehaviors: .NET 9.0(Runtime=.NET 9.0, Toolchain=net9.0)
Runtime = .NET 9.0.20 (9.0.20, 9.0.2026.41315), X64 RyuJIT x86-64-v3; GC = Concurrent Workstation
Mean = 234.283 ns, StdErr = 0.038 ns (0.02%), N = 12, StdDev = 0.132 ns
Min = 234.082 ns, Q1 = 234.184 ns, Median = 234.286 ns, Q3 = 234.362 ns, Max = 234.501 ns
IQR = 0.178 ns, LowerFence = 233.917 ns, UpperFence = 234.629 ns
ConfidenceInterval = [234.114 ns; 234.451 ns] (CI 99.9%), Margin = 0.169 ns (0.07% of Mean)
Skewness = 0.1, Kurtosis = 1.65, MValue = 2
-------------------- Histogram --------------------
[234.006 ns ; 234.576 ns) | @@@@@@@@@@@@
---------------------------------------------------

MediatorBenchmarks.PublishNotification_OneHandler: .NET 9.0(Runtime=.NET 9.0, Toolchain=net9.0)
Runtime = .NET 9.0.20 (9.0.20, 9.0.2026.41315), X64 RyuJIT x86-64-v3; GC = Concurrent Workstation
Mean = 54.349 ns, StdErr = 0.031 ns (0.06%), N = 15, StdDev = 0.122 ns
Min = 54.157 ns, Q1 = 54.276 ns, Median = 54.360 ns, Q3 = 54.424 ns, Max = 54.549 ns
IQR = 0.148 ns, LowerFence = 54.054 ns, UpperFence = 54.646 ns
ConfidenceInterval = [54.219 ns; 54.479 ns] (CI 99.9%), Margin = 0.130 ns (0.24% of Mean)
Skewness = -0.11, Kurtosis = 1.79, MValue = 2
-------------------- Histogram --------------------
[54.092 ns ; 54.614 ns) | @@@@@@@@@@@@@@@
---------------------------------------------------

MediatorBenchmarks.PublishNotification_FiveHandlers: .NET 9.0(Runtime=.NET 9.0, Toolchain=net9.0)
Runtime = .NET 9.0.20 (9.0.20, 9.0.2026.41315), X64 RyuJIT x86-64-v3; GC = Concurrent Workstation
Mean = 219.849 ns, StdErr = 0.176 ns (0.08%), N = 15, StdDev = 0.682 ns
Min = 218.029 ns, Q1 = 219.573 ns, Median = 220.046 ns, Q3 = 220.211 ns, Max = 220.909 ns
IQR = 0.638 ns, LowerFence = 218.616 ns, UpperFence = 221.168 ns
ConfidenceInterval = [219.120 ns; 220.579 ns] (CI 99.9%), Margin = 0.730 ns (0.33% of Mean)
Skewness = -1.03, Kurtosis = 3.97, MValue = 2
-------------------- Histogram --------------------
[217.666 ns ; 221.272 ns) | @@@@@@@@@@@@@@@
---------------------------------------------------

MediatorBenchmarks.PublishNotification_Parallel: .NET 9.0(Runtime=.NET 9.0, Toolchain=net9.0)
Runtime = .NET 9.0.20 (9.0.20, 9.0.2026.41315), X64 RyuJIT x86-64-v3; GC = Concurrent Workstation
Mean = 200.490 ns, StdErr = 0.345 ns (0.17%), N = 15, StdDev = 1.338 ns
Min = 197.986 ns, Q1 = 199.901 ns, Median = 200.613 ns, Q3 = 201.257 ns, Max = 202.806 ns
IQR = 1.356 ns, LowerFence = 197.866 ns, UpperFence = 203.291 ns
ConfidenceInterval = [199.060 ns; 201.920 ns] (CI 99.9%), Margin = 1.430 ns (0.71% of Mean)
Skewness = -0.36, Kurtosis = 2.32, MValue = 2
-------------------- Histogram --------------------
[197.275 ns ; 203.518 ns) | @@@@@@@@@@@@@@@
---------------------------------------------------

MediatorBenchmarks.NestedSend: .NET 9.0(Runtime=.NET 9.0, Toolchain=net9.0)
Runtime = .NET 9.0.20 (9.0.20, 9.0.2026.41315), X64 RyuJIT x86-64-v3; GC = Concurrent Workstation
Mean = 79.651 ns, StdErr = 0.037 ns (0.05%), N = 13, StdDev = 0.134 ns
Min = 79.495 ns, Q1 = 79.550 ns, Median = 79.660 ns, Q3 = 79.700 ns, Max = 79.946 ns
IQR = 0.149 ns, LowerFence = 79.326 ns, UpperFence = 79.924 ns
ConfidenceInterval = [79.490 ns; 79.812 ns] (CI 99.9%), Margin = 0.161 ns (0.20% of Mean)
Skewness = 0.72, Kurtosis = 2.51, MValue = 2
-------------------- Histogram --------------------
[79.420 ns ; 80.021 ns) | @@@@@@@@@@@@@
---------------------------------------------------

MediatorBenchmarks.DirectCall: ShortRun(IterationCount=3, LaunchCount=1, WarmupCount=3)
Runtime = .NET 10.0.12 (10.0.12, 10.0.1226.42308), X64 RyuJIT x86-64-v3; GC = Concurrent Workstation
Mean = 0.601 ns, StdErr = 0.001 ns (0.18%), N = 3, StdDev = 0.002 ns
Min = 0.599 ns, Q1 = 0.600 ns, Median = 0.600 ns, Q3 = 0.601 ns, Max = 0.603 ns
IQR = 0.002 ns, LowerFence = 0.597 ns, UpperFence = 0.604 ns
ConfidenceInterval = [0.567 ns; 0.634 ns] (CI 99.9%), Margin = 0.033 ns (5.56% of Mean)
Skewness = 0.22, Kurtosis = 0.67, MValue = 2
-------------------- Histogram --------------------
[0.597 ns ; 0.604 ns) | @@@
---------------------------------------------------

MediatorBenchmarks.SendCommand_NoBehaviors: ShortRun(IterationCount=3, LaunchCount=1, WarmupCount=3)
Runtime = .NET 10.0.12 (10.0.12, 10.0.1226.42308), X64 RyuJIT x86-64-v3; GC = Concurrent Workstation
Mean = 21.096 ns, StdErr = 0.034 ns (0.16%), N = 3, StdDev = 0.060 ns
Min = 21.051 ns, Q1 = 21.062 ns, Median = 21.073 ns, Q3 = 21.118 ns, Max = 21.163 ns
IQR = 0.056 ns, LowerFence = 20.978 ns, UpperFence = 21.203 ns
ConfidenceInterval = [20.010 ns; 22.182 ns] (CI 99.9%), Margin = 1.086 ns (5.15% of Mean)
Skewness = 0.33, Kurtosis = 0.67, MValue = 2
-------------------- Histogram --------------------
[20.997 ns ; 21.218 ns) | @@@
---------------------------------------------------

MediatorBenchmarks.SendQuery_NoBehaviors: ShortRun(IterationCount=3, LaunchCount=1, WarmupCount=3)
Runtime = .NET 10.0.12 (10.0.12, 10.0.1226.42308), X64 RyuJIT x86-64-v3; GC = Concurrent Workstation
Mean = 15.665 ns, StdErr = 0.023 ns (0.14%), N = 3, StdDev = 0.039 ns
Min = 15.634 ns, Q1 = 15.642 ns, Median = 15.651 ns, Q3 = 15.680 ns, Max = 15.709 ns
IQR = 0.037 ns, LowerFence = 15.586 ns, UpperFence = 15.736 ns
ConfidenceInterval = [14.949 ns; 16.380 ns] (CI 99.9%), Margin = 0.715 ns (4.57% of Mean)
Skewness = 0.31, Kurtosis = 0.67, MValue = 2
-------------------- Histogram --------------------
[15.598 ns ; 15.745 ns) | @@@
---------------------------------------------------

MediatorBenchmarks.SendCommand_OneBehavior: ShortRun(IterationCount=3, LaunchCount=1, WarmupCount=3)
Runtime = .NET 10.0.12 (10.0.12, 10.0.1226.42308), X64 RyuJIT x86-64-v3; GC = Concurrent Workstation
Mean = 47.159 ns, StdErr = 0.035 ns (0.07%), N = 3, StdDev = 0.061 ns
Min = 47.089 ns, Q1 = 47.139 ns, Median = 47.189 ns, Q3 = 47.194 ns, Max = 47.200 ns
IQR = 0.056 ns, LowerFence = 47.056 ns, UpperFence = 47.278 ns
ConfidenceInterval = [46.044 ns; 48.274 ns] (CI 99.9%), Margin = 1.115 ns (2.36% of Mean)
Skewness = -0.37, Kurtosis = 0.67, MValue = 2
-------------------- Histogram --------------------
[47.089 ns ; 47.200 ns) | @@@
---------------------------------------------------

MediatorBenchmarks.SendCommand_FiveBehaviors: ShortRun(IterationCount=3, LaunchCount=1, WarmupCount=3)
Runtime = .NET 10.0.12 (10.0.12, 10.0.1226.42308), X64 RyuJIT x86-64-v3; GC = Concurrent Workstation
Mean = 183.934 ns, StdErr = 0.029 ns (0.02%), N = 3, StdDev = 0.050 ns
Min = 183.890 ns, Q1 = 183.906 ns, Median = 183.923 ns, Q3 = 183.955 ns, Max = 183.988 ns
IQR = 0.049 ns, LowerFence = 183.832 ns, UpperFence = 184.029 ns
ConfidenceInterval = [183.020 ns; 184.847 ns] (CI 99.9%), Margin = 0.914 ns (0.50% of Mean)
Skewness = 0.21, Kurtosis = 0.67, MValue = 2
-------------------- Histogram --------------------
[183.844 ns ; 184.034 ns) | @@@
---------------------------------------------------

MediatorBenchmarks.PublishNotification_OneHandler: ShortRun(IterationCount=3, LaunchCount=1, WarmupCount=3)
Runtime = .NET 10.0.12 (10.0.12, 10.0.1226.42308), X64 RyuJIT x86-64-v3; GC = Concurrent Workstation
Mean = 40.324 ns, StdErr = 0.099 ns (0.25%), N = 3, StdDev = 0.171 ns
Min = 40.184 ns, Q1 = 40.228 ns, Median = 40.273 ns, Q3 = 40.394 ns, Max = 40.515 ns
IQR = 0.165 ns, LowerFence = 39.980 ns, UpperFence = 40.642 ns
ConfidenceInterval = [37.201 ns; 43.447 ns] (CI 99.9%), Margin = 3.123 ns (7.74% of Mean)
Skewness = 0.27, Kurtosis = 0.67, MValue = 2
-------------------- Histogram --------------------
[40.028 ns ; 40.671 ns) | @@@
---------------------------------------------------

MediatorBenchmarks.PublishNotification_FiveHandlers: ShortRun(IterationCount=3, LaunchCount=1, WarmupCount=3)
Runtime = .NET 10.0.12 (10.0.12, 10.0.1226.42308), X64 RyuJIT x86-64-v3; GC = Concurrent Workstation
Mean = 199.325 ns, StdErr = 0.238 ns (0.12%), N = 3, StdDev = 0.413 ns
Min = 198.877 ns, Q1 = 199.143 ns, Median = 199.408 ns, Q3 = 199.549 ns, Max = 199.690 ns
IQR = 0.407 ns, LowerFence = 198.533 ns, UpperFence = 200.159 ns
ConfidenceInterval = [191.793 ns; 206.858 ns] (CI 99.9%), Margin = 7.532 ns (3.78% of Mean)
Skewness = -0.19, Kurtosis = 0.67, MValue = 2
-------------------- Histogram --------------------
[198.501 ns ; 200.066 ns) | @@@
---------------------------------------------------

MediatorBenchmarks.PublishNotification_Parallel: ShortRun(IterationCount=3, LaunchCount=1, WarmupCount=3)
Runtime = .NET 10.0.12 (10.0.12, 10.0.1226.42308), X64 RyuJIT x86-64-v3; GC = Concurrent Workstation
Mean = 183.340 ns, StdErr = 0.370 ns (0.20%), N = 3, StdDev = 0.640 ns
Min = 182.823 ns, Q1 = 182.982 ns, Median = 183.141 ns, Q3 = 183.599 ns, Max = 184.057 ns
IQR = 0.617 ns, LowerFence = 182.057 ns, UpperFence = 184.524 ns
ConfidenceInterval = [171.658 ns; 195.023 ns] (CI 99.9%), Margin = 11.683 ns (6.37% of Mean)
Skewness = 0.28, Kurtosis = 0.67, MValue = 2
-------------------- Histogram --------------------
[182.241 ns ; 184.640 ns) | @@@
---------------------------------------------------

MediatorBenchmarks.NestedSend: ShortRun(IterationCount=3, LaunchCount=1, WarmupCount=3)
Runtime = .NET 10.0.12 (10.0.12, 10.0.1226.42308), X64 RyuJIT x86-64-v3; GC = Concurrent Workstation
Mean = 71.734 ns, StdErr = 0.163 ns (0.23%), N = 3, StdDev = 0.282 ns
Min = 71.451 ns, Q1 = 71.594 ns, Median = 71.738 ns, Q3 = 71.876 ns, Max = 72.015 ns
IQR = 0.282 ns, LowerFence = 71.171 ns, UpperFence = 72.299 ns
ConfidenceInterval = [66.587 ns; 76.881 ns] (CI 99.9%), Margin = 5.147 ns (7.18% of Mean)
Skewness = -0.01, Kurtosis = 0.67, MValue = 2
-------------------- Histogram --------------------
[71.194 ns ; 72.272 ns) | @@@
---------------------------------------------------

// * Summary *

BenchmarkDotNet v0.15.8, Linux Ubuntu 24.04.5 LTS (Noble Numbat)
AMD EPYC 7763 2.45GHz, 1 CPU, 4 logical and 2 physical cores
.NET SDK 10.0.401
  [Host]    : .NET 10.0.12 (10.0.12, 10.0.1226.42308), X64 RyuJIT x86-64-v3
  .NET 10.0 : .NET 10.0.12 (10.0.12, 10.0.1226.42308), X64 RyuJIT x86-64-v3
  .NET 8.0  : .NET 8.0.31 (8.0.31, 8.0.3126.42015), X64 RyuJIT x86-64-v3
  .NET 9.0  : .NET 9.0.20 (9.0.20, 9.0.2026.41315), X64 RyuJIT x86-64-v3
  ShortRun  : .NET 10.0.12 (10.0.12, 10.0.1226.42308), X64 RyuJIT x86-64-v3


| Method                           | Job       | Runtime   | IterationCount | LaunchCount | WarmupCount | Mean        | Error      | StdDev    | Ratio  | RatioSD | Gen0   | Allocated | Alloc Ratio |
|--------------------------------- |---------- |---------- |--------------- |------------ |------------ |------------:|-----------:|----------:|-------:|--------:|-------:|----------:|------------:|
| DirectCall                       | .NET 10.0 | .NET 10.0 | Default        | Default     | Default     |   0.5994 ns |  0.0050 ns | 0.0042 ns |   2.03 |    0.05 |      - |         - |          NA |
| SendCommand_NoBehaviors          | .NET 10.0 | .NET 10.0 | Default        | Default     | Default     |  21.0367 ns |  0.0298 ns | 0.0264 ns |  71.23 |    1.86 |      - |         - |          NA |
| SendQuery_NoBehaviors            | .NET 10.0 | .NET 10.0 | Default        | Default     | Default     |  15.8107 ns |  0.0244 ns | 0.0216 ns |  53.53 |    1.39 |      - |         - |          NA |
| SendCommand_OneBehavior          | .NET 10.0 | .NET 10.0 | Default        | Default     | Default     |  47.1858 ns |  0.0573 ns | 0.0508 ns | 159.77 |    4.16 |      - |         - |          NA |
| SendCommand_FiveBehaviors        | .NET 10.0 | .NET 10.0 | Default        | Default     | Default     | 172.9931 ns |  0.3466 ns | 0.3072 ns | 585.75 |   15.27 |      - |         - |          NA |
| PublishNotification_OneHandler   | .NET 10.0 | .NET 10.0 | Default        | Default     | Default     |  41.3709 ns |  0.1875 ns | 0.1663 ns | 140.08 |    3.69 | 0.0014 |      24 B |          NA |
| PublishNotification_FiveHandlers | .NET 10.0 | .NET 10.0 | Default        | Default     | Default     | 199.8679 ns |  0.7231 ns | 0.6764 ns | 676.75 |   17.74 | 0.0072 |     120 B |          NA |
| PublishNotification_Parallel     | .NET 10.0 | .NET 10.0 | Default        | Default     | Default     | 183.9473 ns |  0.6840 ns | 0.6063 ns | 622.84 |   16.33 | 0.0114 |     192 B |          NA |
| NestedSend                       | .NET 10.0 | .NET 10.0 | Default        | Default     | Default     |  70.8790 ns |  0.1566 ns | 0.1388 ns | 239.99 |    6.26 | 0.0014 |      24 B |          NA |
| DirectCall                       | .NET 8.0  | .NET 8.0  | Default        | Default     | Default     |   0.2955 ns |  0.0086 ns | 0.0081 ns |   1.00 |    0.04 |      - |         - |          NA |
| SendCommand_NoBehaviors          | .NET 8.0  | .NET 8.0  | Default        | Default     | Default     |  26.1847 ns |  0.0779 ns | 0.0729 ns |  88.66 |    2.32 |      - |         - |          NA |
| SendQuery_NoBehaviors            | .NET 8.0  | .NET 8.0  | Default        | Default     | Default     |  25.7453 ns |  0.0482 ns | 0.0451 ns |  87.17 |    2.27 |      - |         - |          NA |
| SendCommand_OneBehavior          | .NET 8.0  | .NET 8.0  | Default        | Default     | Default     |  58.7110 ns |  0.2145 ns | 0.1902 ns | 198.79 |    5.21 |      - |         - |          NA |
| SendCommand_FiveBehaviors        | .NET 8.0  | .NET 8.0  | Default        | Default     | Default     | 280.4935 ns |  0.8851 ns | 0.7847 ns | 949.74 |   24.84 |      - |         - |          NA |
| PublishNotification_OneHandler   | .NET 8.0  | .NET 8.0  | Default        | Default     | Default     |  58.0070 ns |  0.2140 ns | 0.2001 ns | 196.41 |    5.15 | 0.0014 |      24 B |          NA |
| PublishNotification_FiveHandlers | .NET 8.0  | .NET 8.0  | Default        | Default     | Default     | 230.6926 ns |  0.5938 ns | 0.5554 ns | 781.12 |   20.40 | 0.0072 |     120 B |          NA |
| PublishNotification_Parallel     | .NET 8.0  | .NET 8.0  | Default        | Default     | Default     | 208.6393 ns |  0.6363 ns | 0.5640 ns | 706.45 |   18.47 | 0.0119 |     200 B |          NA |
| NestedSend                       | .NET 8.0  | .NET 8.0  | Default        | Default     | Default     |  90.2151 ns |  0.1545 ns | 0.1445 ns | 305.47 |    7.96 | 0.0014 |      24 B |          NA |
| DirectCall                       | .NET 9.0  | .NET 9.0  | Default        | Default     | Default     |   0.3295 ns |  0.0070 ns | 0.0065 ns |   1.12 |    0.04 |      - |         - |          NA |
| SendCommand_NoBehaviors          | .NET 9.0  | .NET 9.0  | Default        | Default     | Default     |  24.8121 ns |  0.0406 ns | 0.0360 ns |  84.01 |    2.19 |      - |         - |          NA |
| SendQuery_NoBehaviors            | .NET 9.0  | .NET 9.0  | Default        | Default     | Default     |  18.7087 ns |  0.0268 ns | 0.0237 ns |  63.35 |    1.65 |      - |         - |          NA |
| SendCommand_OneBehavior          | .NET 9.0  | .NET 9.0  | Default        | Default     | Default     |  45.8102 ns |  0.0417 ns | 0.0326 ns | 155.11 |    4.04 |      - |         - |          NA |
| SendCommand_FiveBehaviors        | .NET 9.0  | .NET 9.0  | Default        | Default     | Default     | 234.2827 ns |  0.1686 ns | 0.1317 ns | 793.27 |   20.65 |      - |         - |          NA |
| PublishNotification_OneHandler   | .NET 9.0  | .NET 9.0  | Default        | Default     | Default     |  54.3487 ns |  0.1301 ns | 0.1217 ns | 184.02 |    4.80 | 0.0014 |      24 B |          NA |
| PublishNotification_FiveHandlers | .NET 9.0  | .NET 9.0  | Default        | Default     | Default     | 219.8494 ns |  0.7296 ns | 0.6825 ns | 744.40 |   19.49 | 0.0072 |     120 B |          NA |
| PublishNotification_Parallel     | .NET 9.0  | .NET 9.0  | Default        | Default     | Default     | 200.4904 ns |  1.4300 ns | 1.3376 ns | 678.86 |   18.20 | 0.0114 |     192 B |          NA |
| NestedSend                       | .NET 9.0  | .NET 9.0  | Default        | Default     | Default     |  79.6508 ns |  0.1610 ns | 0.1344 ns | 269.70 |    7.03 | 0.0014 |      24 B |          NA |
| DirectCall                       | ShortRun  | .NET 10.0 | 3              | 1           | 3           |   0.6005 ns |  0.0334 ns | 0.0018 ns |   2.03 |    0.05 |      - |         - |          NA |
| SendCommand_NoBehaviors          | ShortRun  | .NET 10.0 | 3              | 1           | 3           |  21.0959 ns |  1.0859 ns | 0.0595 ns |  71.43 |    1.88 |      - |         - |          NA |
| SendQuery_NoBehaviors            | ShortRun  | .NET 10.0 | 3              | 1           | 3           |  15.6645 ns |  0.7154 ns | 0.0392 ns |  53.04 |    1.40 |      - |         - |          NA |
| SendCommand_OneBehavior          | ShortRun  | .NET 10.0 | 3              | 1           | 3           |  47.1593 ns |  1.1149 ns | 0.0611 ns | 159.68 |    4.20 |      - |         - |          NA |
| SendCommand_FiveBehaviors        | ShortRun  | .NET 10.0 | 3              | 1           | 3           | 183.9336 ns |  0.9138 ns | 0.0501 ns | 622.79 |   16.35 |      - |         - |          NA |
| PublishNotification_OneHandler   | ShortRun  | .NET 10.0 | 3              | 1           | 3           |  40.3239 ns |  3.1227 ns | 0.1712 ns | 136.54 |    3.62 | 0.0014 |      24 B |          NA |
| PublishNotification_FiveHandlers | ShortRun  | .NET 10.0 | 3              | 1           | 3           | 199.3251 ns |  7.5325 ns | 0.4129 ns | 674.91 |   17.75 | 0.0072 |     120 B |          NA |
| PublishNotification_Parallel     | ShortRun  | .NET 10.0 | 3              | 1           | 3           | 183.3404 ns | 11.6828 ns | 0.6404 ns | 620.79 |   16.39 | 0.0114 |     192 B |          NA |
| NestedSend                       | ShortRun  | .NET 10.0 | 3              | 1           | 3           |  71.7344 ns |  5.1470 ns | 0.2821 ns | 242.89 |    6.42 | 0.0014 |      24 B |          NA |

// * Warnings *
MultimodalDistribution
  MediatorBenchmarks.DirectCall: .NET 8.0 -> It seems that the distribution can have several modes (mValue = 3)
ZeroMeasurement
  MediatorBenchmarks.DirectCall: ShortRun -> The method duration is indistinguishable from the empty method duration

// * Hints *
Outliers
  MediatorBenchmarks.DirectCall: .NET 10.0                      -> 2 outliers were removed (3.96 ns, 4.00 ns)
  MediatorBenchmarks.SendCommand_NoBehaviors: .NET 10.0         -> 1 outlier  was  removed (24.46 ns)
  MediatorBenchmarks.SendQuery_NoBehaviors: .NET 10.0           -> 1 outlier  was  removed (19.23 ns)
  MediatorBenchmarks.SendCommand_OneBehavior: .NET 10.0         -> 1 outlier  was  removed (50.78 ns)
  MediatorBenchmarks.SendCommand_FiveBehaviors: .NET 10.0       -> 1 outlier  was  removed (180.46 ns)
  MediatorBenchmarks.PublishNotification_OneHandler: .NET 10.0  -> 1 outlier  was  removed, 3 outliers were detected (42.71 ns, 42.74 ns, 43.84 ns)
  MediatorBenchmarks.PublishNotification_Parallel: .NET 10.0    -> 1 outlier  was  removed, 2 outliers were detected (184.81 ns, 187.56 ns)
  MediatorBenchmarks.NestedSend: .NET 10.0                      -> 1 outlier  was  removed (74.91 ns)
  MediatorBenchmarks.SendCommand_OneBehavior: .NET 8.0          -> 1 outlier  was  removed (63.64 ns)
  MediatorBenchmarks.SendCommand_FiveBehaviors: .NET 8.0        -> 1 outlier  was  removed (288.75 ns)
  MediatorBenchmarks.PublishNotification_Parallel: .NET 8.0     -> 1 outlier  was  removed (212.69 ns)
  MediatorBenchmarks.SendCommand_NoBehaviors: .NET 9.0          -> 1 outlier  was  removed (28.58 ns)
  MediatorBenchmarks.SendQuery_NoBehaviors: .NET 9.0            -> 1 outlier  was  removed (22.65 ns)
  MediatorBenchmarks.SendCommand_OneBehavior: .NET 9.0          -> 3 outliers were removed (49.61 ns..49.63 ns)
  MediatorBenchmarks.SendCommand_FiveBehaviors: .NET 9.0        -> 3 outliers were removed (239.06 ns..240.33 ns)
  MediatorBenchmarks.PublishNotification_FiveHandlers: .NET 9.0 -> 1 outlier  was  detected (220.61 ns)
  MediatorBenchmarks.NestedSend: .NET 9.0                       -> 2 outliers were removed (84.17 ns, 84.65 ns)

// * Legends *
  Mean        : Arithmetic mean of all measurements
  Error       : Half of 99.9% confidence interval
  StdDev      : Standard deviation of all measurements
  Ratio       : Mean of the ratio distribution ([Current]/[Baseline])
  RatioSD     : Standard deviation of the ratio distribution ([Current]/[Baseline])
  Gen0        : GC Generation 0 collects per 1000 operations
  Allocated   : Allocated memory per single operation (managed only, inclusive, 1KB = 1024B)
  Alloc Ratio : Allocated memory ratio distribution ([Current]/[Baseline])
  1 ns        : 1 Nanosecond (0.000000001 sec)

// * Diagnostic Output - MemoryDiagnoser *


// ***** BenchmarkRunner: End *****
Run time: 00:11:04 (664.79 sec), executed benchmarks: 36

Global total time: 00:11:42 (702.61 sec), executed benchmarks: 36
// * Artifacts cleanup *
Artifacts cleanup is finished
