// Validating benchmarks:
//    * Job(ShortRun) doesn't have a Runtime characteristic. It's recommended to specify runtime by using WithRuntime explicitly.

// ***** BenchmarkRunner: Start   *****
// ***** Found 36 benchmark(s) in total *****
// ***** Building 3 exe(s) in Parallel: Start   *****
// ***** Done, took 00:00:37 (37.82 sec)   *****
// Found 36 benchmarks:
//   MediatorBenchmarks.DirectCall: .NET 10.0(Runtime=.NET 10.0, Toolchain=net10.0)
//   MediatorBenchmarks.SendCommand_NoBehaviors: .NET 10.0(Runtime=.NET 10.0, Toolchain=net10.0)
//   MediatorBenchmarks.SendQuery_NoBehaviors: .NET 10.0(Runtime=.NET 10.0, Toolchain=net10.0)
//   MediatorBenchmarks.SendCommand_OneBehavior: .NET 10.0(Runtime=.NET 10.0, Toolchain=net10.0)
//   MediatorBenchmarks.SendCommand_FiveBehaviors: .NET 10.0(Runtime=.NET 10.0, Toolchain=net10.0)
//   MediatorBenchmarks.PublishNotification_OneHandler: .NET 10.0(Runtime=.NET 10.0, Toolchain=net10.0)
//   MediatorBenchmarks.PublishNotification_FiveHandlers: .NET 10.0(Runtime=.NET 10.0, Toolchain=net10.0)
//   MediatorBenchmarks.PublishNotification_Parallel: .NET 10.0(Runtime=.NET 10.0, Toolchain=net10.0)
//   MediatorBenchmarks.NestedSend: .NET 10.0(Runtime=.NET 10.0, Toolchain=net10.0)
//   MediatorBenchmarks.DirectCall: .NET 8.0(Runtime=.NET 8.0, Toolchain=net8.0)
//   MediatorBenchmarks.SendCommand_NoBehaviors: .NET 8.0(Runtime=.NET 8.0, Toolchain=net8.0)
//   MediatorBenchmarks.SendQuery_NoBehaviors: .NET 8.0(Runtime=.NET 8.0, Toolchain=net8.0)
//   MediatorBenchmarks.SendCommand_OneBehavior: .NET 8.0(Runtime=.NET 8.0, Toolchain=net8.0)
//   MediatorBenchmarks.SendCommand_FiveBehaviors: .NET 8.0(Runtime=.NET 8.0, Toolchain=net8.0)
//   MediatorBenchmarks.PublishNotification_OneHandler: .NET 8.0(Runtime=.NET 8.0, Toolchain=net8.0)
//   MediatorBenchmarks.PublishNotification_FiveHandlers: .NET 8.0(Runtime=.NET 8.0, Toolchain=net8.0)
//   MediatorBenchmarks.PublishNotification_Parallel: .NET 8.0(Runtime=.NET 8.0, Toolchain=net8.0)
//   MediatorBenchmarks.NestedSend: .NET 8.0(Runtime=.NET 8.0, Toolchain=net8.0)
//   MediatorBenchmarks.DirectCall: .NET 9.0(Runtime=.NET 9.0, Toolchain=net9.0)
//   MediatorBenchmarks.SendCommand_NoBehaviors: .NET 9.0(Runtime=.NET 9.0, Toolchain=net9.0)
//   MediatorBenchmarks.SendQuery_NoBehaviors: .NET 9.0(Runtime=.NET 9.0, Toolchain=net9.0)
//   MediatorBenchmarks.SendCommand_OneBehavior: .NET 9.0(Runtime=.NET 9.0, Toolchain=net9.0)
//   MediatorBenchmarks.SendCommand_FiveBehaviors: .NET 9.0(Runtime=.NET 9.0, Toolchain=net9.0)
//   MediatorBenchmarks.PublishNotification_OneHandler: .NET 9.0(Runtime=.NET 9.0, Toolchain=net9.0)
//   MediatorBenchmarks.PublishNotification_FiveHandlers: .NET 9.0(Runtime=.NET 9.0, Toolchain=net9.0)
//   MediatorBenchmarks.PublishNotification_Parallel: .NET 9.0(Runtime=.NET 9.0, Toolchain=net9.0)
//   MediatorBenchmarks.NestedSend: .NET 9.0(Runtime=.NET 9.0, Toolchain=net9.0)
//   MediatorBenchmarks.DirectCall: ShortRun(IterationCount=3, LaunchCount=1, WarmupCount=3)
//   MediatorBenchmarks.SendCommand_NoBehaviors: ShortRun(IterationCount=3, LaunchCount=1, WarmupCount=3)
//   MediatorBenchmarks.SendQuery_NoBehaviors: ShortRun(IterationCount=3, LaunchCount=1, WarmupCount=3)
//   MediatorBenchmarks.SendCommand_OneBehavior: ShortRun(IterationCount=3, LaunchCount=1, WarmupCount=3)
//   MediatorBenchmarks.SendCommand_FiveBehaviors: ShortRun(IterationCount=3, LaunchCount=1, WarmupCount=3)
//   MediatorBenchmarks.PublishNotification_OneHandler: ShortRun(IterationCount=3, LaunchCount=1, WarmupCount=3)
//   MediatorBenchmarks.PublishNotification_FiveHandlers: ShortRun(IterationCount=3, LaunchCount=1, WarmupCount=3)
//   MediatorBenchmarks.PublishNotification_Parallel: ShortRun(IterationCount=3, LaunchCount=1, WarmupCount=3)
//   MediatorBenchmarks.NestedSend: ShortRun(IterationCount=3, LaunchCount=1, WarmupCount=3)

// **************************
// Benchmark: MediatorBenchmarks.DirectCall: .NET 10.0(Runtime=.NET 10.0, Toolchain=net10.0)
// *** Execute ***
// Launch: 1 / 1
// Execute: dotnet "EricksonLopez.Mediator.Benchmarks-.NET 10.0-1.dll" --anonymousPipes 107 108 --benchmarkName EricksonLopez.Mediator.Benchmarks.MediatorBenchmarks.DirectCall --job ".NET 10.0" --benchmarkId 0 in /home/runner/work/dotnet-mediator/dotnet-mediator/benchmarks/EricksonLopez.Mediator.Benchmarks/bin/Release/net10.0/EricksonLopez.Mediator.Benchmarks-.NET 10.0-1/bin/Release/net10.0
// Failed to set up high priority (Permission denied). In order to run benchmarks with high priority, make sure you have the right permissions.
// BeforeAnythingElse

// Benchmark Process Environment Information:
// BenchmarkDotNet v0.15.8
// Runtime=.NET 10.0.12 (10.0.12, 10.0.1226.42308), X64 RyuJIT x86-64-v3
// GC=Concurrent Workstation
// HardwareIntrinsics=AVX2+BMI1+BMI2+F16C+FMA+LZCNT+MOVBE,AVX,SSE3+SSSE3+SSE4.1+SSE4.2+POPCNT,X86Base+SSE+SSE2,AES+PCLMUL VectorSize=256
// Job: .NET 10.0

OverheadJitting  1: 1 op, 224120.00 ns, 224.1200 us/op
WorkloadJitting  1: 1 op, 933390.00 ns, 933.3900 us/op

OverheadJitting  2: 16 op, 547126.00 ns, 34.1954 us/op
WorkloadJitting  2: 16 op, 480911.00 ns, 30.0569 us/op

WorkloadPilot    1: 16 op, 3276.00 ns, 204.7500 ns/op
WorkloadPilot    2: 32 op, 3607.00 ns, 112.7188 ns/op
WorkloadPilot    3: 64 op, 5050.00 ns, 78.9063 ns/op
WorkloadPilot    4: 128 op, 8586.00 ns, 67.0781 ns/op
WorkloadPilot    5: 256 op, 15118.00 ns, 59.0547 ns/op
WorkloadPilot    6: 512 op, 50695.00 ns, 99.0137 ns/op
WorkloadPilot    7: 1024 op, 47439.00 ns, 46.3271 ns/op
WorkloadPilot    8: 2048 op, 84879.00 ns, 41.4448 ns/op
WorkloadPilot    9: 4096 op, 182262.00 ns, 44.4976 ns/op
WorkloadPilot   10: 8192 op, 328004.00 ns, 40.0396 ns/op
WorkloadPilot   11: 16384 op, 625242.00 ns, 38.1617 ns/op
WorkloadPilot   12: 32768 op, 1227761.00 ns, 37.4683 ns/op
WorkloadPilot   13: 65536 op, 2413935.00 ns, 36.8337 ns/op
WorkloadPilot   14: 131072 op, 4783967.00 ns, 36.4988 ns/op
WorkloadPilot   15: 262144 op, 9488415.00 ns, 36.1954 ns/op
WorkloadPilot   16: 524288 op, 19039397.00 ns, 36.3148 ns/op
WorkloadPilot   17: 1048576 op, 38092571.00 ns, 36.3279 ns/op
WorkloadPilot   18: 2097152 op, 64435748.00 ns, 30.7254 ns/op
WorkloadPilot   19: 4194304 op, 16662062.00 ns, 3.9725 ns/op
WorkloadPilot   20: 8388608 op, 33214307.00 ns, 3.9595 ns/op
WorkloadPilot   21: 16777216 op, 66255279.00 ns, 3.9491 ns/op
WorkloadPilot   22: 33554432 op, 132138390.00 ns, 3.9380 ns/op
WorkloadPilot   23: 67108864 op, 264138170.00 ns, 3.9360 ns/op
WorkloadPilot   24: 134217728 op, 529711699.00 ns, 3.9467 ns/op

OverheadWarmup   1: 134217728 op, 600543756.00 ns, 4.4744 ns/op
OverheadWarmup   2: 134217728 op, 447897837.00 ns, 3.3371 ns/op
OverheadWarmup   3: 134217728 op, 447245154.00 ns, 3.3322 ns/op
OverheadWarmup   4: 134217728 op, 447693444.00 ns, 3.3356 ns/op
OverheadWarmup   5: 134217728 op, 447503568.00 ns, 3.3342 ns/op
OverheadWarmup   6: 134217728 op, 447827245.00 ns, 3.3366 ns/op
OverheadWarmup   7: 134217728 op, 453985418.00 ns, 3.3825 ns/op
OverheadWarmup   8: 134217728 op, 448064039.00 ns, 3.3383 ns/op

OverheadActual   1: 134217728 op, 446910345.00 ns, 3.3297 ns/op
OverheadActual   2: 134217728 op, 448265587.00 ns, 3.3398 ns/op
OverheadActual   3: 134217728 op, 447477769.00 ns, 3.3340 ns/op
OverheadActual   4: 134217728 op, 446146538.00 ns, 3.3241 ns/op
OverheadActual   5: 134217728 op, 446841971.00 ns, 3.3292 ns/op
OverheadActual   6: 134217728 op, 446629483.00 ns, 3.3276 ns/op
OverheadActual   7: 134217728 op, 446956846.00 ns, 3.3301 ns/op
OverheadActual   8: 134217728 op, 452333546.00 ns, 3.3701 ns/op
OverheadActual   9: 134217728 op, 447558543.00 ns, 3.3346 ns/op
OverheadActual  10: 134217728 op, 447280424.00 ns, 3.3325 ns/op
OverheadActual  11: 134217728 op, 446499035.00 ns, 3.3267 ns/op
OverheadActual  12: 134217728 op, 447234512.00 ns, 3.3322 ns/op
OverheadActual  13: 134217728 op, 446235579.00 ns, 3.3247 ns/op
OverheadActual  14: 134217728 op, 452435040.00 ns, 3.3709 ns/op
OverheadActual  15: 134217728 op, 447931345.00 ns, 3.3373 ns/op

WorkloadWarmup   1: 134217728 op, 533679968.00 ns, 3.9762 ns/op
WorkloadWarmup   2: 134217728 op, 528851538.00 ns, 3.9403 ns/op
WorkloadWarmup   3: 134217728 op, 528462914.00 ns, 3.9374 ns/op
WorkloadWarmup   4: 134217728 op, 528742445.00 ns, 3.9394 ns/op
WorkloadWarmup   5: 134217728 op, 529243621.00 ns, 3.9432 ns/op
WorkloadWarmup   6: 134217728 op, 528426351.00 ns, 3.9371 ns/op
WorkloadWarmup   7: 134217728 op, 528257010.00 ns, 3.9358 ns/op
WorkloadWarmup   8: 134217728 op, 528287719.00 ns, 3.9361 ns/op
WorkloadWarmup   9: 134217728 op, 528898614.00 ns, 3.9406 ns/op
WorkloadWarmup  10: 134217728 op, 528681487.00 ns, 3.9390 ns/op

// BeforeActualRun
WorkloadActual   1: 134217728 op, 528258133.00 ns, 3.9358 ns/op
WorkloadActual   2: 134217728 op, 529836681.00 ns, 3.9476 ns/op
WorkloadActual   3: 134217728 op, 537269662.00 ns, 4.0030 ns/op
WorkloadActual   4: 134217728 op, 528683530.00 ns, 3.9390 ns/op
WorkloadActual   5: 134217728 op, 528512600.00 ns, 3.9377 ns/op
WorkloadActual   6: 134217728 op, 529096715.00 ns, 3.9421 ns/op
WorkloadActual   7: 134217728 op, 527506875.00 ns, 3.9302 ns/op
WorkloadActual   8: 134217728 op, 528450032.00 ns, 3.9373 ns/op
WorkloadActual   9: 134217728 op, 527841122.00 ns, 3.9327 ns/op
WorkloadActual  10: 134217728 op, 528540662.00 ns, 3.9379 ns/op
WorkloadActual  11: 134217728 op, 527558442.00 ns, 3.9306 ns/op
WorkloadActual  12: 134217728 op, 531200807.00 ns, 3.9578 ns/op
WorkloadActual  13: 134217728 op, 529363113.00 ns, 3.9441 ns/op
WorkloadActual  14: 134217728 op, 532319745.00 ns, 3.9661 ns/op
WorkloadActual  15: 134217728 op, 527739952.00 ns, 3.9320 ns/op

// AfterActualRun
WorkloadResult   1: 134217728 op, 81023621.00 ns, 0.6037 ns/op
WorkloadResult   2: 134217728 op, 82602169.00 ns, 0.6154 ns/op
WorkloadResult   3: 134217728 op, 81449018.00 ns, 0.6068 ns/op
WorkloadResult   4: 134217728 op, 81278088.00 ns, 0.6056 ns/op
WorkloadResult   5: 134217728 op, 81862203.00 ns, 0.6099 ns/op
WorkloadResult   6: 134217728 op, 80272363.00 ns, 0.5981 ns/op
WorkloadResult   7: 134217728 op, 81215520.00 ns, 0.6051 ns/op
WorkloadResult   8: 134217728 op, 80606610.00 ns, 0.6006 ns/op
WorkloadResult   9: 134217728 op, 81306150.00 ns, 0.6058 ns/op
WorkloadResult  10: 134217728 op, 80323930.00 ns, 0.5985 ns/op
WorkloadResult  11: 134217728 op, 83966295.00 ns, 0.6256 ns/op
WorkloadResult  12: 134217728 op, 82128601.00 ns, 0.6119 ns/op
WorkloadResult  13: 134217728 op, 80505440.00 ns, 0.5998 ns/op
// GC:  0 0 0 0 134217728
// Threading:  0 0 134217728

// AfterAll
// Benchmark Process 5316 has exited with code 0.

Mean = 0.607 ns, StdErr = 0.002 ns (0.35%), N = 13, StdDev = 0.008 ns
Min = 0.598 ns, Q1 = 0.601 ns, Median = 0.606 ns, Q3 = 0.610 ns, Max = 0.626 ns
IQR = 0.009 ns, LowerFence = 0.587 ns, UpperFence = 0.624 ns
ConfidenceInterval = [0.597 ns; 0.616 ns] (CI 99.9%), Margin = 0.009 ns (1.52% of Mean)
Skewness = 0.99, Kurtosis = 3.25, MValue = 2

// ** Remained 35 (97.2 %) benchmark(s) to run. Estimated finish 2026-09-13 7:10 (0h 15m from now) **
// **************************
// Benchmark: MediatorBenchmarks.SendCommand_NoBehaviors: .NET 10.0(Runtime=.NET 10.0, Toolchain=net10.0)
// *** Execute ***
// Launch: 1 / 1
// Execute: dotnet "EricksonLopez.Mediator.Benchmarks-.NET 10.0-1.dll" --anonymousPipes 107 108 --benchmarkName EricksonLopez.Mediator.Benchmarks.MediatorBenchmarks.SendCommand_NoBehaviors --job ".NET 10.0" --benchmarkId 1 in /home/runner/work/dotnet-mediator/dotnet-mediator/benchmarks/EricksonLopez.Mediator.Benchmarks/bin/Release/net10.0/EricksonLopez.Mediator.Benchmarks-.NET 10.0-1/bin/Release/net10.0
// Failed to set up high priority (Permission denied). In order to run benchmarks with high priority, make sure you have the right permissions.
// BeforeAnythingElse

// Benchmark Process Environment Information:
// BenchmarkDotNet v0.15.8
// Runtime=.NET 10.0.12 (10.0.12, 10.0.1226.42308), X64 RyuJIT x86-64-v3
// GC=Concurrent Workstation
// HardwareIntrinsics=AVX2+BMI1+BMI2+F16C+FMA+LZCNT+MOVBE,AVX,SSE3+SSSE3+SSE4.1+SSE4.2+POPCNT,X86Base+SSE+SSE2,AES+PCLMUL VectorSize=256
// Job: .NET 10.0

OverheadJitting  1: 1 op, 219942.00 ns, 219.9420 us/op
WorkloadJitting  1: 1 op, 1730543.00 ns, 1.7305 ms/op

OverheadJitting  2: 16 op, 482484.00 ns, 30.1553 us/op
WorkloadJitting  2: 16 op, 465252.00 ns, 29.0783 us/op

WorkloadPilot    1: 16 op, 8766.00 ns, 547.8750 ns/op
WorkloadPilot    2: 32 op, 15529.00 ns, 485.2813 ns/op
WorkloadPilot    3: 64 op, 20609.00 ns, 322.0156 ns/op
WorkloadPilot    4: 128 op, 35677.00 ns, 278.7266 ns/op
WorkloadPilot    5: 256 op, 83467.00 ns, 326.0430 ns/op
WorkloadPilot    6: 512 op, 161854.00 ns, 316.1211 ns/op
WorkloadPilot    7: 1024 op, 300423.00 ns, 293.3818 ns/op
WorkloadPilot    8: 2048 op, 510447.00 ns, 249.2417 ns/op
WorkloadPilot    9: 4096 op, 1043346.00 ns, 254.7231 ns/op
WorkloadPilot   10: 8192 op, 2597958.00 ns, 317.1335 ns/op
WorkloadPilot   11: 16384 op, 4282895.00 ns, 261.4072 ns/op
WorkloadPilot   12: 32768 op, 8128372.00 ns, 248.0582 ns/op
WorkloadPilot   13: 65536 op, 16146196.00 ns, 246.3714 ns/op
WorkloadPilot   14: 131072 op, 32174923.00 ns, 245.4752 ns/op
WorkloadPilot   15: 262144 op, 64148146.00 ns, 244.7058 ns/op
WorkloadPilot   16: 524288 op, 48381962.00 ns, 92.2813 ns/op
WorkloadPilot   17: 1048576 op, 26169819.00 ns, 24.9575 ns/op
WorkloadPilot   18: 2097152 op, 52834446.00 ns, 25.1934 ns/op
WorkloadPilot   19: 4194304 op, 104885222.00 ns, 25.0066 ns/op
WorkloadPilot   20: 8388608 op, 209819827.00 ns, 25.0125 ns/op
WorkloadPilot   21: 16777216 op, 419528887.00 ns, 25.0059 ns/op
WorkloadPilot   22: 33554432 op, 859742414.00 ns, 25.6223 ns/op

OverheadWarmup   1: 33554432 op, 143169622.00 ns, 4.2668 ns/op
OverheadWarmup   2: 33554432 op, 151645957.00 ns, 4.5194 ns/op
OverheadWarmup   3: 33554432 op, 112561414.00 ns, 3.3546 ns/op
OverheadWarmup   4: 33554432 op, 112562819.00 ns, 3.3546 ns/op
OverheadWarmup   5: 33554432 op, 112578518.00 ns, 3.3551 ns/op
OverheadWarmup   6: 33554432 op, 116794038.00 ns, 3.4807 ns/op
OverheadWarmup   7: 33554432 op, 111677120.00 ns, 3.3282 ns/op

OverheadActual   1: 33554432 op, 111946394.00 ns, 3.3363 ns/op
OverheadActual   2: 33554432 op, 112171917.00 ns, 3.3430 ns/op
OverheadActual   3: 33554432 op, 111829555.00 ns, 3.3328 ns/op
OverheadActual   4: 33554432 op, 111932789.00 ns, 3.3359 ns/op
OverheadActual   5: 33554432 op, 113251019.00 ns, 3.3751 ns/op
OverheadActual   6: 33554432 op, 124683132.00 ns, 3.7158 ns/op
OverheadActual   7: 33554432 op, 113111795.00 ns, 3.3710 ns/op
OverheadActual   8: 33554432 op, 111754268.00 ns, 3.3305 ns/op
OverheadActual   9: 33554432 op, 111865486.00 ns, 3.3339 ns/op
OverheadActual  10: 33554432 op, 111706428.00 ns, 3.3291 ns/op
OverheadActual  11: 33554432 op, 111773013.00 ns, 3.3311 ns/op
OverheadActual  12: 33554432 op, 112437878.00 ns, 3.3509 ns/op
OverheadActual  13: 33554432 op, 112487171.00 ns, 3.3524 ns/op
OverheadActual  14: 33554432 op, 112738340.00 ns, 3.3599 ns/op
OverheadActual  15: 33554432 op, 124238718.00 ns, 3.7026 ns/op

WorkloadWarmup   1: 33554432 op, 839933506.00 ns, 25.0320 ns/op
WorkloadWarmup   2: 33554432 op, 844606898.00 ns, 25.1712 ns/op
WorkloadWarmup   3: 33554432 op, 840472274.00 ns, 25.0480 ns/op
WorkloadWarmup   4: 33554432 op, 839489241.00 ns, 25.0187 ns/op
WorkloadWarmup   5: 33554432 op, 840068095.00 ns, 25.0360 ns/op
WorkloadWarmup   6: 33554432 op, 839759647.00 ns, 25.0268 ns/op

// BeforeActualRun
WorkloadActual   1: 33554432 op, 836828033.00 ns, 24.9394 ns/op
WorkloadActual   2: 33554432 op, 833437850.00 ns, 24.8384 ns/op
WorkloadActual   3: 33554432 op, 842690676.00 ns, 25.1141 ns/op
WorkloadActual   4: 33554432 op, 843646205.00 ns, 25.1426 ns/op
WorkloadActual   5: 33554432 op, 840928250.00 ns, 25.0616 ns/op
WorkloadActual   6: 33554432 op, 840188521.00 ns, 25.0396 ns/op
WorkloadActual   7: 33554432 op, 840328969.00 ns, 25.0438 ns/op
WorkloadActual   8: 33554432 op, 839220234.00 ns, 25.0107 ns/op
WorkloadActual   9: 33554432 op, 840106344.00 ns, 25.0371 ns/op
WorkloadActual  10: 33554432 op, 840300248.00 ns, 25.0429 ns/op
WorkloadActual  11: 33554432 op, 840204858.00 ns, 25.0401 ns/op
WorkloadActual  12: 33554432 op, 839937372.00 ns, 25.0321 ns/op
WorkloadActual  13: 33554432 op, 840666165.00 ns, 25.0538 ns/op
WorkloadActual  14: 33554432 op, 839305726.00 ns, 25.0133 ns/op
WorkloadActual  15: 33554432 op, 841169909.00 ns, 25.0688 ns/op

// AfterActualRun
WorkloadResult   1: 33554432 op, 724656116.00 ns, 21.5964 ns/op
WorkloadResult   2: 33554432 op, 721265933.00 ns, 21.4954 ns/op
WorkloadResult   3: 33554432 op, 728756333.00 ns, 21.7186 ns/op
WorkloadResult   4: 33554432 op, 728016604.00 ns, 21.6966 ns/op
WorkloadResult   5: 33554432 op, 728157052.00 ns, 21.7008 ns/op
WorkloadResult   6: 33554432 op, 727048317.00 ns, 21.6677 ns/op
WorkloadResult   7: 33554432 op, 727934427.00 ns, 21.6941 ns/op
WorkloadResult   8: 33554432 op, 728128331.00 ns, 21.6999 ns/op
WorkloadResult   9: 33554432 op, 728032941.00 ns, 21.6971 ns/op
WorkloadResult  10: 33554432 op, 727765455.00 ns, 21.6891 ns/op
WorkloadResult  11: 33554432 op, 728494248.00 ns, 21.7108 ns/op
WorkloadResult  12: 33554432 op, 727133809.00 ns, 21.6703 ns/op
WorkloadResult  13: 33554432 op, 728997992.00 ns, 21.7258 ns/op
// GC:  0 0 0 0 33554432
// Threading:  0 0 33554432

// AfterAll
// Benchmark Process 5343 has exited with code 0.

Mean = 21.674 ns, StdErr = 0.017 ns (0.08%), N = 13, StdDev = 0.063 ns
Min = 21.495 ns, Q1 = 21.670 ns, Median = 21.697 ns, Q3 = 21.701 ns, Max = 21.726 ns
IQR = 0.030 ns, LowerFence = 21.625 ns, UpperFence = 21.747 ns
ConfidenceInterval = [21.599 ns; 21.749 ns] (CI 99.9%), Margin = 0.075 ns (0.35% of Mean)
Skewness = -1.82, Kurtosis = 5.35, MValue = 2

// ** Remained 34 (94.4 %) benchmark(s) to run. Estimated finish 2026-09-13 7:10 (0h 13m from now) **
// **************************
// Benchmark: MediatorBenchmarks.SendQuery_NoBehaviors: .NET 10.0(Runtime=.NET 10.0, Toolchain=net10.0)
// *** Execute ***
// Launch: 1 / 1
// Execute: dotnet "EricksonLopez.Mediator.Benchmarks-.NET 10.0-1.dll" --anonymousPipes 107 108 --benchmarkName EricksonLopez.Mediator.Benchmarks.MediatorBenchmarks.SendQuery_NoBehaviors --job ".NET 10.0" --benchmarkId 2 in /home/runner/work/dotnet-mediator/dotnet-mediator/benchmarks/EricksonLopez.Mediator.Benchmarks/bin/Release/net10.0/EricksonLopez.Mediator.Benchmarks-.NET 10.0-1/bin/Release/net10.0
// Failed to set up high priority (Permission denied). In order to run benchmarks with high priority, make sure you have the right permissions.
// BeforeAnythingElse

// Benchmark Process Environment Information:
// BenchmarkDotNet v0.15.8
// Runtime=.NET 10.0.12 (10.0.12, 10.0.1226.42308), X64 RyuJIT x86-64-v3
// GC=Concurrent Workstation
// HardwareIntrinsics=AVX2+BMI1+BMI2+F16C+FMA+LZCNT+MOVBE,AVX,SSE3+SSSE3+SSE4.1+SSE4.2+POPCNT,X86Base+SSE+SSE2,AES+PCLMUL VectorSize=256
// Job: .NET 10.0

OverheadJitting  1: 1 op, 216926.00 ns, 216.9260 us/op
WorkloadJitting  1: 1 op, 1414190.00 ns, 1.4142 ms/op

OverheadJitting  2: 16 op, 444603.00 ns, 27.7877 us/op
WorkloadJitting  2: 16 op, 483667.00 ns, 30.2292 us/op

WorkloadPilot    1: 16 op, 8355.00 ns, 522.1875 ns/op
WorkloadPilot    2: 32 op, 10781.00 ns, 336.9063 ns/op
WorkloadPilot    3: 64 op, 15819.00 ns, 247.1719 ns/op
WorkloadPilot    4: 128 op, 48561.00 ns, 379.3828 ns/op
WorkloadPilot    5: 256 op, 52839.00 ns, 206.4023 ns/op
WorkloadPilot    6: 512 op, 100018.00 ns, 195.3477 ns/op
WorkloadPilot    7: 1024 op, 211657.00 ns, 206.6963 ns/op
WorkloadPilot    8: 2048 op, 399709.00 ns, 195.1704 ns/op
WorkloadPilot    9: 4096 op, 807142.00 ns, 197.0562 ns/op
WorkloadPilot   10: 8192 op, 1674527.00 ns, 204.4100 ns/op
WorkloadPilot   11: 16384 op, 3307777.00 ns, 201.8907 ns/op
WorkloadPilot   12: 32768 op, 6509636.00 ns, 198.6583 ns/op
WorkloadPilot   13: 65536 op, 12842641.00 ns, 195.9632 ns/op
WorkloadPilot   14: 131072 op, 25555340.00 ns, 194.9718 ns/op
WorkloadPilot   15: 262144 op, 51246903.00 ns, 195.4914 ns/op
WorkloadPilot   16: 524288 op, 60062891.00 ns, 114.5609 ns/op
WorkloadPilot   17: 1048576 op, 20217509.00 ns, 19.2809 ns/op
WorkloadPilot   18: 2097152 op, 40558047.00 ns, 19.3396 ns/op
WorkloadPilot   19: 4194304 op, 81363430.00 ns, 19.3986 ns/op
WorkloadPilot   20: 8388608 op, 164227608.00 ns, 19.5775 ns/op
WorkloadPilot   21: 16777216 op, 324576141.00 ns, 19.3462 ns/op
WorkloadPilot   22: 33554432 op, 648822876.00 ns, 19.3364 ns/op

OverheadWarmup   1: 33554432 op, 142362814.00 ns, 4.2427 ns/op
OverheadWarmup   2: 33554432 op, 148775178.00 ns, 4.4338 ns/op
OverheadWarmup   3: 33554432 op, 110992861.00 ns, 3.3078 ns/op
OverheadWarmup   4: 33554432 op, 111266634.00 ns, 3.3160 ns/op
OverheadWarmup   5: 33554432 op, 112088083.00 ns, 3.3405 ns/op
OverheadWarmup   6: 33554432 op, 111216620.00 ns, 3.3145 ns/op

OverheadActual   1: 33554432 op, 110964468.00 ns, 3.3070 ns/op
OverheadActual   2: 33554432 op, 111130610.00 ns, 3.3120 ns/op
OverheadActual   3: 33554432 op, 111046041.00 ns, 3.3094 ns/op
OverheadActual   4: 33554432 op, 111111413.00 ns, 3.3114 ns/op
OverheadActual   5: 33554432 op, 110980258.00 ns, 3.3075 ns/op
OverheadActual   6: 33554432 op, 116922497.00 ns, 3.4846 ns/op
OverheadActual   7: 33554432 op, 111223023.00 ns, 3.3147 ns/op
OverheadActual   8: 33554432 op, 111175660.00 ns, 3.3133 ns/op
OverheadActual   9: 33554432 op, 111846073.00 ns, 3.3333 ns/op
OverheadActual  10: 33554432 op, 111378073.00 ns, 3.3193 ns/op
OverheadActual  11: 33554432 op, 111191103.00 ns, 3.3138 ns/op
OverheadActual  12: 33554432 op, 110997260.00 ns, 3.3080 ns/op
OverheadActual  13: 33554432 op, 111468703.00 ns, 3.3220 ns/op
OverheadActual  14: 33554432 op, 111029570.00 ns, 3.3089 ns/op
OverheadActual  15: 33554432 op, 110968085.00 ns, 3.3071 ns/op

WorkloadWarmup   1: 33554432 op, 655632193.00 ns, 19.5394 ns/op
WorkloadWarmup   2: 33554432 op, 651286133.00 ns, 19.4098 ns/op
WorkloadWarmup   3: 33554432 op, 670639719.00 ns, 19.9866 ns/op
WorkloadWarmup   4: 33554432 op, 649413736.00 ns, 19.3540 ns/op
WorkloadWarmup   5: 33554432 op, 648594500.00 ns, 19.3296 ns/op
WorkloadWarmup   6: 33554432 op, 648703514.00 ns, 19.3329 ns/op
WorkloadWarmup   7: 33554432 op, 648991585.00 ns, 19.3415 ns/op
WorkloadWarmup   8: 33554432 op, 647806964.00 ns, 19.3062 ns/op

// BeforeActualRun
WorkloadActual   1: 33554432 op, 657925610.00 ns, 19.6077 ns/op
WorkloadActual   2: 33554432 op, 650600821.00 ns, 19.3894 ns/op
WorkloadActual   3: 33554432 op, 649082785.00 ns, 19.3442 ns/op
WorkloadActual   4: 33554432 op, 650243651.00 ns, 19.3788 ns/op
WorkloadActual   5: 33554432 op, 648103168.00 ns, 19.3150 ns/op
WorkloadActual   6: 33554432 op, 648338823.00 ns, 19.3220 ns/op
WorkloadActual   7: 33554432 op, 648061463.00 ns, 19.3137 ns/op
WorkloadActual   8: 33554432 op, 648999942.00 ns, 19.3417 ns/op
WorkloadActual   9: 33554432 op, 648769761.00 ns, 19.3348 ns/op
WorkloadActual  10: 33554432 op, 649388411.00 ns, 19.3533 ns/op
WorkloadActual  11: 33554432 op, 648704219.00 ns, 19.3329 ns/op
WorkloadActual  12: 33554432 op, 647696599.00 ns, 19.3029 ns/op
WorkloadActual  13: 33554432 op, 649696999.00 ns, 19.3625 ns/op
WorkloadActual  14: 33554432 op, 648520864.00 ns, 19.3274 ns/op
WorkloadActual  15: 33554432 op, 649323750.00 ns, 19.3514 ns/op

// AfterActualRun
WorkloadResult   1: 33554432 op, 539470211.00 ns, 16.0775 ns/op
WorkloadResult   2: 33554432 op, 537952175.00 ns, 16.0322 ns/op
WorkloadResult   3: 33554432 op, 539113041.00 ns, 16.0668 ns/op
WorkloadResult   4: 33554432 op, 536972558.00 ns, 16.0030 ns/op
WorkloadResult   5: 33554432 op, 537208213.00 ns, 16.0101 ns/op
WorkloadResult   6: 33554432 op, 536930853.00 ns, 16.0018 ns/op
WorkloadResult   7: 33554432 op, 537869332.00 ns, 16.0298 ns/op
WorkloadResult   8: 33554432 op, 537639151.00 ns, 16.0229 ns/op
WorkloadResult   9: 33554432 op, 538257801.00 ns, 16.0413 ns/op
WorkloadResult  10: 33554432 op, 537573609.00 ns, 16.0209 ns/op
WorkloadResult  11: 33554432 op, 536565989.00 ns, 15.9909 ns/op
WorkloadResult  12: 33554432 op, 538566389.00 ns, 16.0505 ns/op
WorkloadResult  13: 33554432 op, 537390254.00 ns, 16.0155 ns/op
WorkloadResult  14: 33554432 op, 538193140.00 ns, 16.0394 ns/op
// GC:  0 0 0 0 33554432
// Threading:  0 0 33554432

// AfterAll
// Benchmark Process 5367 has exited with code 0.

Mean = 16.029 ns, StdErr = 0.007 ns (0.04%), N = 14, StdDev = 0.025 ns
Min = 15.991 ns, Q1 = 16.011 ns, Median = 16.026 ns, Q3 = 16.041 ns, Max = 16.077 ns
IQR = 0.029 ns, LowerFence = 15.967 ns, UpperFence = 16.085 ns
ConfidenceInterval = [16.001 ns; 16.057 ns] (CI 99.9%), Margin = 0.028 ns (0.17% of Mean)
Skewness = 0.39, Kurtosis = 2.09, MValue = 2

// ** Remained 33 (91.7 %) benchmark(s) to run. Estimated finish 2026-09-13 7:09 (0h 12m from now) **
// **************************
// Benchmark: MediatorBenchmarks.SendCommand_OneBehavior: .NET 10.0(Runtime=.NET 10.0, Toolchain=net10.0)
// *** Execute ***
// Launch: 1 / 1
// Execute: dotnet "EricksonLopez.Mediator.Benchmarks-.NET 10.0-1.dll" --anonymousPipes 107 108 --benchmarkName EricksonLopez.Mediator.Benchmarks.MediatorBenchmarks.SendCommand_OneBehavior --job ".NET 10.0" --benchmarkId 3 in /home/runner/work/dotnet-mediator/dotnet-mediator/benchmarks/EricksonLopez.Mediator.Benchmarks/bin/Release/net10.0/EricksonLopez.Mediator.Benchmarks-.NET 10.0-1/bin/Release/net10.0
// Failed to set up high priority (Permission denied). In order to run benchmarks with high priority, make sure you have the right permissions.
// BeforeAnythingElse

// Benchmark Process Environment Information:
// BenchmarkDotNet v0.15.8
// Runtime=.NET 10.0.12 (10.0.12, 10.0.1226.42308), X64 RyuJIT x86-64-v3
// GC=Concurrent Workstation
// HardwareIntrinsics=AVX2+BMI1+BMI2+F16C+FMA+LZCNT+MOVBE,AVX,SSE3+SSSE3+SSE4.1+SSE4.2+POPCNT,X86Base+SSE+SSE2,AES+PCLMUL VectorSize=256
// Job: .NET 10.0

OverheadJitting  1: 1 op, 213149.00 ns, 213.1490 us/op
WorkloadJitting  1: 1 op, 2511226.00 ns, 2.5112 ms/op

OverheadJitting  2: 16 op, 480411.00 ns, 30.0257 us/op
WorkloadJitting  2: 16 op, 573464.00 ns, 35.8415 us/op

WorkloadPilot    1: 16 op, 14548.00 ns, 909.2500 ns/op
WorkloadPilot    2: 32 op, 24355.00 ns, 761.0938 ns/op
WorkloadPilot    3: 64 op, 46186.00 ns, 721.6563 ns/op
WorkloadPilot    4: 128 op, 66875.00 ns, 522.4609 ns/op
WorkloadPilot    5: 256 op, 168947.00 ns, 659.9492 ns/op
WorkloadPilot    6: 512 op, 287228.00 ns, 560.9922 ns/op
WorkloadPilot    7: 1024 op, 521758.00 ns, 509.5293 ns/op
WorkloadPilot    8: 2048 op, 1022897.00 ns, 499.4614 ns/op
WorkloadPilot    9: 4096 op, 2206706.00 ns, 538.7466 ns/op
WorkloadPilot   10: 8192 op, 4185234.00 ns, 510.8928 ns/op
WorkloadPilot   11: 16384 op, 8249722.00 ns, 503.5231 ns/op
WorkloadPilot   12: 32768 op, 16331448.00 ns, 498.3962 ns/op
WorkloadPilot   13: 65536 op, 32321236.00 ns, 493.1829 ns/op
WorkloadPilot   14: 131072 op, 64851495.00 ns, 494.7776 ns/op
WorkloadPilot   15: 262144 op, 55178214.00 ns, 210.4882 ns/op
WorkloadPilot   16: 524288 op, 29856186.00 ns, 56.9462 ns/op
WorkloadPilot   17: 1048576 op, 59954706.00 ns, 57.1773 ns/op
WorkloadPilot   18: 2097152 op, 119478814.00 ns, 56.9719 ns/op
WorkloadPilot   19: 4194304 op, 239356405.00 ns, 57.0670 ns/op
WorkloadPilot   20: 8388608 op, 476776035.00 ns, 56.8361 ns/op
WorkloadPilot   21: 16777216 op, 971324979.00 ns, 57.8955 ns/op

OverheadWarmup   1: 16777216 op, 71315050.00 ns, 4.2507 ns/op
OverheadWarmup   2: 16777216 op, 71333144.00 ns, 4.2518 ns/op
OverheadWarmup   3: 16777216 op, 74262774.00 ns, 4.4264 ns/op
OverheadWarmup   4: 16777216 op, 55501915.00 ns, 3.3082 ns/op
OverheadWarmup   5: 16777216 op, 55823288.00 ns, 3.3273 ns/op
OverheadWarmup   6: 16777216 op, 55570684.00 ns, 3.3123 ns/op

OverheadActual   1: 16777216 op, 55532823.00 ns, 3.3100 ns/op
OverheadActual   2: 16777216 op, 55738628.00 ns, 3.3223 ns/op
OverheadActual   3: 16777216 op, 56087162.00 ns, 3.3431 ns/op
OverheadActual   4: 16777216 op, 55691320.00 ns, 3.3195 ns/op
OverheadActual   5: 16777216 op, 55507716.00 ns, 3.3085 ns/op
OverheadActual   6: 16777216 op, 55858754.00 ns, 3.3294 ns/op
OverheadActual   7: 16777216 op, 55562448.00 ns, 3.3118 ns/op
OverheadActual   8: 16777216 op, 55863803.00 ns, 3.3297 ns/op
OverheadActual   9: 16777216 op, 55665091.00 ns, 3.3179 ns/op
OverheadActual  10: 16777216 op, 55610719.00 ns, 3.3147 ns/op
OverheadActual  11: 16777216 op, 55737015.00 ns, 3.3222 ns/op
OverheadActual  12: 16777216 op, 55611470.00 ns, 3.3147 ns/op
OverheadActual  13: 16777216 op, 55639793.00 ns, 3.3164 ns/op
OverheadActual  14: 16777216 op, 55858483.00 ns, 3.3294 ns/op
OverheadActual  15: 16777216 op, 55686050.00 ns, 3.3191 ns/op

WorkloadWarmup   1: 16777216 op, 956690122.00 ns, 57.0232 ns/op
WorkloadWarmup   2: 16777216 op, 955951408.00 ns, 56.9791 ns/op
WorkloadWarmup   3: 16777216 op, 957310945.00 ns, 57.0602 ns/op
WorkloadWarmup   4: 16777216 op, 977657146.00 ns, 58.2729 ns/op
WorkloadWarmup   5: 16777216 op, 956929762.00 ns, 57.0375 ns/op
WorkloadWarmup   6: 16777216 op, 956591735.00 ns, 57.0173 ns/op
WorkloadWarmup   7: 16777216 op, 962936311.00 ns, 57.3955 ns/op
WorkloadWarmup   8: 16777216 op, 958194061.00 ns, 57.1128 ns/op

// BeforeActualRun
WorkloadActual   1: 16777216 op, 954390041.00 ns, 56.8861 ns/op
WorkloadActual   2: 16777216 op, 955245985.00 ns, 56.9371 ns/op
WorkloadActual   3: 16777216 op, 954097001.00 ns, 56.8686 ns/op
WorkloadActual   4: 16777216 op, 957467890.00 ns, 57.0695 ns/op
WorkloadActual   5: 16777216 op, 957584338.00 ns, 57.0765 ns/op
WorkloadActual   6: 16777216 op, 954611989.00 ns, 56.8993 ns/op
WorkloadActual   7: 16777216 op, 963237682.00 ns, 57.4134 ns/op
WorkloadActual   8: 16777216 op, 955610858.00 ns, 56.9588 ns/op
WorkloadActual   9: 16777216 op, 973989691.00 ns, 58.0543 ns/op
WorkloadActual  10: 16777216 op, 959194385.00 ns, 57.1724 ns/op
WorkloadActual  11: 16777216 op, 957193325.00 ns, 57.0532 ns/op
WorkloadActual  12: 16777216 op, 955713981.00 ns, 56.9650 ns/op
WorkloadActual  13: 16777216 op, 959903313.00 ns, 57.2147 ns/op
WorkloadActual  14: 16777216 op, 954221604.00 ns, 56.8760 ns/op
WorkloadActual  15: 16777216 op, 955972944.00 ns, 56.9804 ns/op

// AfterActualRun
WorkloadResult   1: 16777216 op, 898703991.00 ns, 53.5669 ns/op
WorkloadResult   2: 16777216 op, 899559935.00 ns, 53.6180 ns/op
WorkloadResult   3: 16777216 op, 898410951.00 ns, 53.5495 ns/op
WorkloadResult   4: 16777216 op, 901781840.00 ns, 53.7504 ns/op
WorkloadResult   5: 16777216 op, 901898288.00 ns, 53.7573 ns/op
WorkloadResult   6: 16777216 op, 898925939.00 ns, 53.5802 ns/op
WorkloadResult   7: 16777216 op, 907551632.00 ns, 54.0943 ns/op
WorkloadResult   8: 16777216 op, 899924808.00 ns, 53.6397 ns/op
WorkloadResult   9: 16777216 op, 903508335.00 ns, 53.8533 ns/op
WorkloadResult  10: 16777216 op, 901507275.00 ns, 53.7340 ns/op
WorkloadResult  11: 16777216 op, 900027931.00 ns, 53.6458 ns/op
WorkloadResult  12: 16777216 op, 904217263.00 ns, 53.8955 ns/op
WorkloadResult  13: 16777216 op, 898535554.00 ns, 53.5569 ns/op
WorkloadResult  14: 16777216 op, 900286894.00 ns, 53.6613 ns/op
// GC:  0 0 0 0 16777216
// Threading:  0 0 16777216

// AfterAll
// Benchmark Process 5386 has exited with code 0.

Mean = 53.707 ns, StdErr = 0.041 ns (0.08%), N = 14, StdDev = 0.155 ns
Min = 53.549 ns, Q1 = 53.590 ns, Median = 53.654 ns, Q3 = 53.756 ns, Max = 54.094 ns
IQR = 0.166 ns, LowerFence = 53.341 ns, UpperFence = 54.005 ns
ConfidenceInterval = [53.532 ns; 53.883 ns] (CI 99.9%), Margin = 0.175 ns (0.33% of Mean)
Skewness = 1.04, Kurtosis = 3.2, MValue = 2

// ** Remained 32 (88.9 %) benchmark(s) to run. Estimated finish 2026-09-13 7:09 (0h 12m from now) **
// **************************
// Benchmark: MediatorBenchmarks.SendCommand_FiveBehaviors: .NET 10.0(Runtime=.NET 10.0, Toolchain=net10.0)
// *** Execute ***
// Launch: 1 / 1
// Execute: dotnet "EricksonLopez.Mediator.Benchmarks-.NET 10.0-1.dll" --anonymousPipes 107 108 --benchmarkName EricksonLopez.Mediator.Benchmarks.MediatorBenchmarks.SendCommand_FiveBehaviors --job ".NET 10.0" --benchmarkId 4 in /home/runner/work/dotnet-mediator/dotnet-mediator/benchmarks/EricksonLopez.Mediator.Benchmarks/bin/Release/net10.0/EricksonLopez.Mediator.Benchmarks-.NET 10.0-1/bin/Release/net10.0
// Failed to set up high priority (Permission denied). In order to run benchmarks with high priority, make sure you have the right permissions.
// BeforeAnythingElse

// Benchmark Process Environment Information:
// BenchmarkDotNet v0.15.8
// Runtime=.NET 10.0.12 (10.0.12, 10.0.1226.42308), X64 RyuJIT x86-64-v3
// GC=Concurrent Workstation
// HardwareIntrinsics=AVX2+BMI1+BMI2+F16C+FMA+LZCNT+MOVBE,AVX,SSE3+SSSE3+SSE4.1+SSE4.2+POPCNT,X86Base+SSE+SSE2,AES+PCLMUL VectorSize=256
// Job: .NET 10.0

OverheadJitting  1: 1 op, 224461.00 ns, 224.4610 us/op
WorkloadJitting  1: 1 op, 4839160.00 ns, 4.8392 ms/op

OverheadJitting  2: 16 op, 444654.00 ns, 27.7909 us/op
WorkloadJitting  2: 16 op, 468238.00 ns, 29.2649 us/op

WorkloadPilot    1: 16 op, 45345.00 ns, 2.8341 us/op
WorkloadPilot    2: 32 op, 66064.00 ns, 2.0645 us/op
WorkloadPilot    3: 64 op, 155631.00 ns, 2.4317 us/op
WorkloadPilot    4: 128 op, 198322.00 ns, 1.5494 us/op
WorkloadPilot    5: 256 op, 428684.00 ns, 1.6745 us/op
WorkloadPilot    6: 512 op, 760496.00 ns, 1.4853 us/op
WorkloadPilot    7: 1024 op, 1606511.00 ns, 1.5689 us/op
WorkloadPilot    8: 2048 op, 3194327.00 ns, 1.5597 us/op
WorkloadPilot    9: 4096 op, 6374286.00 ns, 1.5562 us/op
WorkloadPilot   10: 8192 op, 12594854.00 ns, 1.5375 us/op
WorkloadPilot   11: 16384 op, 25261975.00 ns, 1.5419 us/op
WorkloadPilot   12: 32768 op, 50344751.00 ns, 1.5364 us/op
WorkloadPilot   13: 65536 op, 87557657.00 ns, 1.3360 us/op
WorkloadPilot   14: 131072 op, 94060625.00 ns, 717.6256 ns/op
WorkloadPilot   15: 262144 op, 59697833.00 ns, 227.7292 ns/op
WorkloadPilot   16: 524288 op, 101028584.00 ns, 192.6967 ns/op
WorkloadPilot   17: 1048576 op, 202453711.00 ns, 193.0749 ns/op
WorkloadPilot   18: 2097152 op, 403799086.00 ns, 192.5464 ns/op
WorkloadPilot   19: 4194304 op, 808187395.00 ns, 192.6869 ns/op

OverheadWarmup   1: 4194304 op, 17998922.00 ns, 4.2913 ns/op
OverheadWarmup   2: 4194304 op, 17860434.00 ns, 4.2583 ns/op
OverheadWarmup   3: 4194304 op, 17814968.00 ns, 4.2474 ns/op
OverheadWarmup   4: 4194304 op, 17831769.00 ns, 4.2514 ns/op
OverheadWarmup   5: 4194304 op, 17827783.00 ns, 4.2505 ns/op
OverheadWarmup   6: 4194304 op, 17847649.00 ns, 4.2552 ns/op
OverheadWarmup   7: 4194304 op, 17812954.00 ns, 4.2469 ns/op

OverheadActual   1: 4194304 op, 17932969.00 ns, 4.2756 ns/op
OverheadActual   2: 4194304 op, 17899076.00 ns, 4.2675 ns/op
OverheadActual   3: 4194304 op, 17876484.00 ns, 4.2621 ns/op
OverheadActual   4: 4194304 op, 17931065.00 ns, 4.2751 ns/op
OverheadActual   5: 4194304 op, 17920666.00 ns, 4.2726 ns/op
OverheadActual   6: 4194304 op, 17902753.00 ns, 4.2683 ns/op
OverheadActual   7: 4194304 op, 17930204.00 ns, 4.2749 ns/op
OverheadActual   8: 4194304 op, 17811271.00 ns, 4.2465 ns/op
OverheadActual   9: 4194304 op, 17812033.00 ns, 4.2467 ns/op
OverheadActual  10: 4194304 op, 18013901.00 ns, 4.2948 ns/op
OverheadActual  11: 4194304 op, 17861566.00 ns, 4.2585 ns/op
OverheadActual  12: 4194304 op, 17842890.00 ns, 4.2541 ns/op
OverheadActual  13: 4194304 op, 17796263.00 ns, 4.2430 ns/op
OverheadActual  14: 4194304 op, 18178219.00 ns, 4.3340 ns/op
OverheadActual  15: 4194304 op, 23868703.00 ns, 5.6907 ns/op

WorkloadWarmup   1: 4194304 op, 809614219.00 ns, 193.0271 ns/op
WorkloadWarmup   2: 4194304 op, 811357015.00 ns, 193.4426 ns/op
WorkloadWarmup   3: 4194304 op, 807648625.00 ns, 192.5584 ns/op
WorkloadWarmup   4: 4194304 op, 805979197.00 ns, 192.1604 ns/op
WorkloadWarmup   5: 4194304 op, 806769606.00 ns, 192.3489 ns/op
WorkloadWarmup   6: 4194304 op, 807494077.00 ns, 192.5216 ns/op
WorkloadWarmup   7: 4194304 op, 804937345.00 ns, 191.9120 ns/op

// BeforeActualRun
WorkloadActual   1: 4194304 op, 806943024.00 ns, 192.3902 ns/op
WorkloadActual   2: 4194304 op, 807122190.00 ns, 192.4329 ns/op
WorkloadActual   3: 4194304 op, 807275206.00 ns, 192.4694 ns/op
WorkloadActual   4: 4194304 op, 806901125.00 ns, 192.3802 ns/op
WorkloadActual   5: 4194304 op, 805755308.00 ns, 192.1070 ns/op
WorkloadActual   6: 4194304 op, 805876565.00 ns, 192.1359 ns/op
WorkloadActual   7: 4194304 op, 811028875.00 ns, 193.3644 ns/op
WorkloadActual   8: 4194304 op, 809330776.00 ns, 192.9595 ns/op
WorkloadActual   9: 4194304 op, 805435430.00 ns, 192.0308 ns/op
WorkloadActual  10: 4194304 op, 806493493.00 ns, 192.2830 ns/op
WorkloadActual  11: 4194304 op, 806287847.00 ns, 192.2340 ns/op
WorkloadActual  12: 4194304 op, 806094044.00 ns, 192.1878 ns/op
WorkloadActual  13: 4194304 op, 806527627.00 ns, 192.2912 ns/op
WorkloadActual  14: 4194304 op, 807392387.00 ns, 192.4973 ns/op
WorkloadActual  15: 4194304 op, 806390219.00 ns, 192.2584 ns/op

// AfterActualRun
WorkloadResult   1: 4194304 op, 789040271.00 ns, 188.1219 ns/op
WorkloadResult   2: 4194304 op, 789219437.00 ns, 188.1646 ns/op
WorkloadResult   3: 4194304 op, 789372453.00 ns, 188.2011 ns/op
WorkloadResult   4: 4194304 op, 788998372.00 ns, 188.1119 ns/op
WorkloadResult   5: 4194304 op, 787852555.00 ns, 187.8387 ns/op
WorkloadResult   6: 4194304 op, 787973812.00 ns, 187.8676 ns/op
WorkloadResult   7: 4194304 op, 787532677.00 ns, 187.7624 ns/op
WorkloadResult   8: 4194304 op, 788590740.00 ns, 188.0147 ns/op
WorkloadResult   9: 4194304 op, 788385094.00 ns, 187.9657 ns/op
WorkloadResult  10: 4194304 op, 788191291.00 ns, 187.9194 ns/op
WorkloadResult  11: 4194304 op, 788624874.00 ns, 188.0228 ns/op
WorkloadResult  12: 4194304 op, 789489634.00 ns, 188.2290 ns/op
WorkloadResult  13: 4194304 op, 788487466.00 ns, 187.9901 ns/op
// GC:  0 0 0 0 4194304
// Threading:  0 0 4194304

// AfterAll
// Benchmark Process 5444 has exited with code 0.

Mean = 188.016 ns, StdErr = 0.040 ns (0.02%), N = 13, StdDev = 0.145 ns
Min = 187.762 ns, Q1 = 187.919 ns, Median = 188.015 ns, Q3 = 188.122 ns, Max = 188.229 ns
IQR = 0.202 ns, LowerFence = 187.616 ns, UpperFence = 188.425 ns
ConfidenceInterval = [187.842 ns; 188.190 ns] (CI 99.9%), Margin = 0.174 ns (0.09% of Mean)
Skewness = -0.12, Kurtosis = 1.67, MValue = 2

// ** Remained 31 (86.1 %) benchmark(s) to run. Estimated finish 2026-09-13 7:09 (0h 12m from now) **
// **************************
// Benchmark: MediatorBenchmarks.PublishNotification_OneHandler: .NET 10.0(Runtime=.NET 10.0, Toolchain=net10.0)
// *** Execute ***
// Launch: 1 / 1
// Execute: dotnet "EricksonLopez.Mediator.Benchmarks-.NET 10.0-1.dll" --anonymousPipes 107 108 --benchmarkName EricksonLopez.Mediator.Benchmarks.MediatorBenchmarks.PublishNotification_OneHandler --job ".NET 10.0" --benchmarkId 5 in /home/runner/work/dotnet-mediator/dotnet-mediator/benchmarks/EricksonLopez.Mediator.Benchmarks/bin/Release/net10.0/EricksonLopez.Mediator.Benchmarks-.NET 10.0-1/bin/Release/net10.0
// Failed to set up high priority (Permission denied). In order to run benchmarks with high priority, make sure you have the right permissions.
// BeforeAnythingElse

// Benchmark Process Environment Information:
// BenchmarkDotNet v0.15.8
// Runtime=.NET 10.0.12 (10.0.12, 10.0.1226.42308), X64 RyuJIT x86-64-v3
// GC=Concurrent Workstation
// HardwareIntrinsics=AVX2+BMI1+BMI2+F16C+FMA+LZCNT+MOVBE,AVX,SSE3+SSSE3+SSE4.1+SSE4.2+POPCNT,X86Base+SSE+SSE2,AES+PCLMUL VectorSize=256
// Job: .NET 10.0

OverheadJitting  1: 1 op, 170339.00 ns, 170.3390 us/op
WorkloadJitting  1: 1 op, 2704028.00 ns, 2.7040 ms/op

OverheadJitting  2: 16 op, 181951.00 ns, 11.3719 us/op
WorkloadJitting  2: 16 op, 1693404.00 ns, 105.8378 us/op

WorkloadPilot    1: 16 op, 121046.00 ns, 7.5654 us/op
WorkloadPilot    2: 32 op, 18294.00 ns, 571.6875 ns/op
WorkloadPilot    3: 64 op, 29345.00 ns, 458.5156 ns/op
WorkloadPilot    4: 128 op, 53280.00 ns, 416.2500 ns/op
WorkloadPilot    5: 256 op, 112060.00 ns, 437.7344 ns/op
WorkloadPilot    6: 512 op, 200827.00 ns, 392.2402 ns/op
WorkloadPilot    7: 1024 op, 401984.00 ns, 392.5625 ns/op
WorkloadPilot    8: 2048 op, 815449.00 ns, 398.1685 ns/op
WorkloadPilot    9: 4096 op, 1611901.00 ns, 393.5305 ns/op
WorkloadPilot   10: 8192 op, 3222069.00 ns, 393.3190 ns/op
WorkloadPilot   11: 16384 op, 6373525.00 ns, 389.0091 ns/op
WorkloadPilot   12: 32768 op, 12839865.00 ns, 391.8416 ns/op
WorkloadPilot   13: 65536 op, 25718853.00 ns, 392.4386 ns/op
WorkloadPilot   14: 131072 op, 51156739.00 ns, 390.2949 ns/op
WorkloadPilot   15: 262144 op, 79725433.00 ns, 304.1284 ns/op
WorkloadPilot   16: 524288 op, 25707923.00 ns, 49.0340 ns/op
WorkloadPilot   17: 1048576 op, 45380343.00 ns, 43.2781 ns/op
WorkloadPilot   18: 2097152 op, 85642901.00 ns, 40.8377 ns/op
WorkloadPilot   19: 4194304 op, 167967329.00 ns, 40.0465 ns/op
WorkloadPilot   20: 8388608 op, 333005017.00 ns, 39.6973 ns/op
WorkloadPilot   21: 16777216 op, 690052584.00 ns, 41.1303 ns/op

OverheadWarmup   1: 16777216 op, 43574635.00 ns, 2.5973 ns/op
OverheadWarmup   2: 16777216 op, 43899594.00 ns, 2.6166 ns/op
OverheadWarmup   3: 16777216 op, 43665926.00 ns, 2.6027 ns/op
OverheadWarmup   4: 16777216 op, 43595463.00 ns, 2.5985 ns/op
OverheadWarmup   5: 16777216 op, 43461704.00 ns, 2.5905 ns/op
OverheadWarmup   6: 16777216 op, 43729325.00 ns, 2.6065 ns/op
OverheadWarmup   7: 16777216 op, 46409727.00 ns, 2.7662 ns/op
OverheadWarmup   8: 16777216 op, 27634590.00 ns, 1.6471 ns/op

OverheadActual   1: 16777216 op, 27501221.00 ns, 1.6392 ns/op
OverheadActual   2: 16777216 op, 27472156.00 ns, 1.6375 ns/op
OverheadActual   3: 16777216 op, 28434229.00 ns, 1.6948 ns/op
OverheadActual   4: 16777216 op, 27520106.00 ns, 1.6403 ns/op
OverheadActual   5: 16777216 op, 27421752.00 ns, 1.6345 ns/op
OverheadActual   6: 16777216 op, 27463640.00 ns, 1.6370 ns/op
OverheadActual   7: 16777216 op, 27416653.00 ns, 1.6342 ns/op
OverheadActual   8: 16777216 op, 27594285.00 ns, 1.6447 ns/op
OverheadActual   9: 16777216 op, 29889317.00 ns, 1.7815 ns/op
OverheadActual  10: 16777216 op, 27574749.00 ns, 1.6436 ns/op
OverheadActual  11: 16777216 op, 27775926.00 ns, 1.6556 ns/op
OverheadActual  12: 16777216 op, 27494098.00 ns, 1.6388 ns/op
OverheadActual  13: 16777216 op, 27447570.00 ns, 1.6360 ns/op
OverheadActual  14: 16777216 op, 27470283.00 ns, 1.6374 ns/op
OverheadActual  15: 16777216 op, 27544241.00 ns, 1.6418 ns/op

WorkloadWarmup   1: 16777216 op, 666278827.00 ns, 39.7133 ns/op
WorkloadWarmup   2: 16777216 op, 662847523.00 ns, 39.5088 ns/op
WorkloadWarmup   3: 16777216 op, 679350271.00 ns, 40.4924 ns/op
WorkloadWarmup   4: 16777216 op, 668490238.00 ns, 39.8451 ns/op
WorkloadWarmup   5: 16777216 op, 664595508.00 ns, 39.6130 ns/op
WorkloadWarmup   6: 16777216 op, 659734599.00 ns, 39.3232 ns/op
WorkloadWarmup   7: 16777216 op, 681294173.00 ns, 40.6083 ns/op
WorkloadWarmup   8: 16777216 op, 664989917.00 ns, 39.6365 ns/op

// BeforeActualRun
WorkloadActual   1: 16777216 op, 658320267.00 ns, 39.2389 ns/op
WorkloadActual   2: 16777216 op, 667534857.00 ns, 39.7882 ns/op
WorkloadActual   3: 16777216 op, 652814803.00 ns, 38.9108 ns/op
WorkloadActual   4: 16777216 op, 654362922.00 ns, 39.0031 ns/op
WorkloadActual   5: 16777216 op, 656412905.00 ns, 39.1253 ns/op
WorkloadActual   6: 16777216 op, 655391327.00 ns, 39.0644 ns/op
WorkloadActual   7: 16777216 op, 656307398.00 ns, 39.1190 ns/op
WorkloadActual   8: 16777216 op, 659749929.00 ns, 39.3242 ns/op
WorkloadActual   9: 16777216 op, 660904883.00 ns, 39.3930 ns/op
WorkloadActual  10: 16777216 op, 655302825.00 ns, 39.0591 ns/op
WorkloadActual  11: 16777216 op, 657242851.00 ns, 39.1747 ns/op
WorkloadActual  12: 16777216 op, 660567971.00 ns, 39.3729 ns/op
WorkloadActual  13: 16777216 op, 661671711.00 ns, 39.4387 ns/op
WorkloadActual  14: 16777216 op, 655598008.00 ns, 39.0767 ns/op
WorkloadActual  15: 16777216 op, 683349013.00 ns, 40.7308 ns/op

// AfterActualRun
WorkloadResult   1: 16777216 op, 630819046.00 ns, 37.5997 ns/op
WorkloadResult   2: 16777216 op, 640033636.00 ns, 38.1490 ns/op
WorkloadResult   3: 16777216 op, 625313582.00 ns, 37.2716 ns/op
WorkloadResult   4: 16777216 op, 626861701.00 ns, 37.3639 ns/op
WorkloadResult   5: 16777216 op, 628911684.00 ns, 37.4861 ns/op
WorkloadResult   6: 16777216 op, 627890106.00 ns, 37.4252 ns/op
WorkloadResult   7: 16777216 op, 628806177.00 ns, 37.4798 ns/op
WorkloadResult   8: 16777216 op, 632248708.00 ns, 37.6850 ns/op
WorkloadResult   9: 16777216 op, 633403662.00 ns, 37.7538 ns/op
WorkloadResult  10: 16777216 op, 627801604.00 ns, 37.4199 ns/op
WorkloadResult  11: 16777216 op, 629741630.00 ns, 37.5355 ns/op
WorkloadResult  12: 16777216 op, 633066750.00 ns, 37.7337 ns/op
WorkloadResult  13: 16777216 op, 634170490.00 ns, 37.7995 ns/op
WorkloadResult  14: 16777216 op, 628096787.00 ns, 37.4375 ns/op
// GC:  24 0 0 402653184 16777216
// Threading:  0 0 16777216

// AfterAll
// Benchmark Process 5467 has exited with code 0.

Mean = 37.581 ns, StdErr = 0.061 ns (0.16%), N = 14, StdDev = 0.227 ns
Min = 37.272 ns, Q1 = 37.428 ns, Median = 37.511 ns, Q3 = 37.722 ns, Max = 38.149 ns
IQR = 0.293 ns, LowerFence = 36.988 ns, UpperFence = 38.161 ns
ConfidenceInterval = [37.325 ns; 37.837 ns] (CI 99.9%), Margin = 0.256 ns (0.68% of Mean)
Skewness = 0.92, Kurtosis = 3.25, MValue = 2

// ** Remained 30 (83.3 %) benchmark(s) to run. Estimated finish 2026-09-13 7:08 (0h 11m from now) **
// **************************
// Benchmark: MediatorBenchmarks.PublishNotification_FiveHandlers: .NET 10.0(Runtime=.NET 10.0, Toolchain=net10.0)
// *** Execute ***
// Launch: 1 / 1
// Execute: dotnet "EricksonLopez.Mediator.Benchmarks-.NET 10.0-1.dll" --anonymousPipes 107 108 --benchmarkName EricksonLopez.Mediator.Benchmarks.MediatorBenchmarks.PublishNotification_FiveHandlers --job ".NET 10.0" --benchmarkId 6 in /home/runner/work/dotnet-mediator/dotnet-mediator/benchmarks/EricksonLopez.Mediator.Benchmarks/bin/Release/net10.0/EricksonLopez.Mediator.Benchmarks-.NET 10.0-1/bin/Release/net10.0
// Failed to set up high priority (Permission denied). In order to run benchmarks with high priority, make sure you have the right permissions.
// BeforeAnythingElse

// Benchmark Process Environment Information:
// BenchmarkDotNet v0.15.8
// Runtime=.NET 10.0.12 (10.0.12, 10.0.1226.42308), X64 RyuJIT x86-64-v3
// GC=Concurrent Workstation
// HardwareIntrinsics=AVX2+BMI1+BMI2+F16C+FMA+LZCNT+MOVBE,AVX,SSE3+SSSE3+SSE4.1+SSE4.2+POPCNT,X86Base+SSE+SSE2,AES+PCLMUL VectorSize=256
// Job: .NET 10.0

OverheadJitting  1: 1 op, 162525.00 ns, 162.5250 us/op
WorkloadJitting  1: 1 op, 3333507.00 ns, 3.3335 ms/op

OverheadJitting  2: 16 op, 190357.00 ns, 11.8973 us/op
WorkloadJitting  2: 16 op, 2107860.00 ns, 131.7413 us/op

WorkloadPilot    1: 16 op, 284323.00 ns, 17.7702 us/op
WorkloadPilot    2: 32 op, 40296.00 ns, 1.2593 us/op
WorkloadPilot    3: 64 op, 81913.00 ns, 1.2799 us/op
WorkloadPilot    4: 128 op, 149760.00 ns, 1.1700 us/op
WorkloadPilot    5: 256 op, 288611.00 ns, 1.1274 us/op
WorkloadPilot    6: 512 op, 599303.00 ns, 1.1705 us/op
WorkloadPilot    7: 1024 op, 1187906.00 ns, 1.1601 us/op
WorkloadPilot    8: 2048 op, 2403584.00 ns, 1.1736 us/op
WorkloadPilot    9: 4096 op, 4545478.00 ns, 1.1097 us/op
WorkloadPilot   10: 8192 op, 9128377.00 ns, 1.1143 us/op
WorkloadPilot   11: 16384 op, 18262775.00 ns, 1.1147 us/op
WorkloadPilot   12: 32768 op, 36561268.00 ns, 1.1158 us/op
WorkloadPilot   13: 65536 op, 73412850.00 ns, 1.1202 us/op
WorkloadPilot   14: 131072 op, 61742779.00 ns, 471.0600 ns/op
WorkloadPilot   15: 262144 op, 53646286.00 ns, 204.6443 ns/op
WorkloadPilot   16: 524288 op, 104335129.00 ns, 199.0035 ns/op
WorkloadPilot   17: 1048576 op, 209725064.00 ns, 200.0094 ns/op
WorkloadPilot   18: 2097152 op, 425115685.00 ns, 202.7110 ns/op
WorkloadPilot   19: 4194304 op, 838914101.00 ns, 200.0127 ns/op

OverheadWarmup   1: 4194304 op, 9507678.00 ns, 2.2668 ns/op
OverheadWarmup   2: 4194304 op, 9488262.00 ns, 2.2622 ns/op
OverheadWarmup   3: 4194304 op, 9482060.00 ns, 2.2607 ns/op
OverheadWarmup   4: 4194304 op, 9468966.00 ns, 2.2576 ns/op
OverheadWarmup   5: 4194304 op, 9472872.00 ns, 2.2585 ns/op
OverheadWarmup   6: 4194304 op, 9475227.00 ns, 2.2591 ns/op
OverheadWarmup   7: 4194304 op, 9480687.00 ns, 2.2604 ns/op
OverheadWarmup   8: 4194304 op, 9585093.00 ns, 2.2853 ns/op
OverheadWarmup   9: 4194304 op, 9483182.00 ns, 2.2610 ns/op
OverheadWarmup  10: 4194304 op, 9507077.00 ns, 2.2667 ns/op

OverheadActual   1: 4194304 op, 9463214.00 ns, 2.2562 ns/op
OverheadActual   2: 4194304 op, 9597315.00 ns, 2.2882 ns/op
OverheadActual   3: 4194304 op, 9479344.00 ns, 2.2601 ns/op
OverheadActual   4: 4194304 op, 9486017.00 ns, 2.2616 ns/op
OverheadActual   5: 4194304 op, 9503420.00 ns, 2.2658 ns/op
OverheadActual   6: 4194304 op, 9484233.00 ns, 2.2612 ns/op
OverheadActual   7: 4194304 op, 9514771.00 ns, 2.2685 ns/op
OverheadActual   8: 4194304 op, 9477070.00 ns, 2.2595 ns/op
OverheadActual   9: 4194304 op, 9500134.00 ns, 2.2650 ns/op
OverheadActual  10: 4194304 op, 9486087.00 ns, 2.2617 ns/op
OverheadActual  11: 4194304 op, 9561870.00 ns, 2.2797 ns/op
OverheadActual  12: 4194304 op, 9461181.00 ns, 2.2557 ns/op
OverheadActual  13: 4194304 op, 9493291.00 ns, 2.2634 ns/op
OverheadActual  14: 4194304 op, 9500795.00 ns, 2.2652 ns/op
OverheadActual  15: 4194304 op, 9486218.00 ns, 2.2617 ns/op

WorkloadWarmup   1: 4194304 op, 837731435.00 ns, 199.7307 ns/op
WorkloadWarmup   2: 4194304 op, 846303559.00 ns, 201.7745 ns/op
WorkloadWarmup   3: 4194304 op, 834299076.00 ns, 198.9124 ns/op
WorkloadWarmup   4: 4194304 op, 832495593.00 ns, 198.4824 ns/op
WorkloadWarmup   5: 4194304 op, 848754291.00 ns, 202.3588 ns/op
WorkloadWarmup   6: 4194304 op, 849774026.00 ns, 202.6019 ns/op
WorkloadWarmup   7: 4194304 op, 843519607.00 ns, 201.1107 ns/op

// BeforeActualRun
WorkloadActual   1: 4194304 op, 843851128.00 ns, 201.1898 ns/op
WorkloadActual   2: 4194304 op, 835437744.00 ns, 199.1839 ns/op
WorkloadActual   3: 4194304 op, 838102839.00 ns, 199.8193 ns/op
WorkloadActual   4: 4194304 op, 843749458.00 ns, 201.1655 ns/op
WorkloadActual   5: 4194304 op, 843971995.00 ns, 201.2186 ns/op
WorkloadActual   6: 4194304 op, 836281186.00 ns, 199.3850 ns/op
WorkloadActual   7: 4194304 op, 834204184.00 ns, 198.8898 ns/op
WorkloadActual   8: 4194304 op, 838327096.00 ns, 199.8728 ns/op
WorkloadActual   9: 4194304 op, 835052384.00 ns, 199.0920 ns/op
WorkloadActual  10: 4194304 op, 847223411.00 ns, 201.9938 ns/op
WorkloadActual  11: 4194304 op, 851895737.00 ns, 203.1078 ns/op
WorkloadActual  12: 4194304 op, 849267773.00 ns, 202.4812 ns/op
WorkloadActual  13: 4194304 op, 851474437.00 ns, 203.0073 ns/op
WorkloadActual  14: 4194304 op, 839595257.00 ns, 200.1751 ns/op
WorkloadActual  15: 4194304 op, 850098900.00 ns, 202.6794 ns/op

// AfterActualRun
WorkloadResult   1: 4194304 op, 834364910.00 ns, 198.9281 ns/op
WorkloadResult   2: 4194304 op, 825951526.00 ns, 196.9222 ns/op
WorkloadResult   3: 4194304 op, 828616621.00 ns, 197.5576 ns/op
WorkloadResult   4: 4194304 op, 834263240.00 ns, 198.9039 ns/op
WorkloadResult   5: 4194304 op, 834485777.00 ns, 198.9569 ns/op
WorkloadResult   6: 4194304 op, 826794968.00 ns, 197.1233 ns/op
WorkloadResult   7: 4194304 op, 824717966.00 ns, 196.6281 ns/op
WorkloadResult   8: 4194304 op, 828840878.00 ns, 197.6111 ns/op
WorkloadResult   9: 4194304 op, 825566166.00 ns, 196.8303 ns/op
WorkloadResult  10: 4194304 op, 837737193.00 ns, 199.7321 ns/op
WorkloadResult  11: 4194304 op, 842409519.00 ns, 200.8461 ns/op
WorkloadResult  12: 4194304 op, 839781555.00 ns, 200.2195 ns/op
WorkloadResult  13: 4194304 op, 841988219.00 ns, 200.7456 ns/op
WorkloadResult  14: 4194304 op, 830109039.00 ns, 197.9134 ns/op
WorkloadResult  15: 4194304 op, 840612682.00 ns, 200.4177 ns/op
// GC:  30 0 0 503316480 4194304
// Threading:  0 0 4194304

// AfterAll
// Benchmark Process 5484 has exited with code 0.

Mean = 198.622 ns, StdErr = 0.389 ns (0.20%), N = 15, StdDev = 1.505 ns
Min = 196.628 ns, Q1 = 197.340 ns, Median = 198.904 ns, Q3 = 199.976 ns, Max = 200.846 ns
IQR = 2.635 ns, LowerFence = 193.387 ns, UpperFence = 203.929 ns
ConfidenceInterval = [197.013 ns; 200.232 ns] (CI 99.9%), Margin = 1.609 ns (0.81% of Mean)
Skewness = 0.14, Kurtosis = 1.37, MValue = 2

// ** Remained 29 (80.6 %) benchmark(s) to run. Estimated finish 2026-09-13 7:08 (0h 10m from now) **
// **************************
// Benchmark: MediatorBenchmarks.PublishNotification_Parallel: .NET 10.0(Runtime=.NET 10.0, Toolchain=net10.0)
// *** Execute ***
// Launch: 1 / 1
// Execute: dotnet "EricksonLopez.Mediator.Benchmarks-.NET 10.0-1.dll" --anonymousPipes 107 108 --benchmarkName EricksonLopez.Mediator.Benchmarks.MediatorBenchmarks.PublishNotification_Parallel --job ".NET 10.0" --benchmarkId 7 in /home/runner/work/dotnet-mediator/dotnet-mediator/benchmarks/EricksonLopez.Mediator.Benchmarks/bin/Release/net10.0/EricksonLopez.Mediator.Benchmarks-.NET 10.0-1/bin/Release/net10.0
// Failed to set up high priority (Permission denied). In order to run benchmarks with high priority, make sure you have the right permissions.
// BeforeAnythingElse

// Benchmark Process Environment Information:
// BenchmarkDotNet v0.15.8
// Runtime=.NET 10.0.12 (10.0.12, 10.0.1226.42308), X64 RyuJIT x86-64-v3
// GC=Concurrent Workstation
// HardwareIntrinsics=AVX2+BMI1+BMI2+F16C+FMA+LZCNT+MOVBE,AVX,SSE3+SSSE3+SSE4.1+SSE4.2+POPCNT,X86Base+SSE+SSE2,AES+PCLMUL VectorSize=256
// Job: .NET 10.0

OverheadJitting  1: 1 op, 170971.00 ns, 170.9710 us/op
WorkloadJitting  1: 1 op, 3374634.00 ns, 3.3746 ms/op

OverheadJitting  2: 16 op, 229019.00 ns, 14.3137 us/op
WorkloadJitting  2: 16 op, 2069077.00 ns, 129.3173 us/op

WorkloadPilot    1: 16 op, 211396.00 ns, 13.2123 us/op
WorkloadPilot    2: 32 op, 71554.00 ns, 2.2361 us/op
WorkloadPilot    3: 64 op, 70522.00 ns, 1.1019 us/op
WorkloadPilot    4: 128 op, 129042.00 ns, 1.0081 us/op
WorkloadPilot    5: 256 op, 242324.00 ns, 946.5781 ns/op
WorkloadPilot    6: 512 op, 473027.00 ns, 923.8809 ns/op
WorkloadPilot    7: 1024 op, 894717.00 ns, 873.7471 ns/op
WorkloadPilot    8: 2048 op, 1815122.00 ns, 886.2900 ns/op
WorkloadPilot    9: 4096 op, 3745448.00 ns, 914.4160 ns/op
WorkloadPilot   10: 8192 op, 7389066.00 ns, 901.9856 ns/op
WorkloadPilot   11: 16384 op, 14518446.00 ns, 886.1356 ns/op
WorkloadPilot   12: 32768 op, 29102675.00 ns, 888.1432 ns/op
WorkloadPilot   13: 65536 op, 57998624.00 ns, 884.9888 ns/op
WorkloadPilot   14: 131072 op, 82252062.00 ns, 627.5334 ns/op
WorkloadPilot   15: 262144 op, 69915394.00 ns, 266.7061 ns/op
WorkloadPilot   16: 524288 op, 106123194.00 ns, 202.4139 ns/op
WorkloadPilot   17: 1048576 op, 197954326.00 ns, 188.7840 ns/op
WorkloadPilot   18: 2097152 op, 397687897.00 ns, 189.6324 ns/op
WorkloadPilot   19: 4194304 op, 797541397.00 ns, 190.1487 ns/op

OverheadWarmup   1: 4194304 op, 9867380.00 ns, 2.3526 ns/op
OverheadWarmup   2: 4194304 op, 9489933.00 ns, 2.2626 ns/op
OverheadWarmup   3: 4194304 op, 9523196.00 ns, 2.2705 ns/op
OverheadWarmup   4: 4194304 op, 9487789.00 ns, 2.2621 ns/op
OverheadWarmup   5: 4194304 op, 9478181.00 ns, 2.2598 ns/op
OverheadWarmup   6: 4194304 op, 9490455.00 ns, 2.2627 ns/op
OverheadWarmup   7: 4194304 op, 9484913.00 ns, 2.2614 ns/op

OverheadActual   1: 4194304 op, 9486797.00 ns, 2.2618 ns/op
OverheadActual   2: 4194304 op, 9512024.00 ns, 2.2678 ns/op
OverheadActual   3: 4194304 op, 9480565.00 ns, 2.2603 ns/op
OverheadActual   4: 4194304 op, 9501144.00 ns, 2.2652 ns/op
OverheadActual   5: 4194304 op, 9708112.00 ns, 2.3146 ns/op
OverheadActual   6: 4194304 op, 9473552.00 ns, 2.2587 ns/op
OverheadActual   7: 4194304 op, 9485044.00 ns, 2.2614 ns/op
OverheadActual   8: 4194304 op, 9501124.00 ns, 2.2652 ns/op
OverheadActual   9: 4194304 op, 9543363.00 ns, 2.2753 ns/op
OverheadActual  10: 4194304 op, 9480726.00 ns, 2.2604 ns/op
OverheadActual  11: 4194304 op, 9574051.00 ns, 2.2826 ns/op
OverheadActual  12: 4194304 op, 9476097.00 ns, 2.2593 ns/op
OverheadActual  13: 4194304 op, 11520999.00 ns, 2.7468 ns/op
OverheadActual  14: 4194304 op, 13366157.00 ns, 3.1867 ns/op
OverheadActual  15: 4194304 op, 9485455.00 ns, 2.2615 ns/op

WorkloadWarmup   1: 4194304 op, 800682853.00 ns, 190.8977 ns/op
WorkloadWarmup   2: 4194304 op, 800287062.00 ns, 190.8033 ns/op
WorkloadWarmup   3: 4194304 op, 794088285.00 ns, 189.3254 ns/op
WorkloadWarmup   4: 4194304 op, 793481258.00 ns, 189.1807 ns/op
WorkloadWarmup   5: 4194304 op, 786195776.00 ns, 187.4437 ns/op
WorkloadWarmup   6: 4194304 op, 792156035.00 ns, 188.8647 ns/op
WorkloadWarmup   7: 4194304 op, 801288657.00 ns, 191.0421 ns/op
WorkloadWarmup   8: 4194304 op, 797084771.00 ns, 190.0398 ns/op
WorkloadWarmup   9: 4194304 op, 800495038.00 ns, 190.8529 ns/op
WorkloadWarmup  10: 4194304 op, 819733982.00 ns, 195.4398 ns/op
WorkloadWarmup  11: 4194304 op, 798942271.00 ns, 190.4827 ns/op

// BeforeActualRun
WorkloadActual   1: 4194304 op, 800622970.00 ns, 190.8834 ns/op
WorkloadActual   2: 4194304 op, 810892925.00 ns, 193.3319 ns/op
WorkloadActual   3: 4194304 op, 797347514.00 ns, 190.1025 ns/op
WorkloadActual   4: 4194304 op, 799299030.00 ns, 190.5677 ns/op
WorkloadActual   5: 4194304 op, 805111949.00 ns, 191.9536 ns/op
WorkloadActual   6: 4194304 op, 805329897.00 ns, 192.0056 ns/op
WorkloadActual   7: 4194304 op, 804389424.00 ns, 191.7814 ns/op
WorkloadActual   8: 4194304 op, 800589807.00 ns, 190.8755 ns/op
WorkloadActual   9: 4194304 op, 803948728.00 ns, 191.6763 ns/op
WorkloadActual  10: 4194304 op, 798516838.00 ns, 190.3812 ns/op
WorkloadActual  11: 4194304 op, 791402605.00 ns, 188.6851 ns/op
WorkloadActual  12: 4194304 op, 799323670.00 ns, 190.5736 ns/op
WorkloadActual  13: 4194304 op, 800610943.00 ns, 190.8805 ns/op
WorkloadActual  14: 4194304 op, 794285618.00 ns, 189.3724 ns/op
WorkloadActual  15: 4194304 op, 788799657.00 ns, 188.0645 ns/op

// AfterActualRun
WorkloadResult   1: 4194304 op, 791121846.00 ns, 188.6181 ns/op
WorkloadResult   2: 4194304 op, 801391801.00 ns, 191.0667 ns/op
WorkloadResult   3: 4194304 op, 787846390.00 ns, 187.8372 ns/op
WorkloadResult   4: 4194304 op, 789797906.00 ns, 188.3025 ns/op
WorkloadResult   5: 4194304 op, 795610825.00 ns, 189.6884 ns/op
WorkloadResult   6: 4194304 op, 795828773.00 ns, 189.7404 ns/op
WorkloadResult   7: 4194304 op, 794888300.00 ns, 189.5161 ns/op
WorkloadResult   8: 4194304 op, 791088683.00 ns, 188.6102 ns/op
WorkloadResult   9: 4194304 op, 794447604.00 ns, 189.4111 ns/op
WorkloadResult  10: 4194304 op, 789015714.00 ns, 188.1160 ns/op
WorkloadResult  11: 4194304 op, 781901481.00 ns, 186.4198 ns/op
WorkloadResult  12: 4194304 op, 789822546.00 ns, 188.3084 ns/op
WorkloadResult  13: 4194304 op, 791109819.00 ns, 188.6153 ns/op
WorkloadResult  14: 4194304 op, 784784494.00 ns, 187.1072 ns/op
WorkloadResult  15: 4194304 op, 779298533.00 ns, 185.7992 ns/op
// GC:  48 0 0 805306400 4194304
// Threading:  0 0 4194304

// AfterAll
// Benchmark Process 5513 has exited with code 0.

Mean = 188.477 ns, StdErr = 0.350 ns (0.19%), N = 15, StdDev = 1.354 ns
Min = 185.799 ns, Q1 = 187.977 ns, Median = 188.610 ns, Q3 = 189.464 ns, Max = 191.067 ns
IQR = 1.487 ns, LowerFence = 185.746 ns, UpperFence = 191.694 ns
ConfidenceInterval = [187.030 ns; 189.924 ns] (CI 99.9%), Margin = 1.447 ns (0.77% of Mean)
Skewness = -0.21, Kurtosis = 2.47, MValue = 2

// ** Remained 28 (77.8 %) benchmark(s) to run. Estimated finish 2026-09-13 7:08 (0h 10m from now) **
// **************************
// Benchmark: MediatorBenchmarks.NestedSend: .NET 10.0(Runtime=.NET 10.0, Toolchain=net10.0)
// *** Execute ***
// Launch: 1 / 1
// Execute: dotnet "EricksonLopez.Mediator.Benchmarks-.NET 10.0-1.dll" --anonymousPipes 107 108 --benchmarkName EricksonLopez.Mediator.Benchmarks.MediatorBenchmarks.NestedSend --job ".NET 10.0" --benchmarkId 8 in /home/runner/work/dotnet-mediator/dotnet-mediator/benchmarks/EricksonLopez.Mediator.Benchmarks/bin/Release/net10.0/EricksonLopez.Mediator.Benchmarks-.NET 10.0-1/bin/Release/net10.0
// Failed to set up high priority (Permission denied). In order to run benchmarks with high priority, make sure you have the right permissions.
// BeforeAnythingElse

// Benchmark Process Environment Information:
// BenchmarkDotNet v0.15.8
// Runtime=.NET 10.0.12 (10.0.12, 10.0.1226.42308), X64 RyuJIT x86-64-v3
// GC=Concurrent Workstation
// HardwareIntrinsics=AVX2+BMI1+BMI2+F16C+FMA+LZCNT+MOVBE,AVX,SSE3+SSSE3+SSE4.1+SSE4.2+POPCNT,X86Base+SSE+SSE2,AES+PCLMUL VectorSize=256
// Job: .NET 10.0

OverheadJitting  1: 1 op, 219721.00 ns, 219.7210 us/op
WorkloadJitting  1: 1 op, 2469037.00 ns, 2.4690 ms/op

OverheadJitting  2: 16 op, 449853.00 ns, 28.1158 us/op
WorkloadJitting  2: 16 op, 490198.00 ns, 30.6374 us/op

WorkloadPilot    1: 16 op, 19055.00 ns, 1.1909 us/op
WorkloadPilot    2: 32 op, 29225.00 ns, 913.2813 ns/op
WorkloadPilot    3: 64 op, 50114.00 ns, 783.0313 ns/op
WorkloadPilot    4: 128 op, 80692.00 ns, 630.4063 ns/op
WorkloadPilot    5: 256 op, 148137.00 ns, 578.6602 ns/op
WorkloadPilot    6: 512 op, 268654.00 ns, 524.7148 ns/op
WorkloadPilot    7: 1024 op, 530324.00 ns, 517.8945 ns/op
WorkloadPilot    8: 2048 op, 1055458.00 ns, 515.3604 ns/op
WorkloadPilot    9: 4096 op, 2226052.00 ns, 543.4697 ns/op
WorkloadPilot   10: 8192 op, 4344032.00 ns, 530.2773 ns/op
WorkloadPilot   11: 16384 op, 8455206.00 ns, 516.0648 ns/op
WorkloadPilot   12: 32768 op, 16880928.00 ns, 515.1650 ns/op
WorkloadPilot   13: 65536 op, 34263677.00 ns, 522.8222 ns/op
WorkloadPilot   14: 131072 op, 68781660.00 ns, 524.7624 ns/op
WorkloadPilot   15: 262144 op, 60548289.00 ns, 230.9734 ns/op
WorkloadPilot   16: 524288 op, 55282981.00 ns, 105.4439 ns/op
WorkloadPilot   17: 1048576 op, 80841342.00 ns, 77.0963 ns/op
WorkloadPilot   18: 2097152 op, 155785759.00 ns, 74.2844 ns/op
WorkloadPilot   19: 4194304 op, 309687223.00 ns, 73.8352 ns/op
WorkloadPilot   20: 8388608 op, 614055601.00 ns, 73.2011 ns/op

OverheadWarmup   1: 8388608 op, 35842539.00 ns, 4.2728 ns/op
OverheadWarmup   2: 8388608 op, 35780141.00 ns, 4.2653 ns/op
OverheadWarmup   3: 8388608 op, 35848932.00 ns, 4.2735 ns/op
OverheadWarmup   4: 8388608 op, 35873116.00 ns, 4.2764 ns/op
OverheadWarmup   5: 8388608 op, 35933439.00 ns, 4.2836 ns/op
OverheadWarmup   6: 8388608 op, 35841236.00 ns, 4.2726 ns/op
OverheadWarmup   7: 8388608 op, 35838721.00 ns, 4.2723 ns/op
OverheadWarmup   8: 8388608 op, 35792706.00 ns, 4.2668 ns/op
OverheadWarmup   9: 8388608 op, 38741331.00 ns, 4.6183 ns/op
OverheadWarmup  10: 8388608 op, 27952273.00 ns, 3.3322 ns/op

OverheadActual   1: 8388608 op, 27930241.00 ns, 3.3295 ns/op
OverheadActual   2: 8388608 op, 27997628.00 ns, 3.3376 ns/op
OverheadActual   3: 8388608 op, 27972941.00 ns, 3.3346 ns/op
OverheadActual   4: 8388608 op, 27956039.00 ns, 3.3326 ns/op
OverheadActual   5: 8388608 op, 27977400.00 ns, 3.3352 ns/op
OverheadActual   6: 8388608 op, 27975215.00 ns, 3.3349 ns/op
OverheadActual   7: 8388608 op, 27904353.00 ns, 3.3265 ns/op
OverheadActual   8: 8388608 op, 27924160.00 ns, 3.3288 ns/op
OverheadActual   9: 8388608 op, 27900826.00 ns, 3.3260 ns/op
OverheadActual  10: 8388608 op, 41671112.00 ns, 4.9676 ns/op
OverheadActual  11: 8388608 op, 28403519.00 ns, 3.3860 ns/op
OverheadActual  12: 8388608 op, 27920834.00 ns, 3.3284 ns/op
OverheadActual  13: 8388608 op, 28023596.00 ns, 3.3407 ns/op
OverheadActual  14: 8388608 op, 28013216.00 ns, 3.3394 ns/op
OverheadActual  15: 8388608 op, 28070584.00 ns, 3.3463 ns/op

WorkloadWarmup   1: 8388608 op, 622284006.00 ns, 74.1820 ns/op
WorkloadWarmup   2: 8388608 op, 624272603.00 ns, 74.4191 ns/op
WorkloadWarmup   3: 8388608 op, 617827064.00 ns, 73.6507 ns/op
WorkloadWarmup   4: 8388608 op, 616063509.00 ns, 73.4405 ns/op
WorkloadWarmup   5: 8388608 op, 614935155.00 ns, 73.3060 ns/op
WorkloadWarmup   6: 8388608 op, 616427821.00 ns, 73.4839 ns/op
WorkloadWarmup   7: 8388608 op, 614843472.00 ns, 73.2951 ns/op

// BeforeActualRun
WorkloadActual   1: 8388608 op, 617885453.00 ns, 73.6577 ns/op
WorkloadActual   2: 8388608 op, 614157277.00 ns, 73.2133 ns/op
WorkloadActual   3: 8388608 op, 625102909.00 ns, 74.5181 ns/op
WorkloadActual   4: 8388608 op, 613528478.00 ns, 73.1383 ns/op
WorkloadActual   5: 8388608 op, 614249789.00 ns, 73.2243 ns/op
WorkloadActual   6: 8388608 op, 613864898.00 ns, 73.1784 ns/op
WorkloadActual   7: 8388608 op, 613361023.00 ns, 73.1183 ns/op
WorkloadActual   8: 8388608 op, 650799483.00 ns, 77.5813 ns/op
WorkloadActual   9: 8388608 op, 617222269.00 ns, 73.5786 ns/op
WorkloadActual  10: 8388608 op, 613836995.00 ns, 73.1751 ns/op
WorkloadActual  11: 8388608 op, 614802735.00 ns, 73.2902 ns/op
WorkloadActual  12: 8388608 op, 614840506.00 ns, 73.2947 ns/op
WorkloadActual  13: 8388608 op, 615013009.00 ns, 73.3153 ns/op
WorkloadActual  14: 8388608 op, 614506269.00 ns, 73.2549 ns/op
WorkloadActual  15: 8388608 op, 614239900.00 ns, 73.2231 ns/op

// AfterActualRun
WorkloadResult   1: 8388608 op, 589910238.00 ns, 70.3228 ns/op
WorkloadResult   2: 8388608 op, 586182062.00 ns, 69.8783 ns/op
WorkloadResult   3: 8388608 op, 585553263.00 ns, 69.8034 ns/op
WorkloadResult   4: 8388608 op, 586274574.00 ns, 69.8894 ns/op
WorkloadResult   5: 8388608 op, 585889683.00 ns, 69.8435 ns/op
WorkloadResult   6: 8388608 op, 585385808.00 ns, 69.7834 ns/op
WorkloadResult   7: 8388608 op, 589247054.00 ns, 70.2437 ns/op
WorkloadResult   8: 8388608 op, 585861780.00 ns, 69.8402 ns/op
WorkloadResult   9: 8388608 op, 586827520.00 ns, 69.9553 ns/op
WorkloadResult  10: 8388608 op, 586865291.00 ns, 69.9598 ns/op
WorkloadResult  11: 8388608 op, 587037794.00 ns, 69.9804 ns/op
WorkloadResult  12: 8388608 op, 586531054.00 ns, 69.9200 ns/op
WorkloadResult  13: 8388608 op, 586264685.00 ns, 69.8882 ns/op
// GC:  12 0 0 201326592 8388608
// Threading:  0 0 8388608

// AfterAll
// Benchmark Process 5539 has exited with code 0.

Mean = 69.947 ns, StdErr = 0.045 ns (0.06%), N = 13, StdDev = 0.161 ns
Min = 69.783 ns, Q1 = 69.843 ns, Median = 69.889 ns, Q3 = 69.960 ns, Max = 70.323 ns
IQR = 0.116 ns, LowerFence = 69.669 ns, UpperFence = 70.134 ns
ConfidenceInterval = [69.754 ns; 70.140 ns] (CI 99.9%), Margin = 0.193 ns (0.28% of Mean)
Skewness = 1.26, Kurtosis = 3.31, MValue = 2

// ** Remained 27 (75.0 %) benchmark(s) to run. Estimated finish 2026-09-13 7:08 (0h 9m from now) **
// **************************
// Benchmark: MediatorBenchmarks.DirectCall: .NET 8.0(Runtime=.NET 8.0, Toolchain=net8.0)
// *** Execute ***
// Launch: 1 / 1
// Execute: dotnet "EricksonLopez.Mediator.Benchmarks-.NET 8.0-2.dll" --anonymousPipes 107 108 --benchmarkName EricksonLopez.Mediator.Benchmarks.MediatorBenchmarks.DirectCall --job ".NET 8.0" --benchmarkId 0 in /home/runner/work/dotnet-mediator/dotnet-mediator/benchmarks/EricksonLopez.Mediator.Benchmarks/bin/Release/net10.0/EricksonLopez.Mediator.Benchmarks-.NET 8.0-2/bin/Release/net8.0
// Failed to set up high priority (Permission denied). In order to run benchmarks with high priority, make sure you have the right permissions.
// BeforeAnythingElse

// Benchmark Process Environment Information:
// BenchmarkDotNet v0.15.8
// Runtime=.NET 8.0.31 (8.0.31, 8.0.3126.42015), X64 RyuJIT x86-64-v3
// GC=Concurrent Workstation
// HardwareIntrinsics=AVX2+BMI1+BMI2+F16C+FMA+LZCNT+MOVBE,AVX,SSE3+SSSE3+SSE4.1+SSE4.2+POPCNT,X86Base+SSE+SSE2,AES+PCLMUL VectorSize=256
// Job: .NET 8.0

OverheadJitting  1: 1 op, 175078.00 ns, 175.0780 us/op
WorkloadJitting  1: 1 op, 742742.00 ns, 742.7420 us/op

OverheadJitting  2: 16 op, 397735.00 ns, 24.8584 us/op
WorkloadJitting  2: 16 op, 423434.00 ns, 26.4646 us/op

WorkloadPilot    1: 16 op, 2204.00 ns, 137.7500 ns/op
WorkloadPilot    2: 32 op, 2755.00 ns, 86.0938 ns/op
WorkloadPilot    3: 64 op, 3907.00 ns, 61.0469 ns/op
WorkloadPilot    4: 128 op, 6422.00 ns, 50.1719 ns/op
WorkloadPilot    5: 256 op, 11452.00 ns, 44.7344 ns/op
WorkloadPilot    6: 512 op, 21330.00 ns, 41.6602 ns/op
WorkloadPilot    7: 1024 op, 40907.00 ns, 39.9482 ns/op
WorkloadPilot    8: 2048 op, 97724.00 ns, 47.7168 ns/op
WorkloadPilot    9: 4096 op, 159409.00 ns, 38.9182 ns/op
WorkloadPilot   10: 8192 op, 315732.00 ns, 38.5415 ns/op
WorkloadPilot   11: 16384 op, 649958.00 ns, 39.6703 ns/op
WorkloadPilot   12: 32768 op, 1311407.00 ns, 40.0210 ns/op
WorkloadPilot   13: 65536 op, 2547835.00 ns, 38.8769 ns/op
WorkloadPilot   14: 131072 op, 5130905.00 ns, 39.1457 ns/op
WorkloadPilot   15: 262144 op, 10155632.00 ns, 38.7407 ns/op
WorkloadPilot   16: 524288 op, 20315181.00 ns, 38.7481 ns/op
WorkloadPilot   17: 1048576 op, 40654649.00 ns, 38.7713 ns/op
WorkloadPilot   18: 2097152 op, 68272872.00 ns, 32.5550 ns/op
WorkloadPilot   19: 4194304 op, 16495062.00 ns, 3.9327 ns/op
WorkloadPilot   20: 8388608 op, 33034126.00 ns, 3.9380 ns/op
WorkloadPilot   21: 16777216 op, 66029479.00 ns, 3.9357 ns/op
WorkloadPilot   22: 33554432 op, 133970900.00 ns, 3.9926 ns/op
WorkloadPilot   23: 67108864 op, 264352262.00 ns, 3.9392 ns/op
WorkloadPilot   24: 134217728 op, 527863756.00 ns, 3.9329 ns/op

OverheadWarmup   1: 134217728 op, 587960252.00 ns, 4.3806 ns/op
OverheadWarmup   2: 134217728 op, 488616589.00 ns, 3.6405 ns/op
OverheadWarmup   3: 134217728 op, 489315659.00 ns, 3.6457 ns/op
OverheadWarmup   4: 134217728 op, 488501954.00 ns, 3.6396 ns/op
OverheadWarmup   5: 134217728 op, 489599310.00 ns, 3.6478 ns/op
OverheadWarmup   6: 134217728 op, 489306431.00 ns, 3.6456 ns/op

OverheadActual   1: 134217728 op, 489446213.00 ns, 3.6467 ns/op
OverheadActual   2: 134217728 op, 488538783.00 ns, 3.6399 ns/op
OverheadActual   3: 134217728 op, 489655336.00 ns, 3.6482 ns/op
OverheadActual   4: 134217728 op, 489553695.00 ns, 3.6475 ns/op
OverheadActual   5: 134217728 op, 489684470.00 ns, 3.6484 ns/op
OverheadActual   6: 134217728 op, 489031514.00 ns, 3.6436 ns/op
OverheadActual   7: 134217728 op, 495186564.00 ns, 3.6894 ns/op
OverheadActual   8: 134217728 op, 488960125.00 ns, 3.6430 ns/op
OverheadActual   9: 134217728 op, 489324414.00 ns, 3.6458 ns/op
OverheadActual  10: 134217728 op, 488849703.00 ns, 3.6422 ns/op
OverheadActual  11: 134217728 op, 489721377.00 ns, 3.6487 ns/op
OverheadActual  12: 134217728 op, 489386382.00 ns, 3.6462 ns/op
OverheadActual  13: 134217728 op, 489416077.00 ns, 3.6464 ns/op
OverheadActual  14: 134217728 op, 488395301.00 ns, 3.6388 ns/op
OverheadActual  15: 134217728 op, 492122436.00 ns, 3.6666 ns/op

WorkloadWarmup   1: 134217728 op, 538590804.00 ns, 4.0128 ns/op
WorkloadWarmup   2: 134217728 op, 539886598.00 ns, 4.0225 ns/op
WorkloadWarmup   3: 134217728 op, 528340869.00 ns, 3.9364 ns/op
WorkloadWarmup   4: 134217728 op, 528997119.00 ns, 3.9413 ns/op
WorkloadWarmup   5: 134217728 op, 528342422.00 ns, 3.9365 ns/op
WorkloadWarmup   6: 134217728 op, 529057552.00 ns, 3.9418 ns/op

// BeforeActualRun
WorkloadActual   1: 134217728 op, 569040840.00 ns, 4.2397 ns/op
WorkloadActual   2: 134217728 op, 528735048.00 ns, 3.9394 ns/op
WorkloadActual   3: 134217728 op, 528190036.00 ns, 3.9353 ns/op
WorkloadActual   4: 134217728 op, 528634742.00 ns, 3.9386 ns/op
WorkloadActual   5: 134217728 op, 547494668.00 ns, 4.0792 ns/op
WorkloadActual   6: 134217728 op, 527733453.00 ns, 3.9319 ns/op
WorkloadActual   7: 134217728 op, 528815261.00 ns, 3.9400 ns/op
WorkloadActual   8: 134217728 op, 528151076.00 ns, 3.9350 ns/op
WorkloadActual   9: 134217728 op, 544495294.00 ns, 4.0568 ns/op
WorkloadActual  10: 134217728 op, 528452050.00 ns, 3.9373 ns/op
WorkloadActual  11: 134217728 op, 529846804.00 ns, 3.9477 ns/op
WorkloadActual  12: 134217728 op, 528595128.00 ns, 3.9383 ns/op
WorkloadActual  13: 134217728 op, 582076542.00 ns, 4.3368 ns/op
WorkloadActual  14: 134217728 op, 527823073.00 ns, 3.9326 ns/op
WorkloadActual  15: 134217728 op, 528901622.00 ns, 3.9406 ns/op

// AfterActualRun
WorkloadResult   1: 134217728 op, 39318971.00 ns, 0.2929 ns/op
WorkloadResult   2: 134217728 op, 38773959.00 ns, 0.2889 ns/op
WorkloadResult   3: 134217728 op, 39218665.00 ns, 0.2922 ns/op
WorkloadResult   4: 134217728 op, 58078591.00 ns, 0.4327 ns/op
WorkloadResult   5: 134217728 op, 38317376.00 ns, 0.2855 ns/op
WorkloadResult   6: 134217728 op, 39399184.00 ns, 0.2935 ns/op
WorkloadResult   7: 134217728 op, 38734999.00 ns, 0.2886 ns/op
WorkloadResult   8: 134217728 op, 55079217.00 ns, 0.4104 ns/op
WorkloadResult   9: 134217728 op, 39035973.00 ns, 0.2908 ns/op
WorkloadResult  10: 134217728 op, 40430727.00 ns, 0.3012 ns/op
WorkloadResult  11: 134217728 op, 39179051.00 ns, 0.2919 ns/op
WorkloadResult  12: 134217728 op, 38406996.00 ns, 0.2862 ns/op
WorkloadResult  13: 134217728 op, 39485545.00 ns, 0.2942 ns/op
// GC:  0 0 0 0 134217728
// Threading:  0 0 134217728

// AfterAll
// Benchmark Process 5553 has exited with code 0.

Mean = 0.311 ns, StdErr = 0.014 ns (4.38%), N = 13, StdDev = 0.049 ns
Min = 0.285 ns, Q1 = 0.289 ns, Median = 0.292 ns, Q3 = 0.294 ns, Max = 0.433 ns
IQR = 0.005 ns, LowerFence = 0.281 ns, UpperFence = 0.302 ns
ConfidenceInterval = [0.253 ns; 0.370 ns] (CI 99.9%), Margin = 0.059 ns (18.93% of Mean)
Skewness = 1.71, Kurtosis = 4.11, MValue = 2

// ** Remained 26 (72.2 %) benchmark(s) to run. Estimated finish 2026-09-13 7:08 (0h 9m from now) **
// **************************
// Benchmark: MediatorBenchmarks.SendCommand_NoBehaviors: .NET 8.0(Runtime=.NET 8.0, Toolchain=net8.0)
// *** Execute ***
// Launch: 1 / 1
// Execute: dotnet "EricksonLopez.Mediator.Benchmarks-.NET 8.0-2.dll" --anonymousPipes 107 108 --benchmarkName EricksonLopez.Mediator.Benchmarks.MediatorBenchmarks.SendCommand_NoBehaviors --job ".NET 8.0" --benchmarkId 1 in /home/runner/work/dotnet-mediator/dotnet-mediator/benchmarks/EricksonLopez.Mediator.Benchmarks/bin/Release/net10.0/EricksonLopez.Mediator.Benchmarks-.NET 8.0-2/bin/Release/net8.0
// Failed to set up high priority (Permission denied). In order to run benchmarks with high priority, make sure you have the right permissions.
// BeforeAnythingElse

// Benchmark Process Environment Information:
// BenchmarkDotNet v0.15.8
// Runtime=.NET 8.0.31 (8.0.31, 8.0.3126.42015), X64 RyuJIT x86-64-v3
// GC=Concurrent Workstation
// HardwareIntrinsics=AVX2+BMI1+BMI2+F16C+FMA+LZCNT+MOVBE,AVX,SSE3+SSSE3+SSE4.1+SSE4.2+POPCNT,X86Base+SSE+SSE2,AES+PCLMUL VectorSize=256
// Job: .NET 8.0

OverheadJitting  1: 1 op, 176301.00 ns, 176.3010 us/op
WorkloadJitting  1: 1 op, 1538373.00 ns, 1.5384 ms/op

OverheadJitting  2: 16 op, 411531.00 ns, 25.7207 us/op
WorkloadJitting  2: 16 op, 445765.00 ns, 27.8603 us/op

WorkloadPilot    1: 16 op, 8085.00 ns, 505.3125 ns/op
WorkloadPilot    2: 32 op, 12674.00 ns, 396.0625 ns/op
WorkloadPilot    3: 64 op, 18094.00 ns, 282.7188 ns/op
WorkloadPilot    4: 128 op, 34305.00 ns, 268.0078 ns/op
WorkloadPilot    5: 256 op, 61455.00 ns, 240.0586 ns/op
WorkloadPilot    6: 512 op, 121076.00 ns, 236.4766 ns/op
WorkloadPilot    7: 1024 op, 234018.00 ns, 228.5332 ns/op
WorkloadPilot    8: 2048 op, 463398.00 ns, 226.2686 ns/op
WorkloadPilot    9: 4096 op, 951553.00 ns, 232.3127 ns/op
WorkloadPilot   10: 8192 op, 1950716.00 ns, 238.1245 ns/op
WorkloadPilot   11: 16384 op, 3884529.00 ns, 237.0928 ns/op
WorkloadPilot   12: 32768 op, 7659494.00 ns, 233.7492 ns/op
WorkloadPilot   13: 65536 op, 15532278.00 ns, 237.0038 ns/op
WorkloadPilot   14: 131072 op, 31125749.00 ns, 237.4706 ns/op
WorkloadPilot   15: 262144 op, 62232974.00 ns, 237.4000 ns/op
WorkloadPilot   16: 524288 op, 52904332.00 ns, 100.9070 ns/op
WorkloadPilot   17: 1048576 op, 31414591.00 ns, 29.9593 ns/op
WorkloadPilot   18: 2097152 op, 62536133.00 ns, 29.8196 ns/op
WorkloadPilot   19: 4194304 op, 125633373.00 ns, 29.9533 ns/op
WorkloadPilot   20: 8388608 op, 250132214.00 ns, 29.8181 ns/op
WorkloadPilot   21: 16777216 op, 501699594.00 ns, 29.9036 ns/op

OverheadWarmup   1: 16777216 op, 78741823.00 ns, 4.6934 ns/op
OverheadWarmup   2: 16777216 op, 76898388.00 ns, 4.5835 ns/op
OverheadWarmup   3: 16777216 op, 79557381.00 ns, 4.7420 ns/op
OverheadWarmup   4: 16777216 op, 61052282.00 ns, 3.6390 ns/op
OverheadWarmup   5: 16777216 op, 61008962.00 ns, 3.6364 ns/op
OverheadWarmup   6: 16777216 op, 61261855.00 ns, 3.6515 ns/op
OverheadWarmup   7: 16777216 op, 61497327.00 ns, 3.6655 ns/op
OverheadWarmup   8: 16777216 op, 61046262.00 ns, 3.6386 ns/op

OverheadActual   1: 16777216 op, 61079844.00 ns, 3.6406 ns/op
OverheadActual   2: 16777216 op, 61281322.00 ns, 3.6527 ns/op
OverheadActual   3: 16777216 op, 61489702.00 ns, 3.6651 ns/op
OverheadActual   4: 16777216 op, 61163551.00 ns, 3.6456 ns/op
OverheadActual   5: 16777216 op, 61021074.00 ns, 3.6371 ns/op
OverheadActual   6: 16777216 op, 61096776.00 ns, 3.6417 ns/op
OverheadActual   7: 16777216 op, 61214857.00 ns, 3.6487 ns/op
OverheadActual   8: 16777216 op, 61133345.00 ns, 3.6438 ns/op
OverheadActual   9: 16777216 op, 61078522.00 ns, 3.6406 ns/op
OverheadActual  10: 16777216 op, 61291541.00 ns, 3.6533 ns/op
OverheadActual  11: 16777216 op, 61133775.00 ns, 3.6439 ns/op
OverheadActual  12: 16777216 op, 61133695.00 ns, 3.6439 ns/op
OverheadActual  13: 16777216 op, 61122073.00 ns, 3.6432 ns/op
OverheadActual  14: 16777216 op, 61233622.00 ns, 3.6498 ns/op
OverheadActual  15: 16777216 op, 61343638.00 ns, 3.6564 ns/op

WorkloadWarmup   1: 16777216 op, 502322726.00 ns, 29.9408 ns/op
WorkloadWarmup   2: 16777216 op, 502268986.00 ns, 29.9376 ns/op
WorkloadWarmup   3: 16777216 op, 502464895.00 ns, 29.9492 ns/op
WorkloadWarmup   4: 16777216 op, 505907064.00 ns, 30.1544 ns/op
WorkloadWarmup   5: 16777216 op, 501846344.00 ns, 29.9124 ns/op
WorkloadWarmup   6: 16777216 op, 501013854.00 ns, 29.8628 ns/op
WorkloadWarmup   7: 16777216 op, 502146668.00 ns, 29.9303 ns/op
WorkloadWarmup   8: 16777216 op, 502895029.00 ns, 29.9749 ns/op
WorkloadWarmup   9: 16777216 op, 502112282.00 ns, 29.9282 ns/op

// BeforeActualRun
WorkloadActual   1: 16777216 op, 502743485.00 ns, 29.9658 ns/op
WorkloadActual   2: 16777216 op, 506051695.00 ns, 30.1630 ns/op
WorkloadActual   3: 16777216 op, 501147323.00 ns, 29.8707 ns/op
WorkloadActual   4: 16777216 op, 501758597.00 ns, 29.9071 ns/op
WorkloadActual   5: 16777216 op, 500928172.00 ns, 29.8576 ns/op
WorkloadActual   6: 16777216 op, 501442717.00 ns, 29.8883 ns/op
WorkloadActual   7: 16777216 op, 501331038.00 ns, 29.8817 ns/op
WorkloadActual   8: 16777216 op, 501263180.00 ns, 29.8776 ns/op
WorkloadActual   9: 16777216 op, 501066873.00 ns, 29.8659 ns/op
WorkloadActual  10: 16777216 op, 500626106.00 ns, 29.8396 ns/op
WorkloadActual  11: 16777216 op, 501898250.00 ns, 29.9155 ns/op
WorkloadActual  12: 16777216 op, 501387333.00 ns, 29.8850 ns/op
WorkloadActual  13: 16777216 op, 502600466.00 ns, 29.9573 ns/op
WorkloadActual  14: 16777216 op, 501251748.00 ns, 29.8769 ns/op
WorkloadActual  15: 16777216 op, 500946706.00 ns, 29.8588 ns/op

// AfterActualRun
WorkloadResult   1: 16777216 op, 441609710.00 ns, 26.3220 ns/op
WorkloadResult   2: 16777216 op, 440013548.00 ns, 26.2269 ns/op
WorkloadResult   3: 16777216 op, 440624822.00 ns, 26.2633 ns/op
WorkloadResult   4: 16777216 op, 439794397.00 ns, 26.2138 ns/op
WorkloadResult   5: 16777216 op, 440308942.00 ns, 26.2445 ns/op
WorkloadResult   6: 16777216 op, 440197263.00 ns, 26.2378 ns/op
WorkloadResult   7: 16777216 op, 440129405.00 ns, 26.2338 ns/op
WorkloadResult   8: 16777216 op, 439933098.00 ns, 26.2221 ns/op
WorkloadResult   9: 16777216 op, 439492331.00 ns, 26.1958 ns/op
WorkloadResult  10: 16777216 op, 440764475.00 ns, 26.2716 ns/op
WorkloadResult  11: 16777216 op, 440253558.00 ns, 26.2412 ns/op
WorkloadResult  12: 16777216 op, 441466691.00 ns, 26.3135 ns/op
WorkloadResult  13: 16777216 op, 440117973.00 ns, 26.2331 ns/op
WorkloadResult  14: 16777216 op, 439812931.00 ns, 26.2149 ns/op
// GC:  0 0 0 0 16777216
// Threading:  0 0 16777216

// AfterAll
// Benchmark Process 5576 has exited with code 0.

Mean = 26.245 ns, StdErr = 0.010 ns (0.04%), N = 14, StdDev = 0.036 ns
Min = 26.196 ns, Q1 = 26.223 ns, Median = 26.236 ns, Q3 = 26.259 ns, Max = 26.322 ns
IQR = 0.035 ns, LowerFence = 26.170 ns, UpperFence = 26.312 ns
ConfidenceInterval = [26.204 ns; 26.286 ns] (CI 99.9%), Margin = 0.041 ns (0.16% of Mean)
Skewness = 0.88, Kurtosis = 2.67, MValue = 2

// ** Remained 25 (69.4 %) benchmark(s) to run. Estimated finish 2026-09-13 7:08 (0h 8m from now) **
// **************************
// Benchmark: MediatorBenchmarks.SendQuery_NoBehaviors: .NET 8.0(Runtime=.NET 8.0, Toolchain=net8.0)
// *** Execute ***
// Launch: 1 / 1
// Execute: dotnet "EricksonLopez.Mediator.Benchmarks-.NET 8.0-2.dll" --anonymousPipes 107 108 --benchmarkName EricksonLopez.Mediator.Benchmarks.MediatorBenchmarks.SendQuery_NoBehaviors --job ".NET 8.0" --benchmarkId 2 in /home/runner/work/dotnet-mediator/dotnet-mediator/benchmarks/EricksonLopez.Mediator.Benchmarks/bin/Release/net10.0/EricksonLopez.Mediator.Benchmarks-.NET 8.0-2/bin/Release/net8.0
// Failed to set up high priority (Permission denied). In order to run benchmarks with high priority, make sure you have the right permissions.
// BeforeAnythingElse

// Benchmark Process Environment Information:
// BenchmarkDotNet v0.15.8
// Runtime=.NET 8.0.31 (8.0.31, 8.0.3126.42015), X64 RyuJIT x86-64-v3
// GC=Concurrent Workstation
// HardwareIntrinsics=AVX2+BMI1+BMI2+F16C+FMA+LZCNT+MOVBE,AVX,SSE3+SSSE3+SSE4.1+SSE4.2+POPCNT,X86Base+SSE+SSE2,AES+PCLMUL VectorSize=256
// Job: .NET 8.0

OverheadJitting  1: 1 op, 183834.00 ns, 183.8340 us/op
WorkloadJitting  1: 1 op, 1271443.00 ns, 1.2714 ms/op

OverheadJitting  2: 16 op, 436508.00 ns, 27.2818 us/op
WorkloadJitting  2: 16 op, 457427.00 ns, 28.5892 us/op

WorkloadPilot    1: 16 op, 12333.00 ns, 770.8125 ns/op
WorkloadPilot    2: 32 op, 13675.00 ns, 427.3438 ns/op
WorkloadPilot    3: 64 op, 23314.00 ns, 364.2813 ns/op
WorkloadPilot    4: 128 op, 38823.00 ns, 303.3047 ns/op
WorkloadPilot    5: 256 op, 65162.00 ns, 254.5391 ns/op
WorkloadPilot    6: 512 op, 121177.00 ns, 236.6738 ns/op
WorkloadPilot    7: 1024 op, 223048.00 ns, 217.8203 ns/op
WorkloadPilot    8: 2048 op, 463498.00 ns, 226.3174 ns/op
WorkloadPilot    9: 4096 op, 882023.00 ns, 215.3376 ns/op
WorkloadPilot   10: 8192 op, 1793541.00 ns, 218.9381 ns/op
WorkloadPilot   11: 16384 op, 3553529.00 ns, 216.8902 ns/op
WorkloadPilot   12: 32768 op, 7083214.00 ns, 216.1625 ns/op
WorkloadPilot   13: 65536 op, 14057504.00 ns, 214.5005 ns/op
WorkloadPilot   14: 131072 op, 27702786.00 ns, 211.3555 ns/op
WorkloadPilot   15: 262144 op, 55461366.00 ns, 211.5683 ns/op
WorkloadPilot   16: 524288 op, 52185487.00 ns, 99.5359 ns/op
WorkloadPilot   17: 1048576 op, 30310733.00 ns, 28.9066 ns/op
WorkloadPilot   18: 2097152 op, 60622217.00 ns, 28.9069 ns/op
WorkloadPilot   19: 4194304 op, 121247000.00 ns, 28.9075 ns/op
WorkloadPilot   20: 8388608 op, 242958210.00 ns, 28.9629 ns/op
WorkloadPilot   21: 16777216 op, 484205103.00 ns, 28.8609 ns/op
WorkloadPilot   22: 33554432 op, 968841109.00 ns, 28.8737 ns/op

OverheadWarmup   1: 33554432 op, 153197317.00 ns, 4.5656 ns/op
OverheadWarmup   2: 33554432 op, 160396098.00 ns, 4.7802 ns/op
OverheadWarmup   3: 33554432 op, 126677269.00 ns, 3.7753 ns/op
OverheadWarmup   4: 33554432 op, 121370485.00 ns, 3.6171 ns/op
OverheadWarmup   5: 33554432 op, 121317255.00 ns, 3.6155 ns/op
OverheadWarmup   6: 33554432 op, 121684764.00 ns, 3.6265 ns/op
OverheadWarmup   7: 33554432 op, 121461705.00 ns, 3.6198 ns/op

OverheadActual   1: 33554432 op, 121422512.00 ns, 3.6187 ns/op
OverheadActual   2: 33554432 op, 121585588.00 ns, 3.6235 ns/op
OverheadActual   3: 33554432 op, 121703138.00 ns, 3.6270 ns/op
OverheadActual   4: 33554432 op, 122561597.00 ns, 3.6526 ns/op
OverheadActual   5: 33554432 op, 121388859.00 ns, 3.6177 ns/op
OverheadActual   6: 33554432 op, 121340559.00 ns, 3.6162 ns/op
OverheadActual   7: 33554432 op, 121757430.00 ns, 3.6287 ns/op
OverheadActual   8: 33554432 op, 121961462.00 ns, 3.6347 ns/op
OverheadActual   9: 33554432 op, 121937919.00 ns, 3.6340 ns/op
OverheadActual  10: 33554432 op, 121832310.00 ns, 3.6309 ns/op
OverheadActual  11: 33554432 op, 121644208.00 ns, 3.6253 ns/op
OverheadActual  12: 33554432 op, 122158050.00 ns, 3.6406 ns/op
OverheadActual  13: 33554432 op, 121529963.00 ns, 3.6219 ns/op
OverheadActual  14: 33554432 op, 121473428.00 ns, 3.6202 ns/op
OverheadActual  15: 33554432 op, 121826823.00 ns, 3.6307 ns/op

WorkloadWarmup   1: 33554432 op, 987630417.00 ns, 29.4337 ns/op
WorkloadWarmup   2: 33554432 op, 993330402.00 ns, 29.6036 ns/op
WorkloadWarmup   3: 33554432 op, 986789865.00 ns, 29.4086 ns/op
WorkloadWarmup   4: 33554432 op, 1022886258.00 ns, 30.4844 ns/op
WorkloadWarmup   5: 33554432 op, 986991521.00 ns, 29.4146 ns/op
WorkloadWarmup   6: 33554432 op, 987300872.00 ns, 29.4239 ns/op

// BeforeActualRun
WorkloadActual   1: 33554432 op, 988022504.00 ns, 29.4454 ns/op
WorkloadActual   2: 33554432 op, 997406320.00 ns, 29.7250 ns/op
WorkloadActual   3: 33554432 op, 989295440.00 ns, 29.4833 ns/op
WorkloadActual   4: 33554432 op, 986982826.00 ns, 29.4144 ns/op
WorkloadActual   5: 33554432 op, 988481334.00 ns, 29.4590 ns/op
WorkloadActual   6: 33554432 op, 986955595.00 ns, 29.4136 ns/op
WorkloadActual   7: 33554432 op, 987539320.00 ns, 29.4310 ns/op
WorkloadActual   8: 33554432 op, 988337923.00 ns, 29.4548 ns/op
WorkloadActual   9: 33554432 op, 986788919.00 ns, 29.4086 ns/op
WorkloadActual  10: 33554432 op, 988466853.00 ns, 29.4586 ns/op
WorkloadActual  11: 33554432 op, 987304786.00 ns, 29.4240 ns/op
WorkloadActual  12: 33554432 op, 1001705586.00 ns, 29.8532 ns/op
WorkloadActual  13: 33554432 op, 993046637.00 ns, 29.5951 ns/op
WorkloadActual  14: 33554432 op, 986219692.00 ns, 29.3916 ns/op
WorkloadActual  15: 33554432 op, 987550939.00 ns, 29.4313 ns/op

// AfterActualRun
WorkloadResult   1: 33554432 op, 866319366.00 ns, 25.8183 ns/op
WorkloadResult   2: 33554432 op, 867592302.00 ns, 25.8563 ns/op
WorkloadResult   3: 33554432 op, 865279688.00 ns, 25.7873 ns/op
WorkloadResult   4: 33554432 op, 866778196.00 ns, 25.8320 ns/op
WorkloadResult   5: 33554432 op, 865252457.00 ns, 25.7865 ns/op
WorkloadResult   6: 33554432 op, 865836182.00 ns, 25.8039 ns/op
WorkloadResult   7: 33554432 op, 866634785.00 ns, 25.8277 ns/op
WorkloadResult   8: 33554432 op, 865085781.00 ns, 25.7816 ns/op
WorkloadResult   9: 33554432 op, 866763715.00 ns, 25.8316 ns/op
WorkloadResult  10: 33554432 op, 865601648.00 ns, 25.7969 ns/op
WorkloadResult  11: 33554432 op, 864516554.00 ns, 25.7646 ns/op
WorkloadResult  12: 33554432 op, 865847801.00 ns, 25.8043 ns/op
// GC:  0 0 0 0 33554432
// Threading:  0 0 33554432

// AfterAll
// Benchmark Process 5591 has exited with code 0.

Mean = 25.808 ns, StdErr = 0.008 ns (0.03%), N = 12, StdDev = 0.026 ns
Min = 25.765 ns, Q1 = 25.787 ns, Median = 25.804 ns, Q3 = 25.829 ns, Max = 25.856 ns
IQR = 0.042 ns, LowerFence = 25.725 ns, UpperFence = 25.891 ns
ConfidenceInterval = [25.774 ns; 25.841 ns] (CI 99.9%), Margin = 0.034 ns (0.13% of Mean)
Skewness = 0.17, Kurtosis = 1.88, MValue = 2

// ** Remained 24 (66.7 %) benchmark(s) to run. Estimated finish 2026-09-13 7:08 (0h 8m from now) **
// **************************
// Benchmark: MediatorBenchmarks.SendCommand_OneBehavior: .NET 8.0(Runtime=.NET 8.0, Toolchain=net8.0)
// *** Execute ***
// Launch: 1 / 1
// Execute: dotnet "EricksonLopez.Mediator.Benchmarks-.NET 8.0-2.dll" --anonymousPipes 107 108 --benchmarkName EricksonLopez.Mediator.Benchmarks.MediatorBenchmarks.SendCommand_OneBehavior --job ".NET 8.0" --benchmarkId 3 in /home/runner/work/dotnet-mediator/dotnet-mediator/benchmarks/EricksonLopez.Mediator.Benchmarks/bin/Release/net10.0/EricksonLopez.Mediator.Benchmarks-.NET 8.0-2/bin/Release/net8.0
// Failed to set up high priority (Permission denied). In order to run benchmarks with high priority, make sure you have the right permissions.
// BeforeAnythingElse

// Benchmark Process Environment Information:
// BenchmarkDotNet v0.15.8
// Runtime=.NET 8.0.31 (8.0.31, 8.0.3126.42015), X64 RyuJIT x86-64-v3
// GC=Concurrent Workstation
// HardwareIntrinsics=AVX2+BMI1+BMI2+F16C+FMA+LZCNT+MOVBE,AVX,SSE3+SSSE3+SSE4.1+SSE4.2+POPCNT,X86Base+SSE+SSE2,AES+PCLMUL VectorSize=256
// Job: .NET 8.0

OverheadJitting  1: 1 op, 187401.00 ns, 187.4010 us/op
WorkloadJitting  1: 1 op, 2498993.00 ns, 2.4990 ms/op

OverheadJitting  2: 16 op, 496781.00 ns, 31.0488 us/op
WorkloadJitting  2: 16 op, 427040.00 ns, 26.6900 us/op

WorkloadPilot    1: 16 op, 25007.00 ns, 1.5629 us/op
WorkloadPilot    2: 32 op, 29044.00 ns, 907.6250 ns/op
WorkloadPilot    3: 64 op, 45465.00 ns, 710.3906 ns/op
WorkloadPilot    4: 128 op, 78257.00 ns, 611.3828 ns/op
WorkloadPilot    5: 256 op, 142176.00 ns, 555.3750 ns/op
WorkloadPilot    6: 512 op, 266880.00 ns, 521.2500 ns/op
WorkloadPilot    7: 1024 op, 552926.00 ns, 539.9668 ns/op
WorkloadPilot    8: 2048 op, 1077258.00 ns, 526.0049 ns/op
WorkloadPilot    9: 4096 op, 2176458.00 ns, 531.3618 ns/op
WorkloadPilot   10: 8192 op, 4330223.00 ns, 528.5917 ns/op
WorkloadPilot   11: 16384 op, 8491350.00 ns, 518.2709 ns/op
WorkloadPilot   12: 32768 op, 16972460.00 ns, 517.9584 ns/op
WorkloadPilot   13: 65536 op, 33730299.00 ns, 514.6835 ns/op
WorkloadPilot   14: 131072 op, 66946023.00 ns, 510.7576 ns/op
WorkloadPilot   15: 262144 op, 54597466.00 ns, 208.2728 ns/op
WorkloadPilot   16: 524288 op, 31297431.00 ns, 59.6951 ns/op
WorkloadPilot   17: 1048576 op, 62398373.00 ns, 59.5077 ns/op
WorkloadPilot   18: 2097152 op, 126948348.00 ns, 60.5337 ns/op
WorkloadPilot   19: 4194304 op, 249679905.00 ns, 59.5283 ns/op
WorkloadPilot   20: 8388608 op, 498199335.00 ns, 59.3900 ns/op
WorkloadPilot   21: 16777216 op, 1001702672.00 ns, 59.7061 ns/op

OverheadWarmup   1: 16777216 op, 76808312.00 ns, 4.5781 ns/op
OverheadWarmup   2: 16777216 op, 76800898.00 ns, 4.5777 ns/op
OverheadWarmup   3: 16777216 op, 80921640.00 ns, 4.8233 ns/op
OverheadWarmup   4: 16777216 op, 61162537.00 ns, 3.6456 ns/op
OverheadWarmup   5: 16777216 op, 61013278.00 ns, 3.6367 ns/op
OverheadWarmup   6: 16777216 op, 61828165.00 ns, 3.6852 ns/op
OverheadWarmup   7: 16777216 op, 61027835.00 ns, 3.6375 ns/op

OverheadActual   1: 16777216 op, 61003910.00 ns, 3.6361 ns/op
OverheadActual   2: 16777216 op, 61115520.00 ns, 3.6428 ns/op
OverheadActual   3: 16777216 op, 61200779.00 ns, 3.6479 ns/op
OverheadActual   4: 16777216 op, 61161506.00 ns, 3.6455 ns/op
OverheadActual   5: 16777216 op, 61288504.00 ns, 3.6531 ns/op
OverheadActual   6: 16777216 op, 60967292.00 ns, 3.6339 ns/op
OverheadActual   7: 16777216 op, 66789771.00 ns, 3.9810 ns/op
OverheadActual   8: 16777216 op, 61149463.00 ns, 3.6448 ns/op
OverheadActual   9: 16777216 op, 61035409.00 ns, 3.6380 ns/op
OverheadActual  10: 16777216 op, 61097997.00 ns, 3.6417 ns/op
OverheadActual  11: 16777216 op, 61001025.00 ns, 3.6359 ns/op
OverheadActual  12: 16777216 op, 61071497.00 ns, 3.6401 ns/op
OverheadActual  13: 16777216 op, 61190891.00 ns, 3.6473 ns/op
OverheadActual  14: 16777216 op, 61093138.00 ns, 3.6414 ns/op
OverheadActual  15: 16777216 op, 61913645.00 ns, 3.6903 ns/op

WorkloadWarmup   1: 16777216 op, 994659000.00 ns, 59.2863 ns/op
WorkloadWarmup   2: 16777216 op, 995376095.00 ns, 59.3290 ns/op
WorkloadWarmup   3: 16777216 op, 1002241839.00 ns, 59.7383 ns/op
WorkloadWarmup   4: 16777216 op, 995746671.00 ns, 59.3511 ns/op
WorkloadWarmup   5: 16777216 op, 996949408.00 ns, 59.4228 ns/op
WorkloadWarmup   6: 16777216 op, 996602277.00 ns, 59.4021 ns/op

// BeforeActualRun
WorkloadActual   1: 16777216 op, 1007552113.00 ns, 60.0548 ns/op
WorkloadActual   2: 16777216 op, 997735804.00 ns, 59.4697 ns/op
WorkloadActual   3: 16777216 op, 996469706.00 ns, 59.3942 ns/op
WorkloadActual   4: 16777216 op, 996683839.00 ns, 59.4070 ns/op
WorkloadActual   5: 16777216 op, 996720969.00 ns, 59.4092 ns/op
WorkloadActual   6: 16777216 op, 996644088.00 ns, 59.4046 ns/op
WorkloadActual   7: 16777216 op, 998303157.00 ns, 59.5035 ns/op
WorkloadActual   8: 16777216 op, 995374548.00 ns, 59.3289 ns/op
WorkloadActual   9: 16777216 op, 995907678.00 ns, 59.3607 ns/op
WorkloadActual  10: 16777216 op, 1001234460.00 ns, 59.6782 ns/op
WorkloadActual  11: 16777216 op, 995914130.00 ns, 59.3611 ns/op
WorkloadActual  12: 16777216 op, 996618649.00 ns, 59.4031 ns/op
WorkloadActual  13: 16777216 op, 995719695.00 ns, 59.3495 ns/op
WorkloadActual  14: 16777216 op, 996349931.00 ns, 59.3871 ns/op
WorkloadActual  15: 16777216 op, 995623771.00 ns, 59.3438 ns/op

// AfterActualRun
WorkloadResult   1: 16777216 op, 936620284.00 ns, 55.8269 ns/op
WorkloadResult   2: 16777216 op, 935354186.00 ns, 55.7515 ns/op
WorkloadResult   3: 16777216 op, 935568319.00 ns, 55.7642 ns/op
WorkloadResult   4: 16777216 op, 935605449.00 ns, 55.7664 ns/op
WorkloadResult   5: 16777216 op, 935528568.00 ns, 55.7618 ns/op
WorkloadResult   6: 16777216 op, 937187637.00 ns, 55.8607 ns/op
WorkloadResult   7: 16777216 op, 934259028.00 ns, 55.6862 ns/op
WorkloadResult   8: 16777216 op, 934792158.00 ns, 55.7180 ns/op
WorkloadResult   9: 16777216 op, 934798610.00 ns, 55.7183 ns/op
WorkloadResult  10: 16777216 op, 935503129.00 ns, 55.7603 ns/op
WorkloadResult  11: 16777216 op, 934604175.00 ns, 55.7067 ns/op
WorkloadResult  12: 16777216 op, 935234411.00 ns, 55.7443 ns/op
WorkloadResult  13: 16777216 op, 934508251.00 ns, 55.7010 ns/op
// GC:  0 0 0 0 16777216
// Threading:  0 0 16777216

// AfterAll
// Benchmark Process 5616 has exited with code 0.

Mean = 55.751 ns, StdErr = 0.014 ns (0.02%), N = 13, StdDev = 0.049 ns
Min = 55.686 ns, Q1 = 55.718 ns, Median = 55.751 ns, Q3 = 55.764 ns, Max = 55.861 ns
IQR = 0.046 ns, LowerFence = 55.649 ns, UpperFence = 55.834 ns
ConfidenceInterval = [55.692 ns; 55.810 ns] (CI 99.9%), Margin = 0.059 ns (0.11% of Mean)
Skewness = 0.76, Kurtosis = 2.68, MValue = 2

// ** Remained 23 (63.9 %) benchmark(s) to run. Estimated finish 2026-09-13 7:08 (0h 8m from now) **
// **************************
// Benchmark: MediatorBenchmarks.SendCommand_FiveBehaviors: .NET 8.0(Runtime=.NET 8.0, Toolchain=net8.0)
// *** Execute ***
// Launch: 1 / 1
// Execute: dotnet "EricksonLopez.Mediator.Benchmarks-.NET 8.0-2.dll" --anonymousPipes 107 108 --benchmarkName EricksonLopez.Mediator.Benchmarks.MediatorBenchmarks.SendCommand_FiveBehaviors --job ".NET 8.0" --benchmarkId 4 in /home/runner/work/dotnet-mediator/dotnet-mediator/benchmarks/EricksonLopez.Mediator.Benchmarks/bin/Release/net10.0/EricksonLopez.Mediator.Benchmarks-.NET 8.0-2/bin/Release/net8.0
// Failed to set up high priority (Permission denied). In order to run benchmarks with high priority, make sure you have the right permissions.
// BeforeAnythingElse

// Benchmark Process Environment Information:
// BenchmarkDotNet v0.15.8
// Runtime=.NET 8.0.31 (8.0.31, 8.0.3126.42015), X64 RyuJIT x86-64-v3
// GC=Concurrent Workstation
// HardwareIntrinsics=AVX2+BMI1+BMI2+F16C+FMA+LZCNT+MOVBE,AVX,SSE3+SSSE3+SSE4.1+SSE4.2+POPCNT,X86Base+SSE+SSE2,AES+PCLMUL VectorSize=256
// Job: .NET 8.0

OverheadJitting  1: 1 op, 267772.00 ns, 267.7720 us/op
WorkloadJitting  1: 1 op, 4484882.00 ns, 4.4849 ms/op

OverheadJitting  2: 16 op, 427481.00 ns, 26.7176 us/op
WorkloadJitting  2: 16 op, 423484.00 ns, 26.4678 us/op

WorkloadPilot    1: 16 op, 34726.00 ns, 2.1704 us/op
WorkloadPilot    2: 32 op, 60563.00 ns, 1.8926 us/op
WorkloadPilot    3: 64 op, 113713.00 ns, 1.7768 us/op
WorkloadPilot    4: 128 op, 221044.00 ns, 1.7269 us/op
WorkloadPilot    5: 256 op, 454572.00 ns, 1.7757 us/op
WorkloadPilot    6: 512 op, 894876.00 ns, 1.7478 us/op
WorkloadPilot    7: 1024 op, 1793349.00 ns, 1.7513 us/op
WorkloadPilot    8: 2048 op, 3614081.00 ns, 1.7647 us/op
WorkloadPilot    9: 4096 op, 7243049.00 ns, 1.7683 us/op
WorkloadPilot   10: 8192 op, 14287135.00 ns, 1.7440 us/op
WorkloadPilot   11: 16384 op, 28427385.00 ns, 1.7351 us/op
WorkloadPilot   12: 32768 op, 57053533.00 ns, 1.7411 us/op
WorkloadPilot   13: 65536 op, 72647677.00 ns, 1.1085 us/op
WorkloadPilot   14: 131072 op, 35603168.00 ns, 271.6306 ns/op
WorkloadPilot   15: 262144 op, 70208096.00 ns, 267.8226 ns/op
WorkloadPilot   16: 524288 op, 139218548.00 ns, 265.5383 ns/op
WorkloadPilot   17: 1048576 op, 278876190.00 ns, 265.9571 ns/op
WorkloadPilot   18: 2097152 op, 556774169.00 ns, 265.4906 ns/op

OverheadWarmup   1: 2097152 op, 9619060.00 ns, 4.5867 ns/op
OverheadWarmup   2: 2097152 op, 9607118.00 ns, 4.5810 ns/op
OverheadWarmup   3: 2097152 op, 9624309.00 ns, 4.5892 ns/op
OverheadWarmup   4: 2097152 op, 9594454.00 ns, 4.5750 ns/op
OverheadWarmup   5: 2097152 op, 9594615.00 ns, 4.5751 ns/op
OverheadWarmup   6: 2097152 op, 9594835.00 ns, 4.5752 ns/op
OverheadWarmup   7: 2097152 op, 9585267.00 ns, 4.5706 ns/op

OverheadActual   1: 2097152 op, 9594534.00 ns, 4.5750 ns/op
OverheadActual   2: 2097152 op, 9625843.00 ns, 4.5900 ns/op
OverheadActual   3: 2097152 op, 9635671.00 ns, 4.5946 ns/op
OverheadActual   4: 2097152 op, 9586810.00 ns, 4.5713 ns/op
OverheadActual   5: 2097152 op, 9604372.00 ns, 4.5797 ns/op
OverheadActual   6: 2097152 op, 9595406.00 ns, 4.5754 ns/op
OverheadActual   7: 2097152 op, 9577763.00 ns, 4.5670 ns/op
OverheadActual   8: 2097152 op, 9635721.00 ns, 4.5947 ns/op
OverheadActual   9: 2097152 op, 9659205.00 ns, 4.6059 ns/op
OverheadActual  10: 2097152 op, 9584265.00 ns, 4.5701 ns/op
OverheadActual  11: 2097152 op, 9593262.00 ns, 4.5744 ns/op
OverheadActual  12: 2097152 op, 9577082.00 ns, 4.5667 ns/op
OverheadActual  13: 2097152 op, 9581971.00 ns, 4.5690 ns/op
OverheadActual  14: 2097152 op, 9589064.00 ns, 4.5724 ns/op
OverheadActual  15: 2097152 op, 9578323.00 ns, 4.5673 ns/op

WorkloadWarmup   1: 2097152 op, 557973696.00 ns, 266.0626 ns/op
WorkloadWarmup   2: 2097152 op, 558490161.00 ns, 266.3089 ns/op
WorkloadWarmup   3: 2097152 op, 563191271.00 ns, 268.5505 ns/op
WorkloadWarmup   4: 2097152 op, 559214471.00 ns, 266.6542 ns/op
WorkloadWarmup   5: 2097152 op, 558294189.00 ns, 266.2154 ns/op
WorkloadWarmup   6: 2097152 op, 558085459.00 ns, 266.1159 ns/op
WorkloadWarmup   7: 2097152 op, 557539317.00 ns, 265.8555 ns/op
WorkloadWarmup   8: 2097152 op, 559467104.00 ns, 266.7747 ns/op
WorkloadWarmup   9: 2097152 op, 558500650.00 ns, 266.3139 ns/op

// BeforeActualRun
WorkloadActual   1: 2097152 op, 558857075.00 ns, 266.4838 ns/op
WorkloadActual   2: 2097152 op, 557604557.00 ns, 265.8866 ns/op
WorkloadActual   3: 2097152 op, 578263590.00 ns, 275.7376 ns/op
WorkloadActual   4: 2097152 op, 557482047.00 ns, 265.8282 ns/op
WorkloadActual   5: 2097152 op, 557327327.00 ns, 265.7544 ns/op
WorkloadActual   6: 2097152 op, 562912784.00 ns, 268.4177 ns/op
WorkloadActual   7: 2097152 op, 562415796.00 ns, 268.1807 ns/op
WorkloadActual   8: 2097152 op, 558745942.00 ns, 266.4308 ns/op
WorkloadActual   9: 2097152 op, 557638630.00 ns, 265.9028 ns/op
WorkloadActual  10: 2097152 op, 562967597.00 ns, 268.4439 ns/op
WorkloadActual  11: 2097152 op, 559114426.00 ns, 266.6065 ns/op
WorkloadActual  12: 2097152 op, 557523861.00 ns, 265.8481 ns/op
WorkloadActual  13: 2097152 op, 557352911.00 ns, 265.7666 ns/op
WorkloadActual  14: 2097152 op, 557716201.00 ns, 265.9398 ns/op
WorkloadActual  15: 2097152 op, 557860609.00 ns, 266.0087 ns/op

// AfterActualRun
WorkloadResult   1: 2097152 op, 549263813.00 ns, 261.9094 ns/op
WorkloadResult   2: 2097152 op, 548011295.00 ns, 261.3121 ns/op
WorkloadResult   3: 2097152 op, 547888785.00 ns, 261.2537 ns/op
WorkloadResult   4: 2097152 op, 547734065.00 ns, 261.1800 ns/op
WorkloadResult   5: 2097152 op, 553319522.00 ns, 263.8433 ns/op
WorkloadResult   6: 2097152 op, 552822534.00 ns, 263.6063 ns/op
WorkloadResult   7: 2097152 op, 549152680.00 ns, 261.8564 ns/op
WorkloadResult   8: 2097152 op, 548045368.00 ns, 261.3284 ns/op
WorkloadResult   9: 2097152 op, 553374335.00 ns, 263.8694 ns/op
WorkloadResult  10: 2097152 op, 549521164.00 ns, 262.0321 ns/op
WorkloadResult  11: 2097152 op, 547930599.00 ns, 261.2737 ns/op
WorkloadResult  12: 2097152 op, 547759649.00 ns, 261.1922 ns/op
WorkloadResult  13: 2097152 op, 548122939.00 ns, 261.3654 ns/op
WorkloadResult  14: 2097152 op, 548267347.00 ns, 261.4342 ns/op
// GC:  0 0 0 0 2097152
// Threading:  0 0 2097152

// AfterAll
// Benchmark Process 5638 has exited with code 0.

Mean = 261.961 ns, StdErr = 0.273 ns (0.10%), N = 14, StdDev = 1.020 ns
Min = 261.180 ns, Q1 = 261.283 ns, Median = 261.400 ns, Q3 = 262.001 ns, Max = 263.869 ns
IQR = 0.718 ns, LowerFence = 260.206 ns, UpperFence = 263.079 ns
ConfidenceInterval = [260.810 ns; 263.112 ns] (CI 99.9%), Margin = 1.151 ns (0.44% of Mean)
Skewness = 1.05, Kurtosis = 2.3, MValue = 2

// ** Remained 22 (61.1 %) benchmark(s) to run. Estimated finish 2026-09-13 7:08 (0h 7m from now) **
// **************************
// Benchmark: MediatorBenchmarks.PublishNotification_OneHandler: .NET 8.0(Runtime=.NET 8.0, Toolchain=net8.0)
// *** Execute ***
// Launch: 1 / 1
// Execute: dotnet "EricksonLopez.Mediator.Benchmarks-.NET 8.0-2.dll" --anonymousPipes 107 108 --benchmarkName EricksonLopez.Mediator.Benchmarks.MediatorBenchmarks.PublishNotification_OneHandler --job ".NET 8.0" --benchmarkId 5 in /home/runner/work/dotnet-mediator/dotnet-mediator/benchmarks/EricksonLopez.Mediator.Benchmarks/bin/Release/net10.0/EricksonLopez.Mediator.Benchmarks-.NET 8.0-2/bin/Release/net8.0
// Failed to set up high priority (Permission denied). In order to run benchmarks with high priority, make sure you have the right permissions.
// BeforeAnythingElse

// Benchmark Process Environment Information:
// BenchmarkDotNet v0.15.8
// Runtime=.NET 8.0.31 (8.0.31, 8.0.3126.42015), X64 RyuJIT x86-64-v3
// GC=Concurrent Workstation
// HardwareIntrinsics=AVX2+BMI1+BMI2+F16C+FMA+LZCNT+MOVBE,AVX,SSE3+SSSE3+SSE4.1+SSE4.2+POPCNT,X86Base+SSE+SSE2,AES+PCLMUL VectorSize=256
// Job: .NET 8.0

OverheadJitting  1: 1 op, 133270.00 ns, 133.2700 us/op
WorkloadJitting  1: 1 op, 2701030.00 ns, 2.7010 ms/op

OverheadJitting  2: 16 op, 206878.00 ns, 12.9299 us/op
WorkloadJitting  2: 16 op, 1732366.00 ns, 108.2729 us/op

WorkloadPilot    1: 16 op, 150582.00 ns, 9.4114 us/op
WorkloadPilot    2: 32 op, 22723.00 ns, 710.0938 ns/op
WorkloadPilot    3: 64 op, 30337.00 ns, 474.0156 ns/op
WorkloadPilot    4: 128 op, 55203.00 ns, 431.2734 ns/op
WorkloadPilot    5: 256 op, 111338.00 ns, 434.9141 ns/op
WorkloadPilot    6: 512 op, 210945.00 ns, 412.0020 ns/op
WorkloadPilot    7: 1024 op, 419315.00 ns, 409.4873 ns/op
WorkloadPilot    8: 2048 op, 863557.00 ns, 421.6587 ns/op
WorkloadPilot    9: 4096 op, 1681480.00 ns, 410.5176 ns/op
WorkloadPilot   10: 8192 op, 3353051.00 ns, 409.3080 ns/op
WorkloadPilot   11: 16384 op, 6584705.00 ns, 401.8985 ns/op
WorkloadPilot   12: 32768 op, 13332886.00 ns, 406.8874 ns/op
WorkloadPilot   13: 65536 op, 26357927.00 ns, 402.1900 ns/op
WorkloadPilot   14: 131072 op, 52764437.00 ns, 402.5607 ns/op
WorkloadPilot   15: 262144 op, 68720304.00 ns, 262.1472 ns/op
WorkloadPilot   16: 524288 op, 36883204.00 ns, 70.3491 ns/op
WorkloadPilot   17: 1048576 op, 67146666.00 ns, 64.0361 ns/op
WorkloadPilot   18: 2097152 op, 130335515.00 ns, 62.1488 ns/op
WorkloadPilot   19: 4194304 op, 257286876.00 ns, 61.3420 ns/op
WorkloadPilot   20: 8388608 op, 511134479.00 ns, 60.9320 ns/op

OverheadWarmup   1: 8388608 op, 18998129.00 ns, 2.2648 ns/op
OverheadWarmup   2: 8388608 op, 18950430.00 ns, 2.2591 ns/op
OverheadWarmup   3: 8388608 op, 19047542.00 ns, 2.2706 ns/op
OverheadWarmup   4: 8388608 op, 18973583.00 ns, 2.2618 ns/op
OverheadWarmup   5: 8388608 op, 18993060.00 ns, 2.2641 ns/op
OverheadWarmup   6: 8388608 op, 18968714.00 ns, 2.2612 ns/op

OverheadActual   1: 8388608 op, 18957193.00 ns, 2.2599 ns/op
OverheadActual   2: 8388608 op, 18970357.00 ns, 2.2614 ns/op
OverheadActual   3: 8388608 op, 19024388.00 ns, 2.2679 ns/op
OverheadActual   4: 8388608 op, 19200579.00 ns, 2.2889 ns/op
OverheadActual   5: 8388608 op, 19007246.00 ns, 2.2658 ns/op
OverheadActual   6: 8388608 op, 19140086.00 ns, 2.2817 ns/op
OverheadActual   7: 8388608 op, 19028185.00 ns, 2.2683 ns/op
OverheadActual   8: 8388608 op, 19124837.00 ns, 2.2799 ns/op
OverheadActual   9: 8388608 op, 18953546.00 ns, 2.2594 ns/op
OverheadActual  10: 8388608 op, 18979124.00 ns, 2.2625 ns/op
OverheadActual  11: 8388608 op, 18953586.00 ns, 2.2594 ns/op
OverheadActual  12: 8388608 op, 18942275.00 ns, 2.2581 ns/op
OverheadActual  13: 8388608 op, 19064460.00 ns, 2.2727 ns/op
OverheadActual  14: 8388608 op, 22795583.00 ns, 2.7174 ns/op
OverheadActual  15: 8388608 op, 13797557.00 ns, 1.6448 ns/op
OverheadActual  16: 8388608 op, 13776879.00 ns, 1.6423 ns/op
OverheadActual  17: 8388608 op, 13730190.00 ns, 1.6368 ns/op
OverheadActual  18: 8388608 op, 13716986.00 ns, 1.6352 ns/op
OverheadActual  19: 8388608 op, 13778421.00 ns, 1.6425 ns/op
OverheadActual  20: 8388608 op, 13687841.00 ns, 1.6317 ns/op

WorkloadWarmup   1: 8388608 op, 519879824.00 ns, 61.9745 ns/op
WorkloadWarmup   2: 8388608 op, 517529400.00 ns, 61.6943 ns/op
WorkloadWarmup   3: 8388608 op, 510162939.00 ns, 60.8162 ns/op
WorkloadWarmup   4: 8388608 op, 509987882.00 ns, 60.7953 ns/op
WorkloadWarmup   5: 8388608 op, 514941962.00 ns, 61.3859 ns/op
WorkloadWarmup   6: 8388608 op, 509953217.00 ns, 60.7912 ns/op
WorkloadWarmup   7: 8388608 op, 511721902.00 ns, 61.0020 ns/op
WorkloadWarmup   8: 8388608 op, 510097799.00 ns, 60.8084 ns/op

// BeforeActualRun
WorkloadActual   1: 8388608 op, 513386391.00 ns, 61.2004 ns/op
WorkloadActual   2: 8388608 op, 509874377.00 ns, 60.7818 ns/op
WorkloadActual   3: 8388608 op, 510980703.00 ns, 60.9136 ns/op
WorkloadActual   4: 8388608 op, 509800232.00 ns, 60.7729 ns/op
WorkloadActual   5: 8388608 op, 510259622.00 ns, 60.8277 ns/op
WorkloadActual   6: 8388608 op, 512342265.00 ns, 61.0760 ns/op
WorkloadActual   7: 8388608 op, 510545768.00 ns, 60.8618 ns/op
WorkloadActual   8: 8388608 op, 511023403.00 ns, 60.9187 ns/op
WorkloadActual   9: 8388608 op, 510704546.00 ns, 60.8807 ns/op
WorkloadActual  10: 8388608 op, 509870464.00 ns, 60.7813 ns/op
WorkloadActual  11: 8388608 op, 510614257.00 ns, 60.8700 ns/op
WorkloadActual  12: 8388608 op, 510011528.00 ns, 60.7981 ns/op
WorkloadActual  13: 8388608 op, 510066040.00 ns, 60.8046 ns/op
WorkloadActual  14: 8388608 op, 510089083.00 ns, 60.8074 ns/op
WorkloadActual  15: 8388608 op, 510743936.00 ns, 60.8854 ns/op

// AfterActualRun
WorkloadResult   1: 8388608 op, 490910602.00 ns, 58.5211 ns/op
WorkloadResult   2: 8388608 op, 492016928.00 ns, 58.6530 ns/op
WorkloadResult   3: 8388608 op, 490836457.00 ns, 58.5123 ns/op
WorkloadResult   4: 8388608 op, 491295847.00 ns, 58.5670 ns/op
WorkloadResult   5: 8388608 op, 491581993.00 ns, 58.6011 ns/op
WorkloadResult   6: 8388608 op, 492059628.00 ns, 58.6581 ns/op
WorkloadResult   7: 8388608 op, 491740771.00 ns, 58.6201 ns/op
WorkloadResult   8: 8388608 op, 490906689.00 ns, 58.5206 ns/op
WorkloadResult   9: 8388608 op, 491650482.00 ns, 58.6093 ns/op
WorkloadResult  10: 8388608 op, 491047753.00 ns, 58.5375 ns/op
WorkloadResult  11: 8388608 op, 491102265.00 ns, 58.5440 ns/op
WorkloadResult  12: 8388608 op, 491125308.00 ns, 58.5467 ns/op
WorkloadResult  13: 8388608 op, 491780161.00 ns, 58.6248 ns/op
// GC:  12 0 0 201326592 8388608
// Threading:  0 0 8388608

// AfterAll
// Benchmark Process 5652 has exited with code 0.

Mean = 58.578 ns, StdErr = 0.014 ns (0.02%), N = 13, StdDev = 0.052 ns
Min = 58.512 ns, Q1 = 58.537 ns, Median = 58.567 ns, Q3 = 58.620 ns, Max = 58.658 ns
IQR = 0.083 ns, LowerFence = 58.414 ns, UpperFence = 58.744 ns
ConfidenceInterval = [58.516 ns; 58.640 ns] (CI 99.9%), Margin = 0.062 ns (0.11% of Mean)
Skewness = 0.19, Kurtosis = 1.35, MValue = 2

// ** Remained 21 (58.3 %) benchmark(s) to run. Estimated finish 2026-09-13 7:08 (0h 7m from now) **
// **************************
// Benchmark: MediatorBenchmarks.PublishNotification_FiveHandlers: .NET 8.0(Runtime=.NET 8.0, Toolchain=net8.0)
// *** Execute ***
// Launch: 1 / 1
// Execute: dotnet "EricksonLopez.Mediator.Benchmarks-.NET 8.0-2.dll" --anonymousPipes 107 108 --benchmarkName EricksonLopez.Mediator.Benchmarks.MediatorBenchmarks.PublishNotification_FiveHandlers --job ".NET 8.0" --benchmarkId 6 in /home/runner/work/dotnet-mediator/dotnet-mediator/benchmarks/EricksonLopez.Mediator.Benchmarks/bin/Release/net10.0/EricksonLopez.Mediator.Benchmarks-.NET 8.0-2/bin/Release/net8.0
// Failed to set up high priority (Permission denied). In order to run benchmarks with high priority, make sure you have the right permissions.
// BeforeAnythingElse

// Benchmark Process Environment Information:
// BenchmarkDotNet v0.15.8
// Runtime=.NET 8.0.31 (8.0.31, 8.0.3126.42015), X64 RyuJIT x86-64-v3
// GC=Concurrent Workstation
// HardwareIntrinsics=AVX2+BMI1+BMI2+F16C+FMA+LZCNT+MOVBE,AVX,SSE3+SSSE3+SSE4.1+SSE4.2+POPCNT,X86Base+SSE+SSE2,AES+PCLMUL VectorSize=256
// Job: .NET 8.0

OverheadJitting  1: 1 op, 134242.00 ns, 134.2420 us/op
WorkloadJitting  1: 1 op, 3147038.00 ns, 3.1470 ms/op

OverheadJitting  2: 16 op, 163055.00 ns, 10.1909 us/op
WorkloadJitting  2: 16 op, 2040205.00 ns, 127.5128 us/op

WorkloadPilot    1: 16 op, 238437.00 ns, 14.9023 us/op
WorkloadPilot    2: 32 op, 44514.00 ns, 1.3911 us/op
WorkloadPilot    3: 64 op, 130996.00 ns, 2.0468 us/op
WorkloadPilot    4: 128 op, 202330.00 ns, 1.5807 us/op
WorkloadPilot    5: 256 op, 364743.00 ns, 1.4248 us/op
WorkloadPilot    6: 512 op, 653274.00 ns, 1.2759 us/op
WorkloadPilot    7: 1024 op, 1328420.00 ns, 1.2973 us/op
WorkloadPilot    8: 2048 op, 2692707.00 ns, 1.3148 us/op
WorkloadPilot    9: 4096 op, 5289024.00 ns, 1.2913 us/op
WorkloadPilot   10: 8192 op, 10590381.00 ns, 1.2928 us/op
WorkloadPilot   11: 16384 op, 21190871.00 ns, 1.2934 us/op
WorkloadPilot   12: 32768 op, 42373525.00 ns, 1.2931 us/op
WorkloadPilot   13: 65536 op, 68047799.00 ns, 1.0383 us/op
WorkloadPilot   14: 131072 op, 39143481.00 ns, 298.6411 ns/op
WorkloadPilot   15: 262144 op, 60375599.00 ns, 230.3146 ns/op
WorkloadPilot   16: 524288 op, 119157620.00 ns, 227.2751 ns/op
WorkloadPilot   17: 1048576 op, 238337182.00 ns, 227.2960 ns/op
WorkloadPilot   18: 2097152 op, 476237597.00 ns, 227.0878 ns/op
WorkloadPilot   19: 4194304 op, 952671638.00 ns, 227.1346 ns/op

OverheadWarmup   1: 4194304 op, 9497451.00 ns, 2.2644 ns/op
OverheadWarmup   2: 4194304 op, 10282063.00 ns, 2.4514 ns/op
OverheadWarmup   3: 4194304 op, 9526286.00 ns, 2.2712 ns/op
OverheadWarmup   4: 4194304 op, 9480430.00 ns, 2.2603 ns/op
OverheadWarmup   5: 4194304 op, 9484568.00 ns, 2.2613 ns/op
OverheadWarmup   6: 4194304 op, 9491350.00 ns, 2.2629 ns/op
OverheadWarmup   7: 4194304 op, 9483436.00 ns, 2.2610 ns/op

OverheadActual   1: 4194304 op, 9556343.00 ns, 2.2784 ns/op
OverheadActual   2: 4194304 op, 9473988.00 ns, 2.2588 ns/op
OverheadActual   3: 4194304 op, 15922705.00 ns, 3.7963 ns/op
OverheadActual   4: 4194304 op, 9561222.00 ns, 2.2796 ns/op
OverheadActual   5: 4194304 op, 14409128.00 ns, 3.4354 ns/op
OverheadActual   6: 4194304 op, 14553710.00 ns, 3.4699 ns/op
OverheadActual   7: 4194304 op, 9607117.00 ns, 2.2905 ns/op
OverheadActual   8: 4194304 op, 9462617.00 ns, 2.2561 ns/op
OverheadActual   9: 4194304 op, 9475801.00 ns, 2.2592 ns/op
OverheadActual  10: 4194304 op, 9486020.00 ns, 2.2616 ns/op
OverheadActual  11: 4194304 op, 9521427.00 ns, 2.2701 ns/op
OverheadActual  12: 4194304 op, 9474169.00 ns, 2.2588 ns/op
OverheadActual  13: 4194304 op, 9468649.00 ns, 2.2575 ns/op
OverheadActual  14: 4194304 op, 9476222.00 ns, 2.2593 ns/op
OverheadActual  15: 4194304 op, 9480189.00 ns, 2.2603 ns/op

WorkloadWarmup   1: 4194304 op, 965462744.00 ns, 230.1843 ns/op
WorkloadWarmup   2: 4194304 op, 957789119.00 ns, 228.3547 ns/op
WorkloadWarmup   3: 4194304 op, 952290493.00 ns, 227.0437 ns/op
WorkloadWarmup   4: 4194304 op, 956820162.00 ns, 228.1237 ns/op
WorkloadWarmup   5: 4194304 op, 956374054.00 ns, 228.0173 ns/op
WorkloadWarmup   6: 4194304 op, 954704946.00 ns, 227.6194 ns/op
WorkloadWarmup   7: 4194304 op, 953619605.00 ns, 227.3606 ns/op
WorkloadWarmup   8: 4194304 op, 952353464.00 ns, 227.0588 ns/op
WorkloadWarmup   9: 4194304 op, 954724175.00 ns, 227.6240 ns/op
WorkloadWarmup  10: 4194304 op, 952405120.00 ns, 227.0711 ns/op

// BeforeActualRun
WorkloadActual   1: 4194304 op, 948782001.00 ns, 226.2073 ns/op
WorkloadActual   2: 4194304 op, 951636832.00 ns, 226.8879 ns/op
WorkloadActual   3: 4194304 op, 954069048.00 ns, 227.4678 ns/op
WorkloadActual   4: 4194304 op, 954185463.00 ns, 227.4955 ns/op
WorkloadActual   5: 4194304 op, 955070930.00 ns, 227.7067 ns/op
WorkloadActual   6: 4194304 op, 954789743.00 ns, 227.6396 ns/op
WorkloadActual   7: 4194304 op, 955246910.00 ns, 227.7486 ns/op
WorkloadActual   8: 4194304 op, 953529701.00 ns, 227.3392 ns/op
WorkloadActual   9: 4194304 op, 956202141.00 ns, 227.9764 ns/op
WorkloadActual  10: 4194304 op, 952393972.00 ns, 227.0684 ns/op
WorkloadActual  11: 4194304 op, 952242595.00 ns, 227.0323 ns/op
WorkloadActual  12: 4194304 op, 951588242.00 ns, 226.8763 ns/op
WorkloadActual  13: 4194304 op, 951753170.00 ns, 226.9156 ns/op
WorkloadActual  14: 4194304 op, 952290307.00 ns, 227.0437 ns/op
WorkloadActual  15: 4194304 op, 951603900.00 ns, 226.8800 ns/op

// AfterActualRun
WorkloadResult   1: 4194304 op, 939295981.00 ns, 223.9456 ns/op
WorkloadResult   2: 4194304 op, 942150812.00 ns, 224.6263 ns/op
WorkloadResult   3: 4194304 op, 944583028.00 ns, 225.2061 ns/op
WorkloadResult   4: 4194304 op, 944699443.00 ns, 225.2339 ns/op
WorkloadResult   5: 4194304 op, 945584910.00 ns, 225.4450 ns/op
WorkloadResult   6: 4194304 op, 945303723.00 ns, 225.3780 ns/op
WorkloadResult   7: 4194304 op, 945760890.00 ns, 225.4870 ns/op
WorkloadResult   8: 4194304 op, 944043681.00 ns, 225.0776 ns/op
WorkloadResult   9: 4194304 op, 946716121.00 ns, 225.7147 ns/op
WorkloadResult  10: 4194304 op, 942907952.00 ns, 224.8068 ns/op
WorkloadResult  11: 4194304 op, 942756575.00 ns, 224.7707 ns/op
WorkloadResult  12: 4194304 op, 942102222.00 ns, 224.6147 ns/op
WorkloadResult  13: 4194304 op, 942267150.00 ns, 224.6540 ns/op
WorkloadResult  14: 4194304 op, 942804287.00 ns, 224.7821 ns/op
WorkloadResult  15: 4194304 op, 942117880.00 ns, 224.6184 ns/op
// GC:  30 0 0 503316480 4194304
// Threading:  0 0 4194304

// AfterAll
// Benchmark Process 5669 has exited with code 0.

Mean = 224.957 ns, StdErr = 0.119 ns (0.05%), N = 15, StdDev = 0.460 ns
Min = 223.946 ns, Q1 = 224.640 ns, Median = 224.807 ns, Q3 = 225.306 ns, Max = 225.715 ns
IQR = 0.666 ns, LowerFence = 223.641 ns, UpperFence = 226.305 ns
ConfidenceInterval = [224.465 ns; 225.450 ns] (CI 99.9%), Margin = 0.492 ns (0.22% of Mean)
Skewness = -0.26, Kurtosis = 2.38, MValue = 2

// ** Remained 20 (55.6 %) benchmark(s) to run. Estimated finish 2026-09-13 7:08 (0h 7m from now) **
// **************************
// Benchmark: MediatorBenchmarks.PublishNotification_Parallel: .NET 8.0(Runtime=.NET 8.0, Toolchain=net8.0)
// *** Execute ***
// Launch: 1 / 1
// Execute: dotnet "EricksonLopez.Mediator.Benchmarks-.NET 8.0-2.dll" --anonymousPipes 107 108 --benchmarkName EricksonLopez.Mediator.Benchmarks.MediatorBenchmarks.PublishNotification_Parallel --job ".NET 8.0" --benchmarkId 7 in /home/runner/work/dotnet-mediator/dotnet-mediator/benchmarks/EricksonLopez.Mediator.Benchmarks/bin/Release/net10.0/EricksonLopez.Mediator.Benchmarks-.NET 8.0-2/bin/Release/net8.0
// Failed to set up high priority (Permission denied). In order to run benchmarks with high priority, make sure you have the right permissions.
// BeforeAnythingElse

// Benchmark Process Environment Information:
// BenchmarkDotNet v0.15.8
// Runtime=.NET 8.0.31 (8.0.31, 8.0.3126.42015), X64 RyuJIT x86-64-v3
// GC=Concurrent Workstation
// HardwareIntrinsics=AVX2+BMI1+BMI2+F16C+FMA+LZCNT+MOVBE,AVX,SSE3+SSSE3+SSE4.1+SSE4.2+POPCNT,X86Base+SSE+SSE2,AES+PCLMUL VectorSize=256
// Job: .NET 8.0

OverheadJitting  1: 1 op, 132378.00 ns, 132.3780 us/op
WorkloadJitting  1: 1 op, 3072878.00 ns, 3.0729 ms/op

OverheadJitting  2: 16 op, 178614.00 ns, 11.1634 us/op
WorkloadJitting  2: 16 op, 1891133.00 ns, 118.1958 us/op

WorkloadPilot    1: 16 op, 176650.00 ns, 11.0406 us/op
WorkloadPilot    2: 32 op, 41989.00 ns, 1.3122 us/op
WorkloadPilot    3: 64 op, 69059.00 ns, 1.0790 us/op
WorkloadPilot    4: 128 op, 121177.00 ns, 946.6953 ns/op
WorkloadPilot    5: 256 op, 265227.00 ns, 1.0360 us/op
WorkloadPilot    6: 512 op, 478507.00 ns, 934.5840 ns/op
WorkloadPilot    7: 1024 op, 939600.00 ns, 917.5781 ns/op
WorkloadPilot    8: 2048 op, 1772240.00 ns, 865.3516 ns/op
WorkloadPilot    9: 4096 op, 3641112.00 ns, 888.9434 ns/op
WorkloadPilot   10: 8192 op, 7301150.00 ns, 891.2537 ns/op
WorkloadPilot   11: 16384 op, 14630283.00 ns, 892.9616 ns/op
WorkloadPilot   12: 32768 op, 28977325.00 ns, 884.3178 ns/op
WorkloadPilot   13: 65536 op, 58030272.00 ns, 885.4717 ns/op
WorkloadPilot   14: 131072 op, 73466996.00 ns, 560.5087 ns/op
WorkloadPilot   15: 262144 op, 54455944.00 ns, 207.7329 ns/op
WorkloadPilot   16: 524288 op, 108665177.00 ns, 207.2624 ns/op
WorkloadPilot   17: 1048576 op, 221555580.00 ns, 211.2919 ns/op
WorkloadPilot   18: 2097152 op, 437640622.00 ns, 208.6833 ns/op
WorkloadPilot   19: 4194304 op, 873918951.00 ns, 208.3585 ns/op

OverheadWarmup   1: 4194304 op, 9472619.00 ns, 2.2584 ns/op
OverheadWarmup   2: 4194304 op, 9530387.00 ns, 2.2722 ns/op
OverheadWarmup   3: 4194304 op, 9495943.00 ns, 2.2640 ns/op
OverheadWarmup   4: 4194304 op, 9495592.00 ns, 2.2639 ns/op
OverheadWarmup   5: 4194304 op, 9482298.00 ns, 2.2608 ns/op
OverheadWarmup   6: 4194304 op, 9493037.00 ns, 2.2633 ns/op
OverheadWarmup   7: 4194304 op, 9490663.00 ns, 2.2628 ns/op

OverheadActual   1: 4194304 op, 9581954.00 ns, 2.2845 ns/op
OverheadActual   2: 4194304 op, 9545816.00 ns, 2.2759 ns/op
OverheadActual   3: 4194304 op, 9504368.00 ns, 2.2660 ns/op
OverheadActual   4: 4194304 op, 9591091.00 ns, 2.2867 ns/op
OverheadActual   5: 4194304 op, 9560975.00 ns, 2.2795 ns/op
OverheadActual   6: 4194304 op, 9490021.00 ns, 2.2626 ns/op
OverheadActual   7: 4194304 op, 9482057.00 ns, 2.2607 ns/op
OverheadActual   8: 4194304 op, 9486825.00 ns, 2.2618 ns/op
OverheadActual   9: 4194304 op, 9528684.00 ns, 2.2718 ns/op
OverheadActual  10: 4194304 op, 9481806.00 ns, 2.2606 ns/op
OverheadActual  11: 4194304 op, 9487988.00 ns, 2.2621 ns/op
OverheadActual  12: 4194304 op, 9490572.00 ns, 2.2627 ns/op
OverheadActual  13: 4194304 op, 9940435.00 ns, 2.3700 ns/op
OverheadActual  14: 4194304 op, 9581523.00 ns, 2.2844 ns/op
OverheadActual  15: 4194304 op, 9566926.00 ns, 2.2809 ns/op

WorkloadWarmup   1: 4194304 op, 894550117.00 ns, 213.2774 ns/op
WorkloadWarmup   2: 4194304 op, 903085558.00 ns, 215.3124 ns/op
WorkloadWarmup   3: 4194304 op, 917453599.00 ns, 218.7380 ns/op
WorkloadWarmup   4: 4194304 op, 891996724.00 ns, 212.6686 ns/op
WorkloadWarmup   5: 4194304 op, 889405821.00 ns, 212.0509 ns/op
WorkloadWarmup   6: 4194304 op, 892196097.00 ns, 212.7161 ns/op
WorkloadWarmup   7: 4194304 op, 891394705.00 ns, 212.5251 ns/op

// BeforeActualRun
WorkloadActual   1: 4194304 op, 903906337.00 ns, 215.5081 ns/op
WorkloadActual   2: 4194304 op, 899370462.00 ns, 214.4266 ns/op
WorkloadActual   3: 4194304 op, 900175120.00 ns, 214.6185 ns/op
WorkloadActual   4: 4194304 op, 899600108.00 ns, 214.4814 ns/op
WorkloadActual   5: 4194304 op, 894488574.00 ns, 213.2627 ns/op
WorkloadActual   6: 4194304 op, 895733206.00 ns, 213.5594 ns/op
WorkloadActual   7: 4194304 op, 894455673.00 ns, 213.2549 ns/op
WorkloadActual   8: 4194304 op, 895328087.00 ns, 213.4629 ns/op
WorkloadActual   9: 4194304 op, 901825824.00 ns, 215.0120 ns/op
WorkloadActual  10: 4194304 op, 894597208.00 ns, 213.2886 ns/op
WorkloadActual  11: 4194304 op, 897127469.00 ns, 213.8919 ns/op
WorkloadActual  12: 4194304 op, 895113475.00 ns, 213.4117 ns/op
WorkloadActual  13: 4194304 op, 895702105.00 ns, 213.5520 ns/op
WorkloadActual  14: 4194304 op, 891656360.00 ns, 212.5874 ns/op
WorkloadActual  15: 4194304 op, 891815297.00 ns, 212.6253 ns/op

// AfterActualRun
WorkloadResult   1: 4194304 op, 894377653.00 ns, 213.2362 ns/op
WorkloadResult   2: 4194304 op, 889841778.00 ns, 212.1548 ns/op
WorkloadResult   3: 4194304 op, 890646436.00 ns, 212.3467 ns/op
WorkloadResult   4: 4194304 op, 890071424.00 ns, 212.2096 ns/op
WorkloadResult   5: 4194304 op, 884959890.00 ns, 210.9909 ns/op
WorkloadResult   6: 4194304 op, 886204522.00 ns, 211.2876 ns/op
WorkloadResult   7: 4194304 op, 884926989.00 ns, 210.9830 ns/op
WorkloadResult   8: 4194304 op, 885799403.00 ns, 211.1910 ns/op
WorkloadResult   9: 4194304 op, 892297140.00 ns, 212.7402 ns/op
WorkloadResult  10: 4194304 op, 885068524.00 ns, 211.0168 ns/op
WorkloadResult  11: 4194304 op, 887598785.00 ns, 211.6200 ns/op
WorkloadResult  12: 4194304 op, 885584791.00 ns, 211.1399 ns/op
WorkloadResult  13: 4194304 op, 886173421.00 ns, 211.2802 ns/op
WorkloadResult  14: 4194304 op, 882127676.00 ns, 210.3156 ns/op
WorkloadResult  15: 4194304 op, 882286613.00 ns, 210.3535 ns/op
// GC:  50 0 0 838860800 4194304
// Threading:  0 0 4194304

// AfterAll
// Benchmark Process 5691 has exited with code 0.

Mean = 211.524 ns, StdErr = 0.218 ns (0.10%), N = 15, StdDev = 0.845 ns
Min = 210.316 ns, Q1 = 211.004 ns, Median = 211.280 ns, Q3 = 212.182 ns, Max = 213.236 ns
IQR = 1.178 ns, LowerFence = 209.236 ns, UpperFence = 213.950 ns
ConfidenceInterval = [210.621 ns; 212.428 ns] (CI 99.9%), Margin = 0.904 ns (0.43% of Mean)
Skewness = 0.44, Kurtosis = 2.08, MValue = 2

// ** Remained 19 (52.8 %) benchmark(s) to run. Estimated finish 2026-09-13 7:08 (0h 6m from now) **
// **************************
// Benchmark: MediatorBenchmarks.NestedSend: .NET 8.0(Runtime=.NET 8.0, Toolchain=net8.0)
// *** Execute ***
// Launch: 1 / 1
// Execute: dotnet "EricksonLopez.Mediator.Benchmarks-.NET 8.0-2.dll" --anonymousPipes 107 108 --benchmarkName EricksonLopez.Mediator.Benchmarks.MediatorBenchmarks.NestedSend --job ".NET 8.0" --benchmarkId 8 in /home/runner/work/dotnet-mediator/dotnet-mediator/benchmarks/EricksonLopez.Mediator.Benchmarks/bin/Release/net10.0/EricksonLopez.Mediator.Benchmarks-.NET 8.0-2/bin/Release/net8.0
// Failed to set up high priority (Permission denied). In order to run benchmarks with high priority, make sure you have the right permissions.
// BeforeAnythingElse

// Benchmark Process Environment Information:
// BenchmarkDotNet v0.15.8
// Runtime=.NET 8.0.31 (8.0.31, 8.0.3126.42015), X64 RyuJIT x86-64-v3
// GC=Concurrent Workstation
// HardwareIntrinsics=AVX2+BMI1+BMI2+F16C+FMA+LZCNT+MOVBE,AVX,SSE3+SSSE3+SSE4.1+SSE4.2+POPCNT,X86Base+SSE+SSE2,AES+PCLMUL VectorSize=256
// Job: .NET 8.0

OverheadJitting  1: 1 op, 177633.00 ns, 177.6330 us/op
WorkloadJitting  1: 1 op, 2414274.00 ns, 2.4143 ms/op

OverheadJitting  2: 16 op, 471494.00 ns, 29.4684 us/op
WorkloadJitting  2: 16 op, 459230.00 ns, 28.7019 us/op

WorkloadPilot    1: 16 op, 20178.00 ns, 1.2611 us/op
WorkloadPilot    2: 32 op, 33413.00 ns, 1.0442 us/op
WorkloadPilot    3: 64 op, 52919.00 ns, 826.8594 ns/op
WorkloadPilot    4: 128 op, 70812.00 ns, 553.2188 ns/op
WorkloadPilot    5: 256 op, 146454.00 ns, 572.0859 ns/op
WorkloadPilot    6: 512 op, 277080.00 ns, 541.1719 ns/op
WorkloadPilot    7: 1024 op, 575318.00 ns, 561.8340 ns/op
WorkloadPilot    8: 2048 op, 1095742.00 ns, 535.0303 ns/op
WorkloadPilot    9: 4096 op, 2288989.00 ns, 558.8352 ns/op
WorkloadPilot   10: 8192 op, 4515030.00 ns, 551.1511 ns/op
WorkloadPilot   11: 16384 op, 8840925.00 ns, 539.6072 ns/op
WorkloadPilot   12: 32768 op, 17564039.00 ns, 536.0119 ns/op
WorkloadPilot   13: 65536 op, 35198590.00 ns, 537.0879 ns/op
WorkloadPilot   14: 131072 op, 70301420.00 ns, 536.3573 ns/op
WorkloadPilot   15: 262144 op, 53267297.00 ns, 203.1986 ns/op
WorkloadPilot   16: 524288 op, 54323964.00 ns, 103.6147 ns/op
WorkloadPilot   17: 1048576 op, 103065805.00 ns, 98.2912 ns/op
WorkloadPilot   18: 2097152 op, 199689568.00 ns, 95.2194 ns/op
WorkloadPilot   19: 4194304 op, 396519097.00 ns, 94.5375 ns/op
WorkloadPilot   20: 8388608 op, 786850721.00 ns, 93.7999 ns/op

OverheadWarmup   1: 8388608 op, 38348922.00 ns, 4.5715 ns/op
OverheadWarmup   2: 8388608 op, 38366676.00 ns, 4.5737 ns/op
OverheadWarmup   3: 8388608 op, 38315690.00 ns, 4.5676 ns/op
OverheadWarmup   4: 8388608 op, 38296194.00 ns, 4.5653 ns/op
OverheadWarmup   5: 8388608 op, 38215712.00 ns, 4.5557 ns/op
OverheadWarmup   6: 8388608 op, 38241151.00 ns, 4.5587 ns/op
OverheadWarmup   7: 8388608 op, 38639166.00 ns, 4.6061 ns/op
OverheadWarmup   8: 8388608 op, 39544562.00 ns, 4.7141 ns/op
OverheadWarmup   9: 8388608 op, 30397945.00 ns, 3.6237 ns/op

OverheadActual   1: 8388608 op, 30569397.00 ns, 3.6442 ns/op
OverheadActual   2: 8388608 op, 30538940.00 ns, 3.6405 ns/op
OverheadActual   3: 8388608 op, 30428543.00 ns, 3.6274 ns/op
OverheadActual   4: 8388608 op, 30469389.00 ns, 3.6322 ns/op
OverheadActual   5: 8388608 op, 30389409.00 ns, 3.6227 ns/op
OverheadActual   6: 8388608 op, 30485479.00 ns, 3.6342 ns/op
OverheadActual   7: 8388608 op, 30499512.00 ns, 3.6358 ns/op
OverheadActual   8: 8388608 op, 31276471.00 ns, 3.7284 ns/op
OverheadActual   9: 8388608 op, 30436727.00 ns, 3.6283 ns/op
OverheadActual  10: 8388608 op, 30413744.00 ns, 3.6256 ns/op
OverheadActual  11: 8388608 op, 30746138.00 ns, 3.6652 ns/op
OverheadActual  12: 8388608 op, 30403455.00 ns, 3.6244 ns/op
OverheadActual  13: 8388608 op, 30418073.00 ns, 3.6261 ns/op
OverheadActual  14: 8388608 op, 30441948.00 ns, 3.6290 ns/op
OverheadActual  15: 8388608 op, 30393457.00 ns, 3.6232 ns/op

WorkloadWarmup   1: 8388608 op, 804970892.00 ns, 95.9600 ns/op
WorkloadWarmup   2: 8388608 op, 805458496.00 ns, 96.0181 ns/op
WorkloadWarmup   3: 8388608 op, 795287317.00 ns, 94.8056 ns/op
WorkloadWarmup   4: 8388608 op, 799214845.00 ns, 95.2738 ns/op
WorkloadWarmup   5: 8388608 op, 794553340.00 ns, 94.7181 ns/op
WorkloadWarmup   6: 8388608 op, 796254137.00 ns, 94.9209 ns/op

// BeforeActualRun
WorkloadActual   1: 8388608 op, 797585392.00 ns, 95.0796 ns/op
WorkloadActual   2: 8388608 op, 795716991.00 ns, 94.8569 ns/op
WorkloadActual   3: 8388608 op, 799376087.00 ns, 95.2931 ns/op
WorkloadActual   4: 8388608 op, 794197322.00 ns, 94.6757 ns/op
WorkloadActual   5: 8388608 op, 793041278.00 ns, 94.5379 ns/op
WorkloadActual   6: 8388608 op, 791903416.00 ns, 94.4022 ns/op
WorkloadActual   7: 8388608 op, 792657053.00 ns, 94.4921 ns/op
WorkloadActual   8: 8388608 op, 794625807.00 ns, 94.7268 ns/op
WorkloadActual   9: 8388608 op, 795006260.00 ns, 94.7721 ns/op
WorkloadActual  10: 8388608 op, 791062384.00 ns, 94.3020 ns/op
WorkloadActual  11: 8388608 op, 789771274.00 ns, 94.1481 ns/op
WorkloadActual  12: 8388608 op, 790864630.00 ns, 94.2784 ns/op
WorkloadActual  13: 8388608 op, 793338034.00 ns, 94.5733 ns/op
WorkloadActual  14: 8388608 op, 786219965.00 ns, 93.7247 ns/op
WorkloadActual  15: 8388608 op, 786605220.00 ns, 93.7706 ns/op

// AfterActualRun
WorkloadResult   1: 8388608 op, 767143444.00 ns, 91.4506 ns/op
WorkloadResult   2: 8388608 op, 765275043.00 ns, 91.2279 ns/op
WorkloadResult   3: 8388608 op, 768934139.00 ns, 91.6641 ns/op
WorkloadResult   4: 8388608 op, 763755374.00 ns, 91.0467 ns/op
WorkloadResult   5: 8388608 op, 762599330.00 ns, 90.9089 ns/op
WorkloadResult   6: 8388608 op, 761461468.00 ns, 90.7733 ns/op
WorkloadResult   7: 8388608 op, 762215105.00 ns, 90.8631 ns/op
WorkloadResult   8: 8388608 op, 764183859.00 ns, 91.0978 ns/op
WorkloadResult   9: 8388608 op, 764564312.00 ns, 91.1432 ns/op
WorkloadResult  10: 8388608 op, 760620436.00 ns, 90.6730 ns/op
WorkloadResult  11: 8388608 op, 759329326.00 ns, 90.5191 ns/op
WorkloadResult  12: 8388608 op, 760422682.00 ns, 90.6494 ns/op
WorkloadResult  13: 8388608 op, 762896086.00 ns, 90.9443 ns/op
WorkloadResult  14: 8388608 op, 755778017.00 ns, 90.0958 ns/op
WorkloadResult  15: 8388608 op, 756163272.00 ns, 90.1417 ns/op
// GC:  12 0 0 201326592 8388608
// Threading:  0 0 8388608

// AfterAll
// Benchmark Process 5718 has exited with code 0.

Mean = 90.880 ns, StdErr = 0.111 ns (0.12%), N = 15, StdDev = 0.432 ns
Min = 90.096 ns, Q1 = 90.661 ns, Median = 90.909 ns, Q3 = 91.120 ns, Max = 91.664 ns
IQR = 0.459 ns, LowerFence = 89.972 ns, UpperFence = 91.809 ns
ConfidenceInterval = [90.418 ns; 91.341 ns] (CI 99.9%), Margin = 0.462 ns (0.51% of Mean)
Skewness = -0.17, Kurtosis = 2.31, MValue = 2

// ** Remained 18 (50.0 %) benchmark(s) to run. Estimated finish 2026-09-13 7:08 (0h 6m from now) **
// **************************
// Benchmark: MediatorBenchmarks.DirectCall: .NET 9.0(Runtime=.NET 9.0, Toolchain=net9.0)
// *** Execute ***
// Launch: 1 / 1
// Execute: dotnet "EricksonLopez.Mediator.Benchmarks-.NET 9.0-3.dll" --anonymousPipes 107 108 --benchmarkName EricksonLopez.Mediator.Benchmarks.MediatorBenchmarks.DirectCall --job ".NET 9.0" --benchmarkId 0 in /home/runner/work/dotnet-mediator/dotnet-mediator/benchmarks/EricksonLopez.Mediator.Benchmarks/bin/Release/net10.0/EricksonLopez.Mediator.Benchmarks-.NET 9.0-3/bin/Release/net9.0
// Failed to set up high priority (Permission denied). In order to run benchmarks with high priority, make sure you have the right permissions.
// BeforeAnythingElse

// Benchmark Process Environment Information:
// BenchmarkDotNet v0.15.8
// Runtime=.NET 9.0.20 (9.0.20, 9.0.2026.41315), X64 RyuJIT x86-64-v3
// GC=Concurrent Workstation
// HardwareIntrinsics=AVX2+BMI1+BMI2+F16C+FMA+LZCNT+MOVBE,AVX,SSE3+SSSE3+SSE4.1+SSE4.2+POPCNT,X86Base+SSE+SSE2,AES+PCLMUL VectorSize=256
// Job: .NET 9.0

OverheadJitting  1: 1 op, 178725.00 ns, 178.7250 us/op
WorkloadJitting  1: 1 op, 722594.00 ns, 722.5940 us/op

OverheadJitting  2: 16 op, 495038.00 ns, 30.9399 us/op
WorkloadJitting  2: 16 op, 419737.00 ns, 26.2336 us/op

WorkloadPilot    1: 16 op, 1984.00 ns, 124.0000 ns/op
WorkloadPilot    2: 32 op, 2535.00 ns, 79.2188 ns/op
WorkloadPilot    3: 64 op, 3847.00 ns, 60.1094 ns/op
WorkloadPilot    4: 128 op, 6502.00 ns, 50.7969 ns/op
WorkloadPilot    5: 256 op, 18505.00 ns, 72.2852 ns/op
WorkloadPilot    6: 512 op, 32110.00 ns, 62.7148 ns/op
WorkloadPilot    7: 1024 op, 41106.00 ns, 40.1426 ns/op
WorkloadPilot    8: 2048 op, 80611.00 ns, 39.3608 ns/op
WorkloadPilot    9: 4096 op, 191629.00 ns, 46.7844 ns/op
WorkloadPilot   10: 8192 op, 320150.00 ns, 39.0808 ns/op
WorkloadPilot   11: 16384 op, 712004.00 ns, 43.4573 ns/op
WorkloadPilot   12: 32768 op, 1311357.00 ns, 40.0194 ns/op
WorkloadPilot   13: 65536 op, 2566237.00 ns, 39.1577 ns/op
WorkloadPilot   14: 131072 op, 5134680.00 ns, 39.1745 ns/op
WorkloadPilot   15: 262144 op, 10198066.00 ns, 38.9025 ns/op
WorkloadPilot   16: 524288 op, 20483888.00 ns, 39.0699 ns/op
WorkloadPilot   17: 1048576 op, 41064397.00 ns, 39.1621 ns/op
WorkloadPilot   18: 2097152 op, 68183838.00 ns, 32.5126 ns/op
WorkloadPilot   19: 4194304 op, 16773326.00 ns, 3.9991 ns/op
WorkloadPilot   20: 8388608 op, 33134170.00 ns, 3.9499 ns/op
WorkloadPilot   21: 16777216 op, 66279890.00 ns, 3.9506 ns/op
WorkloadPilot   22: 33554432 op, 133154121.00 ns, 3.9683 ns/op
WorkloadPilot   23: 67108864 op, 265248712.00 ns, 3.9525 ns/op
WorkloadPilot   24: 134217728 op, 530417876.00 ns, 3.9519 ns/op

OverheadWarmup   1: 134217728 op, 624513858.00 ns, 4.6530 ns/op
OverheadWarmup   2: 134217728 op, 485991436.00 ns, 3.6209 ns/op
OverheadWarmup   3: 134217728 op, 486227989.00 ns, 3.6227 ns/op
OverheadWarmup   4: 134217728 op, 487126023.00 ns, 3.6294 ns/op
OverheadWarmup   5: 134217728 op, 486312117.00 ns, 3.6233 ns/op
OverheadWarmup   6: 134217728 op, 485645178.00 ns, 3.6183 ns/op
OverheadWarmup   7: 134217728 op, 486444626.00 ns, 3.6243 ns/op
OverheadWarmup   8: 134217728 op, 485859038.00 ns, 3.6199 ns/op

OverheadActual   1: 134217728 op, 486804049.00 ns, 3.6270 ns/op
OverheadActual   2: 134217728 op, 485691244.00 ns, 3.6187 ns/op
OverheadActual   3: 134217728 op, 486227278.00 ns, 3.6227 ns/op
OverheadActual   4: 134217728 op, 485816208.00 ns, 3.6196 ns/op
OverheadActual   5: 134217728 op, 486494088.00 ns, 3.6247 ns/op
OverheadActual   6: 134217728 op, 486657124.00 ns, 3.6259 ns/op
OverheadActual   7: 134217728 op, 503566490.00 ns, 3.7519 ns/op
OverheadActual   8: 134217728 op, 489635347.00 ns, 3.6481 ns/op
OverheadActual   9: 134217728 op, 491446411.00 ns, 3.6616 ns/op
OverheadActual  10: 134217728 op, 486121904.00 ns, 3.6219 ns/op
OverheadActual  11: 134217728 op, 486544606.00 ns, 3.6250 ns/op
OverheadActual  12: 134217728 op, 485978957.00 ns, 3.6208 ns/op
OverheadActual  13: 134217728 op, 486516413.00 ns, 3.6248 ns/op
OverheadActual  14: 134217728 op, 489988980.00 ns, 3.6507 ns/op
OverheadActual  15: 134217728 op, 486828237.00 ns, 3.6272 ns/op

WorkloadWarmup   1: 134217728 op, 530230217.00 ns, 3.9505 ns/op
WorkloadWarmup   2: 134217728 op, 530895113.00 ns, 3.9555 ns/op
WorkloadWarmup   3: 134217728 op, 530372133.00 ns, 3.9516 ns/op
WorkloadWarmup   4: 134217728 op, 531081753.00 ns, 3.9569 ns/op
WorkloadWarmup   5: 134217728 op, 532532931.00 ns, 3.9677 ns/op
WorkloadWarmup   6: 134217728 op, 530938564.00 ns, 3.9558 ns/op

// BeforeActualRun
WorkloadActual   1: 134217728 op, 530217901.00 ns, 3.9504 ns/op
WorkloadActual   2: 134217728 op, 531590501.00 ns, 3.9607 ns/op
WorkloadActual   3: 134217728 op, 530653436.00 ns, 3.9537 ns/op
WorkloadActual   4: 134217728 op, 531325023.00 ns, 3.9587 ns/op
WorkloadActual   5: 134217728 op, 531115512.00 ns, 3.9571 ns/op
WorkloadActual   6: 134217728 op, 530409057.00 ns, 3.9519 ns/op
WorkloadActual   7: 134217728 op, 540101115.00 ns, 4.0241 ns/op
WorkloadActual   8: 134217728 op, 531511343.00 ns, 3.9601 ns/op
WorkloadActual   9: 134217728 op, 530375325.00 ns, 3.9516 ns/op
WorkloadActual  10: 134217728 op, 531955586.00 ns, 3.9634 ns/op
WorkloadActual  11: 134217728 op, 530495710.00 ns, 3.9525 ns/op
WorkloadActual  12: 134217728 op, 530385484.00 ns, 3.9517 ns/op
WorkloadActual  13: 134217728 op, 530237846.00 ns, 3.9506 ns/op
WorkloadActual  14: 134217728 op, 530477766.00 ns, 3.9524 ns/op
WorkloadActual  15: 134217728 op, 530691858.00 ns, 3.9540 ns/op

// AfterActualRun
WorkloadResult   1: 134217728 op, 43673295.00 ns, 0.3254 ns/op
WorkloadResult   2: 134217728 op, 45045895.00 ns, 0.3356 ns/op
WorkloadResult   3: 134217728 op, 44108830.00 ns, 0.3286 ns/op
WorkloadResult   4: 134217728 op, 44780417.00 ns, 0.3336 ns/op
WorkloadResult   5: 134217728 op, 44570906.00 ns, 0.3321 ns/op
WorkloadResult   6: 134217728 op, 43864451.00 ns, 0.3268 ns/op
WorkloadResult   7: 134217728 op, 44966737.00 ns, 0.3350 ns/op
WorkloadResult   8: 134217728 op, 43830719.00 ns, 0.3266 ns/op
WorkloadResult   9: 134217728 op, 45410980.00 ns, 0.3383 ns/op
WorkloadResult  10: 134217728 op, 43951104.00 ns, 0.3275 ns/op
WorkloadResult  11: 134217728 op, 43840878.00 ns, 0.3266 ns/op
WorkloadResult  12: 134217728 op, 43693240.00 ns, 0.3255 ns/op
WorkloadResult  13: 134217728 op, 43933160.00 ns, 0.3273 ns/op
WorkloadResult  14: 134217728 op, 44147252.00 ns, 0.3289 ns/op
// GC:  0 0 0 0 134217728
// Threading:  0 0 134217728

// AfterAll
// Benchmark Process 5744 has exited with code 0.

Mean = 0.330 ns, StdErr = 0.001 ns (0.34%), N = 14, StdDev = 0.004 ns
Min = 0.325 ns, Q1 = 0.327 ns, Median = 0.328 ns, Q3 = 0.333 ns, Max = 0.338 ns
IQR = 0.007 ns, LowerFence = 0.317 ns, UpperFence = 0.343 ns
ConfidenceInterval = [0.325 ns; 0.335 ns] (CI 99.9%), Margin = 0.005 ns (1.45% of Mean)
Skewness = 0.66, Kurtosis = 1.83, MValue = 2

// ** Remained 17 (47.2 %) benchmark(s) to run. Estimated finish 2026-09-13 7:08 (0h 6m from now) **
// **************************
// Benchmark: MediatorBenchmarks.SendCommand_NoBehaviors: .NET 9.0(Runtime=.NET 9.0, Toolchain=net9.0)
// *** Execute ***
// Launch: 1 / 1
// Execute: dotnet "EricksonLopez.Mediator.Benchmarks-.NET 9.0-3.dll" --anonymousPipes 107 108 --benchmarkName EricksonLopez.Mediator.Benchmarks.MediatorBenchmarks.SendCommand_NoBehaviors --job ".NET 9.0" --benchmarkId 1 in /home/runner/work/dotnet-mediator/dotnet-mediator/benchmarks/EricksonLopez.Mediator.Benchmarks/bin/Release/net10.0/EricksonLopez.Mediator.Benchmarks-.NET 9.0-3/bin/Release/net9.0
// Failed to set up high priority (Permission denied). In order to run benchmarks with high priority, make sure you have the right permissions.
// BeforeAnythingElse

// Benchmark Process Environment Information:
// BenchmarkDotNet v0.15.8
// Runtime=.NET 9.0.20 (9.0.20, 9.0.2026.41315), X64 RyuJIT x86-64-v3
// GC=Concurrent Workstation
// HardwareIntrinsics=AVX2+BMI1+BMI2+F16C+FMA+LZCNT+MOVBE,AVX,SSE3+SSSE3+SSE4.1+SSE4.2+POPCNT,X86Base+SSE+SSE2,AES+PCLMUL VectorSize=256
// Job: .NET 9.0

OverheadJitting  1: 1 op, 188603.00 ns, 188.6030 us/op
WorkloadJitting  1: 1 op, 1529285.00 ns, 1.5293 ms/op

OverheadJitting  2: 16 op, 414827.00 ns, 25.9267 us/op
WorkloadJitting  2: 16 op, 483786.00 ns, 30.2366 us/op

WorkloadPilot    1: 16 op, 10059.00 ns, 628.6875 ns/op
WorkloadPilot    2: 32 op, 14036.00 ns, 438.6250 ns/op
WorkloadPilot    3: 64 op, 18785.00 ns, 293.5156 ns/op
WorkloadPilot    4: 128 op, 33173.00 ns, 259.1641 ns/op
WorkloadPilot    5: 256 op, 62627.00 ns, 244.6367 ns/op
WorkloadPilot    6: 512 op, 122389.00 ns, 239.0410 ns/op
WorkloadPilot    7: 1024 op, 242564.00 ns, 236.8789 ns/op
WorkloadPilot    8: 2048 op, 494336.00 ns, 241.3750 ns/op
WorkloadPilot    9: 4096 op, 982240.00 ns, 239.8047 ns/op
WorkloadPilot   10: 8192 op, 1913084.00 ns, 233.5308 ns/op
WorkloadPilot   11: 16384 op, 3785673.00 ns, 231.0591 ns/op
WorkloadPilot   12: 32768 op, 7433026.00 ns, 226.8380 ns/op
WorkloadPilot   13: 65536 op, 14670356.00 ns, 223.8519 ns/op
WorkloadPilot   14: 131072 op, 29380716.00 ns, 224.1571 ns/op
WorkloadPilot   15: 262144 op, 58716047.00 ns, 223.9839 ns/op
WorkloadPilot   16: 524288 op, 44109992.00 ns, 84.1331 ns/op
WorkloadPilot   17: 1048576 op, 28627175.00 ns, 27.3010 ns/op
WorkloadPilot   18: 2097152 op, 57177244.00 ns, 27.2642 ns/op
WorkloadPilot   19: 4194304 op, 113802785.00 ns, 27.1327 ns/op
WorkloadPilot   20: 8388608 op, 229002992.00 ns, 27.2993 ns/op
WorkloadPilot   21: 16777216 op, 455185423.00 ns, 27.1312 ns/op
WorkloadPilot   22: 33554432 op, 907730539.00 ns, 27.0525 ns/op

OverheadWarmup   1: 33554432 op, 142697321.00 ns, 4.2527 ns/op
OverheadWarmup   2: 33554432 op, 157477652.00 ns, 4.6932 ns/op
OverheadWarmup   3: 33554432 op, 121402273.00 ns, 3.6181 ns/op
OverheadWarmup   4: 33554432 op, 121719828.00 ns, 3.6275 ns/op
OverheadWarmup   5: 33554432 op, 121419956.00 ns, 3.6186 ns/op

OverheadActual   1: 33554432 op, 121466092.00 ns, 3.6200 ns/op
OverheadActual   2: 33554432 op, 121396162.00 ns, 3.6179 ns/op
OverheadActual   3: 33554432 op, 121812552.00 ns, 3.6303 ns/op
OverheadActual   4: 33554432 op, 121857306.00 ns, 3.6316 ns/op
OverheadActual   5: 33554432 op, 121359393.00 ns, 3.6168 ns/op
OverheadActual   6: 33554432 op, 121558746.00 ns, 3.6227 ns/op
OverheadActual   7: 33554432 op, 121494497.00 ns, 3.6208 ns/op
OverheadActual   8: 33554432 op, 121672800.00 ns, 3.6261 ns/op
OverheadActual   9: 33554432 op, 121448681.00 ns, 3.6195 ns/op
OverheadActual  10: 33554432 op, 121476963.00 ns, 3.6203 ns/op
OverheadActual  11: 33554432 op, 121782355.00 ns, 3.6294 ns/op
OverheadActual  12: 33554432 op, 121494035.00 ns, 3.6208 ns/op
OverheadActual  13: 33554432 op, 121498674.00 ns, 3.6209 ns/op
OverheadActual  14: 33554432 op, 121576401.00 ns, 3.6233 ns/op
OverheadActual  15: 33554432 op, 121331671.00 ns, 3.6160 ns/op

WorkloadWarmup   1: 33554432 op, 907711944.00 ns, 27.0519 ns/op
WorkloadWarmup   2: 33554432 op, 906901755.00 ns, 27.0278 ns/op
WorkloadWarmup   3: 33554432 op, 906938214.00 ns, 27.0289 ns/op
WorkloadWarmup   4: 33554432 op, 907674039.00 ns, 27.0508 ns/op
WorkloadWarmup   5: 33554432 op, 906899459.00 ns, 27.0277 ns/op
WorkloadWarmup   6: 33554432 op, 906287872.00 ns, 27.0095 ns/op
WorkloadWarmup   7: 33554432 op, 906175472.00 ns, 27.0061 ns/op
WorkloadWarmup   8: 33554432 op, 907149618.00 ns, 27.0352 ns/op
WorkloadWarmup   9: 33554432 op, 907071230.00 ns, 27.0328 ns/op

// BeforeActualRun
WorkloadActual   1: 33554432 op, 908598773.00 ns, 27.0784 ns/op
WorkloadActual   2: 33554432 op, 908008166.00 ns, 27.0608 ns/op
WorkloadActual   3: 33554432 op, 913729406.00 ns, 27.2313 ns/op
WorkloadActual   4: 33554432 op, 905735299.00 ns, 26.9930 ns/op
WorkloadActual   5: 33554432 op, 905813650.00 ns, 26.9954 ns/op
WorkloadActual   6: 33554432 op, 906724867.00 ns, 27.0225 ns/op
WorkloadActual   7: 33554432 op, 906808154.00 ns, 27.0250 ns/op
WorkloadActual   8: 33554432 op, 910136599.00 ns, 27.1242 ns/op
WorkloadActual   9: 33554432 op, 909688630.00 ns, 27.1108 ns/op
WorkloadActual  10: 33554432 op, 908519299.00 ns, 27.0760 ns/op
WorkloadActual  11: 33554432 op, 909260028.00 ns, 27.0981 ns/op
WorkloadActual  12: 33554432 op, 906257191.00 ns, 27.0086 ns/op
WorkloadActual  13: 33554432 op, 907055858.00 ns, 27.0324 ns/op
WorkloadActual  14: 33554432 op, 917227601.00 ns, 27.3355 ns/op
WorkloadActual  15: 33554432 op, 907615932.00 ns, 27.0491 ns/op

// AfterActualRun
WorkloadResult   1: 33554432 op, 787104276.00 ns, 23.4575 ns/op
WorkloadResult   2: 33554432 op, 786513669.00 ns, 23.4399 ns/op
WorkloadResult   3: 33554432 op, 784240802.00 ns, 23.3722 ns/op
WorkloadResult   4: 33554432 op, 784319153.00 ns, 23.3745 ns/op
WorkloadResult   5: 33554432 op, 785230370.00 ns, 23.4017 ns/op
WorkloadResult   6: 33554432 op, 785313657.00 ns, 23.4042 ns/op
WorkloadResult   7: 33554432 op, 788642102.00 ns, 23.5034 ns/op
WorkloadResult   8: 33554432 op, 788194133.00 ns, 23.4900 ns/op
WorkloadResult   9: 33554432 op, 787024802.00 ns, 23.4552 ns/op
WorkloadResult  10: 33554432 op, 787765531.00 ns, 23.4772 ns/op
WorkloadResult  11: 33554432 op, 784762694.00 ns, 23.3878 ns/op
WorkloadResult  12: 33554432 op, 785561361.00 ns, 23.4116 ns/op
WorkloadResult  13: 33554432 op, 786121435.00 ns, 23.4282 ns/op
// GC:  0 0 0 0 33554432
// Threading:  0 0 33554432

// AfterAll
// Benchmark Process 5762 has exited with code 0.

Mean = 23.431 ns, StdErr = 0.012 ns (0.05%), N = 13, StdDev = 0.044 ns
Min = 23.372 ns, Q1 = 23.402 ns, Median = 23.428 ns, Q3 = 23.458 ns, Max = 23.503 ns
IQR = 0.056 ns, LowerFence = 23.318 ns, UpperFence = 23.541 ns
ConfidenceInterval = [23.379 ns; 23.483 ns] (CI 99.9%), Margin = 0.052 ns (0.22% of Mean)
Skewness = 0.19, Kurtosis = 1.55, MValue = 2

// ** Remained 16 (44.4 %) benchmark(s) to run. Estimated finish 2026-09-13 7:08 (0h 5m from now) **
// **************************
// Benchmark: MediatorBenchmarks.SendQuery_NoBehaviors: .NET 9.0(Runtime=.NET 9.0, Toolchain=net9.0)
// *** Execute ***
// Launch: 1 / 1
// Execute: dotnet "EricksonLopez.Mediator.Benchmarks-.NET 9.0-3.dll" --anonymousPipes 107 108 --benchmarkName EricksonLopez.Mediator.Benchmarks.MediatorBenchmarks.SendQuery_NoBehaviors --job ".NET 9.0" --benchmarkId 2 in /home/runner/work/dotnet-mediator/dotnet-mediator/benchmarks/EricksonLopez.Mediator.Benchmarks/bin/Release/net10.0/EricksonLopez.Mediator.Benchmarks-.NET 9.0-3/bin/Release/net9.0
// Failed to set up high priority (Permission denied). In order to run benchmarks with high priority, make sure you have the right permissions.
// BeforeAnythingElse

// Benchmark Process Environment Information:
// BenchmarkDotNet v0.15.8
// Runtime=.NET 9.0.20 (9.0.20, 9.0.2026.41315), X64 RyuJIT x86-64-v3
// GC=Concurrent Workstation
// HardwareIntrinsics=AVX2+BMI1+BMI2+F16C+FMA+LZCNT+MOVBE,AVX,SSE3+SSSE3+SSE4.1+SSE4.2+POPCNT,X86Base+SSE+SSE2,AES+PCLMUL VectorSize=256
// Job: .NET 9.0

OverheadJitting  1: 1 op, 184426.00 ns, 184.4260 us/op
WorkloadJitting  1: 1 op, 1162148.00 ns, 1.1621 ms/op

OverheadJitting  2: 16 op, 445314.00 ns, 27.8321 us/op
WorkloadJitting  2: 16 op, 485539.00 ns, 30.3462 us/op

WorkloadPilot    1: 16 op, 8706.00 ns, 544.1250 ns/op
WorkloadPilot    2: 32 op, 13045.00 ns, 407.6563 ns/op
WorkloadPilot    3: 64 op, 22372.00 ns, 349.5625 ns/op
WorkloadPilot    4: 128 op, 29125.00 ns, 227.5391 ns/op
WorkloadPilot    5: 256 op, 54042.00 ns, 211.1016 ns/op
WorkloadPilot    6: 512 op, 103564.00 ns, 202.2734 ns/op
WorkloadPilot    7: 1024 op, 232937.00 ns, 227.4775 ns/op
WorkloadPilot    8: 2048 op, 440075.00 ns, 214.8804 ns/op
WorkloadPilot    9: 4096 op, 848059.00 ns, 207.0457 ns/op
WorkloadPilot   10: 8192 op, 1712629.00 ns, 209.0612 ns/op
WorkloadPilot   11: 16384 op, 3411011.00 ns, 208.1916 ns/op
WorkloadPilot   12: 32768 op, 6821571.00 ns, 208.1778 ns/op
WorkloadPilot   13: 65536 op, 13501416.00 ns, 206.0153 ns/op
WorkloadPilot   14: 131072 op, 26815060.00 ns, 204.5827 ns/op
WorkloadPilot   15: 262144 op, 53614933.00 ns, 204.5247 ns/op
WorkloadPilot   16: 524288 op, 55475459.00 ns, 105.8110 ns/op
WorkloadPilot   17: 1048576 op, 24762445.00 ns, 23.6153 ns/op
WorkloadPilot   18: 2097152 op, 49518808.00 ns, 23.6124 ns/op
WorkloadPilot   19: 4194304 op, 98950140.00 ns, 23.5916 ns/op
WorkloadPilot   20: 8388608 op, 198270230.00 ns, 23.6357 ns/op
WorkloadPilot   21: 16777216 op, 395784804.00 ns, 23.5906 ns/op
WorkloadPilot   22: 33554432 op, 792334220.00 ns, 23.6134 ns/op

OverheadWarmup   1: 33554432 op, 144022020.00 ns, 4.2922 ns/op
OverheadWarmup   2: 33554432 op, 157889041.00 ns, 4.7055 ns/op
OverheadWarmup   3: 33554432 op, 122487233.00 ns, 3.6504 ns/op
OverheadWarmup   4: 33554432 op, 123033706.00 ns, 3.6667 ns/op
OverheadWarmup   5: 33554432 op, 122182741.00 ns, 3.6413 ns/op

OverheadActual   1: 33554432 op, 122202629.00 ns, 3.6419 ns/op
OverheadActual   2: 33554432 op, 123494179.00 ns, 3.6804 ns/op
OverheadActual   3: 33554432 op, 122313246.00 ns, 3.6452 ns/op
OverheadActual   4: 33554432 op, 122527999.00 ns, 3.6516 ns/op
OverheadActual   5: 33554432 op, 122173675.00 ns, 3.6411 ns/op
OverheadActual   6: 33554432 op, 125541839.00 ns, 3.7414 ns/op
OverheadActual   7: 33554432 op, 122334286.00 ns, 3.6458 ns/op
OverheadActual   8: 33554432 op, 122241582.00 ns, 3.6431 ns/op
OverheadActual   9: 33554432 op, 122160621.00 ns, 3.6407 ns/op
OverheadActual  10: 33554432 op, 123059792.00 ns, 3.6675 ns/op
OverheadActual  11: 33554432 op, 122463648.00 ns, 3.6497 ns/op
OverheadActual  12: 33554432 op, 122307486.00 ns, 3.6450 ns/op
OverheadActual  13: 33554432 op, 122170138.00 ns, 3.6410 ns/op
OverheadActual  14: 33554432 op, 122215083.00 ns, 3.6423 ns/op
OverheadActual  15: 33554432 op, 122375793.00 ns, 3.6471 ns/op

WorkloadWarmup   1: 33554432 op, 800146444.00 ns, 23.8462 ns/op
WorkloadWarmup   2: 33554432 op, 792592625.00 ns, 23.6211 ns/op
WorkloadWarmup   3: 33554432 op, 792189120.00 ns, 23.6091 ns/op
WorkloadWarmup   4: 33554432 op, 794297881.00 ns, 23.6719 ns/op
WorkloadWarmup   5: 33554432 op, 794368376.00 ns, 23.6740 ns/op
WorkloadWarmup   6: 33554432 op, 802555331.00 ns, 23.9180 ns/op
WorkloadWarmup   7: 33554432 op, 794719380.00 ns, 23.6845 ns/op
WorkloadWarmup   8: 33554432 op, 792055459.00 ns, 23.6051 ns/op
WorkloadWarmup   9: 33554432 op, 791731753.00 ns, 23.5954 ns/op
WorkloadWarmup  10: 33554432 op, 792525480.00 ns, 23.6191 ns/op
WorkloadWarmup  11: 33554432 op, 792214316.00 ns, 23.6098 ns/op

// BeforeActualRun
WorkloadActual   1: 33554432 op, 793047168.00 ns, 23.6346 ns/op
WorkloadActual   2: 33554432 op, 792783053.00 ns, 23.6268 ns/op
WorkloadActual   3: 33554432 op, 791616398.00 ns, 23.5920 ns/op
WorkloadActual   4: 33554432 op, 792280031.00 ns, 23.6118 ns/op
WorkloadActual   5: 33554432 op, 792458416.00 ns, 23.6171 ns/op
WorkloadActual   6: 33554432 op, 797958682.00 ns, 23.7810 ns/op
WorkloadActual   7: 33554432 op, 792084014.00 ns, 23.6059 ns/op
WorkloadActual   8: 33554432 op, 791624573.00 ns, 23.5923 ns/op
WorkloadActual   9: 33554432 op, 791846259.00 ns, 23.5989 ns/op
WorkloadActual  10: 33554432 op, 791561213.00 ns, 23.5904 ns/op
WorkloadActual  11: 33554432 op, 791349702.00 ns, 23.5841 ns/op
WorkloadActual  12: 33554432 op, 791818130.00 ns, 23.5980 ns/op
WorkloadActual  13: 33554432 op, 791861160.00 ns, 23.5993 ns/op
WorkloadActual  14: 33554432 op, 791848266.00 ns, 23.5989 ns/op
WorkloadActual  15: 33554432 op, 791759280.00 ns, 23.5963 ns/op

// AfterActualRun
WorkloadResult   1: 33554432 op, 670733922.00 ns, 19.9894 ns/op
WorkloadResult   2: 33554432 op, 670469807.00 ns, 19.9816 ns/op
WorkloadResult   3: 33554432 op, 669303152.00 ns, 19.9468 ns/op
WorkloadResult   4: 33554432 op, 669966785.00 ns, 19.9666 ns/op
WorkloadResult   5: 33554432 op, 670145170.00 ns, 19.9719 ns/op
WorkloadResult   6: 33554432 op, 669770768.00 ns, 19.9607 ns/op
WorkloadResult   7: 33554432 op, 669311327.00 ns, 19.9470 ns/op
WorkloadResult   8: 33554432 op, 669533013.00 ns, 19.9536 ns/op
WorkloadResult   9: 33554432 op, 669247967.00 ns, 19.9451 ns/op
WorkloadResult  10: 33554432 op, 669036456.00 ns, 19.9388 ns/op
WorkloadResult  11: 33554432 op, 669504884.00 ns, 19.9528 ns/op
WorkloadResult  12: 33554432 op, 669547914.00 ns, 19.9541 ns/op
WorkloadResult  13: 33554432 op, 669535020.00 ns, 19.9537 ns/op
WorkloadResult  14: 33554432 op, 669446034.00 ns, 19.9510 ns/op
// GC:  0 0 0 0 33554432
// Threading:  0 0 33554432

// AfterAll
// Benchmark Process 5781 has exited with code 0.

Mean = 19.958 ns, StdErr = 0.004 ns (0.02%), N = 14, StdDev = 0.014 ns
Min = 19.939 ns, Q1 = 19.948 ns, Median = 19.954 ns, Q3 = 19.965 ns, Max = 19.989 ns
IQR = 0.017 ns, LowerFence = 19.922 ns, UpperFence = 19.991 ns
ConfidenceInterval = [19.942 ns; 19.974 ns] (CI 99.9%), Margin = 0.016 ns (0.08% of Mean)
Skewness = 0.8, Kurtosis = 2.46, MValue = 2

// ** Remained 15 (41.7 %) benchmark(s) to run. Estimated finish 2026-09-13 7:08 (0h 5m from now) **
// **************************
// Benchmark: MediatorBenchmarks.SendCommand_OneBehavior: .NET 9.0(Runtime=.NET 9.0, Toolchain=net9.0)
// *** Execute ***
// Launch: 1 / 1
// Execute: dotnet "EricksonLopez.Mediator.Benchmarks-.NET 9.0-3.dll" --anonymousPipes 107 108 --benchmarkName EricksonLopez.Mediator.Benchmarks.MediatorBenchmarks.SendCommand_OneBehavior --job ".NET 9.0" --benchmarkId 3 in /home/runner/work/dotnet-mediator/dotnet-mediator/benchmarks/EricksonLopez.Mediator.Benchmarks/bin/Release/net10.0/EricksonLopez.Mediator.Benchmarks-.NET 9.0-3/bin/Release/net9.0
// Failed to set up high priority (Permission denied). In order to run benchmarks with high priority, make sure you have the right permissions.
// BeforeAnythingElse

// Benchmark Process Environment Information:
// BenchmarkDotNet v0.15.8
// Runtime=.NET 9.0.20 (9.0.20, 9.0.2026.41315), X64 RyuJIT x86-64-v3
// GC=Concurrent Workstation
// HardwareIntrinsics=AVX2+BMI1+BMI2+F16C+FMA+LZCNT+MOVBE,AVX,SSE3+SSSE3+SSE4.1+SSE4.2+POPCNT,X86Base+SSE+SSE2,AES+PCLMUL VectorSize=256
// Job: .NET 9.0

OverheadJitting  1: 1 op, 187632.00 ns, 187.6320 us/op
WorkloadJitting  1: 1 op, 2391350.00 ns, 2.3914 ms/op

OverheadJitting  2: 16 op, 459832.00 ns, 28.7395 us/op
WorkloadJitting  2: 16 op, 437640.00 ns, 27.3525 us/op

WorkloadPilot    1: 16 op, 15259.00 ns, 953.6875 ns/op
WorkloadPilot    2: 32 op, 20047.00 ns, 626.4688 ns/op
WorkloadPilot    3: 64 op, 33422.00 ns, 522.2188 ns/op
WorkloadPilot    4: 128 op, 60884.00 ns, 475.6563 ns/op
WorkloadPilot    5: 256 op, 119053.00 ns, 465.0508 ns/op
WorkloadPilot    6: 512 op, 265267.00 ns, 518.0996 ns/op
WorkloadPilot    7: 1024 op, 485680.00 ns, 474.2969 ns/op
WorkloadPilot    8: 2048 op, 924162.00 ns, 451.2510 ns/op
WorkloadPilot    9: 4096 op, 1987073.00 ns, 485.1252 ns/op
WorkloadPilot   10: 8192 op, 3966822.00 ns, 484.2312 ns/op
WorkloadPilot   11: 16384 op, 7609537.00 ns, 464.4493 ns/op
WorkloadPilot   12: 32768 op, 15045029.00 ns, 459.1378 ns/op
WorkloadPilot   13: 65536 op, 29903420.00 ns, 456.2900 ns/op
WorkloadPilot   14: 131072 op, 59672156.00 ns, 455.2624 ns/op
WorkloadPilot   15: 262144 op, 120843600.00 ns, 460.9818 ns/op
WorkloadPilot   16: 524288 op, 31431482.00 ns, 59.9508 ns/op
WorkloadPilot   17: 1048576 op, 51650626.00 ns, 49.2579 ns/op
WorkloadPilot   18: 2097152 op, 103183551.00 ns, 49.2018 ns/op
WorkloadPilot   19: 4194304 op, 206052633.00 ns, 49.1268 ns/op
WorkloadPilot   20: 8388608 op, 412881611.00 ns, 49.2193 ns/op
WorkloadPilot   21: 16777216 op, 831498477.00 ns, 49.5612 ns/op

OverheadWarmup   1: 16777216 op, 71688420.00 ns, 4.2730 ns/op
OverheadWarmup   2: 16777216 op, 71520144.00 ns, 4.2629 ns/op
OverheadWarmup   3: 16777216 op, 74192953.00 ns, 4.4222 ns/op
OverheadWarmup   4: 16777216 op, 61357333.00 ns, 3.6572 ns/op
OverheadWarmup   5: 16777216 op, 60974386.00 ns, 3.6344 ns/op
OverheadWarmup   6: 16777216 op, 61188396.00 ns, 3.6471 ns/op
OverheadWarmup   7: 16777216 op, 61143291.00 ns, 3.6444 ns/op

OverheadActual   1: 16777216 op, 61050017.00 ns, 3.6389 ns/op
OverheadActual   2: 16777216 op, 60984645.00 ns, 3.6350 ns/op
OverheadActual   3: 16777216 op, 61004702.00 ns, 3.6362 ns/op
OverheadActual   4: 16777216 op, 61200008.00 ns, 3.6478 ns/op
OverheadActual   5: 16777216 op, 61137902.00 ns, 3.6441 ns/op
OverheadActual   6: 16777216 op, 61726784.00 ns, 3.6792 ns/op
OverheadActual   7: 16777216 op, 61430720.00 ns, 3.6616 ns/op
OverheadActual   8: 16777216 op, 61134625.00 ns, 3.6439 ns/op
OverheadActual   9: 16777216 op, 61068861.00 ns, 3.6400 ns/op
OverheadActual  10: 16777216 op, 61039768.00 ns, 3.6383 ns/op
OverheadActual  11: 16777216 op, 61039197.00 ns, 3.6382 ns/op
OverheadActual  12: 16777216 op, 61125247.00 ns, 3.6433 ns/op
OverheadActual  13: 16777216 op, 61328759.00 ns, 3.6555 ns/op
OverheadActual  14: 16777216 op, 60970909.00 ns, 3.6341 ns/op
OverheadActual  15: 16777216 op, 61284065.00 ns, 3.6528 ns/op

WorkloadWarmup   1: 16777216 op, 824990004.00 ns, 49.1732 ns/op
WorkloadWarmup   2: 16777216 op, 824844842.00 ns, 49.1646 ns/op
WorkloadWarmup   3: 16777216 op, 825684436.00 ns, 49.2146 ns/op
WorkloadWarmup   4: 16777216 op, 824594152.00 ns, 49.1496 ns/op
WorkloadWarmup   5: 16777216 op, 825970171.00 ns, 49.2317 ns/op
WorkloadWarmup   6: 16777216 op, 825031782.00 ns, 49.1757 ns/op

// BeforeActualRun
WorkloadActual   1: 16777216 op, 824953867.00 ns, 49.1711 ns/op
WorkloadActual   2: 16777216 op, 825581813.00 ns, 49.2085 ns/op
WorkloadActual   3: 16777216 op, 825038895.00 ns, 49.1762 ns/op
WorkloadActual   4: 16777216 op, 829683141.00 ns, 49.4530 ns/op
WorkloadActual   5: 16777216 op, 827452013.00 ns, 49.3200 ns/op
WorkloadActual   6: 16777216 op, 825139844.00 ns, 49.1822 ns/op
WorkloadActual   7: 16777216 op, 826896552.00 ns, 49.2869 ns/op
WorkloadActual   8: 16777216 op, 826039115.00 ns, 49.2358 ns/op
WorkloadActual   9: 16777216 op, 826921519.00 ns, 49.2884 ns/op
WorkloadActual  10: 16777216 op, 825920363.00 ns, 49.2287 ns/op
WorkloadActual  11: 16777216 op, 826726975.00 ns, 49.2768 ns/op
WorkloadActual  12: 16777216 op, 826347874.00 ns, 49.2542 ns/op
WorkloadActual  13: 16777216 op, 826855421.00 ns, 49.2844 ns/op
WorkloadActual  14: 16777216 op, 827301447.00 ns, 49.3110 ns/op
WorkloadActual  15: 16777216 op, 827566383.00 ns, 49.3268 ns/op

// AfterActualRun
WorkloadResult   1: 16777216 op, 763828620.00 ns, 45.5277 ns/op
WorkloadResult   2: 16777216 op, 764456566.00 ns, 45.5652 ns/op
WorkloadResult   3: 16777216 op, 763913648.00 ns, 45.5328 ns/op
WorkloadResult   4: 16777216 op, 766326766.00 ns, 45.6766 ns/op
WorkloadResult   5: 16777216 op, 764014597.00 ns, 45.5388 ns/op
WorkloadResult   6: 16777216 op, 765771305.00 ns, 45.6435 ns/op
WorkloadResult   7: 16777216 op, 764913868.00 ns, 45.5924 ns/op
WorkloadResult   8: 16777216 op, 765796272.00 ns, 45.6450 ns/op
WorkloadResult   9: 16777216 op, 764795116.00 ns, 45.5853 ns/op
WorkloadResult  10: 16777216 op, 765601728.00 ns, 45.6334 ns/op
WorkloadResult  11: 16777216 op, 765222627.00 ns, 45.6108 ns/op
WorkloadResult  12: 16777216 op, 765730174.00 ns, 45.6411 ns/op
WorkloadResult  13: 16777216 op, 766176200.00 ns, 45.6677 ns/op
WorkloadResult  14: 16777216 op, 766441136.00 ns, 45.6835 ns/op
// GC:  0 0 0 0 16777216
// Threading:  0 0 16777216

// AfterAll
// Benchmark Process 5797 has exited with code 0.

Mean = 45.610 ns, StdErr = 0.014 ns (0.03%), N = 14, StdDev = 0.054 ns
Min = 45.528 ns, Q1 = 45.570 ns, Median = 45.622 ns, Q3 = 45.645 ns, Max = 45.683 ns
IQR = 0.074 ns, LowerFence = 45.459 ns, UpperFence = 45.756 ns
ConfidenceInterval = [45.549 ns; 45.671 ns] (CI 99.9%), Margin = 0.061 ns (0.13% of Mean)
Skewness = -0.23, Kurtosis = 1.49, MValue = 2

// ** Remained 14 (38.9 %) benchmark(s) to run. Estimated finish 2026-09-13 7:08 (0h 5m from now) **
// **************************
// Benchmark: MediatorBenchmarks.SendCommand_FiveBehaviors: .NET 9.0(Runtime=.NET 9.0, Toolchain=net9.0)
// *** Execute ***
// Launch: 1 / 1
// Execute: dotnet "EricksonLopez.Mediator.Benchmarks-.NET 9.0-3.dll" --anonymousPipes 107 108 --benchmarkName EricksonLopez.Mediator.Benchmarks.MediatorBenchmarks.SendCommand_FiveBehaviors --job ".NET 9.0" --benchmarkId 4 in /home/runner/work/dotnet-mediator/dotnet-mediator/benchmarks/EricksonLopez.Mediator.Benchmarks/bin/Release/net10.0/EricksonLopez.Mediator.Benchmarks-.NET 9.0-3/bin/Release/net9.0
// Failed to set up high priority (Permission denied). In order to run benchmarks with high priority, make sure you have the right permissions.
// BeforeAnythingElse

// Benchmark Process Environment Information:
// BenchmarkDotNet v0.15.8
// Runtime=.NET 9.0.20 (9.0.20, 9.0.2026.41315), X64 RyuJIT x86-64-v3
// GC=Concurrent Workstation
// HardwareIntrinsics=AVX2+BMI1+BMI2+F16C+FMA+LZCNT+MOVBE,AVX,SSE3+SSSE3+SSE4.1+SSE4.2+POPCNT,X86Base+SSE+SSE2,AES+PCLMUL VectorSize=256
// Job: .NET 9.0

OverheadJitting  1: 1 op, 220574.00 ns, 220.5740 us/op
WorkloadJitting  1: 1 op, 4182557.00 ns, 4.1826 ms/op

OverheadJitting  2: 16 op, 424786.00 ns, 26.5491 us/op
WorkloadJitting  2: 16 op, 430417.00 ns, 26.9011 us/op

WorkloadPilot    1: 16 op, 33453.00 ns, 2.0908 us/op
WorkloadPilot    2: 32 op, 57367.00 ns, 1.7927 us/op
WorkloadPilot    3: 64 op, 109465.00 ns, 1.7104 us/op
WorkloadPilot    4: 128 op, 207569.00 ns, 1.6216 us/op
WorkloadPilot    5: 256 op, 436077.00 ns, 1.7034 us/op
WorkloadPilot    6: 512 op, 842209.00 ns, 1.6449 us/op
WorkloadPilot    7: 1024 op, 1673255.00 ns, 1.6340 us/op
WorkloadPilot    8: 2048 op, 3378119.00 ns, 1.6495 us/op
WorkloadPilot    9: 4096 op, 6745408.00 ns, 1.6468 us/op
WorkloadPilot   10: 8192 op, 13474037.00 ns, 1.6448 us/op
WorkloadPilot   11: 16384 op, 26306150.00 ns, 1.6056 us/op
WorkloadPilot   12: 32768 op, 52510498.00 ns, 1.6025 us/op
WorkloadPilot   13: 65536 op, 83866220.00 ns, 1.2797 us/op
WorkloadPilot   14: 131072 op, 91009886.00 ns, 694.3503 ns/op
WorkloadPilot   15: 262144 op, 59424394.00 ns, 226.6861 ns/op
WorkloadPilot   16: 524288 op, 120270200.00 ns, 229.3972 ns/op
WorkloadPilot   17: 1048576 op, 238481633.00 ns, 227.4338 ns/op
WorkloadPilot   18: 2097152 op, 477924818.00 ns, 227.8923 ns/op
WorkloadPilot   19: 4194304 op, 975703585.00 ns, 232.6259 ns/op

OverheadWarmup   1: 4194304 op, 17846068.00 ns, 4.2548 ns/op
OverheadWarmup   2: 4194304 op, 17884239.00 ns, 4.2639 ns/op
OverheadWarmup   3: 4194304 op, 17820170.00 ns, 4.2487 ns/op
OverheadWarmup   4: 4194304 op, 17927661.00 ns, 4.2743 ns/op
OverheadWarmup   5: 4194304 op, 17873990.00 ns, 4.2615 ns/op

OverheadActual   1: 4194304 op, 17816943.00 ns, 4.2479 ns/op
OverheadActual   2: 4194304 op, 17919916.00 ns, 4.2724 ns/op
OverheadActual   3: 4194304 op, 17827163.00 ns, 4.2503 ns/op
OverheadActual   4: 4194304 op, 17969129.00 ns, 4.2842 ns/op
OverheadActual   5: 4194304 op, 17815221.00 ns, 4.2475 ns/op
OverheadActual   6: 4194304 op, 17826612.00 ns, 4.2502 ns/op
OverheadActual   7: 4194304 op, 17870564.00 ns, 4.2607 ns/op
OverheadActual   8: 4194304 op, 17831622.00 ns, 4.2514 ns/op
OverheadActual   9: 4194304 op, 17896723.00 ns, 4.2669 ns/op
OverheadActual  10: 4194304 op, 17883739.00 ns, 4.2638 ns/op
OverheadActual  11: 4194304 op, 19413124.00 ns, 4.6284 ns/op
OverheadActual  12: 4194304 op, 15372724.00 ns, 3.6651 ns/op
OverheadActual  13: 4194304 op, 15196083.00 ns, 3.6230 ns/op
OverheadActual  14: 4194304 op, 15194530.00 ns, 3.6227 ns/op
OverheadActual  15: 4194304 op, 15193708.00 ns, 3.6225 ns/op
OverheadActual  16: 4194304 op, 15194350.00 ns, 3.6226 ns/op
OverheadActual  17: 4194304 op, 15415474.00 ns, 3.6753 ns/op
OverheadActual  18: 4194304 op, 15199218.00 ns, 3.6238 ns/op
OverheadActual  19: 4194304 op, 15216461.00 ns, 3.6279 ns/op
OverheadActual  20: 4194304 op, 15230568.00 ns, 3.6313 ns/op

WorkloadWarmup   1: 4194304 op, 953945089.00 ns, 227.4382 ns/op
WorkloadWarmup   2: 4194304 op, 954143631.00 ns, 227.4856 ns/op
WorkloadWarmup   3: 4194304 op, 960938829.00 ns, 229.1057 ns/op
WorkloadWarmup   4: 4194304 op, 952922198.00 ns, 227.1944 ns/op
WorkloadWarmup   5: 4194304 op, 953541910.00 ns, 227.3421 ns/op
WorkloadWarmup   6: 4194304 op, 954415226.00 ns, 227.5503 ns/op
WorkloadWarmup   7: 4194304 op, 953235846.00 ns, 227.2691 ns/op

// BeforeActualRun
WorkloadActual   1: 4194304 op, 960164167.00 ns, 228.9210 ns/op
WorkloadActual   2: 4194304 op, 952945922.00 ns, 227.2000 ns/op
WorkloadActual   3: 4194304 op, 953979660.00 ns, 227.4465 ns/op
WorkloadActual   4: 4194304 op, 953431520.00 ns, 227.3158 ns/op
WorkloadActual   5: 4194304 op, 953353901.00 ns, 227.2973 ns/op
WorkloadActual   6: 4194304 op, 955538584.00 ns, 227.8182 ns/op
WorkloadActual   7: 4194304 op, 955996560.00 ns, 227.9273 ns/op
WorkloadActual   8: 4194304 op, 959207439.00 ns, 228.6929 ns/op
WorkloadActual   9: 4194304 op, 961422560.00 ns, 229.2210 ns/op
WorkloadActual  10: 4194304 op, 954495820.00 ns, 227.5695 ns/op
WorkloadActual  11: 4194304 op, 956816840.00 ns, 228.1229 ns/op
WorkloadActual  12: 4194304 op, 956133600.00 ns, 227.9600 ns/op
WorkloadActual  13: 4194304 op, 953771119.00 ns, 227.3968 ns/op
WorkloadActual  14: 4194304 op, 956570718.00 ns, 228.0642 ns/op
WorkloadActual  15: 4194304 op, 955033696.00 ns, 227.6978 ns/op

// AfterActualRun
WorkloadResult   1: 4194304 op, 942348085.00 ns, 224.6733 ns/op
WorkloadResult   2: 4194304 op, 935129840.00 ns, 222.9523 ns/op
WorkloadResult   3: 4194304 op, 936163578.00 ns, 223.1988 ns/op
WorkloadResult   4: 4194304 op, 935615438.00 ns, 223.0681 ns/op
WorkloadResult   5: 4194304 op, 935537819.00 ns, 223.0496 ns/op
WorkloadResult   6: 4194304 op, 937722502.00 ns, 223.5705 ns/op
WorkloadResult   7: 4194304 op, 938180478.00 ns, 223.6797 ns/op
WorkloadResult   8: 4194304 op, 941391357.00 ns, 224.4452 ns/op
WorkloadResult   9: 4194304 op, 936679738.00 ns, 223.3219 ns/op
WorkloadResult  10: 4194304 op, 939000758.00 ns, 223.8752 ns/op
WorkloadResult  11: 4194304 op, 938317518.00 ns, 223.7123 ns/op
WorkloadResult  12: 4194304 op, 935955037.00 ns, 223.1491 ns/op
WorkloadResult  13: 4194304 op, 938754636.00 ns, 223.8165 ns/op
WorkloadResult  14: 4194304 op, 937217614.00 ns, 223.4501 ns/op
// GC:  0 0 0 0 4194304
// Threading:  0 0 4194304

// AfterAll
// Benchmark Process 5813 has exited with code 0.

Mean = 223.569 ns, StdErr = 0.138 ns (0.06%), N = 14, StdDev = 0.516 ns
Min = 222.952 ns, Q1 = 223.162 ns, Median = 223.510 ns, Q3 = 223.790 ns, Max = 224.673 ns
IQR = 0.629 ns, LowerFence = 222.218 ns, UpperFence = 224.734 ns
ConfidenceInterval = [222.986 ns; 224.151 ns] (CI 99.9%), Margin = 0.582 ns (0.26% of Mean)
Skewness = 0.74, Kurtosis = 2.44, MValue = 2

// ** Remained 13 (36.1 %) benchmark(s) to run. Estimated finish 2026-09-13 7:08 (0h 4m from now) **
// **************************
// Benchmark: MediatorBenchmarks.PublishNotification_OneHandler: .NET 9.0(Runtime=.NET 9.0, Toolchain=net9.0)
// *** Execute ***
// Launch: 1 / 1
// Execute: dotnet "EricksonLopez.Mediator.Benchmarks-.NET 9.0-3.dll" --anonymousPipes 107 108 --benchmarkName EricksonLopez.Mediator.Benchmarks.MediatorBenchmarks.PublishNotification_OneHandler --job ".NET 9.0" --benchmarkId 5 in /home/runner/work/dotnet-mediator/dotnet-mediator/benchmarks/EricksonLopez.Mediator.Benchmarks/bin/Release/net10.0/EricksonLopez.Mediator.Benchmarks-.NET 9.0-3/bin/Release/net9.0
// Failed to set up high priority (Permission denied). In order to run benchmarks with high priority, make sure you have the right permissions.
// BeforeAnythingElse

// Benchmark Process Environment Information:
// BenchmarkDotNet v0.15.8
// Runtime=.NET 9.0.20 (9.0.20, 9.0.2026.41315), X64 RyuJIT x86-64-v3
// GC=Concurrent Workstation
// HardwareIntrinsics=AVX2+BMI1+BMI2+F16C+FMA+LZCNT+MOVBE,AVX,SSE3+SSSE3+SSE4.1+SSE4.2+POPCNT,X86Base+SSE+SSE2,AES+PCLMUL VectorSize=256
// Job: .NET 9.0

OverheadJitting  1: 1 op, 141566.00 ns, 141.5660 us/op
WorkloadJitting  1: 1 op, 2479757.00 ns, 2.4798 ms/op

OverheadJitting  2: 16 op, 160501.00 ns, 10.0313 us/op
WorkloadJitting  2: 16 op, 1614956.00 ns, 100.9348 us/op

WorkloadPilot    1: 16 op, 107752.00 ns, 6.7345 us/op
WorkloadPilot    2: 32 op, 16862.00 ns, 526.9375 ns/op
WorkloadPilot    3: 64 op, 59441.00 ns, 928.7656 ns/op
WorkloadPilot    4: 128 op, 62276.00 ns, 486.5313 ns/op
WorkloadPilot    5: 256 op, 112661.00 ns, 440.0820 ns/op
WorkloadPilot    6: 512 op, 197971.00 ns, 386.6621 ns/op
WorkloadPilot    7: 1024 op, 382466.00 ns, 373.5020 ns/op
WorkloadPilot    8: 2048 op, 782486.00 ns, 382.0732 ns/op
WorkloadPilot    9: 4096 op, 1545767.00 ns, 377.3845 ns/op
WorkloadPilot   10: 8192 op, 3108526.00 ns, 379.4587 ns/op
WorkloadPilot   11: 16384 op, 6000595.00 ns, 366.2473 ns/op
WorkloadPilot   12: 32768 op, 12018822.00 ns, 366.7853 ns/op
WorkloadPilot   13: 65536 op, 24027365.00 ns, 366.6285 ns/op
WorkloadPilot   14: 131072 op, 48149680.00 ns, 367.3529 ns/op
WorkloadPilot   15: 262144 op, 96129951.00 ns, 366.7067 ns/op
WorkloadPilot   16: 524288 op, 78692745.00 ns, 150.0945 ns/op
WorkloadPilot   17: 1048576 op, 62897255.00 ns, 59.9835 ns/op
WorkloadPilot   18: 2097152 op, 123708942.00 ns, 58.9890 ns/op
WorkloadPilot   19: 4194304 op, 241393725.00 ns, 57.5527 ns/op
WorkloadPilot   20: 8388608 op, 479231246.00 ns, 57.1288 ns/op
WorkloadPilot   21: 16777216 op, 958340503.00 ns, 57.1215 ns/op

OverheadWarmup   1: 16777216 op, 43148368.00 ns, 2.5718 ns/op
OverheadWarmup   2: 16777216 op, 43734024.00 ns, 2.6068 ns/op
OverheadWarmup   3: 16777216 op, 43176430.00 ns, 2.5735 ns/op
OverheadWarmup   4: 16777216 op, 43184805.00 ns, 2.5740 ns/op
OverheadWarmup   5: 16777216 op, 43187530.00 ns, 2.5742 ns/op
OverheadWarmup   6: 16777216 op, 43209873.00 ns, 2.5755 ns/op
OverheadWarmup   7: 16777216 op, 44420391.00 ns, 2.6477 ns/op
OverheadWarmup   8: 16777216 op, 27417439.00 ns, 1.6342 ns/op

OverheadActual   1: 16777216 op, 27399354.00 ns, 1.6331 ns/op
OverheadActual   2: 16777216 op, 27409203.00 ns, 1.6337 ns/op
OverheadActual   3: 16777216 op, 27466320.00 ns, 1.6371 ns/op
OverheadActual   4: 16777216 op, 27455469.00 ns, 1.6365 ns/op
OverheadActual   5: 16777216 op, 27442005.00 ns, 1.6357 ns/op
OverheadActual   6: 16777216 op, 27434280.00 ns, 1.6352 ns/op
OverheadActual   7: 16777216 op, 27402039.00 ns, 1.6333 ns/op
OverheadActual   8: 16777216 op, 27558563.00 ns, 1.6426 ns/op
OverheadActual   9: 16777216 op, 27381270.00 ns, 1.6321 ns/op
OverheadActual  10: 16777216 op, 27513488.00 ns, 1.6399 ns/op
OverheadActual  11: 16777216 op, 27390999.00 ns, 1.6326 ns/op
OverheadActual  12: 16777216 op, 27381211.00 ns, 1.6320 ns/op
OverheadActual  13: 16777216 op, 27561389.00 ns, 1.6428 ns/op
OverheadActual  14: 16777216 op, 27392391.00 ns, 1.6327 ns/op
OverheadActual  15: 16777216 op, 27378426.00 ns, 1.6319 ns/op

WorkloadWarmup   1: 16777216 op, 963651696.00 ns, 57.4381 ns/op
WorkloadWarmup   2: 16777216 op, 960018736.00 ns, 57.2216 ns/op
WorkloadWarmup   3: 16777216 op, 953100906.00 ns, 56.8092 ns/op
WorkloadWarmup   4: 16777216 op, 952582033.00 ns, 56.7783 ns/op
WorkloadWarmup   5: 16777216 op, 968168101.00 ns, 57.7073 ns/op
WorkloadWarmup   6: 16777216 op, 955647237.00 ns, 56.9610 ns/op
WorkloadWarmup   7: 16777216 op, 954652091.00 ns, 56.9017 ns/op
WorkloadWarmup   8: 16777216 op, 953302761.00 ns, 56.8213 ns/op
WorkloadWarmup   9: 16777216 op, 960639082.00 ns, 57.2586 ns/op
WorkloadWarmup  10: 16777216 op, 955752063.00 ns, 56.9673 ns/op

// BeforeActualRun
WorkloadActual   1: 16777216 op, 962243535.00 ns, 57.3542 ns/op
WorkloadActual   2: 16777216 op, 953795428.00 ns, 56.8506 ns/op
WorkloadActual   3: 16777216 op, 958197193.00 ns, 57.1130 ns/op
WorkloadActual   4: 16777216 op, 948913324.00 ns, 56.5596 ns/op
WorkloadActual   5: 16777216 op, 954169652.00 ns, 56.8729 ns/op
WorkloadActual   6: 16777216 op, 953433244.00 ns, 56.8290 ns/op
WorkloadActual   7: 16777216 op, 953967694.00 ns, 56.8609 ns/op
WorkloadActual   8: 16777216 op, 956232217.00 ns, 56.9959 ns/op
WorkloadActual   9: 16777216 op, 959022822.00 ns, 57.1622 ns/op
WorkloadActual  10: 16777216 op, 947749286.00 ns, 56.4903 ns/op
WorkloadActual  11: 16777216 op, 948005857.00 ns, 56.5056 ns/op
WorkloadActual  12: 16777216 op, 946701551.00 ns, 56.4278 ns/op
WorkloadActual  13: 16777216 op, 950172008.00 ns, 56.6347 ns/op
WorkloadActual  14: 16777216 op, 954324277.00 ns, 56.8822 ns/op
WorkloadActual  15: 16777216 op, 956272653.00 ns, 56.9983 ns/op

// AfterActualRun
WorkloadResult   1: 16777216 op, 934834332.00 ns, 55.7205 ns/op
WorkloadResult   2: 16777216 op, 926386225.00 ns, 55.2169 ns/op
WorkloadResult   3: 16777216 op, 930787990.00 ns, 55.4793 ns/op
WorkloadResult   4: 16777216 op, 921504121.00 ns, 54.9259 ns/op
WorkloadResult   5: 16777216 op, 926760449.00 ns, 55.2392 ns/op
WorkloadResult   6: 16777216 op, 926024041.00 ns, 55.1953 ns/op
WorkloadResult   7: 16777216 op, 926558491.00 ns, 55.2272 ns/op
WorkloadResult   8: 16777216 op, 928823014.00 ns, 55.3622 ns/op
WorkloadResult   9: 16777216 op, 931613619.00 ns, 55.5285 ns/op
WorkloadResult  10: 16777216 op, 920340083.00 ns, 54.8565 ns/op
WorkloadResult  11: 16777216 op, 920596654.00 ns, 54.8718 ns/op
WorkloadResult  12: 16777216 op, 919292348.00 ns, 54.7941 ns/op
WorkloadResult  13: 16777216 op, 922762805.00 ns, 55.0009 ns/op
WorkloadResult  14: 16777216 op, 926915074.00 ns, 55.2484 ns/op
WorkloadResult  15: 16777216 op, 928863450.00 ns, 55.3646 ns/op
// GC:  24 0 0 402653184 16777216
// Threading:  0 0 16777216

// AfterAll
// Benchmark Process 5838 has exited with code 0.

Mean = 55.202 ns, StdErr = 0.070 ns (0.13%), N = 15, StdDev = 0.270 ns
Min = 54.794 ns, Q1 = 54.963 ns, Median = 55.227 ns, Q3 = 55.363 ns, Max = 55.720 ns
IQR = 0.400 ns, LowerFence = 54.364 ns, UpperFence = 55.963 ns
ConfidenceInterval = [54.914 ns; 55.491 ns] (CI 99.9%), Margin = 0.289 ns (0.52% of Mean)
Skewness = 0.1, Kurtosis = 1.91, MValue = 2

// ** Remained 12 (33.3 %) benchmark(s) to run. Estimated finish 2026-09-13 7:08 (0h 4m from now) **
// **************************
// Benchmark: MediatorBenchmarks.PublishNotification_FiveHandlers: .NET 9.0(Runtime=.NET 9.0, Toolchain=net9.0)
// *** Execute ***
// Launch: 1 / 1
// Execute: dotnet "EricksonLopez.Mediator.Benchmarks-.NET 9.0-3.dll" --anonymousPipes 107 108 --benchmarkName EricksonLopez.Mediator.Benchmarks.MediatorBenchmarks.PublishNotification_FiveHandlers --job ".NET 9.0" --benchmarkId 6 in /home/runner/work/dotnet-mediator/dotnet-mediator/benchmarks/EricksonLopez.Mediator.Benchmarks/bin/Release/net10.0/EricksonLopez.Mediator.Benchmarks-.NET 9.0-3/bin/Release/net9.0
// Failed to set up high priority (Permission denied). In order to run benchmarks with high priority, make sure you have the right permissions.
// BeforeAnythingElse

// Benchmark Process Environment Information:
// BenchmarkDotNet v0.15.8
// Runtime=.NET 9.0.20 (9.0.20, 9.0.2026.41315), X64 RyuJIT x86-64-v3
// GC=Concurrent Workstation
// HardwareIntrinsics=AVX2+BMI1+BMI2+F16C+FMA+LZCNT+MOVBE,AVX,SSE3+SSSE3+SSE4.1+SSE4.2+POPCNT,X86Base+SSE+SSE2,AES+PCLMUL VectorSize=256
// Job: .NET 9.0

OverheadJitting  1: 1 op, 137177.00 ns, 137.1770 us/op
WorkloadJitting  1: 1 op, 2841124.00 ns, 2.8411 ms/op

OverheadJitting  2: 16 op, 159148.00 ns, 9.9468 us/op
WorkloadJitting  2: 16 op, 1925408.00 ns, 120.3380 us/op

WorkloadPilot    1: 16 op, 238507.00 ns, 14.9067 us/op
WorkloadPilot    2: 32 op, 42370.00 ns, 1.3241 us/op
WorkloadPilot    3: 64 op, 84127.00 ns, 1.3145 us/op
WorkloadPilot    4: 128 op, 157485.00 ns, 1.2304 us/op
WorkloadPilot    5: 256 op, 312005.00 ns, 1.2188 us/op
WorkloadPilot    6: 512 op, 617687.00 ns, 1.2064 us/op
WorkloadPilot    7: 1024 op, 1223773.00 ns, 1.1951 us/op
WorkloadPilot    8: 2048 op, 2517548.00 ns, 1.2293 us/op
WorkloadPilot    9: 4096 op, 4832335.00 ns, 1.1798 us/op
WorkloadPilot   10: 8192 op, 9625004.00 ns, 1.1749 us/op
WorkloadPilot   11: 16384 op, 19061165.00 ns, 1.1634 us/op
WorkloadPilot   12: 32768 op, 38298921.00 ns, 1.1688 us/op
WorkloadPilot   13: 65536 op, 76833594.00 ns, 1.1724 us/op
WorkloadPilot   14: 131072 op, 46903143.00 ns, 357.8426 ns/op
WorkloadPilot   15: 262144 op, 60326317.00 ns, 230.1266 ns/op
WorkloadPilot   16: 524288 op, 118144299.00 ns, 225.3424 ns/op
WorkloadPilot   17: 1048576 op, 236780700.00 ns, 225.8117 ns/op
WorkloadPilot   18: 2097152 op, 486353911.00 ns, 231.9116 ns/op
WorkloadPilot   19: 4194304 op, 942414369.00 ns, 224.6891 ns/op

OverheadWarmup   1: 4194304 op, 10815535.00 ns, 2.5786 ns/op
OverheadWarmup   2: 4194304 op, 10802190.00 ns, 2.5754 ns/op
OverheadWarmup   3: 4194304 op, 10782954.00 ns, 2.5709 ns/op
OverheadWarmup   4: 4194304 op, 10767746.00 ns, 2.5672 ns/op
OverheadWarmup   5: 4194304 op, 10772324.00 ns, 2.5683 ns/op
OverheadWarmup   6: 4194304 op, 10819031.00 ns, 2.5795 ns/op
OverheadWarmup   7: 4194304 op, 10774378.00 ns, 2.5688 ns/op
OverheadWarmup   8: 4194304 op, 10787503.00 ns, 2.5719 ns/op
OverheadWarmup   9: 4194304 op, 10777043.00 ns, 2.5694 ns/op

OverheadActual   1: 4194304 op, 10778997.00 ns, 2.5699 ns/op
OverheadActual   2: 4194304 op, 10791891.00 ns, 2.5730 ns/op
OverheadActual   3: 4194304 op, 10789927.00 ns, 2.5725 ns/op
OverheadActual   4: 4194304 op, 10789536.00 ns, 2.5724 ns/op
OverheadActual   5: 4194304 op, 10792692.00 ns, 2.5732 ns/op
OverheadActual   6: 4194304 op, 10784006.00 ns, 2.5711 ns/op
OverheadActual   7: 4194304 op, 10773487.00 ns, 2.5686 ns/op
OverheadActual   8: 4194304 op, 11015300.00 ns, 2.6263 ns/op
OverheadActual   9: 4194304 op, 10760422.00 ns, 2.5655 ns/op
OverheadActual  10: 4194304 op, 10777314.00 ns, 2.5695 ns/op
OverheadActual  11: 4194304 op, 10774428.00 ns, 2.5688 ns/op
OverheadActual  12: 4194304 op, 11755246.00 ns, 2.8027 ns/op
OverheadActual  13: 4194304 op, 10860259.00 ns, 2.5893 ns/op
OverheadActual  14: 4194304 op, 10843238.00 ns, 2.5852 ns/op
OverheadActual  15: 4194304 op, 10801839.00 ns, 2.5754 ns/op

WorkloadWarmup   1: 4194304 op, 950684006.00 ns, 226.6607 ns/op
WorkloadWarmup   2: 4194304 op, 937524206.00 ns, 223.5232 ns/op
WorkloadWarmup   3: 4194304 op, 931180420.00 ns, 222.0107 ns/op
WorkloadWarmup   4: 4194304 op, 927511706.00 ns, 221.1360 ns/op
WorkloadWarmup   5: 4194304 op, 930311071.00 ns, 221.8034 ns/op
WorkloadWarmup   6: 4194304 op, 931811292.00 ns, 222.1611 ns/op
WorkloadWarmup   7: 4194304 op, 929868219.00 ns, 221.6979 ns/op
WorkloadWarmup   8: 4194304 op, 936416225.00 ns, 223.2590 ns/op
WorkloadWarmup   9: 4194304 op, 939099653.00 ns, 223.8988 ns/op
WorkloadWarmup  10: 4194304 op, 929135282.00 ns, 221.5231 ns/op

// BeforeActualRun
WorkloadActual   1: 4194304 op, 932449472.00 ns, 222.3133 ns/op
WorkloadActual   2: 4194304 op, 931171127.00 ns, 222.0085 ns/op
WorkloadActual   3: 4194304 op, 932889867.00 ns, 222.4183 ns/op
WorkloadActual   4: 4194304 op, 930746311.00 ns, 221.9072 ns/op
WorkloadActual   5: 4194304 op, 933243720.00 ns, 222.5026 ns/op
WorkloadActual   6: 4194304 op, 935977411.00 ns, 223.1544 ns/op
WorkloadActual   7: 4194304 op, 937910954.00 ns, 223.6154 ns/op
WorkloadActual   8: 4194304 op, 938552306.00 ns, 223.7683 ns/op
WorkloadActual   9: 4194304 op, 941441209.00 ns, 224.4571 ns/op
WorkloadActual  10: 4194304 op, 938010160.00 ns, 223.6390 ns/op
WorkloadActual  11: 4194304 op, 940273812.00 ns, 224.1787 ns/op
WorkloadActual  12: 4194304 op, 935276728.00 ns, 222.9873 ns/op
WorkloadActual  13: 4194304 op, 935368790.00 ns, 223.0093 ns/op
WorkloadActual  14: 4194304 op, 939078688.00 ns, 223.8938 ns/op
WorkloadActual  15: 4194304 op, 934577253.00 ns, 222.8206 ns/op

// AfterActualRun
WorkloadResult   1: 4194304 op, 921659545.00 ns, 219.7408 ns/op
WorkloadResult   2: 4194304 op, 920381200.00 ns, 219.4360 ns/op
WorkloadResult   3: 4194304 op, 922099940.00 ns, 219.8458 ns/op
WorkloadResult   4: 4194304 op, 919956384.00 ns, 219.3347 ns/op
WorkloadResult   5: 4194304 op, 922453793.00 ns, 219.9301 ns/op
WorkloadResult   6: 4194304 op, 925187484.00 ns, 220.5819 ns/op
WorkloadResult   7: 4194304 op, 927121027.00 ns, 221.0429 ns/op
WorkloadResult   8: 4194304 op, 927762379.00 ns, 221.1958 ns/op
WorkloadResult   9: 4194304 op, 930651282.00 ns, 221.8846 ns/op
WorkloadResult  10: 4194304 op, 927220233.00 ns, 221.0665 ns/op
WorkloadResult  11: 4194304 op, 929483885.00 ns, 221.6062 ns/op
WorkloadResult  12: 4194304 op, 924486801.00 ns, 220.4148 ns/op
WorkloadResult  13: 4194304 op, 924578863.00 ns, 220.4368 ns/op
WorkloadResult  14: 4194304 op, 928288761.00 ns, 221.3213 ns/op
WorkloadResult  15: 4194304 op, 923787326.00 ns, 220.2481 ns/op
// GC:  30 0 0 503316480 4194304
// Threading:  0 0 4194304

// AfterAll
// Benchmark Process 5860 has exited with code 0.

Mean = 220.539 ns, StdErr = 0.205 ns (0.09%), N = 15, StdDev = 0.793 ns
Min = 219.335 ns, Q1 = 219.888 ns, Median = 220.437 ns, Q3 = 221.131 ns, Max = 221.885 ns
IQR = 1.243 ns, LowerFence = 218.023 ns, UpperFence = 222.996 ns
ConfidenceInterval = [219.692 ns; 221.386 ns] (CI 99.9%), Margin = 0.847 ns (0.38% of Mean)
Skewness = 0.07, Kurtosis = 1.63, MValue = 2

// ** Remained 11 (30.6 %) benchmark(s) to run. Estimated finish 2026-09-13 7:09 (0h 4m from now) **
// **************************
// Benchmark: MediatorBenchmarks.PublishNotification_Parallel: .NET 9.0(Runtime=.NET 9.0, Toolchain=net9.0)
// *** Execute ***
// Launch: 1 / 1
// Execute: dotnet "EricksonLopez.Mediator.Benchmarks-.NET 9.0-3.dll" --anonymousPipes 107 108 --benchmarkName EricksonLopez.Mediator.Benchmarks.MediatorBenchmarks.PublishNotification_Parallel --job ".NET 9.0" --benchmarkId 7 in /home/runner/work/dotnet-mediator/dotnet-mediator/benchmarks/EricksonLopez.Mediator.Benchmarks/bin/Release/net10.0/EricksonLopez.Mediator.Benchmarks-.NET 9.0-3/bin/Release/net9.0
// Failed to set up high priority (Permission denied). In order to run benchmarks with high priority, make sure you have the right permissions.
// BeforeAnythingElse

// Benchmark Process Environment Information:
// BenchmarkDotNet v0.15.8
// Runtime=.NET 9.0.20 (9.0.20, 9.0.2026.41315), X64 RyuJIT x86-64-v3
// GC=Concurrent Workstation
// HardwareIntrinsics=AVX2+BMI1+BMI2+F16C+FMA+LZCNT+MOVBE,AVX,SSE3+SSSE3+SSE4.1+SSE4.2+POPCNT,X86Base+SSE+SSE2,AES+PCLMUL VectorSize=256
// Job: .NET 9.0

OverheadJitting  1: 1 op, 139220.00 ns, 139.2200 us/op
WorkloadJitting  1: 1 op, 2926273.00 ns, 2.9263 ms/op

OverheadJitting  2: 16 op, 178835.00 ns, 11.1772 us/op
WorkloadJitting  2: 16 op, 1781268.00 ns, 111.3293 us/op

WorkloadPilot    1: 16 op, 177883.00 ns, 11.1177 us/op
WorkloadPilot    2: 32 op, 42650.00 ns, 1.3328 us/op
WorkloadPilot    3: 64 op, 105327.00 ns, 1.6457 us/op
WorkloadPilot    4: 128 op, 124854.00 ns, 975.4219 ns/op
WorkloadPilot    5: 256 op, 243076.00 ns, 949.5156 ns/op
WorkloadPilot    6: 512 op, 501239.00 ns, 978.9824 ns/op
WorkloadPilot    7: 1024 op, 990877.00 ns, 967.6533 ns/op
WorkloadPilot    8: 2048 op, 1844466.00 ns, 900.6182 ns/op
WorkloadPilot    9: 4096 op, 3826389.00 ns, 934.1770 ns/op
WorkloadPilot   10: 8192 op, 8062978.00 ns, 984.2502 ns/op
WorkloadPilot   11: 16384 op, 15228005.00 ns, 929.4437 ns/op
WorkloadPilot   12: 32768 op, 30196632.00 ns, 921.5281 ns/op
WorkloadPilot   13: 65536 op, 60994099.00 ns, 930.6961 ns/op
WorkloadPilot   14: 131072 op, 64228220.00 ns, 490.0224 ns/op
WorkloadPilot   15: 262144 op, 54153031.00 ns, 206.5774 ns/op
WorkloadPilot   16: 524288 op, 109987913.00 ns, 209.7853 ns/op
WorkloadPilot   17: 1048576 op, 216615240.00 ns, 206.5804 ns/op
WorkloadPilot   18: 2097152 op, 430977207.00 ns, 205.5059 ns/op
WorkloadPilot   19: 4194304 op, 855250722.00 ns, 203.9077 ns/op

OverheadWarmup   1: 4194304 op, 10859398.00 ns, 2.5891 ns/op
OverheadWarmup   2: 4194304 op, 10835624.00 ns, 2.5834 ns/op
OverheadWarmup   3: 4194304 op, 10769249.00 ns, 2.5676 ns/op
OverheadWarmup   4: 4194304 op, 10774580.00 ns, 2.5689 ns/op
OverheadWarmup   5: 4194304 op, 10765862.00 ns, 2.5668 ns/op
OverheadWarmup   6: 4194304 op, 10775401.00 ns, 2.5691 ns/op
OverheadWarmup   7: 4194304 op, 10767486.00 ns, 2.5672 ns/op

OverheadActual   1: 4194304 op, 10848948.00 ns, 2.5866 ns/op
OverheadActual   2: 4194304 op, 10847205.00 ns, 2.5862 ns/op
OverheadActual   3: 4194304 op, 10837928.00 ns, 2.5840 ns/op
OverheadActual   4: 4194304 op, 10823550.00 ns, 2.5805 ns/op
OverheadActual   5: 4194304 op, 10839732.00 ns, 2.5844 ns/op
OverheadActual   6: 4194304 op, 10877412.00 ns, 2.5934 ns/op
OverheadActual   7: 4194304 op, 10792713.00 ns, 2.5732 ns/op
OverheadActual   8: 4194304 op, 10773156.00 ns, 2.5685 ns/op
OverheadActual   9: 4194304 op, 10775480.00 ns, 2.5691 ns/op
OverheadActual  10: 4194304 op, 10841965.00 ns, 2.5849 ns/op
OverheadActual  11: 4194304 op, 10774940.00 ns, 2.5689 ns/op
OverheadActual  12: 4194304 op, 10812089.00 ns, 2.5778 ns/op
OverheadActual  13: 4194304 op, 10761826.00 ns, 2.5658 ns/op
OverheadActual  14: 4194304 op, 10775110.00 ns, 2.5690 ns/op
OverheadActual  15: 4194304 op, 10776183.00 ns, 2.5692 ns/op

WorkloadWarmup   1: 4194304 op, 863527430.00 ns, 205.8810 ns/op
WorkloadWarmup   2: 4194304 op, 852680085.00 ns, 203.2948 ns/op
WorkloadWarmup   3: 4194304 op, 852848942.00 ns, 203.3350 ns/op
WorkloadWarmup   4: 4194304 op, 852215144.00 ns, 203.1839 ns/op
WorkloadWarmup   5: 4194304 op, 859853209.00 ns, 205.0050 ns/op
WorkloadWarmup   6: 4194304 op, 842066497.00 ns, 200.7643 ns/op

// BeforeActualRun
WorkloadActual   1: 4194304 op, 851660836.00 ns, 203.0518 ns/op
WorkloadActual   2: 4194304 op, 861119039.00 ns, 205.3068 ns/op
WorkloadActual   3: 4194304 op, 854977059.00 ns, 203.8424 ns/op
WorkloadActual   4: 4194304 op, 851412741.00 ns, 202.9926 ns/op
WorkloadActual   5: 4194304 op, 846942103.00 ns, 201.9267 ns/op
WorkloadActual   6: 4194304 op, 849853584.00 ns, 202.6209 ns/op
WorkloadActual   7: 4194304 op, 851730253.00 ns, 203.0683 ns/op
WorkloadActual   8: 4194304 op, 851683013.00 ns, 203.0571 ns/op
WorkloadActual   9: 4194304 op, 856644650.00 ns, 204.2400 ns/op
WorkloadActual  10: 4194304 op, 856845008.00 ns, 204.2878 ns/op
WorkloadActual  11: 4194304 op, 846214536.00 ns, 201.7533 ns/op
WorkloadActual  12: 4194304 op, 879225152.00 ns, 209.6236 ns/op
WorkloadActual  13: 4194304 op, 847776804.00 ns, 202.1257 ns/op
WorkloadActual  14: 4194304 op, 843640302.00 ns, 201.1395 ns/op
WorkloadActual  15: 4194304 op, 859230336.00 ns, 204.8565 ns/op

// AfterActualRun
WorkloadResult   1: 4194304 op, 840848747.00 ns, 200.4740 ns/op
WorkloadResult   2: 4194304 op, 850306950.00 ns, 202.7290 ns/op
WorkloadResult   3: 4194304 op, 844164970.00 ns, 201.2646 ns/op
WorkloadResult   4: 4194304 op, 840600652.00 ns, 200.4148 ns/op
WorkloadResult   5: 4194304 op, 836130014.00 ns, 199.3489 ns/op
WorkloadResult   6: 4194304 op, 839041495.00 ns, 200.0431 ns/op
WorkloadResult   7: 4194304 op, 840918164.00 ns, 200.4905 ns/op
WorkloadResult   8: 4194304 op, 840870924.00 ns, 200.4793 ns/op
WorkloadResult   9: 4194304 op, 845832561.00 ns, 201.6622 ns/op
WorkloadResult  10: 4194304 op, 846032919.00 ns, 201.7100 ns/op
WorkloadResult  11: 4194304 op, 835402447.00 ns, 199.1755 ns/op
WorkloadResult  12: 4194304 op, 836964715.00 ns, 199.5479 ns/op
WorkloadResult  13: 4194304 op, 832828213.00 ns, 198.5617 ns/op
WorkloadResult  14: 4194304 op, 848418247.00 ns, 202.2787 ns/op
// GC:  48 0 0 805306368 4194304
// Threading:  0 0 4194304

// AfterAll
// Benchmark Process 5885 has exited with code 0.

Mean = 200.584 ns, StdErr = 0.326 ns (0.16%), N = 14, StdDev = 1.221 ns
Min = 198.562 ns, Q1 = 199.672 ns, Median = 200.477 ns, Q3 = 201.563 ns, Max = 202.729 ns
IQR = 1.891 ns, LowerFence = 196.835 ns, UpperFence = 204.399 ns
ConfidenceInterval = [199.207 ns; 201.962 ns] (CI 99.9%), Margin = 1.378 ns (0.69% of Mean)
Skewness = 0.14, Kurtosis = 1.82, MValue = 2

// ** Remained 10 (27.8 %) benchmark(s) to run. Estimated finish 2026-09-13 7:09 (0h 3m from now) **
// **************************
// Benchmark: MediatorBenchmarks.NestedSend: .NET 9.0(Runtime=.NET 9.0, Toolchain=net9.0)
// *** Execute ***
// Launch: 1 / 1
// Execute: dotnet "EricksonLopez.Mediator.Benchmarks-.NET 9.0-3.dll" --anonymousPipes 107 108 --benchmarkName EricksonLopez.Mediator.Benchmarks.MediatorBenchmarks.NestedSend --job ".NET 9.0" --benchmarkId 8 in /home/runner/work/dotnet-mediator/dotnet-mediator/benchmarks/EricksonLopez.Mediator.Benchmarks/bin/Release/net10.0/EricksonLopez.Mediator.Benchmarks-.NET 9.0-3/bin/Release/net9.0
// Failed to set up high priority (Permission denied). In order to run benchmarks with high priority, make sure you have the right permissions.
// BeforeAnythingElse

// Benchmark Process Environment Information:
// BenchmarkDotNet v0.15.8
// Runtime=.NET 9.0.20 (9.0.20, 9.0.2026.41315), X64 RyuJIT x86-64-v3
// GC=Concurrent Workstation
// HardwareIntrinsics=AVX2+BMI1+BMI2+F16C+FMA+LZCNT+MOVBE,AVX,SSE3+SSSE3+SSE4.1+SSE4.2+POPCNT,X86Base+SSE+SSE2,AES+PCLMUL VectorSize=256
// Job: .NET 9.0

OverheadJitting  1: 1 op, 222807.00 ns, 222.8070 us/op
WorkloadJitting  1: 1 op, 2157693.00 ns, 2.1577 ms/op

OverheadJitting  2: 16 op, 454511.00 ns, 28.4069 us/op
WorkloadJitting  2: 16 op, 477524.00 ns, 29.8453 us/op

WorkloadPilot    1: 16 op, 18825.00 ns, 1.1766 us/op
WorkloadPilot    2: 32 op, 29004.00 ns, 906.3750 ns/op
WorkloadPilot    3: 64 op, 38572.00 ns, 602.6875 ns/op
WorkloadPilot    4: 128 op, 68458.00 ns, 534.8281 ns/op
WorkloadPilot    5: 256 op, 140573.00 ns, 549.1133 ns/op
WorkloadPilot    6: 512 op, 267321.00 ns, 522.1113 ns/op
WorkloadPilot    7: 1024 op, 554609.00 ns, 541.6104 ns/op
WorkloadPilot    8: 2048 op, 1133935.00 ns, 553.6792 ns/op
WorkloadPilot    9: 4096 op, 2220451.00 ns, 542.1023 ns/op
WorkloadPilot   10: 8192 op, 4274659.00 ns, 521.8090 ns/op
WorkloadPilot   11: 16384 op, 8358533.00 ns, 510.1644 ns/op
WorkloadPilot   12: 32768 op, 16754706.00 ns, 511.3130 ns/op
WorkloadPilot   13: 65536 op, 33730291.00 ns, 514.6834 ns/op
WorkloadPilot   14: 131072 op, 66831889.00 ns, 509.8868 ns/op
WorkloadPilot   15: 262144 op, 45541823.00 ns, 173.7283 ns/op
WorkloadPilot   16: 524288 op, 48744694.00 ns, 92.9731 ns/op
WorkloadPilot   17: 1048576 op, 91449077.00 ns, 87.2126 ns/op
WorkloadPilot   18: 2097152 op, 177198390.00 ns, 84.4948 ns/op
WorkloadPilot   19: 4194304 op, 353088306.00 ns, 84.1828 ns/op
WorkloadPilot   20: 8388608 op, 699978601.00 ns, 83.4440 ns/op

OverheadWarmup   1: 8388608 op, 35856593.00 ns, 4.2744 ns/op
OverheadWarmup   2: 8388608 op, 35779289.00 ns, 4.2652 ns/op
OverheadWarmup   3: 8388608 op, 35949608.00 ns, 4.2855 ns/op
OverheadWarmup   4: 8388608 op, 35843099.00 ns, 4.2728 ns/op
OverheadWarmup   5: 8388608 op, 35826216.00 ns, 4.2708 ns/op
OverheadWarmup   6: 8388608 op, 35949507.00 ns, 4.2855 ns/op
OverheadWarmup   7: 8388608 op, 35796550.00 ns, 4.2673 ns/op

OverheadActual   1: 8388608 op, 35781974.00 ns, 4.2655 ns/op
OverheadActual   2: 8388608 op, 35910484.00 ns, 4.2809 ns/op
OverheadActual   3: 8388608 op, 35778257.00 ns, 4.2651 ns/op
OverheadActual   4: 8388608 op, 35814164.00 ns, 4.2694 ns/op
OverheadActual   5: 8388608 op, 35840643.00 ns, 4.2725 ns/op
OverheadActual   6: 8388608 op, 35795910.00 ns, 4.2672 ns/op
OverheadActual   7: 8388608 op, 36012736.00 ns, 4.2931 ns/op
OverheadActual   8: 8388608 op, 35755012.00 ns, 4.2623 ns/op
OverheadActual   9: 8388608 op, 35751196.00 ns, 4.2619 ns/op
OverheadActual  10: 8388608 op, 42686882.00 ns, 5.0887 ns/op
OverheadActual  11: 8388608 op, 33413746.00 ns, 3.9832 ns/op
OverheadActual  12: 8388608 op, 33257382.00 ns, 3.9646 ns/op
OverheadActual  13: 8388608 op, 33156353.00 ns, 3.9525 ns/op
OverheadActual  14: 8388608 op, 33396343.00 ns, 3.9812 ns/op
OverheadActual  15: 8388608 op, 33193232.00 ns, 3.9569 ns/op

WorkloadWarmup   1: 8388608 op, 706938330.00 ns, 84.2736 ns/op
WorkloadWarmup   2: 8388608 op, 735136812.00 ns, 87.6351 ns/op
WorkloadWarmup   3: 8388608 op, 714632051.00 ns, 85.1908 ns/op
WorkloadWarmup   4: 8388608 op, 706892822.00 ns, 84.2682 ns/op
WorkloadWarmup   5: 8388608 op, 705594111.00 ns, 84.1134 ns/op
WorkloadWarmup   6: 8388608 op, 705040012.00 ns, 84.0473 ns/op
WorkloadWarmup   7: 8388608 op, 709406926.00 ns, 84.5679 ns/op
WorkloadWarmup   8: 8388608 op, 702361094.00 ns, 83.7280 ns/op

// BeforeActualRun
WorkloadActual   1: 8388608 op, 708807055.00 ns, 84.4964 ns/op
WorkloadActual   2: 8388608 op, 707150786.00 ns, 84.2989 ns/op
WorkloadActual   3: 8388608 op, 705287499.00 ns, 84.0768 ns/op
WorkloadActual   4: 8388608 op, 705286437.00 ns, 84.0767 ns/op
WorkloadActual   5: 8388608 op, 704938606.00 ns, 84.0352 ns/op
WorkloadActual   6: 8388608 op, 704653011.00 ns, 84.0012 ns/op
WorkloadActual   7: 8388608 op, 706696360.00 ns, 84.2448 ns/op
WorkloadActual   8: 8388608 op, 705970880.00 ns, 84.1583 ns/op
WorkloadActual   9: 8388608 op, 705143510.00 ns, 84.0597 ns/op
WorkloadActual  10: 8388608 op, 706285720.00 ns, 84.1958 ns/op
WorkloadActual  11: 8388608 op, 706421044.00 ns, 84.2120 ns/op
WorkloadActual  12: 8388608 op, 706959348.00 ns, 84.2761 ns/op
WorkloadActual  13: 8388608 op, 705785099.00 ns, 84.1361 ns/op
WorkloadActual  14: 8388608 op, 705831436.00 ns, 84.1417 ns/op
WorkloadActual  15: 8388608 op, 707718503.00 ns, 84.3666 ns/op

// AfterActualRun
WorkloadResult   1: 8388608 op, 673028798.00 ns, 80.2313 ns/op
WorkloadResult   2: 8388608 op, 671372529.00 ns, 80.0338 ns/op
WorkloadResult   3: 8388608 op, 669509242.00 ns, 79.8117 ns/op
WorkloadResult   4: 8388608 op, 669508180.00 ns, 79.8116 ns/op
WorkloadResult   5: 8388608 op, 669160349.00 ns, 79.7701 ns/op
WorkloadResult   6: 8388608 op, 668874754.00 ns, 79.7361 ns/op
WorkloadResult   7: 8388608 op, 670918103.00 ns, 79.9797 ns/op
WorkloadResult   8: 8388608 op, 670192623.00 ns, 79.8932 ns/op
WorkloadResult   9: 8388608 op, 669365253.00 ns, 79.7946 ns/op
WorkloadResult  10: 8388608 op, 670507463.00 ns, 79.9307 ns/op
WorkloadResult  11: 8388608 op, 670642787.00 ns, 79.9469 ns/op
WorkloadResult  12: 8388608 op, 671181091.00 ns, 80.0110 ns/op
WorkloadResult  13: 8388608 op, 670006842.00 ns, 79.8710 ns/op
WorkloadResult  14: 8388608 op, 670053179.00 ns, 79.8766 ns/op
WorkloadResult  15: 8388608 op, 671940246.00 ns, 80.1015 ns/op
// GC:  12 0 0 201326592 8388608
// Threading:  0 0 8388608

// AfterAll
// Benchmark Process 5908 has exited with code 0.

Mean = 79.920 ns, StdErr = 0.035 ns (0.04%), N = 15, StdDev = 0.135 ns
Min = 79.736 ns, Q1 = 79.812 ns, Median = 79.893 ns, Q3 = 79.995 ns, Max = 80.231 ns
IQR = 0.184 ns, LowerFence = 79.536 ns, UpperFence = 80.271 ns
ConfidenceInterval = [79.775 ns; 80.065 ns] (CI 99.9%), Margin = 0.145 ns (0.18% of Mean)
Skewness = 0.66, Kurtosis = 2.57, MValue = 2

// ** Remained 9 (25.0 %) benchmark(s) to run. Estimated finish 2026-09-13 7:08 (0h 3m from now) **
// **************************
// Benchmark: MediatorBenchmarks.DirectCall: ShortRun(IterationCount=3, LaunchCount=1, WarmupCount=3)
// *** Execute ***
// Launch: 1 / 1
// Execute: dotnet "EricksonLopez.Mediator.Benchmarks-.NET 10.0-1.dll" --anonymousPipes 107 108 --benchmarkName EricksonLopez.Mediator.Benchmarks.MediatorBenchmarks.DirectCall --job ShortRun --benchmarkId 9 in /home/runner/work/dotnet-mediator/dotnet-mediator/benchmarks/EricksonLopez.Mediator.Benchmarks/bin/Release/net10.0/EricksonLopez.Mediator.Benchmarks-.NET 10.0-1/bin/Release/net10.0
// Failed to set up high priority (Permission denied). In order to run benchmarks with high priority, make sure you have the right permissions.
// BeforeAnythingElse

// Benchmark Process Environment Information:
// BenchmarkDotNet v0.15.8
// Runtime=.NET 10.0.12 (10.0.12, 10.0.1226.42308), X64 RyuJIT x86-64-v3
// GC=Concurrent Workstation
// HardwareIntrinsics=AVX2+BMI1+BMI2+F16C+FMA+LZCNT+MOVBE,AVX,SSE3+SSSE3+SSE4.1+SSE4.2+POPCNT,X86Base+SSE+SSE2,AES+PCLMUL VectorSize=256
// Job: ShortRun(IterationCount=3, LaunchCount=1, WarmupCount=3)

OverheadJitting  1: 1 op, 222307.00 ns, 222.3070 us/op
WorkloadJitting  1: 1 op, 834744.00 ns, 834.7440 us/op

OverheadJitting  2: 16 op, 465623.00 ns, 29.1014 us/op
WorkloadJitting  2: 16 op, 427772.00 ns, 26.7358 us/op

WorkloadPilot    1: 16 op, 1854.00 ns, 115.8750 ns/op
WorkloadPilot    2: 32 op, 2545.00 ns, 79.5313 ns/op
WorkloadPilot    3: 64 op, 3807.00 ns, 59.4844 ns/op
WorkloadPilot    4: 128 op, 6071.00 ns, 47.4297 ns/op
WorkloadPilot    5: 256 op, 10790.00 ns, 42.1484 ns/op
WorkloadPilot    6: 512 op, 20469.00 ns, 39.9785 ns/op
WorkloadPilot    7: 1024 op, 39083.00 ns, 38.1670 ns/op
WorkloadPilot    8: 2048 op, 76813.00 ns, 37.5063 ns/op
WorkloadPilot    9: 4096 op, 190938.00 ns, 46.6157 ns/op
WorkloadPilot   10: 8192 op, 304360.00 ns, 37.1533 ns/op
WorkloadPilot   11: 16384 op, 915225.00 ns, 55.8609 ns/op
WorkloadPilot   12: 32768 op, 1248920.00 ns, 38.1140 ns/op
WorkloadPilot   13: 65536 op, 2466572.00 ns, 37.6369 ns/op
WorkloadPilot   14: 131072 op, 4990051.00 ns, 38.0711 ns/op
WorkloadPilot   15: 262144 op, 9863572.00 ns, 37.6265 ns/op
WorkloadPilot   16: 524288 op, 19675209.00 ns, 37.5275 ns/op
WorkloadPilot   17: 1048576 op, 39052138.00 ns, 37.2430 ns/op
WorkloadPilot   18: 2097152 op, 78265949.00 ns, 37.3201 ns/op
WorkloadPilot   19: 4194304 op, 22690018.00 ns, 5.4097 ns/op
WorkloadPilot   20: 8388608 op, 32971744.00 ns, 3.9305 ns/op
WorkloadPilot   21: 16777216 op, 66087568.00 ns, 3.9391 ns/op
WorkloadPilot   22: 33554432 op, 132124032.00 ns, 3.9376 ns/op
WorkloadPilot   23: 67108864 op, 265461777.00 ns, 3.9557 ns/op
WorkloadPilot   24: 134217728 op, 528269243.00 ns, 3.9359 ns/op

OverheadWarmup   1: 134217728 op, 600078540.00 ns, 4.4709 ns/op
OverheadWarmup   2: 134217728 op, 449594576.00 ns, 3.3497 ns/op
OverheadWarmup   3: 134217728 op, 446928459.00 ns, 3.3299 ns/op
OverheadWarmup   4: 134217728 op, 447237178.00 ns, 3.3322 ns/op
OverheadWarmup   5: 134217728 op, 446893584.00 ns, 3.3296 ns/op
OverheadWarmup   6: 134217728 op, 447920779.00 ns, 3.3373 ns/op
OverheadWarmup   7: 134217728 op, 447229633.00 ns, 3.3321 ns/op

OverheadActual   1: 134217728 op, 448723810.00 ns, 3.3433 ns/op
OverheadActual   2: 134217728 op, 447272512.00 ns, 3.3324 ns/op
OverheadActual   3: 134217728 op, 450007566.00 ns, 3.3528 ns/op
OverheadActual   4: 134217728 op, 446318483.00 ns, 3.3253 ns/op
OverheadActual   5: 134217728 op, 447701094.00 ns, 3.3356 ns/op
OverheadActual   6: 134217728 op, 447038151.00 ns, 3.3307 ns/op
OverheadActual   7: 134217728 op, 447078798.00 ns, 3.3310 ns/op
OverheadActual   8: 134217728 op, 447283221.00 ns, 3.3325 ns/op
OverheadActual   9: 134217728 op, 446352898.00 ns, 3.3256 ns/op
OverheadActual  10: 134217728 op, 447369673.00 ns, 3.3332 ns/op
OverheadActual  11: 134217728 op, 446751215.00 ns, 3.3286 ns/op
OverheadActual  12: 134217728 op, 450370456.00 ns, 3.3555 ns/op
OverheadActual  13: 134217728 op, 446723252.00 ns, 3.3283 ns/op
OverheadActual  14: 134217728 op, 447125636.00 ns, 3.3313 ns/op
OverheadActual  15: 134217728 op, 447750664.00 ns, 3.3360 ns/op

WorkloadWarmup   1: 134217728 op, 528703199.00 ns, 3.9391 ns/op
WorkloadWarmup   2: 134217728 op, 536769292.00 ns, 3.9992 ns/op
WorkloadWarmup   3: 134217728 op, 527854921.00 ns, 3.9328 ns/op

// BeforeActualRun
WorkloadActual   1: 134217728 op, 527309468.00 ns, 3.9288 ns/op
WorkloadActual   2: 134217728 op, 529394048.00 ns, 3.9443 ns/op
WorkloadActual   3: 134217728 op, 527930466.00 ns, 3.9334 ns/op

// AfterActualRun
WorkloadResult   1: 134217728 op, 80036956.00 ns, 0.5963 ns/op
WorkloadResult   2: 134217728 op, 82121536.00 ns, 0.6119 ns/op
WorkloadResult   3: 134217728 op, 80657954.00 ns, 0.6009 ns/op
// GC:  0 0 0 0 134217728
// Threading:  0 0 134217728

// AfterAll
// Benchmark Process 5923 has exited with code 0.

Mean = 0.603 ns, StdErr = 0.005 ns (0.76%), N = 3, StdDev = 0.008 ns
Min = 0.596 ns, Q1 = 0.599 ns, Median = 0.601 ns, Q3 = 0.606 ns, Max = 0.612 ns
IQR = 0.008 ns, LowerFence = 0.587 ns, UpperFence = 0.618 ns
ConfidenceInterval = [0.458 ns; 0.749 ns] (CI 99.9%), Margin = 0.145 ns (24.12% of Mean)
Skewness = 0.24, Kurtosis = 0.67, MValue = 2

// ** Remained 8 (22.2 %) benchmark(s) to run. Estimated finish 2026-09-13 7:08 (0h 2m from now) **
// **************************
// Benchmark: MediatorBenchmarks.SendCommand_NoBehaviors: ShortRun(IterationCount=3, LaunchCount=1, WarmupCount=3)
// *** Execute ***
// Launch: 1 / 1
// Execute: dotnet "EricksonLopez.Mediator.Benchmarks-.NET 10.0-1.dll" --anonymousPipes 107 108 --benchmarkName EricksonLopez.Mediator.Benchmarks.MediatorBenchmarks.SendCommand_NoBehaviors --job ShortRun --benchmarkId 10 in /home/runner/work/dotnet-mediator/dotnet-mediator/benchmarks/EricksonLopez.Mediator.Benchmarks/bin/Release/net10.0/EricksonLopez.Mediator.Benchmarks-.NET 10.0-1/bin/Release/net10.0
// Failed to set up high priority (Permission denied). In order to run benchmarks with high priority, make sure you have the right permissions.
// BeforeAnythingElse

// Benchmark Process Environment Information:
// BenchmarkDotNet v0.15.8
// Runtime=.NET 10.0.12 (10.0.12, 10.0.1226.42308), X64 RyuJIT x86-64-v3
// GC=Concurrent Workstation
// HardwareIntrinsics=AVX2+BMI1+BMI2+F16C+FMA+LZCNT+MOVBE,AVX,SSE3+SSSE3+SSE4.1+SSE4.2+POPCNT,X86Base+SSE+SSE2,AES+PCLMUL VectorSize=256
// Job: ShortRun(IterationCount=3, LaunchCount=1, WarmupCount=3)

OverheadJitting  1: 1 op, 246342.00 ns, 246.3420 us/op
WorkloadJitting  1: 1 op, 1501554.00 ns, 1.5016 ms/op

OverheadJitting  2: 16 op, 473427.00 ns, 29.5892 us/op
WorkloadJitting  2: 16 op, 514313.00 ns, 32.1446 us/op

WorkloadPilot    1: 16 op, 9187.00 ns, 574.1875 ns/op
WorkloadPilot    2: 32 op, 13666.00 ns, 427.0625 ns/op
WorkloadPilot    3: 64 op, 24186.00 ns, 377.9063 ns/op
WorkloadPilot    4: 128 op, 30518.00 ns, 238.4219 ns/op
WorkloadPilot    5: 256 op, 56256.00 ns, 219.7500 ns/op
WorkloadPilot    6: 512 op, 110307.00 ns, 215.4434 ns/op
WorkloadPilot    7: 1024 op, 241232.00 ns, 235.5781 ns/op
WorkloadPilot    8: 2048 op, 483786.00 ns, 236.2236 ns/op
WorkloadPilot    9: 4096 op, 886792.00 ns, 216.5020 ns/op
WorkloadPilot   10: 8192 op, 1812566.00 ns, 221.2605 ns/op
WorkloadPilot   11: 16384 op, 3605697.00 ns, 220.0743 ns/op
WorkloadPilot   12: 32768 op, 7189752.00 ns, 219.4138 ns/op
WorkloadPilot   13: 65536 op, 14304233.00 ns, 218.2653 ns/op
WorkloadPilot   14: 131072 op, 28437616.00 ns, 216.9618 ns/op
WorkloadPilot   15: 262144 op, 56783821.00 ns, 216.6131 ns/op
WorkloadPilot   16: 524288 op, 68977930.00 ns, 131.5650 ns/op
WorkloadPilot   17: 1048576 op, 25703944.00 ns, 24.5132 ns/op
WorkloadPilot   18: 2097152 op, 51615302.00 ns, 24.6121 ns/op
WorkloadPilot   19: 4194304 op, 102622302.00 ns, 24.4671 ns/op
WorkloadPilot   20: 8388608 op, 205080687.00 ns, 24.4475 ns/op
WorkloadPilot   21: 16777216 op, 410236434.00 ns, 24.4520 ns/op
WorkloadPilot   22: 33554432 op, 818497728.00 ns, 24.3931 ns/op

OverheadWarmup   1: 33554432 op, 143042130.00 ns, 4.2630 ns/op
OverheadWarmup   2: 33554432 op, 150212325.00 ns, 4.4767 ns/op
OverheadWarmup   3: 33554432 op, 111662462.00 ns, 3.3278 ns/op
OverheadWarmup   4: 33554432 op, 111740778.00 ns, 3.3301 ns/op
OverheadWarmup   5: 33554432 op, 111679724.00 ns, 3.3283 ns/op

OverheadActual   1: 33554432 op, 111901038.00 ns, 3.3349 ns/op
OverheadActual   2: 33554432 op, 112042764.00 ns, 3.3391 ns/op
OverheadActual   3: 33554432 op, 111544751.00 ns, 3.3243 ns/op
OverheadActual   4: 33554432 op, 111658083.00 ns, 3.3277 ns/op
OverheadActual   5: 33554432 op, 111627546.00 ns, 3.3268 ns/op
OverheadActual   6: 33554432 op, 111608670.00 ns, 3.3262 ns/op
OverheadActual   7: 33554432 op, 111586970.00 ns, 3.3256 ns/op
OverheadActual   8: 33554432 op, 111737391.00 ns, 3.3300 ns/op
OverheadActual   9: 33554432 op, 111584876.00 ns, 3.3255 ns/op
OverheadActual  10: 33554432 op, 111978604.00 ns, 3.3372 ns/op
OverheadActual  11: 33554432 op, 112241446.00 ns, 3.3451 ns/op
OverheadActual  12: 33554432 op, 111532398.00 ns, 3.3239 ns/op
OverheadActual  13: 33554432 op, 111958095.00 ns, 3.3366 ns/op
OverheadActual  14: 33554432 op, 111663003.00 ns, 3.3278 ns/op
OverheadActual  15: 33554432 op, 111529832.00 ns, 3.3238 ns/op

WorkloadWarmup   1: 33554432 op, 825537679.00 ns, 24.6029 ns/op
WorkloadWarmup   2: 33554432 op, 817978344.00 ns, 24.3777 ns/op
WorkloadWarmup   3: 33554432 op, 817786444.00 ns, 24.3719 ns/op

// BeforeActualRun
WorkloadActual   1: 33554432 op, 818689656.00 ns, 24.3989 ns/op
WorkloadActual   2: 33554432 op, 818611720.00 ns, 24.3965 ns/op
WorkloadActual   3: 33554432 op, 818059576.00 ns, 24.3801 ns/op

// AfterActualRun
WorkloadResult   1: 33554432 op, 707031573.00 ns, 21.0712 ns/op
WorkloadResult   2: 33554432 op, 706953637.00 ns, 21.0689 ns/op
WorkloadResult   3: 33554432 op, 706401493.00 ns, 21.0524 ns/op
// GC:  0 0 0 0 33554432
// Threading:  0 0 33554432

// AfterAll
// Benchmark Process 5934 has exited with code 0.

Mean = 21.064 ns, StdErr = 0.006 ns (0.03%), N = 3, StdDev = 0.010 ns
Min = 21.052 ns, Q1 = 21.061 ns, Median = 21.069 ns, Q3 = 21.070 ns, Max = 21.071 ns
IQR = 0.009 ns, LowerFence = 21.047 ns, UpperFence = 21.084 ns
ConfidenceInterval = [20.877 ns; 21.251 ns] (CI 99.9%), Margin = 0.187 ns (0.89% of Mean)
Skewness = -0.36, Kurtosis = 0.67, MValue = 2

// ** Remained 7 (19.4 %) benchmark(s) to run. Estimated finish 2026-09-13 7:08 (0h 2m from now) **
// **************************
// Benchmark: MediatorBenchmarks.SendQuery_NoBehaviors: ShortRun(IterationCount=3, LaunchCount=1, WarmupCount=3)
// *** Execute ***
// Launch: 1 / 1
// Execute: dotnet "EricksonLopez.Mediator.Benchmarks-.NET 10.0-1.dll" --anonymousPipes 107 108 --benchmarkName EricksonLopez.Mediator.Benchmarks.MediatorBenchmarks.SendQuery_NoBehaviors --job ShortRun --benchmarkId 11 in /home/runner/work/dotnet-mediator/dotnet-mediator/benchmarks/EricksonLopez.Mediator.Benchmarks/bin/Release/net10.0/EricksonLopez.Mediator.Benchmarks-.NET 10.0-1/bin/Release/net10.0
// Failed to set up high priority (Permission denied). In order to run benchmarks with high priority, make sure you have the right permissions.
// BeforeAnythingElse

// Benchmark Process Environment Information:
// BenchmarkDotNet v0.15.8
// Runtime=.NET 10.0.12 (10.0.12, 10.0.1226.42308), X64 RyuJIT x86-64-v3
// GC=Concurrent Workstation
// HardwareIntrinsics=AVX2+BMI1+BMI2+F16C+FMA+LZCNT+MOVBE,AVX,SSE3+SSSE3+SSE4.1+SSE4.2+POPCNT,X86Base+SSE+SSE2,AES+PCLMUL VectorSize=256
// Job: ShortRun(IterationCount=3, LaunchCount=1, WarmupCount=3)

OverheadJitting  1: 1 op, 218449.00 ns, 218.4490 us/op
WorkloadJitting  1: 1 op, 1289997.00 ns, 1.2900 ms/op

OverheadJitting  2: 16 op, 456405.00 ns, 28.5253 us/op
WorkloadJitting  2: 16 op, 480852.00 ns, 30.0533 us/op

WorkloadPilot    1: 16 op, 7594.00 ns, 474.6250 ns/op
WorkloadPilot    2: 32 op, 10560.00 ns, 330.0000 ns/op
WorkloadPilot    3: 64 op, 16811.00 ns, 262.6719 ns/op
WorkloadPilot    4: 128 op, 28864.00 ns, 225.5000 ns/op
WorkloadPilot    5: 256 op, 53079.00 ns, 207.3398 ns/op
WorkloadPilot    6: 512 op, 101870.00 ns, 198.9648 ns/op
WorkloadPilot    7: 1024 op, 225142.00 ns, 219.8652 ns/op
WorkloadPilot    8: 2048 op, 392947.00 ns, 191.8687 ns/op
WorkloadPilot    9: 4096 op, 805048.00 ns, 196.5449 ns/op
WorkloadPilot   10: 8192 op, 1684637.00 ns, 205.6442 ns/op
WorkloadPilot   11: 16384 op, 3328006.00 ns, 203.1254 ns/op
WorkloadPilot   12: 32768 op, 6565463.00 ns, 200.3620 ns/op
WorkloadPilot   13: 65536 op, 13132447.00 ns, 200.3852 ns/op
WorkloadPilot   14: 131072 op, 25763504.00 ns, 196.5599 ns/op
WorkloadPilot   15: 262144 op, 52143113.00 ns, 198.9102 ns/op
WorkloadPilot   16: 524288 op, 67889538.00 ns, 129.4890 ns/op
WorkloadPilot   17: 1048576 op, 19895319.00 ns, 18.9737 ns/op
WorkloadPilot   18: 2097152 op, 39543114.00 ns, 18.8556 ns/op
WorkloadPilot   19: 4194304 op, 79288307.00 ns, 18.9038 ns/op
WorkloadPilot   20: 8388608 op, 158224765.00 ns, 18.8619 ns/op
WorkloadPilot   21: 16777216 op, 316284901.00 ns, 18.8520 ns/op
WorkloadPilot   22: 33554432 op, 631089458.00 ns, 18.8079 ns/op

OverheadWarmup   1: 33554432 op, 142624163.00 ns, 4.2505 ns/op
OverheadWarmup   2: 33554432 op, 149368871.00 ns, 4.4515 ns/op
OverheadWarmup   3: 33554432 op, 111093722.00 ns, 3.3109 ns/op
OverheadWarmup   4: 33554432 op, 111217245.00 ns, 3.3145 ns/op
OverheadWarmup   5: 33554432 op, 110922792.00 ns, 3.3058 ns/op

OverheadActual   1: 33554432 op, 111137382.00 ns, 3.3122 ns/op
OverheadActual   2: 33554432 op, 111167371.00 ns, 3.3130 ns/op
OverheadActual   3: 33554432 op, 110990630.00 ns, 3.3078 ns/op
OverheadActual   4: 33554432 op, 111208507.00 ns, 3.3143 ns/op
OverheadActual   5: 33554432 op, 111585655.00 ns, 3.3255 ns/op
OverheadActual   6: 33554432 op, 111193730.00 ns, 3.3138 ns/op
OverheadActual   7: 33554432 op, 111114131.00 ns, 3.3115 ns/op
OverheadActual   8: 33554432 op, 111313495.00 ns, 3.3174 ns/op
OverheadActual   9: 33554432 op, 111029683.00 ns, 3.3089 ns/op
OverheadActual  10: 33554432 op, 111147604.00 ns, 3.3125 ns/op
OverheadActual  11: 33554432 op, 111089304.00 ns, 3.3107 ns/op
OverheadActual  12: 33554432 op, 111301245.00 ns, 3.3170 ns/op
OverheadActual  13: 33554432 op, 111171451.00 ns, 3.3132 ns/op
OverheadActual  14: 33554432 op, 111387858.00 ns, 3.3196 ns/op
OverheadActual  15: 33554432 op, 110862502.00 ns, 3.3040 ns/op

WorkloadWarmup   1: 33554432 op, 632222541.00 ns, 18.8417 ns/op
WorkloadWarmup   2: 33554432 op, 630883513.00 ns, 18.8018 ns/op
WorkloadWarmup   3: 33554432 op, 630407750.00 ns, 18.7876 ns/op

// BeforeActualRun
WorkloadActual   1: 33554432 op, 630963463.00 ns, 18.8042 ns/op
WorkloadActual   2: 33554432 op, 630685441.00 ns, 18.7959 ns/op
WorkloadActual   3: 33554432 op, 630564915.00 ns, 18.7923 ns/op

// AfterActualRun
WorkloadResult   1: 33554432 op, 519796092.00 ns, 15.4911 ns/op
WorkloadResult   2: 33554432 op, 519518070.00 ns, 15.4828 ns/op
WorkloadResult   3: 33554432 op, 519397544.00 ns, 15.4793 ns/op
// GC:  0 0 0 0 33554432
// Threading:  0 0 33554432

// AfterAll
// Benchmark Process 5945 has exited with code 0.

Mean = 15.484 ns, StdErr = 0.004 ns (0.02%), N = 3, StdDev = 0.006 ns
Min = 15.479 ns, Q1 = 15.481 ns, Median = 15.483 ns, Q3 = 15.487 ns, Max = 15.491 ns
IQR = 0.006 ns, LowerFence = 15.472 ns, UpperFence = 15.496 ns
ConfidenceInterval = [15.373 ns; 15.596 ns] (CI 99.9%), Margin = 0.111 ns (0.72% of Mean)
Skewness = 0.24, Kurtosis = 0.67, MValue = 2

// ** Remained 6 (16.7 %) benchmark(s) to run. Estimated finish 2026-09-13 7:08 (0h 2m from now) **
// **************************
// Benchmark: MediatorBenchmarks.SendCommand_OneBehavior: ShortRun(IterationCount=3, LaunchCount=1, WarmupCount=3)
// *** Execute ***
// Launch: 1 / 1
// Execute: dotnet "EricksonLopez.Mediator.Benchmarks-.NET 10.0-1.dll" --anonymousPipes 107 108 --benchmarkName EricksonLopez.Mediator.Benchmarks.MediatorBenchmarks.SendCommand_OneBehavior --job ShortRun --benchmarkId 12 in /home/runner/work/dotnet-mediator/dotnet-mediator/benchmarks/EricksonLopez.Mediator.Benchmarks/bin/Release/net10.0/EricksonLopez.Mediator.Benchmarks-.NET 10.0-1/bin/Release/net10.0
// Failed to set up high priority (Permission denied). In order to run benchmarks with high priority, make sure you have the right permissions.
// BeforeAnythingElse

// Benchmark Process Environment Information:
// BenchmarkDotNet v0.15.8
// Runtime=.NET 10.0.12 (10.0.12, 10.0.1226.42308), X64 RyuJIT x86-64-v3
// GC=Concurrent Workstation
// HardwareIntrinsics=AVX2+BMI1+BMI2+F16C+FMA+LZCNT+MOVBE,AVX,SSE3+SSSE3+SSE4.1+SSE4.2+POPCNT,X86Base+SSE+SSE2,AES+PCLMUL VectorSize=256
// Job: ShortRun(IterationCount=3, LaunchCount=1, WarmupCount=3)

OverheadJitting  1: 1 op, 213129.00 ns, 213.1290 us/op
WorkloadJitting  1: 1 op, 2454789.00 ns, 2.4548 ms/op

OverheadJitting  2: 16 op, 442510.00 ns, 27.6569 us/op
WorkloadJitting  2: 16 op, 435145.00 ns, 27.1966 us/op

WorkloadPilot    1: 16 op, 12734.00 ns, 795.8750 ns/op
WorkloadPilot    2: 32 op, 19456.00 ns, 608.0000 ns/op
WorkloadPilot    3: 64 op, 33974.00 ns, 530.8438 ns/op
WorkloadPilot    4: 128 op, 61615.00 ns, 481.3672 ns/op
WorkloadPilot    5: 256 op, 118913.00 ns, 464.5039 ns/op
WorkloadPilot    6: 512 op, 233848.00 ns, 456.7344 ns/op
WorkloadPilot    7: 1024 op, 456085.00 ns, 445.3955 ns/op
WorkloadPilot    8: 2048 op, 938479.00 ns, 458.2417 ns/op
WorkloadPilot    9: 4096 op, 1889189.00 ns, 461.2278 ns/op
WorkloadPilot   10: 8192 op, 3837141.00 ns, 468.4010 ns/op
WorkloadPilot   11: 16384 op, 7486838.00 ns, 456.9603 ns/op
WorkloadPilot   12: 32768 op, 14829957.00 ns, 452.5744 ns/op
WorkloadPilot   13: 65536 op, 29740247.00 ns, 453.8002 ns/op
WorkloadPilot   14: 131072 op, 59125088.00 ns, 451.0886 ns/op
WorkloadPilot   15: 262144 op, 118102931.00 ns, 450.5269 ns/op
WorkloadPilot   16: 524288 op, 74460954.00 ns, 142.0230 ns/op
WorkloadPilot   17: 1048576 op, 53526367.00 ns, 51.0467 ns/op
WorkloadPilot   18: 2097152 op, 107277646.00 ns, 51.1540 ns/op
WorkloadPilot   19: 4194304 op, 214665968.00 ns, 51.1804 ns/op
WorkloadPilot   20: 8388608 op, 429637600.00 ns, 51.2168 ns/op
WorkloadPilot   21: 16777216 op, 859940320.00 ns, 51.2564 ns/op

OverheadWarmup   1: 16777216 op, 71215032.00 ns, 4.2447 ns/op
OverheadWarmup   2: 16777216 op, 71469238.00 ns, 4.2599 ns/op
OverheadWarmup   3: 16777216 op, 72444545.00 ns, 4.3180 ns/op
OverheadWarmup   4: 16777216 op, 55645448.00 ns, 3.3167 ns/op
OverheadWarmup   5: 16777216 op, 55550731.00 ns, 3.3111 ns/op
OverheadWarmup   6: 16777216 op, 55435495.00 ns, 3.3042 ns/op
OverheadWarmup   7: 16777216 op, 55662801.00 ns, 3.3178 ns/op
OverheadWarmup   8: 16777216 op, 55539990.00 ns, 3.3104 ns/op

OverheadActual   1: 16777216 op, 55545070.00 ns, 3.3107 ns/op
OverheadActual   2: 16777216 op, 55593751.00 ns, 3.3136 ns/op
OverheadActual   3: 16777216 op, 55482512.00 ns, 3.3070 ns/op
OverheadActual   4: 16777216 op, 55624268.00 ns, 3.3155 ns/op
OverheadActual   5: 16777216 op, 55814435.00 ns, 3.3268 ns/op
OverheadActual   6: 16777216 op, 55547875.00 ns, 3.3109 ns/op
OverheadActual   7: 16777216 op, 55454741.00 ns, 3.3054 ns/op
OverheadActual   8: 16777216 op, 55697134.00 ns, 3.3198 ns/op
OverheadActual   9: 16777216 op, 55531774.00 ns, 3.3100 ns/op
OverheadActual  10: 16777216 op, 55515053.00 ns, 3.3090 ns/op
OverheadActual  11: 16777216 op, 55826537.00 ns, 3.3275 ns/op
OverheadActual  12: 16777216 op, 55600934.00 ns, 3.3141 ns/op
OverheadActual  13: 16777216 op, 55575076.00 ns, 3.3125 ns/op
OverheadActual  14: 16777216 op, 55820285.00 ns, 3.3271 ns/op
OverheadActual  15: 16777216 op, 55826547.00 ns, 3.3275 ns/op

WorkloadWarmup   1: 16777216 op, 862044516.00 ns, 51.3819 ns/op
WorkloadWarmup   2: 16777216 op, 858776843.00 ns, 51.1871 ns/op
WorkloadWarmup   3: 16777216 op, 859863900.00 ns, 51.2519 ns/op

// BeforeActualRun
WorkloadActual   1: 16777216 op, 857971093.00 ns, 51.1391 ns/op
WorkloadActual   2: 16777216 op, 857387298.00 ns, 51.1043 ns/op
WorkloadActual   3: 16777216 op, 857854334.00 ns, 51.1321 ns/op

// AfterActualRun
WorkloadResult   1: 16777216 op, 802377342.00 ns, 47.8254 ns/op
WorkloadResult   2: 16777216 op, 801793547.00 ns, 47.7906 ns/op
WorkloadResult   3: 16777216 op, 802260583.00 ns, 47.8185 ns/op
// GC:  0 0 0 0 16777216
// Threading:  0 0 16777216

// AfterAll
// Benchmark Process 5954 has exited with code 0.

Mean = 47.811 ns, StdErr = 0.011 ns (0.02%), N = 3, StdDev = 0.018 ns
Min = 47.791 ns, Q1 = 47.805 ns, Median = 47.818 ns, Q3 = 47.822 ns, Max = 47.825 ns
IQR = 0.017 ns, LowerFence = 47.778 ns, UpperFence = 47.848 ns
ConfidenceInterval = [47.476 ns; 48.147 ns] (CI 99.9%), Margin = 0.336 ns (0.70% of Mean)
Skewness = -0.32, Kurtosis = 0.67, MValue = 2

// ** Remained 5 (13.9 %) benchmark(s) to run. Estimated finish 2026-09-13 7:08 (0h 1m from now) **
// **************************
// Benchmark: MediatorBenchmarks.SendCommand_FiveBehaviors: ShortRun(IterationCount=3, LaunchCount=1, WarmupCount=3)
// *** Execute ***
// Launch: 1 / 1
// Execute: dotnet "EricksonLopez.Mediator.Benchmarks-.NET 10.0-1.dll" --anonymousPipes 107 108 --benchmarkName EricksonLopez.Mediator.Benchmarks.MediatorBenchmarks.SendCommand_FiveBehaviors --job ShortRun --benchmarkId 13 in /home/runner/work/dotnet-mediator/dotnet-mediator/benchmarks/EricksonLopez.Mediator.Benchmarks/bin/Release/net10.0/EricksonLopez.Mediator.Benchmarks-.NET 10.0-1/bin/Release/net10.0
// Failed to set up high priority (Permission denied). In order to run benchmarks with high priority, make sure you have the right permissions.
// BeforeAnythingElse

// Benchmark Process Environment Information:
// BenchmarkDotNet v0.15.8
// Runtime=.NET 10.0.12 (10.0.12, 10.0.1226.42308), X64 RyuJIT x86-64-v3
// GC=Concurrent Workstation
// HardwareIntrinsics=AVX2+BMI1+BMI2+F16C+FMA+LZCNT+MOVBE,AVX,SSE3+SSSE3+SSE4.1+SSE4.2+POPCNT,X86Base+SSE+SSE2,AES+PCLMUL VectorSize=256
// Job: ShortRun(IterationCount=3, LaunchCount=1, WarmupCount=3)

OverheadJitting  1: 1 op, 209503.00 ns, 209.5030 us/op
WorkloadJitting  1: 1 op, 4701439.00 ns, 4.7014 ms/op

OverheadJitting  2: 16 op, 438000.00 ns, 27.3750 us/op
WorkloadJitting  2: 16 op, 524393.00 ns, 32.7746 us/op

WorkloadPilot    1: 16 op, 68688.00 ns, 4.2930 us/op
WorkloadPilot    2: 32 op, 91121.00 ns, 2.8475 us/op
WorkloadPilot    3: 64 op, 109746.00 ns, 1.7148 us/op
WorkloadPilot    4: 128 op, 204353.00 ns, 1.5965 us/op
WorkloadPilot    5: 256 op, 395932.00 ns, 1.5466 us/op
WorkloadPilot    6: 512 op, 799979.00 ns, 1.5625 us/op
WorkloadPilot    7: 1024 op, 1629423.00 ns, 1.5912 us/op
WorkloadPilot    8: 2048 op, 3223410.00 ns, 1.5739 us/op
WorkloadPilot    9: 4096 op, 6367281.00 ns, 1.5545 us/op
WorkloadPilot   10: 8192 op, 12628884.00 ns, 1.5416 us/op
WorkloadPilot   11: 16384 op, 25201642.00 ns, 1.5382 us/op
WorkloadPilot   12: 32768 op, 49883892.00 ns, 1.5223 us/op
WorkloadPilot   13: 65536 op, 92671363.00 ns, 1.4141 us/op
WorkloadPilot   14: 131072 op, 35382770.00 ns, 269.9491 ns/op
WorkloadPilot   15: 262144 op, 50437058.00 ns, 192.4021 ns/op
WorkloadPilot   16: 524288 op, 100819254.00 ns, 192.2975 ns/op
WorkloadPilot   17: 1048576 op, 202223914.00 ns, 192.8558 ns/op
WorkloadPilot   18: 2097152 op, 403357895.00 ns, 192.3360 ns/op
WorkloadPilot   19: 4194304 op, 806151310.00 ns, 192.2014 ns/op

OverheadWarmup   1: 4194304 op, 17904248.00 ns, 4.2687 ns/op
OverheadWarmup   2: 4194304 op, 17862189.00 ns, 4.2587 ns/op
OverheadWarmup   3: 4194304 op, 17784694.00 ns, 4.2402 ns/op
OverheadWarmup   4: 4194304 op, 17914768.00 ns, 4.2712 ns/op
OverheadWarmup   5: 4194304 op, 18035142.00 ns, 4.2999 ns/op
OverheadWarmup   6: 4194304 op, 17827494.00 ns, 4.2504 ns/op
OverheadWarmup   7: 4194304 op, 17790395.00 ns, 4.2416 ns/op
OverheadWarmup   8: 4194304 op, 17793971.00 ns, 4.2424 ns/op
OverheadWarmup   9: 4194304 op, 17784584.00 ns, 4.2402 ns/op

OverheadActual   1: 4194304 op, 17812446.00 ns, 4.2468 ns/op
OverheadActual   2: 4194304 op, 17795254.00 ns, 4.2427 ns/op
OverheadActual   3: 4194304 op, 17800073.00 ns, 4.2439 ns/op
OverheadActual   4: 4194304 op, 18058599.00 ns, 4.3055 ns/op
OverheadActual   5: 4194304 op, 17791336.00 ns, 4.2418 ns/op
OverheadActual   6: 4194304 op, 17804862.00 ns, 4.2450 ns/op
OverheadActual   7: 4194304 op, 17788141.00 ns, 4.2410 ns/op
OverheadActual   8: 4194304 op, 17787560.00 ns, 4.2409 ns/op
OverheadActual   9: 4194304 op, 17797669.00 ns, 4.2433 ns/op
OverheadActual  10: 4194304 op, 17785465.00 ns, 4.2404 ns/op
OverheadActual  11: 4194304 op, 17795836.00 ns, 4.2429 ns/op
OverheadActual  12: 4194304 op, 17791638.00 ns, 4.2419 ns/op
OverheadActual  13: 4194304 op, 20171646.00 ns, 4.8093 ns/op
OverheadActual  14: 4194304 op, 15207425.00 ns, 3.6257 ns/op
OverheadActual  15: 4194304 op, 15173241.00 ns, 3.6176 ns/op
OverheadActual  16: 4194304 op, 15169704.00 ns, 3.6167 ns/op
OverheadActual  17: 4194304 op, 15176707.00 ns, 3.6184 ns/op
OverheadActual  18: 4194304 op, 15276785.00 ns, 3.6423 ns/op
OverheadActual  19: 4194304 op, 15173251.00 ns, 3.6176 ns/op
OverheadActual  20: 4194304 op, 15252078.00 ns, 3.6364 ns/op

WorkloadWarmup   1: 4194304 op, 806847813.00 ns, 192.3675 ns/op
WorkloadWarmup   2: 4194304 op, 807701241.00 ns, 192.5710 ns/op
WorkloadWarmup   3: 4194304 op, 806547800.00 ns, 192.2960 ns/op

// BeforeActualRun
WorkloadActual   1: 4194304 op, 807647491.00 ns, 192.5582 ns/op
WorkloadActual   2: 4194304 op, 807597187.00 ns, 192.5462 ns/op
WorkloadActual   3: 4194304 op, 811376999.00 ns, 193.4474 ns/op

// AfterActualRun
WorkloadResult   1: 4194304 op, 789857752.50 ns, 188.3168 ns/op
WorkloadResult   2: 4194304 op, 789807448.50 ns, 188.3048 ns/op
WorkloadResult   3: 4194304 op, 793587260.50 ns, 189.2059 ns/op
// GC:  0 0 0 0 4194304
// Threading:  0 0 4194304

// AfterAll
// Benchmark Process 5964 has exited with code 0.

Mean = 188.609 ns, StdErr = 0.298 ns (0.16%), N = 3, StdDev = 0.517 ns
Min = 188.305 ns, Q1 = 188.311 ns, Median = 188.317 ns, Q3 = 188.761 ns, Max = 189.206 ns
IQR = 0.451 ns, LowerFence = 187.635 ns, UpperFence = 189.437 ns
ConfidenceInterval = [179.180 ns; 198.039 ns] (CI 99.9%), Margin = 9.430 ns (5.00% of Mean)
Skewness = 0.38, Kurtosis = 0.67, MValue = 2

// ** Remained 4 (11.1 %) benchmark(s) to run. Estimated finish 2026-09-13 7:07 (0h 1m from now) **
// **************************
// Benchmark: MediatorBenchmarks.PublishNotification_OneHandler: ShortRun(IterationCount=3, LaunchCount=1, WarmupCount=3)
// *** Execute ***
// Launch: 1 / 1
// Execute: dotnet "EricksonLopez.Mediator.Benchmarks-.NET 10.0-1.dll" --anonymousPipes 107 108 --benchmarkName EricksonLopez.Mediator.Benchmarks.MediatorBenchmarks.PublishNotification_OneHandler --job ShortRun --benchmarkId 14 in /home/runner/work/dotnet-mediator/dotnet-mediator/benchmarks/EricksonLopez.Mediator.Benchmarks/bin/Release/net10.0/EricksonLopez.Mediator.Benchmarks-.NET 10.0-1/bin/Release/net10.0
// Failed to set up high priority (Permission denied). In order to run benchmarks with high priority, make sure you have the right permissions.
// BeforeAnythingElse

// Benchmark Process Environment Information:
// BenchmarkDotNet v0.15.8
// Runtime=.NET 10.0.12 (10.0.12, 10.0.1226.42308), X64 RyuJIT x86-64-v3
// GC=Concurrent Workstation
// HardwareIntrinsics=AVX2+BMI1+BMI2+F16C+FMA+LZCNT+MOVBE,AVX,SSE3+SSSE3+SSE4.1+SSE4.2+POPCNT,X86Base+SSE+SSE2,AES+PCLMUL VectorSize=256
// Job: ShortRun(IterationCount=3, LaunchCount=1, WarmupCount=3)

OverheadJitting  1: 1 op, 197079.00 ns, 197.0790 us/op
WorkloadJitting  1: 1 op, 2706952.00 ns, 2.7070 ms/op

OverheadJitting  2: 16 op, 182401.00 ns, 11.4001 us/op
WorkloadJitting  2: 16 op, 1698803.00 ns, 106.1752 us/op

WorkloadPilot    1: 16 op, 119784.00 ns, 7.4865 us/op
WorkloadPilot    2: 32 op, 17042.00 ns, 532.5625 ns/op
WorkloadPilot    3: 64 op, 27502.00 ns, 429.7188 ns/op
WorkloadPilot    4: 128 op, 48882.00 ns, 381.8906 ns/op
WorkloadPilot    5: 256 op, 130935.00 ns, 511.4648 ns/op
WorkloadPilot    6: 512 op, 191760.00 ns, 374.5313 ns/op
WorkloadPilot    7: 1024 op, 385161.00 ns, 376.1338 ns/op
WorkloadPilot    8: 2048 op, 771175.00 ns, 376.5503 ns/op
WorkloadPilot    9: 4096 op, 1484762.00 ns, 362.4907 ns/op
WorkloadPilot   10: 8192 op, 3051428.00 ns, 372.4888 ns/op
WorkloadPilot   11: 16384 op, 5978132.00 ns, 364.8762 ns/op
WorkloadPilot   12: 32768 op, 11867546.00 ns, 362.1688 ns/op
WorkloadPilot   13: 65536 op, 23877220.00 ns, 364.3375 ns/op
WorkloadPilot   14: 131072 op, 47477261.00 ns, 362.2228 ns/op
WorkloadPilot   15: 262144 op, 81529756.00 ns, 311.0113 ns/op
WorkloadPilot   16: 524288 op, 29406340.00 ns, 56.0881 ns/op
WorkloadPilot   17: 1048576 op, 42355093.00 ns, 40.3930 ns/op
WorkloadPilot   18: 2097152 op, 83914344.00 ns, 40.0135 ns/op
WorkloadPilot   19: 4194304 op, 166713790.00 ns, 39.7477 ns/op
WorkloadPilot   20: 8388608 op, 327516214.00 ns, 39.0430 ns/op
WorkloadPilot   21: 16777216 op, 652871271.00 ns, 38.9142 ns/op

OverheadWarmup   1: 16777216 op, 37868836.00 ns, 2.2572 ns/op
OverheadWarmup   2: 16777216 op, 38217399.00 ns, 2.2779 ns/op
OverheadWarmup   3: 16777216 op, 37916666.00 ns, 2.2600 ns/op
OverheadWarmup   4: 16777216 op, 37880758.00 ns, 2.2579 ns/op
OverheadWarmup   5: 16777216 op, 37937294.00 ns, 2.2612 ns/op
OverheadWarmup   6: 16777216 op, 37947153.00 ns, 2.2618 ns/op
OverheadWarmup   7: 16777216 op, 37921064.00 ns, 2.2603 ns/op

OverheadActual   1: 16777216 op, 37983271.00 ns, 2.2640 ns/op
OverheadActual   2: 16777216 op, 37942484.00 ns, 2.2615 ns/op
OverheadActual   3: 16777216 op, 37883433.00 ns, 2.2580 ns/op
OverheadActual   4: 16777216 op, 38570180.00 ns, 2.2990 ns/op
OverheadActual   5: 16777216 op, 38564058.00 ns, 2.2986 ns/op
OverheadActual   6: 16777216 op, 37844981.00 ns, 2.2557 ns/op
OverheadActual   7: 16777216 op, 38137379.00 ns, 2.2732 ns/op
OverheadActual   8: 16777216 op, 37902308.00 ns, 2.2592 ns/op
OverheadActual   9: 16777216 op, 46630932.00 ns, 2.7794 ns/op
OverheadActual  10: 16777216 op, 27558980.00 ns, 1.6426 ns/op
OverheadActual  11: 16777216 op, 27472929.00 ns, 1.6375 ns/op
OverheadActual  12: 16777216 op, 27437423.00 ns, 1.6354 ns/op
OverheadActual  13: 16777216 op, 27458903.00 ns, 1.6367 ns/op
OverheadActual  14: 16777216 op, 27445127.00 ns, 1.6359 ns/op
OverheadActual  15: 16777216 op, 27466508.00 ns, 1.6371 ns/op
OverheadActual  16: 16777216 op, 27441962.00 ns, 1.6357 ns/op
OverheadActual  17: 16777216 op, 39632110.00 ns, 2.3623 ns/op
OverheadActual  18: 16777216 op, 27570793.00 ns, 1.6433 ns/op
OverheadActual  19: 16777216 op, 27488368.00 ns, 1.6384 ns/op
OverheadActual  20: 16777216 op, 27425130.00 ns, 1.6347 ns/op

WorkloadWarmup   1: 16777216 op, 663758838.00 ns, 39.5631 ns/op
WorkloadWarmup   2: 16777216 op, 662918705.00 ns, 39.5130 ns/op
WorkloadWarmup   3: 16777216 op, 655444411.00 ns, 39.0675 ns/op

// BeforeActualRun
WorkloadActual   1: 16777216 op, 657098880.00 ns, 39.1661 ns/op
WorkloadActual   2: 16777216 op, 654361312.00 ns, 39.0030 ns/op
WorkloadActual   3: 16777216 op, 653284905.00 ns, 38.9388 ns/op

// AfterActualRun
WorkloadResult   1: 16777216 op, 624390993.00 ns, 37.2166 ns/op
WorkloadResult   2: 16777216 op, 621653425.00 ns, 37.0534 ns/op
WorkloadResult   3: 16777216 op, 620577018.00 ns, 36.9893 ns/op
// GC:  24 0 0 402653184 16777216
// Threading:  0 0 16777216

// AfterAll
// Benchmark Process 5976 has exited with code 0.

Mean = 37.086 ns, StdErr = 0.068 ns (0.18%), N = 3, StdDev = 0.117 ns
Min = 36.989 ns, Q1 = 37.021 ns, Median = 37.053 ns, Q3 = 37.135 ns, Max = 37.217 ns
IQR = 0.114 ns, LowerFence = 36.851 ns, UpperFence = 37.306 ns
ConfidenceInterval = [34.948 ns; 39.225 ns] (CI 99.9%), Margin = 2.138 ns (5.77% of Mean)
Skewness = 0.26, Kurtosis = 0.67, MValue = 2

// ** Remained 3 (8.3 %) benchmark(s) to run. Estimated finish 2026-09-13 7:07 (0h 1m from now) **
// **************************
// Benchmark: MediatorBenchmarks.PublishNotification_FiveHandlers: ShortRun(IterationCount=3, LaunchCount=1, WarmupCount=3)
// *** Execute ***
// Launch: 1 / 1
// Execute: dotnet "EricksonLopez.Mediator.Benchmarks-.NET 10.0-1.dll" --anonymousPipes 107 108 --benchmarkName EricksonLopez.Mediator.Benchmarks.MediatorBenchmarks.PublishNotification_FiveHandlers --job ShortRun --benchmarkId 15 in /home/runner/work/dotnet-mediator/dotnet-mediator/benchmarks/EricksonLopez.Mediator.Benchmarks/bin/Release/net10.0/EricksonLopez.Mediator.Benchmarks-.NET 10.0-1/bin/Release/net10.0
// Failed to set up high priority (Permission denied). In order to run benchmarks with high priority, make sure you have the right permissions.
// BeforeAnythingElse

// Benchmark Process Environment Information:
// BenchmarkDotNet v0.15.8
// Runtime=.NET 10.0.12 (10.0.12, 10.0.1226.42308), X64 RyuJIT x86-64-v3
// GC=Concurrent Workstation
// HardwareIntrinsics=AVX2+BMI1+BMI2+F16C+FMA+LZCNT+MOVBE,AVX,SSE3+SSSE3+SSE4.1+SSE4.2+POPCNT,X86Base+SSE+SSE2,AES+PCLMUL VectorSize=256
// Job: ShortRun(IterationCount=3, LaunchCount=1, WarmupCount=3)

OverheadJitting  1: 1 op, 173756.00 ns, 173.7560 us/op
WorkloadJitting  1: 1 op, 3314800.00 ns, 3.3148 ms/op

OverheadJitting  2: 16 op, 195897.00 ns, 12.2436 us/op
WorkloadJitting  2: 16 op, 2224819.00 ns, 139.0512 us/op

WorkloadPilot    1: 16 op, 304711.00 ns, 19.0444 us/op
WorkloadPilot    2: 32 op, 59491.00 ns, 1.8591 us/op
WorkloadPilot    3: 64 op, 88446.00 ns, 1.3820 us/op
WorkloadPilot    4: 128 op, 166011.00 ns, 1.2970 us/op
WorkloadPilot    5: 256 op, 330880.00 ns, 1.2925 us/op
WorkloadPilot    6: 512 op, 687919.00 ns, 1.3436 us/op
WorkloadPilot    7: 1024 op, 1278535.00 ns, 1.2486 us/op
WorkloadPilot    8: 2048 op, 2568592.00 ns, 1.2542 us/op
WorkloadPilot    9: 4096 op, 4886695.00 ns, 1.1930 us/op
WorkloadPilot   10: 8192 op, 9901761.00 ns, 1.2087 us/op
WorkloadPilot   11: 16384 op, 19845790.00 ns, 1.2113 us/op
WorkloadPilot   12: 32768 op, 39544846.00 ns, 1.2068 us/op
WorkloadPilot   13: 65536 op, 88768425.00 ns, 1.3545 us/op
WorkloadPilot   14: 131072 op, 45548924.00 ns, 347.5107 ns/op
WorkloadPilot   15: 262144 op, 53308341.00 ns, 203.3552 ns/op
WorkloadPilot   16: 524288 op, 104847167.00 ns, 199.9801 ns/op
WorkloadPilot   17: 1048576 op, 209964420.00 ns, 200.2377 ns/op
WorkloadPilot   18: 2097152 op, 419105679.00 ns, 199.8452 ns/op
WorkloadPilot   19: 4194304 op, 831885918.00 ns, 198.3371 ns/op

OverheadWarmup   1: 4194304 op, 9491282.00 ns, 2.2629 ns/op
OverheadWarmup   2: 4194304 op, 9487504.00 ns, 2.2620 ns/op
OverheadWarmup   3: 4194304 op, 9468078.00 ns, 2.2574 ns/op
OverheadWarmup   4: 4194304 op, 9537528.00 ns, 2.2739 ns/op
OverheadWarmup   5: 4194304 op, 9489148.00 ns, 2.2624 ns/op
OverheadWarmup   6: 4194304 op, 9483087.00 ns, 2.2609 ns/op
OverheadWarmup   7: 4194304 op, 9508273.00 ns, 2.2669 ns/op
OverheadWarmup   8: 4194304 op, 9473850.00 ns, 2.2587 ns/op

OverheadActual   1: 4194304 op, 9467591.00 ns, 2.2572 ns/op
OverheadActual   2: 4194304 op, 9491616.00 ns, 2.2630 ns/op
OverheadActual   3: 4194304 op, 9478952.00 ns, 2.2600 ns/op
OverheadActual   4: 4194304 op, 9477178.00 ns, 2.2595 ns/op
OverheadActual   5: 4194304 op, 9556908.00 ns, 2.2785 ns/op
OverheadActual   6: 4194304 op, 9472449.00 ns, 2.2584 ns/op
OverheadActual   7: 4194304 op, 9505982.00 ns, 2.2664 ns/op
OverheadActual   8: 4194304 op, 9519308.00 ns, 2.2696 ns/op
OverheadActual   9: 4194304 op, 9474974.00 ns, 2.2590 ns/op
OverheadActual  10: 4194304 op, 9500672.00 ns, 2.2651 ns/op
OverheadActual  11: 4194304 op, 9773754.00 ns, 2.3302 ns/op
OverheadActual  12: 4194304 op, 9483821.00 ns, 2.2611 ns/op
OverheadActual  13: 4194304 op, 9474824.00 ns, 2.2590 ns/op
OverheadActual  14: 4194304 op, 9495613.00 ns, 2.2639 ns/op
OverheadActual  15: 4194304 op, 9464715.00 ns, 2.2566 ns/op

WorkloadWarmup   1: 4194304 op, 841996616.00 ns, 200.7476 ns/op
WorkloadWarmup   2: 4194304 op, 844432671.00 ns, 201.3284 ns/op
WorkloadWarmup   3: 4194304 op, 859880687.00 ns, 205.0115 ns/op

// BeforeActualRun
WorkloadActual   1: 4194304 op, 841926084.00 ns, 200.7308 ns/op
WorkloadActual   2: 4194304 op, 834013107.00 ns, 198.8442 ns/op
WorkloadActual   3: 4194304 op, 844747541.00 ns, 201.4035 ns/op

// AfterActualRun
WorkloadResult   1: 4194304 op, 832442263.00 ns, 198.4697 ns/op
WorkloadResult   2: 4194304 op, 824529286.00 ns, 196.5831 ns/op
WorkloadResult   3: 4194304 op, 835263720.00 ns, 199.1424 ns/op
// GC:  30 0 0 503316480 4194304
// Threading:  0 0 4194304

// AfterAll
// Benchmark Process 5987 has exited with code 0.

Mean = 198.065 ns, StdErr = 0.766 ns (0.39%), N = 3, StdDev = 1.327 ns
Min = 196.583 ns, Q1 = 197.526 ns, Median = 198.470 ns, Q3 = 198.806 ns, Max = 199.142 ns
IQR = 1.280 ns, LowerFence = 195.607 ns, UpperFence = 200.726 ns
ConfidenceInterval = [173.860 ns; 222.270 ns] (CI 99.9%), Margin = 24.205 ns (12.22% of Mean)
Skewness = -0.28, Kurtosis = 0.67, MValue = 2

// ** Remained 2 (5.6 %) benchmark(s) to run. Estimated finish 2026-09-13 7:07 (0h 0m from now) **
// **************************
// Benchmark: MediatorBenchmarks.PublishNotification_Parallel: ShortRun(IterationCount=3, LaunchCount=1, WarmupCount=3)
// *** Execute ***
// Launch: 1 / 1
// Execute: dotnet "EricksonLopez.Mediator.Benchmarks-.NET 10.0-1.dll" --anonymousPipes 107 108 --benchmarkName EricksonLopez.Mediator.Benchmarks.MediatorBenchmarks.PublishNotification_Parallel --job ShortRun --benchmarkId 16 in /home/runner/work/dotnet-mediator/dotnet-mediator/benchmarks/EricksonLopez.Mediator.Benchmarks/bin/Release/net10.0/EricksonLopez.Mediator.Benchmarks-.NET 10.0-1/bin/Release/net10.0
// Failed to set up high priority (Permission denied). In order to run benchmarks with high priority, make sure you have the right permissions.
// BeforeAnythingElse

// Benchmark Process Environment Information:
// BenchmarkDotNet v0.15.8
// Runtime=.NET 10.0.12 (10.0.12, 10.0.1226.42308), X64 RyuJIT x86-64-v3
// GC=Concurrent Workstation
// HardwareIntrinsics=AVX2+BMI1+BMI2+F16C+FMA+LZCNT+MOVBE,AVX,SSE3+SSSE3+SSE4.1+SSE4.2+POPCNT,X86Base+SSE+SSE2,AES+PCLMUL VectorSize=256
// Job: ShortRun(IterationCount=3, LaunchCount=1, WarmupCount=3)

OverheadJitting  1: 1 op, 160701.00 ns, 160.7010 us/op
WorkloadJitting  1: 1 op, 3137379.00 ns, 3.1374 ms/op

OverheadJitting  2: 16 op, 180919.00 ns, 11.3074 us/op
WorkloadJitting  2: 16 op, 1894120.00 ns, 118.3825 us/op

WorkloadPilot    1: 16 op, 207899.00 ns, 12.9937 us/op
WorkloadPilot    2: 32 op, 42810.00 ns, 1.3378 us/op
WorkloadPilot    3: 64 op, 71915.00 ns, 1.1237 us/op
WorkloadPilot    4: 128 op, 125986.00 ns, 984.2656 ns/op
WorkloadPilot    5: 256 op, 264235.00 ns, 1.0322 us/op
WorkloadPilot    6: 512 op, 503634.00 ns, 983.6602 ns/op
WorkloadPilot    7: 1024 op, 957825.00 ns, 935.3760 ns/op
WorkloadPilot    8: 2048 op, 1831322.00 ns, 894.2002 ns/op
WorkloadPilot    9: 4096 op, 3802064.00 ns, 928.2383 ns/op
WorkloadPilot   10: 8192 op, 7174594.00 ns, 875.8049 ns/op
WorkloadPilot   11: 16384 op, 14210268.00 ns, 867.3259 ns/op
WorkloadPilot   12: 32768 op, 29005671.00 ns, 885.1828 ns/op
WorkloadPilot   13: 65536 op, 56721426.00 ns, 865.5003 ns/op
WorkloadPilot   14: 131072 op, 82909466.00 ns, 632.5490 ns/op
WorkloadPilot   15: 262144 op, 51791397.00 ns, 197.5685 ns/op
WorkloadPilot   16: 524288 op, 100869080.00 ns, 192.3925 ns/op
WorkloadPilot   17: 1048576 op, 199322383.00 ns, 190.0886 ns/op
WorkloadPilot   18: 2097152 op, 394480152.00 ns, 188.1028 ns/op
WorkloadPilot   19: 4194304 op, 788417967.00 ns, 187.9735 ns/op

OverheadWarmup   1: 4194304 op, 9506203.00 ns, 2.2665 ns/op
OverheadWarmup   2: 4194304 op, 9488740.00 ns, 2.2623 ns/op
OverheadWarmup   3: 4194304 op, 9561877.00 ns, 2.2797 ns/op
OverheadWarmup   4: 4194304 op, 9485143.00 ns, 2.2614 ns/op
OverheadWarmup   5: 4194304 op, 9525158.00 ns, 2.2710 ns/op
OverheadWarmup   6: 4194304 op, 9496124.00 ns, 2.2641 ns/op

OverheadActual   1: 4194304 op, 9507386.00 ns, 2.2667 ns/op
OverheadActual   2: 4194304 op, 9526872.00 ns, 2.2714 ns/op
OverheadActual   3: 4194304 op, 9578679.00 ns, 2.2837 ns/op
OverheadActual   4: 4194304 op, 9520320.00 ns, 2.2698 ns/op
OverheadActual   5: 4194304 op, 9518436.00 ns, 2.2694 ns/op
OverheadActual   6: 4194304 op, 9584039.00 ns, 2.2850 ns/op
OverheadActual   7: 4194304 op, 9555295.00 ns, 2.2782 ns/op
OverheadActual   8: 4194304 op, 9501044.00 ns, 2.2652 ns/op
OverheadActual   9: 4194304 op, 9852252.00 ns, 2.3490 ns/op
OverheadActual  10: 4194304 op, 9500973.00 ns, 2.2652 ns/op
OverheadActual  11: 4194304 op, 9507526.00 ns, 2.2668 ns/op
OverheadActual  12: 4194304 op, 9480084.00 ns, 2.2602 ns/op
OverheadActual  13: 4194304 op, 9483851.00 ns, 2.2611 ns/op
OverheadActual  14: 4194304 op, 9470125.00 ns, 2.2579 ns/op
OverheadActual  15: 4194304 op, 9476397.00 ns, 2.2593 ns/op

WorkloadWarmup   1: 4194304 op, 799130053.00 ns, 190.5275 ns/op
WorkloadWarmup   2: 4194304 op, 761042985.00 ns, 181.4468 ns/op
WorkloadWarmup   3: 4194304 op, 756688494.00 ns, 180.4086 ns/op

// BeforeActualRun
WorkloadActual   1: 4194304 op, 771458041.00 ns, 183.9299 ns/op
WorkloadActual   2: 4194304 op, 780277397.00 ns, 186.0326 ns/op
WorkloadActual   3: 4194304 op, 768244038.00 ns, 183.1637 ns/op

// AfterActualRun
WorkloadResult   1: 4194304 op, 761950515.00 ns, 181.6632 ns/op
WorkloadResult   2: 4194304 op, 770769871.00 ns, 183.7659 ns/op
WorkloadResult   3: 4194304 op, 758736512.00 ns, 180.8969 ns/op
// GC:  48 0 0 805306368 4194304
// Threading:  0 0 4194304

// AfterAll
// Benchmark Process 6006 has exited with code 0.

Mean = 182.109 ns, StdErr = 0.858 ns (0.47%), N = 3, StdDev = 1.485 ns
Min = 180.897 ns, Q1 = 181.280 ns, Median = 181.663 ns, Q3 = 182.715 ns, Max = 183.766 ns
IQR = 1.434 ns, LowerFence = 179.128 ns, UpperFence = 184.866 ns
ConfidenceInterval = [155.008 ns; 209.209 ns] (CI 99.9%), Margin = 27.100 ns (14.88% of Mean)
Skewness = 0.27, Kurtosis = 0.67, MValue = 2

// ** Remained 1 (2.8 %) benchmark(s) to run. Estimated finish 2026-09-13 7:07 (0h 0m from now) **
// **************************
// Benchmark: MediatorBenchmarks.NestedSend: ShortRun(IterationCount=3, LaunchCount=1, WarmupCount=3)
// *** Execute ***
// Launch: 1 / 1
// Execute: dotnet "EricksonLopez.Mediator.Benchmarks-.NET 10.0-1.dll" --anonymousPipes 107 108 --benchmarkName EricksonLopez.Mediator.Benchmarks.MediatorBenchmarks.NestedSend --job ShortRun --benchmarkId 17 in /home/runner/work/dotnet-mediator/dotnet-mediator/benchmarks/EricksonLopez.Mediator.Benchmarks/bin/Release/net10.0/EricksonLopez.Mediator.Benchmarks-.NET 10.0-1/bin/Release/net10.0
// Failed to set up high priority (Permission denied). In order to run benchmarks with high priority, make sure you have the right permissions.
// BeforeAnythingElse

// Benchmark Process Environment Information:
// BenchmarkDotNet v0.15.8
// Runtime=.NET 10.0.12 (10.0.12, 10.0.1226.42308), X64 RyuJIT x86-64-v3
// GC=Concurrent Workstation
// HardwareIntrinsics=AVX2+BMI1+BMI2+F16C+FMA+LZCNT+MOVBE,AVX,SSE3+SSSE3+SSE4.1+SSE4.2+POPCNT,X86Base+SSE+SSE2,AES+PCLMUL VectorSize=256
// Job: ShortRun(IterationCount=3, LaunchCount=1, WarmupCount=3)

OverheadJitting  1: 1 op, 209933.00 ns, 209.9330 us/op
WorkloadJitting  1: 1 op, 2268681.00 ns, 2.2687 ms/op

OverheadJitting  2: 16 op, 462015.00 ns, 28.8759 us/op
WorkloadJitting  2: 16 op, 477584.00 ns, 29.8490 us/op

WorkloadPilot    1: 16 op, 15539.00 ns, 971.1875 ns/op
WorkloadPilot    2: 32 op, 22702.00 ns, 709.4375 ns/op
WorkloadPilot    3: 64 op, 39574.00 ns, 618.3438 ns/op
WorkloadPilot    4: 128 op, 69942.00 ns, 546.4219 ns/op
WorkloadPilot    5: 256 op, 174597.00 ns, 682.0195 ns/op
WorkloadPilot    6: 512 op, 297928.00 ns, 581.8906 ns/op
WorkloadPilot    7: 1024 op, 558527.00 ns, 545.4365 ns/op
WorkloadPilot    8: 2048 op, 1102256.00 ns, 538.2109 ns/op
WorkloadPilot    9: 4096 op, 2264373.00 ns, 552.8254 ns/op
WorkloadPilot   10: 8192 op, 4504611.00 ns, 549.8793 ns/op
WorkloadPilot   11: 16384 op, 8855483.00 ns, 540.4958 ns/op
WorkloadPilot   12: 32768 op, 17709054.00 ns, 540.4374 ns/op
WorkloadPilot   13: 65536 op, 35650303.00 ns, 543.9805 ns/op
WorkloadPilot   14: 131072 op, 71076204.00 ns, 542.2684 ns/op
WorkloadPilot   15: 262144 op, 63378120.00 ns, 241.7683 ns/op
WorkloadPilot   16: 524288 op, 45034838.00 ns, 85.8971 ns/op
WorkloadPilot   17: 1048576 op, 83569294.00 ns, 79.6979 ns/op
WorkloadPilot   18: 2097152 op, 162247734.00 ns, 77.3657 ns/op
WorkloadPilot   19: 4194304 op, 322268416.00 ns, 76.8348 ns/op
WorkloadPilot   20: 8388608 op, 636423589.00 ns, 75.8676 ns/op

OverheadWarmup   1: 8388608 op, 35803811.00 ns, 4.2681 ns/op
OverheadWarmup   2: 8388608 op, 36278629.00 ns, 4.3247 ns/op
OverheadWarmup   3: 8388608 op, 35765368.00 ns, 4.2636 ns/op
OverheadWarmup   4: 8388608 op, 35853644.00 ns, 4.2741 ns/op
OverheadWarmup   5: 8388608 op, 35846120.00 ns, 4.2732 ns/op

OverheadActual   1: 8388608 op, 35816574.00 ns, 4.2697 ns/op
OverheadActual   2: 8388608 op, 35772431.00 ns, 4.2644 ns/op
OverheadActual   3: 8388608 op, 35771640.00 ns, 4.2643 ns/op
OverheadActual   4: 8388608 op, 35937060.00 ns, 4.2840 ns/op
OverheadActual   5: 8388608 op, 35738147.00 ns, 4.2603 ns/op
OverheadActual   6: 8388608 op, 40333008.00 ns, 4.8081 ns/op
OverheadActual   7: 8388608 op, 35803850.00 ns, 4.2682 ns/op
OverheadActual   8: 8388608 op, 35974630.00 ns, 4.2885 ns/op
OverheadActual   9: 8388608 op, 37822573.00 ns, 4.5088 ns/op
OverheadActual  10: 8388608 op, 28131384.00 ns, 3.3535 ns/op
OverheadActual  11: 8388608 op, 27883128.00 ns, 3.3239 ns/op
OverheadActual  12: 8388608 op, 27902986.00 ns, 3.3263 ns/op
OverheadActual  13: 8388608 op, 28274461.00 ns, 3.3706 ns/op
OverheadActual  14: 8388608 op, 27928984.00 ns, 3.3294 ns/op
OverheadActual  15: 8388608 op, 27898196.00 ns, 3.3257 ns/op
OverheadActual  16: 8388608 op, 27954722.00 ns, 3.3325 ns/op
OverheadActual  17: 8388608 op, 27995679.00 ns, 3.3373 ns/op
OverheadActual  18: 8388608 op, 28003654.00 ns, 3.3383 ns/op
OverheadActual  19: 8388608 op, 27914647.00 ns, 3.3277 ns/op
OverheadActual  20: 8388608 op, 27947399.00 ns, 3.3316 ns/op

WorkloadWarmup   1: 8388608 op, 650429193.00 ns, 77.5372 ns/op
WorkloadWarmup   2: 8388608 op, 649442791.00 ns, 77.4196 ns/op
WorkloadWarmup   3: 8388608 op, 641363703.00 ns, 76.4565 ns/op

// BeforeActualRun
WorkloadActual   1: 8388608 op, 669568341.00 ns, 79.8188 ns/op
WorkloadActual   2: 8388608 op, 643014927.00 ns, 76.6534 ns/op
WorkloadActual   3: 8388608 op, 640635018.00 ns, 76.3696 ns/op

// AfterActualRun
WorkloadResult   1: 8388608 op, 641365418.50 ns, 76.4567 ns/op
WorkloadResult   2: 8388608 op, 614812004.50 ns, 73.2913 ns/op
WorkloadResult   3: 8388608 op, 612432095.50 ns, 73.0076 ns/op
// GC:  12 0 0 201326592 8388608
// Threading:  0 0 8388608

// AfterAll
// Benchmark Process 6026 has exited with code 0.

Mean = 74.252 ns, StdErr = 1.105 ns (1.49%), N = 3, StdDev = 1.915 ns
Min = 73.008 ns, Q1 = 73.149 ns, Median = 73.291 ns, Q3 = 74.874 ns, Max = 76.457 ns
IQR = 1.725 ns, LowerFence = 70.563 ns, UpperFence = 77.461 ns
ConfidenceInterval = [39.320 ns; 109.183 ns] (CI 99.9%), Margin = 34.932 ns (47.04% of Mean)
Skewness = 0.38, Kurtosis = 0.67, MValue = 2

// ** Remained 0 (0.0 %) benchmark(s) to run. Estimated finish 2026-09-13 7:06 (0h 0m from now) **
// ***** BenchmarkRunner: Finish  *****

// * Export *
  benchmarks/results/results/EricksonLopez.Mediator.Benchmarks.MediatorBenchmarks-report.csv
  benchmarks/results/results/EricksonLopez.Mediator.Benchmarks.MediatorBenchmarks-report-github.md
  benchmarks/results/results/EricksonLopez.Mediator.Benchmarks.MediatorBenchmarks-report.html
  benchmarks/results/results/EricksonLopez.Mediator.Benchmarks.MediatorBenchmarks-report-full-compressed.json
  benchmarks/results/results/EricksonLopez.Mediator.Benchmarks.MediatorBenchmarks-report-default.md

// * Detailed results *
MediatorBenchmarks.DirectCall: .NET 10.0(Runtime=.NET 10.0, Toolchain=net10.0)
Runtime = .NET 10.0.12 (10.0.12, 10.0.1226.42308), X64 RyuJIT x86-64-v3; GC = Concurrent Workstation
Mean = 0.607 ns, StdErr = 0.002 ns (0.35%), N = 13, StdDev = 0.008 ns
Min = 0.598 ns, Q1 = 0.601 ns, Median = 0.606 ns, Q3 = 0.610 ns, Max = 0.626 ns
IQR = 0.009 ns, LowerFence = 0.587 ns, UpperFence = 0.624 ns
ConfidenceInterval = [0.597 ns; 0.616 ns] (CI 99.9%), Margin = 0.009 ns (1.52% of Mean)
Skewness = 0.99, Kurtosis = 3.25, MValue = 2
-------------------- Histogram --------------------
[0.596 ns ; 0.630 ns) | @@@@@@@@@@@@@
---------------------------------------------------

MediatorBenchmarks.SendCommand_NoBehaviors: .NET 10.0(Runtime=.NET 10.0, Toolchain=net10.0)
Runtime = .NET 10.0.12 (10.0.12, 10.0.1226.42308), X64 RyuJIT x86-64-v3; GC = Concurrent Workstation
Mean = 21.674 ns, StdErr = 0.017 ns (0.08%), N = 13, StdDev = 0.063 ns
Min = 21.495 ns, Q1 = 21.670 ns, Median = 21.697 ns, Q3 = 21.701 ns, Max = 21.726 ns
IQR = 0.030 ns, LowerFence = 21.625 ns, UpperFence = 21.747 ns
ConfidenceInterval = [21.599 ns; 21.749 ns] (CI 99.9%), Margin = 0.075 ns (0.35% of Mean)
Skewness = -1.82, Kurtosis = 5.35, MValue = 2
-------------------- Histogram --------------------
[21.460 ns ; 21.761 ns) | @@@@@@@@@@@@@
---------------------------------------------------

MediatorBenchmarks.SendQuery_NoBehaviors: .NET 10.0(Runtime=.NET 10.0, Toolchain=net10.0)
Runtime = .NET 10.0.12 (10.0.12, 10.0.1226.42308), X64 RyuJIT x86-64-v3; GC = Concurrent Workstation
Mean = 16.029 ns, StdErr = 0.007 ns (0.04%), N = 14, StdDev = 0.025 ns
Min = 15.991 ns, Q1 = 16.011 ns, Median = 16.026 ns, Q3 = 16.041 ns, Max = 16.077 ns
IQR = 0.029 ns, LowerFence = 15.967 ns, UpperFence = 16.085 ns
ConfidenceInterval = [16.001 ns; 16.057 ns] (CI 99.9%), Margin = 0.028 ns (0.17% of Mean)
Skewness = 0.39, Kurtosis = 2.09, MValue = 2
-------------------- Histogram --------------------
[15.977 ns ; 16.091 ns) | @@@@@@@@@@@@@@
---------------------------------------------------

MediatorBenchmarks.SendCommand_OneBehavior: .NET 10.0(Runtime=.NET 10.0, Toolchain=net10.0)
Runtime = .NET 10.0.12 (10.0.12, 10.0.1226.42308), X64 RyuJIT x86-64-v3; GC = Concurrent Workstation
Mean = 53.707 ns, StdErr = 0.041 ns (0.08%), N = 14, StdDev = 0.155 ns
Min = 53.549 ns, Q1 = 53.590 ns, Median = 53.654 ns, Q3 = 53.756 ns, Max = 54.094 ns
IQR = 0.166 ns, LowerFence = 53.341 ns, UpperFence = 54.005 ns
ConfidenceInterval = [53.532 ns; 53.883 ns] (CI 99.9%), Margin = 0.175 ns (0.33% of Mean)
Skewness = 1.04, Kurtosis = 3.2, MValue = 2
-------------------- Histogram --------------------
[53.465 ns ; 54.179 ns) | @@@@@@@@@@@@@@
---------------------------------------------------

MediatorBenchmarks.SendCommand_FiveBehaviors: .NET 10.0(Runtime=.NET 10.0, Toolchain=net10.0)
Runtime = .NET 10.0.12 (10.0.12, 10.0.1226.42308), X64 RyuJIT x86-64-v3; GC = Concurrent Workstation
Mean = 188.016 ns, StdErr = 0.040 ns (0.02%), N = 13, StdDev = 0.145 ns
Min = 187.762 ns, Q1 = 187.919 ns, Median = 188.015 ns, Q3 = 188.122 ns, Max = 188.229 ns
IQR = 0.202 ns, LowerFence = 187.616 ns, UpperFence = 188.425 ns
ConfidenceInterval = [187.842 ns; 188.190 ns] (CI 99.9%), Margin = 0.174 ns (0.09% of Mean)
Skewness = -0.12, Kurtosis = 1.67, MValue = 2
-------------------- Histogram --------------------
[187.681 ns ; 188.310 ns) | @@@@@@@@@@@@@
---------------------------------------------------

MediatorBenchmarks.PublishNotification_OneHandler: .NET 10.0(Runtime=.NET 10.0, Toolchain=net10.0)
Runtime = .NET 10.0.12 (10.0.12, 10.0.1226.42308), X64 RyuJIT x86-64-v3; GC = Concurrent Workstation
Mean = 37.581 ns, StdErr = 0.061 ns (0.16%), N = 14, StdDev = 0.227 ns
Min = 37.272 ns, Q1 = 37.428 ns, Median = 37.511 ns, Q3 = 37.722 ns, Max = 38.149 ns
IQR = 0.293 ns, LowerFence = 36.988 ns, UpperFence = 38.161 ns
ConfidenceInterval = [37.325 ns; 37.837 ns] (CI 99.9%), Margin = 0.256 ns (0.68% of Mean)
Skewness = 0.92, Kurtosis = 3.25, MValue = 2
-------------------- Histogram --------------------
[37.148 ns ; 38.273 ns) | @@@@@@@@@@@@@@
---------------------------------------------------

MediatorBenchmarks.PublishNotification_FiveHandlers: .NET 10.0(Runtime=.NET 10.0, Toolchain=net10.0)
Runtime = .NET 10.0.12 (10.0.12, 10.0.1226.42308), X64 RyuJIT x86-64-v3; GC = Concurrent Workstation
Mean = 198.622 ns, StdErr = 0.389 ns (0.20%), N = 15, StdDev = 1.505 ns
Min = 196.628 ns, Q1 = 197.340 ns, Median = 198.904 ns, Q3 = 199.976 ns, Max = 200.846 ns
IQR = 2.635 ns, LowerFence = 193.387 ns, UpperFence = 203.929 ns
ConfidenceInterval = [197.013 ns; 200.232 ns] (CI 99.9%), Margin = 1.609 ns (0.81% of Mean)
Skewness = 0.14, Kurtosis = 1.37, MValue = 2
-------------------- Histogram --------------------
[195.827 ns ; 201.647 ns) | @@@@@@@@@@@@@@@
---------------------------------------------------

MediatorBenchmarks.PublishNotification_Parallel: .NET 10.0(Runtime=.NET 10.0, Toolchain=net10.0)
Runtime = .NET 10.0.12 (10.0.12, 10.0.1226.42308), X64 RyuJIT x86-64-v3; GC = Concurrent Workstation
Mean = 188.477 ns, StdErr = 0.350 ns (0.19%), N = 15, StdDev = 1.354 ns
Min = 185.799 ns, Q1 = 187.977 ns, Median = 188.610 ns, Q3 = 189.464 ns, Max = 191.067 ns
IQR = 1.487 ns, LowerFence = 185.746 ns, UpperFence = 191.694 ns
ConfidenceInterval = [187.030 ns; 189.924 ns] (CI 99.9%), Margin = 1.447 ns (0.77% of Mean)
Skewness = -0.21, Kurtosis = 2.47, MValue = 2
-------------------- Histogram --------------------
[185.079 ns ; 191.787 ns) | @@@@@@@@@@@@@@@
---------------------------------------------------

MediatorBenchmarks.NestedSend: .NET 10.0(Runtime=.NET 10.0, Toolchain=net10.0)
Runtime = .NET 10.0.12 (10.0.12, 10.0.1226.42308), X64 RyuJIT x86-64-v3; GC = Concurrent Workstation
Mean = 69.947 ns, StdErr = 0.045 ns (0.06%), N = 13, StdDev = 0.161 ns
Min = 69.783 ns, Q1 = 69.843 ns, Median = 69.889 ns, Q3 = 69.960 ns, Max = 70.323 ns
IQR = 0.116 ns, LowerFence = 69.669 ns, UpperFence = 70.134 ns
ConfidenceInterval = [69.754 ns; 70.140 ns] (CI 99.9%), Margin = 0.193 ns (0.28% of Mean)
Skewness = 1.26, Kurtosis = 3.31, MValue = 2
-------------------- Histogram --------------------
[69.693 ns ; 70.413 ns) | @@@@@@@@@@@@@
---------------------------------------------------

MediatorBenchmarks.DirectCall: .NET 8.0(Runtime=.NET 8.0, Toolchain=net8.0)
Runtime = .NET 8.0.31 (8.0.31, 8.0.3126.42015), X64 RyuJIT x86-64-v3; GC = Concurrent Workstation
Mean = 0.311 ns, StdErr = 0.014 ns (4.38%), N = 13, StdDev = 0.049 ns
Min = 0.285 ns, Q1 = 0.289 ns, Median = 0.292 ns, Q3 = 0.294 ns, Max = 0.433 ns
IQR = 0.005 ns, LowerFence = 0.281 ns, UpperFence = 0.302 ns
ConfidenceInterval = [0.253 ns; 0.370 ns] (CI 99.9%), Margin = 0.059 ns (18.93% of Mean)
Skewness = 1.71, Kurtosis = 4.11, MValue = 2
-------------------- Histogram --------------------
[0.266 ns ; 0.321 ns) | @@@@@@@@@@@
[0.321 ns ; 0.376 ns) | 
[0.376 ns ; 0.449 ns) | @@
---------------------------------------------------

MediatorBenchmarks.SendCommand_NoBehaviors: .NET 8.0(Runtime=.NET 8.0, Toolchain=net8.0)
Runtime = .NET 8.0.31 (8.0.31, 8.0.3126.42015), X64 RyuJIT x86-64-v3; GC = Concurrent Workstation
Mean = 26.245 ns, StdErr = 0.010 ns (0.04%), N = 14, StdDev = 0.036 ns
Min = 26.196 ns, Q1 = 26.223 ns, Median = 26.236 ns, Q3 = 26.259 ns, Max = 26.322 ns
IQR = 0.035 ns, LowerFence = 26.170 ns, UpperFence = 26.312 ns
ConfidenceInterval = [26.204 ns; 26.286 ns] (CI 99.9%), Margin = 0.041 ns (0.16% of Mean)
Skewness = 0.88, Kurtosis = 2.67, MValue = 2
-------------------- Histogram --------------------
[26.176 ns ; 26.342 ns) | @@@@@@@@@@@@@@
---------------------------------------------------

MediatorBenchmarks.SendQuery_NoBehaviors: .NET 8.0(Runtime=.NET 8.0, Toolchain=net8.0)
Runtime = .NET 8.0.31 (8.0.31, 8.0.3126.42015), X64 RyuJIT x86-64-v3; GC = Concurrent Workstation
Mean = 25.808 ns, StdErr = 0.008 ns (0.03%), N = 12, StdDev = 0.026 ns
Min = 25.765 ns, Q1 = 25.787 ns, Median = 25.804 ns, Q3 = 25.829 ns, Max = 25.856 ns
IQR = 0.042 ns, LowerFence = 25.725 ns, UpperFence = 25.891 ns
ConfidenceInterval = [25.774 ns; 25.841 ns] (CI 99.9%), Margin = 0.034 ns (0.13% of Mean)
Skewness = 0.17, Kurtosis = 1.88, MValue = 2
-------------------- Histogram --------------------
[25.750 ns ; 25.871 ns) | @@@@@@@@@@@@
---------------------------------------------------

MediatorBenchmarks.SendCommand_OneBehavior: .NET 8.0(Runtime=.NET 8.0, Toolchain=net8.0)
Runtime = .NET 8.0.31 (8.0.31, 8.0.3126.42015), X64 RyuJIT x86-64-v3; GC = Concurrent Workstation
Mean = 55.751 ns, StdErr = 0.014 ns (0.02%), N = 13, StdDev = 0.049 ns
Min = 55.686 ns, Q1 = 55.718 ns, Median = 55.751 ns, Q3 = 55.764 ns, Max = 55.861 ns
IQR = 0.046 ns, LowerFence = 55.649 ns, UpperFence = 55.834 ns
ConfidenceInterval = [55.692 ns; 55.810 ns] (CI 99.9%), Margin = 0.059 ns (0.11% of Mean)
Skewness = 0.76, Kurtosis = 2.68, MValue = 2
-------------------- Histogram --------------------
[55.659 ns ; 55.888 ns) | @@@@@@@@@@@@@
---------------------------------------------------

MediatorBenchmarks.SendCommand_FiveBehaviors: .NET 8.0(Runtime=.NET 8.0, Toolchain=net8.0)
Runtime = .NET 8.0.31 (8.0.31, 8.0.3126.42015), X64 RyuJIT x86-64-v3; GC = Concurrent Workstation
Mean = 261.961 ns, StdErr = 0.273 ns (0.10%), N = 14, StdDev = 1.020 ns
Min = 261.180 ns, Q1 = 261.283 ns, Median = 261.400 ns, Q3 = 262.001 ns, Max = 263.869 ns
IQR = 0.718 ns, LowerFence = 260.206 ns, UpperFence = 263.079 ns
ConfidenceInterval = [260.810 ns; 263.112 ns] (CI 99.9%), Margin = 1.151 ns (0.44% of Mean)
Skewness = 1.05, Kurtosis = 2.3, MValue = 2
-------------------- Histogram --------------------
[260.624 ns ; 264.425 ns) | @@@@@@@@@@@@@@
---------------------------------------------------

MediatorBenchmarks.PublishNotification_OneHandler: .NET 8.0(Runtime=.NET 8.0, Toolchain=net8.0)
Runtime = .NET 8.0.31 (8.0.31, 8.0.3126.42015), X64 RyuJIT x86-64-v3; GC = Concurrent Workstation
Mean = 58.578 ns, StdErr = 0.014 ns (0.02%), N = 13, StdDev = 0.052 ns
Min = 58.512 ns, Q1 = 58.537 ns, Median = 58.567 ns, Q3 = 58.620 ns, Max = 58.658 ns
IQR = 0.083 ns, LowerFence = 58.414 ns, UpperFence = 58.744 ns
ConfidenceInterval = [58.516 ns; 58.640 ns] (CI 99.9%), Margin = 0.062 ns (0.11% of Mean)
Skewness = 0.19, Kurtosis = 1.35, MValue = 2
-------------------- Histogram --------------------
[58.483 ns ; 58.687 ns) | @@@@@@@@@@@@@
---------------------------------------------------

MediatorBenchmarks.PublishNotification_FiveHandlers: .NET 8.0(Runtime=.NET 8.0, Toolchain=net8.0)
Runtime = .NET 8.0.31 (8.0.31, 8.0.3126.42015), X64 RyuJIT x86-64-v3; GC = Concurrent Workstation
Mean = 224.957 ns, StdErr = 0.119 ns (0.05%), N = 15, StdDev = 0.460 ns
Min = 223.946 ns, Q1 = 224.640 ns, Median = 224.807 ns, Q3 = 225.306 ns, Max = 225.715 ns
IQR = 0.666 ns, LowerFence = 223.641 ns, UpperFence = 226.305 ns
ConfidenceInterval = [224.465 ns; 225.450 ns] (CI 99.9%), Margin = 0.492 ns (0.22% of Mean)
Skewness = -0.26, Kurtosis = 2.38, MValue = 2
-------------------- Histogram --------------------
[223.701 ns ; 225.960 ns) | @@@@@@@@@@@@@@@
---------------------------------------------------

MediatorBenchmarks.PublishNotification_Parallel: .NET 8.0(Runtime=.NET 8.0, Toolchain=net8.0)
Runtime = .NET 8.0.31 (8.0.31, 8.0.3126.42015), X64 RyuJIT x86-64-v3; GC = Concurrent Workstation
Mean = 211.524 ns, StdErr = 0.218 ns (0.10%), N = 15, StdDev = 0.845 ns
Min = 210.316 ns, Q1 = 211.004 ns, Median = 211.280 ns, Q3 = 212.182 ns, Max = 213.236 ns
IQR = 1.178 ns, LowerFence = 209.236 ns, UpperFence = 213.950 ns
ConfidenceInterval = [210.621 ns; 212.428 ns] (CI 99.9%), Margin = 0.904 ns (0.43% of Mean)
Skewness = 0.44, Kurtosis = 2.08, MValue = 2
-------------------- Histogram --------------------
[209.866 ns ; 213.686 ns) | @@@@@@@@@@@@@@@
---------------------------------------------------

MediatorBenchmarks.NestedSend: .NET 8.0(Runtime=.NET 8.0, Toolchain=net8.0)
Runtime = .NET 8.0.31 (8.0.31, 8.0.3126.42015), X64 RyuJIT x86-64-v3; GC = Concurrent Workstation
Mean = 90.880 ns, StdErr = 0.111 ns (0.12%), N = 15, StdDev = 0.432 ns
Min = 90.096 ns, Q1 = 90.661 ns, Median = 90.909 ns, Q3 = 91.120 ns, Max = 91.664 ns
IQR = 0.459 ns, LowerFence = 89.972 ns, UpperFence = 91.809 ns
ConfidenceInterval = [90.418 ns; 91.341 ns] (CI 99.9%), Margin = 0.462 ns (0.51% of Mean)
Skewness = -0.17, Kurtosis = 2.31, MValue = 2
-------------------- Histogram --------------------
[89.965 ns ; 91.782 ns) | @@@@@@@@@@@@@@@
---------------------------------------------------

MediatorBenchmarks.DirectCall: .NET 9.0(Runtime=.NET 9.0, Toolchain=net9.0)
Runtime = .NET 9.0.20 (9.0.20, 9.0.2026.41315), X64 RyuJIT x86-64-v3; GC = Concurrent Workstation
Mean = 0.330 ns, StdErr = 0.001 ns (0.34%), N = 14, StdDev = 0.004 ns
Min = 0.325 ns, Q1 = 0.327 ns, Median = 0.328 ns, Q3 = 0.333 ns, Max = 0.338 ns
IQR = 0.007 ns, LowerFence = 0.317 ns, UpperFence = 0.343 ns
ConfidenceInterval = [0.325 ns; 0.335 ns] (CI 99.9%), Margin = 0.005 ns (1.45% of Mean)
Skewness = 0.66, Kurtosis = 1.83, MValue = 2
-------------------- Histogram --------------------
[0.324 ns ; 0.330 ns) | @@@@@@@@@
[0.330 ns ; 0.341 ns) | @@@@@
---------------------------------------------------

MediatorBenchmarks.SendCommand_NoBehaviors: .NET 9.0(Runtime=.NET 9.0, Toolchain=net9.0)
Runtime = .NET 9.0.20 (9.0.20, 9.0.2026.41315), X64 RyuJIT x86-64-v3; GC = Concurrent Workstation
Mean = 23.431 ns, StdErr = 0.012 ns (0.05%), N = 13, StdDev = 0.044 ns
Min = 23.372 ns, Q1 = 23.402 ns, Median = 23.428 ns, Q3 = 23.458 ns, Max = 23.503 ns
IQR = 0.056 ns, LowerFence = 23.318 ns, UpperFence = 23.541 ns
ConfidenceInterval = [23.379 ns; 23.483 ns] (CI 99.9%), Margin = 0.052 ns (0.22% of Mean)
Skewness = 0.19, Kurtosis = 1.55, MValue = 2
-------------------- Histogram --------------------
[23.348 ns ; 23.528 ns) | @@@@@@@@@@@@@
---------------------------------------------------

MediatorBenchmarks.SendQuery_NoBehaviors: .NET 9.0(Runtime=.NET 9.0, Toolchain=net9.0)
Runtime = .NET 9.0.20 (9.0.20, 9.0.2026.41315), X64 RyuJIT x86-64-v3; GC = Concurrent Workstation
Mean = 19.958 ns, StdErr = 0.004 ns (0.02%), N = 14, StdDev = 0.014 ns
Min = 19.939 ns, Q1 = 19.948 ns, Median = 19.954 ns, Q3 = 19.965 ns, Max = 19.989 ns
IQR = 0.017 ns, LowerFence = 19.922 ns, UpperFence = 19.991 ns
ConfidenceInterval = [19.942 ns; 19.974 ns] (CI 99.9%), Margin = 0.016 ns (0.08% of Mean)
Skewness = 0.8, Kurtosis = 2.46, MValue = 2
-------------------- Histogram --------------------
[19.931 ns ; 19.997 ns) | @@@@@@@@@@@@@@
---------------------------------------------------

MediatorBenchmarks.SendCommand_OneBehavior: .NET 9.0(Runtime=.NET 9.0, Toolchain=net9.0)
Runtime = .NET 9.0.20 (9.0.20, 9.0.2026.41315), X64 RyuJIT x86-64-v3; GC = Concurrent Workstation
Mean = 45.610 ns, StdErr = 0.014 ns (0.03%), N = 14, StdDev = 0.054 ns
Min = 45.528 ns, Q1 = 45.570 ns, Median = 45.622 ns, Q3 = 45.645 ns, Max = 45.683 ns
IQR = 0.074 ns, LowerFence = 45.459 ns, UpperFence = 45.756 ns
ConfidenceInterval = [45.549 ns; 45.671 ns] (CI 99.9%), Margin = 0.061 ns (0.13% of Mean)
Skewness = -0.23, Kurtosis = 1.49, MValue = 2
-------------------- Histogram --------------------
[45.498 ns ; 45.713 ns) | @@@@@@@@@@@@@@
---------------------------------------------------

MediatorBenchmarks.SendCommand_FiveBehaviors: .NET 9.0(Runtime=.NET 9.0, Toolchain=net9.0)
Runtime = .NET 9.0.20 (9.0.20, 9.0.2026.41315), X64 RyuJIT x86-64-v3; GC = Concurrent Workstation
Mean = 223.569 ns, StdErr = 0.138 ns (0.06%), N = 14, StdDev = 0.516 ns
Min = 222.952 ns, Q1 = 223.162 ns, Median = 223.510 ns, Q3 = 223.790 ns, Max = 224.673 ns
IQR = 0.629 ns, LowerFence = 222.218 ns, UpperFence = 224.734 ns
ConfidenceInterval = [222.986 ns; 224.151 ns] (CI 99.9%), Margin = 0.582 ns (0.26% of Mean)
Skewness = 0.74, Kurtosis = 2.44, MValue = 2
-------------------- Histogram --------------------
[222.671 ns ; 224.955 ns) | @@@@@@@@@@@@@@
---------------------------------------------------

MediatorBenchmarks.PublishNotification_OneHandler: .NET 9.0(Runtime=.NET 9.0, Toolchain=net9.0)
Runtime = .NET 9.0.20 (9.0.20, 9.0.2026.41315), X64 RyuJIT x86-64-v3; GC = Concurrent Workstation
Mean = 55.202 ns, StdErr = 0.070 ns (0.13%), N = 15, StdDev = 0.270 ns
Min = 54.794 ns, Q1 = 54.963 ns, Median = 55.227 ns, Q3 = 55.363 ns, Max = 55.720 ns
IQR = 0.400 ns, LowerFence = 54.364 ns, UpperFence = 55.963 ns
ConfidenceInterval = [54.914 ns; 55.491 ns] (CI 99.9%), Margin = 0.289 ns (0.52% of Mean)
Skewness = 0.1, Kurtosis = 1.91, MValue = 2
-------------------- Histogram --------------------
[54.784 ns ; 55.864 ns) | @@@@@@@@@@@@@@@
---------------------------------------------------

MediatorBenchmarks.PublishNotification_FiveHandlers: .NET 9.0(Runtime=.NET 9.0, Toolchain=net9.0)
Runtime = .NET 9.0.20 (9.0.20, 9.0.2026.41315), X64 RyuJIT x86-64-v3; GC = Concurrent Workstation
Mean = 220.539 ns, StdErr = 0.205 ns (0.09%), N = 15, StdDev = 0.793 ns
Min = 219.335 ns, Q1 = 219.888 ns, Median = 220.437 ns, Q3 = 221.131 ns, Max = 221.885 ns
IQR = 1.243 ns, LowerFence = 218.023 ns, UpperFence = 222.996 ns
ConfidenceInterval = [219.692 ns; 221.386 ns] (CI 99.9%), Margin = 0.847 ns (0.38% of Mean)
Skewness = 0.07, Kurtosis = 1.63, MValue = 2
-------------------- Histogram --------------------
[218.913 ns ; 222.306 ns) | @@@@@@@@@@@@@@@
---------------------------------------------------

MediatorBenchmarks.PublishNotification_Parallel: .NET 9.0(Runtime=.NET 9.0, Toolchain=net9.0)
Runtime = .NET 9.0.20 (9.0.20, 9.0.2026.41315), X64 RyuJIT x86-64-v3; GC = Concurrent Workstation
Mean = 200.584 ns, StdErr = 0.326 ns (0.16%), N = 14, StdDev = 1.221 ns
Min = 198.562 ns, Q1 = 199.672 ns, Median = 200.477 ns, Q3 = 201.563 ns, Max = 202.729 ns
IQR = 1.891 ns, LowerFence = 196.835 ns, UpperFence = 204.399 ns
ConfidenceInterval = [199.207 ns; 201.962 ns] (CI 99.9%), Margin = 1.378 ns (0.69% of Mean)
Skewness = 0.14, Kurtosis = 1.82, MValue = 2
-------------------- Histogram --------------------
[197.897 ns ; 203.394 ns) | @@@@@@@@@@@@@@
---------------------------------------------------

MediatorBenchmarks.NestedSend: .NET 9.0(Runtime=.NET 9.0, Toolchain=net9.0)
Runtime = .NET 9.0.20 (9.0.20, 9.0.2026.41315), X64 RyuJIT x86-64-v3; GC = Concurrent Workstation
Mean = 79.920 ns, StdErr = 0.035 ns (0.04%), N = 15, StdDev = 0.135 ns
Min = 79.736 ns, Q1 = 79.812 ns, Median = 79.893 ns, Q3 = 79.995 ns, Max = 80.231 ns
IQR = 0.184 ns, LowerFence = 79.536 ns, UpperFence = 80.271 ns
ConfidenceInterval = [79.775 ns; 80.065 ns] (CI 99.9%), Margin = 0.145 ns (0.18% of Mean)
Skewness = 0.66, Kurtosis = 2.57, MValue = 2
-------------------- Histogram --------------------
[79.664 ns ; 80.303 ns) | @@@@@@@@@@@@@@@
---------------------------------------------------

MediatorBenchmarks.DirectCall: ShortRun(IterationCount=3, LaunchCount=1, WarmupCount=3)
Runtime = .NET 10.0.12 (10.0.12, 10.0.1226.42308), X64 RyuJIT x86-64-v3; GC = Concurrent Workstation
Mean = 0.603 ns, StdErr = 0.005 ns (0.76%), N = 3, StdDev = 0.008 ns
Min = 0.596 ns, Q1 = 0.599 ns, Median = 0.601 ns, Q3 = 0.606 ns, Max = 0.612 ns
IQR = 0.008 ns, LowerFence = 0.587 ns, UpperFence = 0.618 ns
ConfidenceInterval = [0.458 ns; 0.749 ns] (CI 99.9%), Margin = 0.145 ns (24.12% of Mean)
Skewness = 0.24, Kurtosis = 0.67, MValue = 2
-------------------- Histogram --------------------
[0.591 ns ; 0.606 ns) | @@
[0.606 ns ; 0.619 ns) | @
---------------------------------------------------

MediatorBenchmarks.SendCommand_NoBehaviors: ShortRun(IterationCount=3, LaunchCount=1, WarmupCount=3)
Runtime = .NET 10.0.12 (10.0.12, 10.0.1226.42308), X64 RyuJIT x86-64-v3; GC = Concurrent Workstation
Mean = 21.064 ns, StdErr = 0.006 ns (0.03%), N = 3, StdDev = 0.010 ns
Min = 21.052 ns, Q1 = 21.061 ns, Median = 21.069 ns, Q3 = 21.070 ns, Max = 21.071 ns
IQR = 0.009 ns, LowerFence = 21.047 ns, UpperFence = 21.084 ns
ConfidenceInterval = [20.877 ns; 21.251 ns] (CI 99.9%), Margin = 0.187 ns (0.89% of Mean)
Skewness = -0.36, Kurtosis = 0.67, MValue = 2
-------------------- Histogram --------------------
[21.043 ns ; 21.081 ns) | @@@
---------------------------------------------------

MediatorBenchmarks.SendQuery_NoBehaviors: ShortRun(IterationCount=3, LaunchCount=1, WarmupCount=3)
Runtime = .NET 10.0.12 (10.0.12, 10.0.1226.42308), X64 RyuJIT x86-64-v3; GC = Concurrent Workstation
Mean = 15.484 ns, StdErr = 0.004 ns (0.02%), N = 3, StdDev = 0.006 ns
Min = 15.479 ns, Q1 = 15.481 ns, Median = 15.483 ns, Q3 = 15.487 ns, Max = 15.491 ns
IQR = 0.006 ns, LowerFence = 15.472 ns, UpperFence = 15.496 ns
ConfidenceInterval = [15.373 ns; 15.596 ns] (CI 99.9%), Margin = 0.111 ns (0.72% of Mean)
Skewness = 0.24, Kurtosis = 0.67, MValue = 2
-------------------- Histogram --------------------
[15.474 ns ; 15.497 ns) | @@@
---------------------------------------------------

MediatorBenchmarks.SendCommand_OneBehavior: ShortRun(IterationCount=3, LaunchCount=1, WarmupCount=3)
Runtime = .NET 10.0.12 (10.0.12, 10.0.1226.42308), X64 RyuJIT x86-64-v3; GC = Concurrent Workstation
Mean = 47.811 ns, StdErr = 0.011 ns (0.02%), N = 3, StdDev = 0.018 ns
Min = 47.791 ns, Q1 = 47.805 ns, Median = 47.818 ns, Q3 = 47.822 ns, Max = 47.825 ns
IQR = 0.017 ns, LowerFence = 47.778 ns, UpperFence = 47.848 ns
ConfidenceInterval = [47.476 ns; 48.147 ns] (CI 99.9%), Margin = 0.336 ns (0.70% of Mean)
Skewness = -0.32, Kurtosis = 0.67, MValue = 2
-------------------- Histogram --------------------
[47.774 ns ; 47.842 ns) | @@@
---------------------------------------------------

MediatorBenchmarks.SendCommand_FiveBehaviors: ShortRun(IterationCount=3, LaunchCount=1, WarmupCount=3)
Runtime = .NET 10.0.12 (10.0.12, 10.0.1226.42308), X64 RyuJIT x86-64-v3; GC = Concurrent Workstation
Mean = 188.609 ns, StdErr = 0.298 ns (0.16%), N = 3, StdDev = 0.517 ns
Min = 188.305 ns, Q1 = 188.311 ns, Median = 188.317 ns, Q3 = 188.761 ns, Max = 189.206 ns
IQR = 0.451 ns, LowerFence = 187.635 ns, UpperFence = 189.437 ns
ConfidenceInterval = [179.180 ns; 198.039 ns] (CI 99.9%), Margin = 9.430 ns (5.00% of Mean)
Skewness = 0.38, Kurtosis = 0.67, MValue = 2
-------------------- Histogram --------------------
[188.285 ns ; 189.226 ns) | @@@
---------------------------------------------------

MediatorBenchmarks.PublishNotification_OneHandler: ShortRun(IterationCount=3, LaunchCount=1, WarmupCount=3)
Runtime = .NET 10.0.12 (10.0.12, 10.0.1226.42308), X64 RyuJIT x86-64-v3; GC = Concurrent Workstation
Mean = 37.086 ns, StdErr = 0.068 ns (0.18%), N = 3, StdDev = 0.117 ns
Min = 36.989 ns, Q1 = 37.021 ns, Median = 37.053 ns, Q3 = 37.135 ns, Max = 37.217 ns
IQR = 0.114 ns, LowerFence = 36.851 ns, UpperFence = 37.306 ns
ConfidenceInterval = [34.948 ns; 39.225 ns] (CI 99.9%), Margin = 2.138 ns (5.77% of Mean)
Skewness = 0.26, Kurtosis = 0.67, MValue = 2
-------------------- Histogram --------------------
[36.883 ns ; 37.323 ns) | @@@
---------------------------------------------------

MediatorBenchmarks.PublishNotification_FiveHandlers: ShortRun(IterationCount=3, LaunchCount=1, WarmupCount=3)
Runtime = .NET 10.0.12 (10.0.12, 10.0.1226.42308), X64 RyuJIT x86-64-v3; GC = Concurrent Workstation
Mean = 198.065 ns, StdErr = 0.766 ns (0.39%), N = 3, StdDev = 1.327 ns
Min = 196.583 ns, Q1 = 197.526 ns, Median = 198.470 ns, Q3 = 198.806 ns, Max = 199.142 ns
IQR = 1.280 ns, LowerFence = 195.607 ns, UpperFence = 200.726 ns
ConfidenceInterval = [173.860 ns; 222.270 ns] (CI 99.9%), Margin = 24.205 ns (12.22% of Mean)
Skewness = -0.28, Kurtosis = 0.67, MValue = 2
-------------------- Histogram --------------------
[195.376 ns ; 200.350 ns) | @@@
---------------------------------------------------

MediatorBenchmarks.PublishNotification_Parallel: ShortRun(IterationCount=3, LaunchCount=1, WarmupCount=3)
Runtime = .NET 10.0.12 (10.0.12, 10.0.1226.42308), X64 RyuJIT x86-64-v3; GC = Concurrent Workstation
Mean = 182.109 ns, StdErr = 0.858 ns (0.47%), N = 3, StdDev = 1.485 ns
Min = 180.897 ns, Q1 = 181.280 ns, Median = 181.663 ns, Q3 = 182.715 ns, Max = 183.766 ns
IQR = 1.434 ns, LowerFence = 179.128 ns, UpperFence = 184.866 ns
ConfidenceInterval = [155.008 ns; 209.209 ns] (CI 99.9%), Margin = 27.100 ns (14.88% of Mean)
Skewness = 0.27, Kurtosis = 0.67, MValue = 2
-------------------- Histogram --------------------
[179.545 ns ; 185.118 ns) | @@@
---------------------------------------------------

MediatorBenchmarks.NestedSend: ShortRun(IterationCount=3, LaunchCount=1, WarmupCount=3)
Runtime = .NET 10.0.12 (10.0.12, 10.0.1226.42308), X64 RyuJIT x86-64-v3; GC = Concurrent Workstation
Mean = 74.252 ns, StdErr = 1.105 ns (1.49%), N = 3, StdDev = 1.915 ns
Min = 73.008 ns, Q1 = 73.149 ns, Median = 73.291 ns, Q3 = 74.874 ns, Max = 76.457 ns
IQR = 1.725 ns, LowerFence = 70.563 ns, UpperFence = 77.461 ns
ConfidenceInterval = [39.320 ns; 109.183 ns] (CI 99.9%), Margin = 34.932 ns (47.04% of Mean)
Skewness = 0.38, Kurtosis = 0.67, MValue = 2
-------------------- Histogram --------------------
[72.990 ns ; 76.475 ns) | @@@
---------------------------------------------------

// * Summary *

BenchmarkDotNet v0.15.8, Linux Ubuntu 24.04.5 LTS (Noble Numbat)
AMD EPYC 7763 2.45GHz, 1 CPU, 4 logical and 2 physical cores
.NET SDK 10.0.401
  [Host]    : .NET 10.0.12 (10.0.12, 10.0.1226.42308), X64 RyuJIT x86-64-v3
  .NET 10.0 : .NET 10.0.12 (10.0.12, 10.0.1226.42308), X64 RyuJIT x86-64-v3
  .NET 8.0  : .NET 8.0.31 (8.0.31, 8.0.3126.42015), X64 RyuJIT x86-64-v3
  .NET 9.0  : .NET 9.0.20 (9.0.20, 9.0.2026.41315), X64 RyuJIT x86-64-v3
  ShortRun  : .NET 10.0.12 (10.0.12, 10.0.1226.42308), X64 RyuJIT x86-64-v3


| Method                           | Job       | Runtime   | IterationCount | LaunchCount | WarmupCount | Mean        | Error      | StdDev    | Ratio  | RatioSD | Gen0   | Allocated | Alloc Ratio |
|--------------------------------- |---------- |---------- |--------------- |------------ |------------ |------------:|-----------:|----------:|-------:|--------:|-------:|----------:|------------:|
| DirectCall                       | .NET 10.0 | .NET 10.0 | Default        | Default     | Default     |   0.6067 ns |  0.0092 ns | 0.0077 ns |   1.98 |    0.24 |      - |         - |          NA |
| SendCommand_NoBehaviors          | .NET 10.0 | .NET 10.0 | Default        | Default     | Default     |  21.6741 ns |  0.0750 ns | 0.0626 ns |  70.85 |    8.37 |      - |         - |          NA |
| SendQuery_NoBehaviors            | .NET 10.0 | .NET 10.0 | Default        | Default     | Default     |  16.0288 ns |  0.0280 ns | 0.0248 ns |  52.40 |    6.19 |      - |         - |          NA |
| SendCommand_OneBehavior          | .NET 10.0 | .NET 10.0 | Default        | Default     | Default     |  53.7074 ns |  0.1752 ns | 0.1553 ns | 175.57 |   20.74 |      - |         - |          NA |
| SendCommand_FiveBehaviors        | .NET 10.0 | .NET 10.0 | Default        | Default     | Default     | 188.0161 ns |  0.1737 ns | 0.1450 ns | 614.63 |   72.61 |      - |         - |          NA |
| PublishNotification_OneHandler   | .NET 10.0 | .NET 10.0 | Default        | Default     | Default     |  37.5814 ns |  0.2560 ns | 0.2270 ns | 122.85 |   14.53 | 0.0014 |      24 B |          NA |
| PublishNotification_FiveHandlers | .NET 10.0 | .NET 10.0 | Default        | Default     | Default     | 198.6224 ns |  1.6094 ns | 1.5054 ns | 649.30 |   76.83 | 0.0072 |     120 B |          NA |
| PublishNotification_Parallel     | .NET 10.0 | .NET 10.0 | Default        | Default     | Default     | 188.4771 ns |  1.4472 ns | 1.3537 ns | 616.13 |   72.89 | 0.0114 |     192 B |          NA |
| NestedSend                       | .NET 10.0 | .NET 10.0 | Default        | Default     | Default     |  69.9468 ns |  0.1932 ns | 0.1613 ns | 228.66 |   27.02 | 0.0014 |      24 B |          NA |
| DirectCall                       | .NET 8.0  | .NET 8.0  | Default        | Default     | Default     |   0.3115 ns |  0.0590 ns | 0.0492 ns |   1.02 |    0.20 |      - |         - |          NA |
| SendCommand_NoBehaviors          | .NET 8.0  | .NET 8.0  | Default        | Default     | Default     |  26.2453 ns |  0.0410 ns | 0.0363 ns |  85.80 |   10.13 |      - |         - |          NA |
| SendQuery_NoBehaviors            | .NET 8.0  | .NET 8.0  | Default        | Default     | Default     |  25.8076 ns |  0.0336 ns | 0.0262 ns |  84.37 |    9.97 |      - |         - |          NA |
| SendCommand_OneBehavior          | .NET 8.0  | .NET 8.0  | Default        | Default     | Default     |  55.7513 ns |  0.0592 ns | 0.0494 ns | 182.25 |   21.53 |      - |         - |          NA |
| SendCommand_FiveBehaviors        | .NET 8.0  | .NET 8.0  | Default        | Default     | Default     | 261.9612 ns |  1.1512 ns | 1.0205 ns | 856.35 |  101.20 |      - |         - |          NA |
| PublishNotification_OneHandler   | .NET 8.0  | .NET 8.0  | Default        | Default     | Default     |  58.5781 ns |  0.0621 ns | 0.0518 ns | 191.49 |   22.62 | 0.0014 |      24 B |          NA |
| PublishNotification_FiveHandlers | .NET 8.0  | .NET 8.0  | Default        | Default     | Default     | 224.9574 ns |  0.4922 ns | 0.4604 ns | 735.39 |   86.86 | 0.0072 |     120 B |          NA |
| PublishNotification_Parallel     | .NET 8.0  | .NET 8.0  | Default        | Default     | Default     | 211.5244 ns |  0.9037 ns | 0.8453 ns | 691.48 |   81.70 | 0.0119 |     200 B |          NA |
| NestedSend                       | .NET 8.0  | .NET 8.0  | Default        | Default     | Default     |  90.8799 ns |  0.4615 ns | 0.4317 ns | 297.09 |   35.11 | 0.0014 |      24 B |          NA |
| DirectCall                       | .NET 9.0  | .NET 9.0  | Default        | Default     | Default     |   0.3299 ns |  0.0048 ns | 0.0042 ns |   1.08 |    0.13 |      - |         - |          NA |
| SendCommand_NoBehaviors          | .NET 9.0  | .NET 9.0  | Default        | Default     | Default     |  23.4310 ns |  0.0521 ns | 0.0435 ns |  76.60 |    9.05 |      - |         - |          NA |
| SendQuery_NoBehaviors            | .NET 9.0  | .NET 9.0  | Default        | Default     | Default     |  19.9581 ns |  0.0163 ns | 0.0145 ns |  65.24 |    7.71 |      - |         - |          NA |
| SendCommand_OneBehavior          | .NET 9.0  | .NET 9.0  | Default        | Default     | Default     |  45.6103 ns |  0.0608 ns | 0.0539 ns | 149.10 |   17.61 |      - |         - |          NA |
| SendCommand_FiveBehaviors        | .NET 9.0  | .NET 9.0  | Default        | Default     | Default     | 223.5688 ns |  0.5824 ns | 0.5162 ns | 730.85 |   86.34 |      - |         - |          NA |
| PublishNotification_OneHandler   | .NET 9.0  | .NET 9.0  | Default        | Default     | Default     |  55.2021 ns |  0.2886 ns | 0.2699 ns | 180.46 |   21.33 | 0.0014 |      24 B |          NA |
| PublishNotification_FiveHandlers | .NET 9.0  | .NET 9.0  | Default        | Default     | Default     | 220.5391 ns |  0.8472 ns | 0.7925 ns | 720.94 |   85.18 | 0.0072 |     120 B |          NA |
| PublishNotification_Parallel     | .NET 9.0  | .NET 9.0  | Default        | Default     | Default     | 200.5843 ns |  1.3778 ns | 1.2213 ns | 655.71 |   77.55 | 0.0114 |     192 B |          NA |
| NestedSend                       | .NET 9.0  | .NET 9.0  | Default        | Default     | Default     |  79.9200 ns |  0.1446 ns | 0.1352 ns | 261.26 |   30.86 | 0.0014 |      24 B |          NA |
| DirectCall                       | ShortRun  | .NET 10.0 | 3              | 1           | 3           |   0.6030 ns |  0.1455 ns | 0.0080 ns |   1.97 |    0.24 |      - |         - |          NA |
| SendCommand_NoBehaviors          | ShortRun  | .NET 10.0 | 3              | 1           | 3           |  21.0641 ns |  0.1868 ns | 0.0102 ns |  68.86 |    8.22 |      - |         - |          NA |
| SendQuery_NoBehaviors            | ShortRun  | .NET 10.0 | 3              | 1           | 3           |  15.4844 ns |  0.1111 ns | 0.0061 ns |  50.62 |    6.04 |      - |         - |          NA |
| SendCommand_OneBehavior          | ShortRun  | .NET 10.0 | 3              | 1           | 3           |  47.8115 ns |  0.3359 ns | 0.0184 ns | 156.30 |   18.65 |      - |         - |          NA |
| SendCommand_FiveBehaviors        | ShortRun  | .NET 10.0 | 3              | 1           | 3           | 188.6092 ns |  9.4296 ns | 0.5169 ns | 616.57 |   73.59 |      - |         - |          NA |
| PublishNotification_OneHandler   | ShortRun  | .NET 10.0 | 3              | 1           | 3           |  37.0864 ns |  2.1382 ns | 0.1172 ns | 121.24 |   14.47 | 0.0014 |      24 B |          NA |
| PublishNotification_FiveHandlers | ShortRun  | .NET 10.0 | 3              | 1           | 3           | 198.0651 ns | 24.2050 ns | 1.3268 ns | 647.48 |   77.35 | 0.0072 |     120 B |          NA |
| PublishNotification_Parallel     | ShortRun  | .NET 10.0 | 3              | 1           | 3           | 182.1086 ns | 27.1003 ns | 1.4855 ns | 595.32 |   71.15 | 0.0114 |     192 B |          NA |
| NestedSend                       | ShortRun  | .NET 10.0 | 3              | 1           | 3           |  74.2519 ns | 34.9315 ns | 1.9147 ns | 242.73 |   29.43 | 0.0014 |      24 B |          NA |

// * Warnings *
ZeroMeasurement
  MediatorBenchmarks.DirectCall: ShortRun -> The method duration is indistinguishable from the empty method duration

// * Hints *
Outliers
  MediatorBenchmarks.DirectCall: .NET 10.0                     -> 2 outliers were removed (3.97 ns, 4.00 ns)
  MediatorBenchmarks.SendCommand_NoBehaviors: .NET 10.0        -> 2 outliers were removed, 4 outliers were detected (24.84 ns, 24.94 ns, 25.11 ns, 25.14 ns)
  MediatorBenchmarks.SendQuery_NoBehaviors: .NET 10.0          -> 1 outlier  was  removed (19.61 ns)
  MediatorBenchmarks.SendCommand_OneBehavior: .NET 10.0        -> 1 outlier  was  removed (58.05 ns)
  MediatorBenchmarks.SendCommand_FiveBehaviors: .NET 10.0      -> 2 outliers were removed (192.96 ns, 193.36 ns)
  MediatorBenchmarks.PublishNotification_OneHandler: .NET 10.0 -> 1 outlier  was  removed (40.73 ns)
  MediatorBenchmarks.NestedSend: .NET 10.0                     -> 2 outliers were removed (74.52 ns, 77.58 ns)
  MediatorBenchmarks.DirectCall: .NET 8.0                      -> 2 outliers were removed (4.24 ns, 4.34 ns)
  MediatorBenchmarks.SendCommand_NoBehaviors: .NET 8.0         -> 1 outlier  was  removed (30.16 ns)
  MediatorBenchmarks.SendQuery_NoBehaviors: .NET 8.0           -> 3 outliers were removed (29.60 ns..29.85 ns)
  MediatorBenchmarks.SendCommand_OneBehavior: .NET 8.0         -> 2 outliers were removed (59.68 ns, 60.05 ns)
  MediatorBenchmarks.SendCommand_FiveBehaviors: .NET 8.0       -> 1 outlier  was  removed (275.74 ns)
  MediatorBenchmarks.PublishNotification_OneHandler: .NET 8.0  -> 2 outliers were removed (61.08 ns, 61.20 ns)
  MediatorBenchmarks.DirectCall: .NET 9.0                      -> 1 outlier  was  removed (4.02 ns)
  MediatorBenchmarks.SendCommand_NoBehaviors: .NET 9.0         -> 2 outliers were removed (27.23 ns, 27.34 ns)
  MediatorBenchmarks.SendQuery_NoBehaviors: .NET 9.0           -> 1 outlier  was  removed (23.78 ns)
  MediatorBenchmarks.SendCommand_OneBehavior: .NET 9.0         -> 1 outlier  was  removed (49.45 ns)
  MediatorBenchmarks.SendCommand_FiveBehaviors: .NET 9.0       -> 1 outlier  was  removed (229.22 ns)
  MediatorBenchmarks.PublishNotification_Parallel: .NET 9.0    -> 1 outlier  was  removed (209.62 ns)

// * Legends *
  Mean        : Arithmetic mean of all measurements
  Error       : Half of 99.9% confidence interval
  StdDev      : Standard deviation of all measurements
  Ratio       : Mean of the ratio distribution ([Current]/[Baseline])
  RatioSD     : Standard deviation of the ratio distribution ([Current]/[Baseline])
  Gen0        : GC Generation 0 collects per 1000 operations
  Allocated   : Allocated memory per single operation (managed only, inclusive, 1KB = 1024B)
  Alloc Ratio : Allocated memory ratio distribution ([Current]/[Baseline])
  1 ns        : 1 Nanosecond (0.000000001 sec)

// * Diagnostic Output - MemoryDiagnoser *


// ***** BenchmarkRunner: End *****
Run time: 00:11:31 (691.06 sec), executed benchmarks: 36

Global total time: 00:12:09 (729.26 sec), executed benchmarks: 36
// * Artifacts cleanup *
Artifacts cleanup is finished
