// Validating benchmarks:
//    * Job(ShortRun) doesn't have a Runtime characteristic. It's recommended to specify runtime by using WithRuntime explicitly.

// ***** BenchmarkRunner: Start   *****
// ***** Found 36 benchmark(s) in total *****
// ***** Building 3 exe(s) in Parallel: Start   *****
// ***** Done, took 00:00:36 (36.93 sec)   *****
// Found 36 benchmarks:
//   MediatorBenchmarks.DirectCall: .NET 10.0(Runtime=.NET 10.0, Toolchain=net10.0)
//   MediatorBenchmarks.SendCommand_NoBehaviors: .NET 10.0(Runtime=.NET 10.0, Toolchain=net10.0)
//   MediatorBenchmarks.SendQuery_NoBehaviors: .NET 10.0(Runtime=.NET 10.0, Toolchain=net10.0)
//   MediatorBenchmarks.SendCommand_OneBehavior: .NET 10.0(Runtime=.NET 10.0, Toolchain=net10.0)
//   MediatorBenchmarks.SendCommand_FiveBehaviors: .NET 10.0(Runtime=.NET 10.0, Toolchain=net10.0)
//   MediatorBenchmarks.PublishNotification_OneHandler: .NET 10.0(Runtime=.NET 10.0, Toolchain=net10.0)
//   MediatorBenchmarks.PublishNotification_FiveHandlers: .NET 10.0(Runtime=.NET 10.0, Toolchain=net10.0)
//   MediatorBenchmarks.PublishNotification_Parallel: .NET 10.0(Runtime=.NET 10.0, Toolchain=net10.0)
//   MediatorBenchmarks.NestedSend: .NET 10.0(Runtime=.NET 10.0, Toolchain=net10.0)
//   MediatorBenchmarks.DirectCall: .NET 8.0(Runtime=.NET 8.0, Toolchain=net8.0)
//   MediatorBenchmarks.SendCommand_NoBehaviors: .NET 8.0(Runtime=.NET 8.0, Toolchain=net8.0)
//   MediatorBenchmarks.SendQuery_NoBehaviors: .NET 8.0(Runtime=.NET 8.0, Toolchain=net8.0)
//   MediatorBenchmarks.SendCommand_OneBehavior: .NET 8.0(Runtime=.NET 8.0, Toolchain=net8.0)
//   MediatorBenchmarks.SendCommand_FiveBehaviors: .NET 8.0(Runtime=.NET 8.0, Toolchain=net8.0)
//   MediatorBenchmarks.PublishNotification_OneHandler: .NET 8.0(Runtime=.NET 8.0, Toolchain=net8.0)
//   MediatorBenchmarks.PublishNotification_FiveHandlers: .NET 8.0(Runtime=.NET 8.0, Toolchain=net8.0)
//   MediatorBenchmarks.PublishNotification_Parallel: .NET 8.0(Runtime=.NET 8.0, Toolchain=net8.0)
//   MediatorBenchmarks.NestedSend: .NET 8.0(Runtime=.NET 8.0, Toolchain=net8.0)
//   MediatorBenchmarks.DirectCall: .NET 9.0(Runtime=.NET 9.0, Toolchain=net9.0)
//   MediatorBenchmarks.SendCommand_NoBehaviors: .NET 9.0(Runtime=.NET 9.0, Toolchain=net9.0)
//   MediatorBenchmarks.SendQuery_NoBehaviors: .NET 9.0(Runtime=.NET 9.0, Toolchain=net9.0)
//   MediatorBenchmarks.SendCommand_OneBehavior: .NET 9.0(Runtime=.NET 9.0, Toolchain=net9.0)
//   MediatorBenchmarks.SendCommand_FiveBehaviors: .NET 9.0(Runtime=.NET 9.0, Toolchain=net9.0)
//   MediatorBenchmarks.PublishNotification_OneHandler: .NET 9.0(Runtime=.NET 9.0, Toolchain=net9.0)
//   MediatorBenchmarks.PublishNotification_FiveHandlers: .NET 9.0(Runtime=.NET 9.0, Toolchain=net9.0)
//   MediatorBenchmarks.PublishNotification_Parallel: .NET 9.0(Runtime=.NET 9.0, Toolchain=net9.0)
//   MediatorBenchmarks.NestedSend: .NET 9.0(Runtime=.NET 9.0, Toolchain=net9.0)
//   MediatorBenchmarks.DirectCall: ShortRun(IterationCount=3, LaunchCount=1, WarmupCount=3)
//   MediatorBenchmarks.SendCommand_NoBehaviors: ShortRun(IterationCount=3, LaunchCount=1, WarmupCount=3)
//   MediatorBenchmarks.SendQuery_NoBehaviors: ShortRun(IterationCount=3, LaunchCount=1, WarmupCount=3)
//   MediatorBenchmarks.SendCommand_OneBehavior: ShortRun(IterationCount=3, LaunchCount=1, WarmupCount=3)
//   MediatorBenchmarks.SendCommand_FiveBehaviors: ShortRun(IterationCount=3, LaunchCount=1, WarmupCount=3)
//   MediatorBenchmarks.PublishNotification_OneHandler: ShortRun(IterationCount=3, LaunchCount=1, WarmupCount=3)
//   MediatorBenchmarks.PublishNotification_FiveHandlers: ShortRun(IterationCount=3, LaunchCount=1, WarmupCount=3)
//   MediatorBenchmarks.PublishNotification_Parallel: ShortRun(IterationCount=3, LaunchCount=1, WarmupCount=3)
//   MediatorBenchmarks.NestedSend: ShortRun(IterationCount=3, LaunchCount=1, WarmupCount=3)

// **************************
// Benchmark: MediatorBenchmarks.DirectCall: .NET 10.0(Runtime=.NET 10.0, Toolchain=net10.0)
// *** Execute ***
// Launch: 1 / 1
// Execute: dotnet "EricksonLopez.Mediator.Benchmarks-.NET 10.0-1.dll" --anonymousPipes 107 108 --benchmarkName EricksonLopez.Mediator.Benchmarks.MediatorBenchmarks.DirectCall --job ".NET 10.0" --benchmarkId 0 in /home/runner/work/dotnet-mediator/dotnet-mediator/benchmarks/EricksonLopez.Mediator.Benchmarks/bin/Release/net10.0/EricksonLopez.Mediator.Benchmarks-.NET 10.0-1/bin/Release/net10.0
// Failed to set up high priority (Permission denied). In order to run benchmarks with high priority, make sure you have the right permissions.
// BeforeAnythingElse

// Benchmark Process Environment Information:
// BenchmarkDotNet v0.15.8
// Runtime=.NET 10.0.11 (10.0.11, 10.0.1126.37416), X64 RyuJIT x86-64-v3
// GC=Concurrent Workstation
// HardwareIntrinsics=AVX2+BMI1+BMI2+F16C+FMA+LZCNT+MOVBE,AVX,SSE3+SSSE3+SSE4.1+SSE4.2+POPCNT,X86Base+SSE+SSE2,AES+PCLMUL VectorSize=256
// Job: .NET 10.0

OverheadJitting  1: 1 op, 234979.00 ns, 234.9790 us/op
WorkloadJitting  1: 1 op, 847964.00 ns, 847.9640 us/op

OverheadJitting  2: 16 op, 522296.00 ns, 32.6435 us/op
WorkloadJitting  2: 16 op, 458466.00 ns, 28.6541 us/op

WorkloadPilot    1: 16 op, 2204.00 ns, 137.7500 ns/op
WorkloadPilot    2: 32 op, 3366.00 ns, 105.1875 ns/op
WorkloadPilot    3: 64 op, 4909.00 ns, 76.7031 ns/op
WorkloadPilot    4: 128 op, 8145.00 ns, 63.6328 ns/op
WorkloadPilot    5: 256 op, 14738.00 ns, 57.5703 ns/op
WorkloadPilot    6: 512 op, 28223.00 ns, 55.1230 ns/op
WorkloadPilot    7: 1024 op, 68318.00 ns, 66.7168 ns/op
WorkloadPilot    8: 2048 op, 85089.00 ns, 41.5474 ns/op
WorkloadPilot    9: 4096 op, 161301.00 ns, 39.3801 ns/op
WorkloadPilot   10: 8192 op, 311562.00 ns, 38.0325 ns/op
WorkloadPilot   11: 16384 op, 614958.00 ns, 37.5341 ns/op
WorkloadPilot   12: 32768 op, 1238223.00 ns, 37.7876 ns/op
WorkloadPilot   13: 65536 op, 2510308.00 ns, 38.3043 ns/op
WorkloadPilot   14: 131072 op, 4943865.00 ns, 37.7187 ns/op
WorkloadPilot   15: 262144 op, 9897687.00 ns, 37.7567 ns/op
WorkloadPilot   16: 524288 op, 19637439.00 ns, 37.4554 ns/op
WorkloadPilot   17: 1048576 op, 39540084.00 ns, 37.7084 ns/op
WorkloadPilot   18: 2097152 op, 77052000.00 ns, 36.7413 ns/op
WorkloadPilot   19: 4194304 op, 17432000.00 ns, 4.1561 ns/op
WorkloadPilot   20: 8388608 op, 36978319.00 ns, 4.4082 ns/op
WorkloadPilot   21: 16777216 op, 67233869.00 ns, 4.0075 ns/op
WorkloadPilot   22: 33554432 op, 133793484.00 ns, 3.9874 ns/op
WorkloadPilot   23: 67108864 op, 271076906.00 ns, 4.0394 ns/op
WorkloadPilot   24: 134217728 op, 544144331.00 ns, 4.0542 ns/op

OverheadWarmup   1: 134217728 op, 645849590.00 ns, 4.8120 ns/op
OverheadWarmup   2: 134217728 op, 447082108.00 ns, 3.3310 ns/op
OverheadWarmup   3: 134217728 op, 447355567.00 ns, 3.3331 ns/op
OverheadWarmup   4: 134217728 op, 446801174.00 ns, 3.3289 ns/op
OverheadWarmup   5: 134217728 op, 447500348.00 ns, 3.3341 ns/op
OverheadWarmup   6: 134217728 op, 446907071.00 ns, 3.3297 ns/op

OverheadActual   1: 134217728 op, 449656813.00 ns, 3.3502 ns/op
OverheadActual   2: 134217728 op, 450276346.00 ns, 3.3548 ns/op
OverheadActual   3: 134217728 op, 447803756.00 ns, 3.3364 ns/op
OverheadActual   4: 134217728 op, 447186073.00 ns, 3.3318 ns/op
OverheadActual   5: 134217728 op, 453321763.00 ns, 3.3775 ns/op
OverheadActual   6: 134217728 op, 447490772.00 ns, 3.3341 ns/op
OverheadActual   7: 134217728 op, 447207733.00 ns, 3.3320 ns/op
OverheadActual   8: 134217728 op, 447832129.00 ns, 3.3366 ns/op
OverheadActual   9: 134217728 op, 450375320.00 ns, 3.3556 ns/op
OverheadActual  10: 134217728 op, 448208933.00 ns, 3.3394 ns/op
OverheadActual  11: 134217728 op, 446774921.00 ns, 3.3287 ns/op
OverheadActual  12: 134217728 op, 446697500.00 ns, 3.3282 ns/op
OverheadActual  13: 134217728 op, 447520299.00 ns, 3.3343 ns/op
OverheadActual  14: 134217728 op, 447826141.00 ns, 3.3366 ns/op
OverheadActual  15: 134217728 op, 449144794.00 ns, 3.3464 ns/op

WorkloadWarmup   1: 134217728 op, 543597201.00 ns, 4.0501 ns/op
WorkloadWarmup   2: 134217728 op, 531754853.00 ns, 3.9619 ns/op
WorkloadWarmup   3: 134217728 op, 528881416.00 ns, 3.9405 ns/op
WorkloadWarmup   4: 134217728 op, 528405578.00 ns, 3.9369 ns/op
WorkloadWarmup   5: 134217728 op, 528121608.00 ns, 3.9348 ns/op
WorkloadWarmup   6: 134217728 op, 528208870.00 ns, 3.9355 ns/op
WorkloadWarmup   7: 134217728 op, 529102299.00 ns, 3.9421 ns/op
WorkloadWarmup   8: 134217728 op, 531404326.00 ns, 3.9593 ns/op
WorkloadWarmup   9: 134217728 op, 528760812.00 ns, 3.9396 ns/op
WorkloadWarmup  10: 134217728 op, 528027111.00 ns, 3.9341 ns/op
WorkloadWarmup  11: 134217728 op, 528257396.00 ns, 3.9358 ns/op
WorkloadWarmup  12: 134217728 op, 527933524.00 ns, 3.9334 ns/op

// BeforeActualRun
WorkloadActual   1: 134217728 op, 530305495.00 ns, 3.9511 ns/op
WorkloadActual   2: 134217728 op, 527760401.00 ns, 3.9321 ns/op
WorkloadActual   3: 134217728 op, 529551828.00 ns, 3.9455 ns/op
WorkloadActual   4: 134217728 op, 529730519.00 ns, 3.9468 ns/op
WorkloadActual   5: 134217728 op, 531911296.00 ns, 3.9630 ns/op
WorkloadActual   6: 134217728 op, 545191789.00 ns, 4.0620 ns/op
WorkloadActual   7: 134217728 op, 528894342.00 ns, 3.9406 ns/op
WorkloadActual   8: 134217728 op, 527768604.00 ns, 3.9322 ns/op
WorkloadActual   9: 134217728 op, 528416016.00 ns, 3.9370 ns/op
WorkloadActual  10: 134217728 op, 528247982.00 ns, 3.9358 ns/op
WorkloadActual  11: 134217728 op, 528584521.00 ns, 3.9383 ns/op
WorkloadActual  12: 134217728 op, 528587236.00 ns, 3.9383 ns/op
WorkloadActual  13: 134217728 op, 527948422.00 ns, 3.9335 ns/op
WorkloadActual  14: 134217728 op, 530430227.00 ns, 3.9520 ns/op
WorkloadActual  15: 134217728 op, 530272444.00 ns, 3.9508 ns/op

// AfterActualRun
WorkloadResult   1: 134217728 op, 82479354.00 ns, 0.6145 ns/op
WorkloadResult   2: 134217728 op, 79934260.00 ns, 0.5956 ns/op
WorkloadResult   3: 134217728 op, 81725687.00 ns, 0.6089 ns/op
WorkloadResult   4: 134217728 op, 81904378.00 ns, 0.6102 ns/op
WorkloadResult   5: 134217728 op, 84085155.00 ns, 0.6265 ns/op
WorkloadResult   6: 134217728 op, 81068201.00 ns, 0.6040 ns/op
WorkloadResult   7: 134217728 op, 79942463.00 ns, 0.5956 ns/op
WorkloadResult   8: 134217728 op, 80589875.00 ns, 0.6004 ns/op
WorkloadResult   9: 134217728 op, 80421841.00 ns, 0.5992 ns/op
WorkloadResult  10: 134217728 op, 80758380.00 ns, 0.6017 ns/op
WorkloadResult  11: 134217728 op, 80761095.00 ns, 0.6017 ns/op
WorkloadResult  12: 134217728 op, 80122281.00 ns, 0.5970 ns/op
WorkloadResult  13: 134217728 op, 82604086.00 ns, 0.6154 ns/op
WorkloadResult  14: 134217728 op, 82446303.00 ns, 0.6143 ns/op
// GC:  0 0 0 32 134217728
// Threading:  0 0 134217728

// AfterAll
// Benchmark Process 4651 has exited with code 0.

Mean = 0.606 ns, StdErr = 0.002 ns (0.40%), N = 14, StdDev = 0.009 ns
Min = 0.596 ns, Q1 = 0.600 ns, Median = 0.603 ns, Q3 = 0.613 ns, Max = 0.626 ns
IQR = 0.014 ns, LowerFence = 0.579 ns, UpperFence = 0.634 ns
ConfidenceInterval = [0.596 ns; 0.616 ns] (CI 99.9%), Margin = 0.010 ns (1.71% of Mean)
Skewness = 0.63, Kurtosis = 2.29, MValue = 2

// ** Remained 35 (97.2 %) benchmark(s) to run. Estimated finish 2026-09-06 6:52 (0h 15m from now) **
// **************************
// Benchmark: MediatorBenchmarks.SendCommand_NoBehaviors: .NET 10.0(Runtime=.NET 10.0, Toolchain=net10.0)
// *** Execute ***
// Launch: 1 / 1
// Execute: dotnet "EricksonLopez.Mediator.Benchmarks-.NET 10.0-1.dll" --anonymousPipes 107 108 --benchmarkName EricksonLopez.Mediator.Benchmarks.MediatorBenchmarks.SendCommand_NoBehaviors --job ".NET 10.0" --benchmarkId 1 in /home/runner/work/dotnet-mediator/dotnet-mediator/benchmarks/EricksonLopez.Mediator.Benchmarks/bin/Release/net10.0/EricksonLopez.Mediator.Benchmarks-.NET 10.0-1/bin/Release/net10.0
// Failed to set up high priority (Permission denied). In order to run benchmarks with high priority, make sure you have the right permissions.
// BeforeAnythingElse

// Benchmark Process Environment Information:
// BenchmarkDotNet v0.15.8
// Runtime=.NET 10.0.11 (10.0.11, 10.0.1126.37416), X64 RyuJIT x86-64-v3
// GC=Concurrent Workstation
// HardwareIntrinsics=AVX2+BMI1+BMI2+F16C+FMA+LZCNT+MOVBE,AVX,SSE3+SSSE3+SSE4.1+SSE4.2+POPCNT,X86Base+SSE+SSE2,AES+PCLMUL VectorSize=256
// Job: .NET 10.0

OverheadJitting  1: 1 op, 215563.00 ns, 215.5630 us/op
WorkloadJitting  1: 1 op, 1553240.00 ns, 1.5532 ms/op

OverheadJitting  2: 16 op, 433981.00 ns, 27.1238 us/op
WorkloadJitting  2: 16 op, 478454.00 ns, 29.9034 us/op

WorkloadPilot    1: 16 op, 7443.00 ns, 465.1875 ns/op
WorkloadPilot    2: 32 op, 11622.00 ns, 363.1875 ns/op
WorkloadPilot    3: 64 op, 23133.00 ns, 361.4531 ns/op
WorkloadPilot    4: 128 op, 45095.00 ns, 352.3047 ns/op
WorkloadPilot    5: 256 op, 69470.00 ns, 271.3672 ns/op
WorkloadPilot    6: 512 op, 149239.00 ns, 291.4824 ns/op
WorkloadPilot    7: 1024 op, 238336.00 ns, 232.7500 ns/op
WorkloadPilot    8: 2048 op, 489233.00 ns, 238.8833 ns/op
WorkloadPilot    9: 4096 op, 930979.00 ns, 227.2898 ns/op
WorkloadPilot   10: 8192 op, 2009873.00 ns, 245.3458 ns/op
WorkloadPilot   11: 16384 op, 3928735.00 ns, 239.7910 ns/op
WorkloadPilot   12: 32768 op, 7662898.00 ns, 233.8531 ns/op
WorkloadPilot   13: 65536 op, 15126002.00 ns, 230.8045 ns/op
WorkloadPilot   14: 131072 op, 30092216.00 ns, 229.5854 ns/op
WorkloadPilot   15: 262144 op, 60052215.00 ns, 229.0810 ns/op
WorkloadPilot   16: 524288 op, 63152804.00 ns, 120.4544 ns/op
WorkloadPilot   17: 1048576 op, 25659128.00 ns, 24.4705 ns/op
WorkloadPilot   18: 2097152 op, 51043004.00 ns, 24.3392 ns/op
WorkloadPilot   19: 4194304 op, 102390576.00 ns, 24.4118 ns/op
WorkloadPilot   20: 8388608 op, 204285644.00 ns, 24.3527 ns/op
WorkloadPilot   21: 16777216 op, 408253700.00 ns, 24.3338 ns/op
WorkloadPilot   22: 33554432 op, 816361677.00 ns, 24.3295 ns/op

OverheadWarmup   1: 33554432 op, 143186837.00 ns, 4.2673 ns/op
OverheadWarmup   2: 33554432 op, 150372734.00 ns, 4.4815 ns/op
OverheadWarmup   3: 33554432 op, 111600142.00 ns, 3.3259 ns/op
OverheadWarmup   4: 33554432 op, 111763636.00 ns, 3.3308 ns/op
OverheadWarmup   5: 33554432 op, 112296952.00 ns, 3.3467 ns/op
OverheadWarmup   6: 33554432 op, 111890343.00 ns, 3.3346 ns/op

OverheadActual   1: 33554432 op, 111694237.00 ns, 3.3287 ns/op
OverheadActual   2: 33554432 op, 111715216.00 ns, 3.3294 ns/op
OverheadActual   3: 33554432 op, 111602225.00 ns, 3.3260 ns/op
OverheadActual   4: 33554432 op, 112094434.00 ns, 3.3407 ns/op
OverheadActual   5: 33554432 op, 111764859.00 ns, 3.3309 ns/op
OverheadActual   6: 33554432 op, 111845078.00 ns, 3.3332 ns/op
OverheadActual   7: 33554432 op, 111940106.00 ns, 3.3361 ns/op
OverheadActual   8: 33554432 op, 111903598.00 ns, 3.3350 ns/op
OverheadActual   9: 33554432 op, 111960615.00 ns, 3.3367 ns/op
OverheadActual  10: 33554432 op, 115329605.00 ns, 3.4371 ns/op
OverheadActual  11: 33554432 op, 112859102.00 ns, 3.3635 ns/op
OverheadActual  12: 33554432 op, 111923234.00 ns, 3.3356 ns/op
OverheadActual  13: 33554432 op, 111884705.00 ns, 3.3344 ns/op
OverheadActual  14: 33554432 op, 111864726.00 ns, 3.3338 ns/op
OverheadActual  15: 33554432 op, 111813069.00 ns, 3.3323 ns/op

WorkloadWarmup   1: 33554432 op, 821376787.00 ns, 24.4789 ns/op
WorkloadWarmup   2: 33554432 op, 815845891.00 ns, 24.3141 ns/op
WorkloadWarmup   3: 33554432 op, 817229423.00 ns, 24.3553 ns/op
WorkloadWarmup   4: 33554432 op, 815557183.00 ns, 24.3055 ns/op
WorkloadWarmup   5: 33554432 op, 817265525.00 ns, 24.3564 ns/op
WorkloadWarmup   6: 33554432 op, 837787118.00 ns, 24.9680 ns/op
WorkloadWarmup   7: 33554432 op, 817729532.00 ns, 24.3702 ns/op

// BeforeActualRun
WorkloadActual   1: 33554432 op, 817822365.00 ns, 24.3730 ns/op
WorkloadActual   2: 33554432 op, 820122994.00 ns, 24.4416 ns/op
WorkloadActual   3: 33554432 op, 817740933.00 ns, 24.3706 ns/op
WorkloadActual   4: 33554432 op, 816610732.00 ns, 24.3369 ns/op
WorkloadActual   5: 33554432 op, 818877597.00 ns, 24.4045 ns/op
WorkloadActual   6: 33554432 op, 822784748.00 ns, 24.5209 ns/op
WorkloadActual   7: 33554432 op, 816558383.00 ns, 24.3353 ns/op
WorkloadActual   8: 33554432 op, 816830641.00 ns, 24.3435 ns/op
WorkloadActual   9: 33554432 op, 817030215.00 ns, 24.3494 ns/op
WorkloadActual  10: 33554432 op, 817477850.00 ns, 24.3627 ns/op
WorkloadActual  11: 33554432 op, 821829897.00 ns, 24.4924 ns/op
WorkloadActual  12: 33554432 op, 819437229.00 ns, 24.4211 ns/op
WorkloadActual  13: 33554432 op, 815731719.00 ns, 24.3107 ns/op
WorkloadActual  14: 33554432 op, 820174676.00 ns, 24.4431 ns/op
WorkloadActual  15: 33554432 op, 815998318.00 ns, 24.3186 ns/op

// AfterActualRun
WorkloadResult   1: 33554432 op, 705937660.00 ns, 21.0386 ns/op
WorkloadResult   2: 33554432 op, 708238289.00 ns, 21.1071 ns/op
WorkloadResult   3: 33554432 op, 705856228.00 ns, 21.0362 ns/op
WorkloadResult   4: 33554432 op, 704726027.00 ns, 21.0025 ns/op
WorkloadResult   5: 33554432 op, 706992892.00 ns, 21.0700 ns/op
WorkloadResult   6: 33554432 op, 710900043.00 ns, 21.1865 ns/op
WorkloadResult   7: 33554432 op, 704673678.00 ns, 21.0009 ns/op
WorkloadResult   8: 33554432 op, 704945936.00 ns, 21.0090 ns/op
WorkloadResult   9: 33554432 op, 705145510.00 ns, 21.0150 ns/op
WorkloadResult  10: 33554432 op, 705593145.00 ns, 21.0283 ns/op
WorkloadResult  11: 33554432 op, 709945192.00 ns, 21.1580 ns/op
WorkloadResult  12: 33554432 op, 707552524.00 ns, 21.0867 ns/op
WorkloadResult  13: 33554432 op, 703847014.00 ns, 20.9763 ns/op
WorkloadResult  14: 33554432 op, 708289971.00 ns, 21.1087 ns/op
WorkloadResult  15: 33554432 op, 704113613.00 ns, 20.9842 ns/op
// GC:  0 0 0 0 33554432
// Threading:  0 0 33554432

// AfterAll
// Benchmark Process 4680 has exited with code 0.

Mean = 21.054 ns, StdErr = 0.016 ns (0.08%), N = 15, StdDev = 0.064 ns
Min = 20.976 ns, Q1 = 21.006 ns, Median = 21.036 ns, Q3 = 21.097 ns, Max = 21.186 ns
IQR = 0.091 ns, LowerFence = 20.869 ns, UpperFence = 21.234 ns
ConfidenceInterval = [20.986 ns; 21.122 ns] (CI 99.9%), Margin = 0.068 ns (0.32% of Mean)
Skewness = 0.66, Kurtosis = 2.14, MValue = 2

// ** Remained 34 (94.4 %) benchmark(s) to run. Estimated finish 2026-09-06 6:51 (0h 13m from now) **
// **************************
// Benchmark: MediatorBenchmarks.SendQuery_NoBehaviors: .NET 10.0(Runtime=.NET 10.0, Toolchain=net10.0)
// *** Execute ***
// Launch: 1 / 1
// Execute: dotnet "EricksonLopez.Mediator.Benchmarks-.NET 10.0-1.dll" --anonymousPipes 107 108 --benchmarkName EricksonLopez.Mediator.Benchmarks.MediatorBenchmarks.SendQuery_NoBehaviors --job ".NET 10.0" --benchmarkId 2 in /home/runner/work/dotnet-mediator/dotnet-mediator/benchmarks/EricksonLopez.Mediator.Benchmarks/bin/Release/net10.0/EricksonLopez.Mediator.Benchmarks-.NET 10.0-1/bin/Release/net10.0
// Failed to set up high priority (Permission denied). In order to run benchmarks with high priority, make sure you have the right permissions.
// BeforeAnythingElse

// Benchmark Process Environment Information:
// BenchmarkDotNet v0.15.8
// Runtime=.NET 10.0.11 (10.0.11, 10.0.1126.37416), X64 RyuJIT x86-64-v3
// GC=Concurrent Workstation
// HardwareIntrinsics=AVX2+BMI1+BMI2+F16C+FMA+LZCNT+MOVBE,AVX,SSE3+SSSE3+SSE4.1+SSE4.2+POPCNT,X86Base+SSE+SSE2,AES+PCLMUL VectorSize=256
// Job: .NET 10.0

OverheadJitting  1: 1 op, 213509.00 ns, 213.5090 us/op
WorkloadJitting  1: 1 op, 1409001.00 ns, 1.4090 ms/op

OverheadJitting  2: 16 op, 452435.00 ns, 28.2772 us/op
WorkloadJitting  2: 16 op, 477752.00 ns, 29.8595 us/op

WorkloadPilot    1: 16 op, 7023.00 ns, 438.9375 ns/op
WorkloadPilot    2: 32 op, 10730.00 ns, 335.3125 ns/op
WorkloadPilot    3: 64 op, 16111.00 ns, 251.7344 ns/op
WorkloadPilot    4: 128 op, 60994.00 ns, 476.5156 ns/op
WorkloadPilot    5: 256 op, 52899.00 ns, 206.6367 ns/op
WorkloadPilot    6: 512 op, 96691.00 ns, 188.8496 ns/op
WorkloadPilot    7: 1024 op, 226062.00 ns, 220.7637 ns/op
WorkloadPilot    8: 2048 op, 405838.00 ns, 198.1631 ns/op
WorkloadPilot    9: 4096 op, 801858.00 ns, 195.7661 ns/op
WorkloadPilot   10: 8192 op, 1620266.00 ns, 197.7864 ns/op
WorkloadPilot   11: 16384 op, 3197040.00 ns, 195.1318 ns/op
WorkloadPilot   12: 32768 op, 6413757.00 ns, 195.7323 ns/op
WorkloadPilot   13: 65536 op, 12696418.00 ns, 193.7320 ns/op
WorkloadPilot   14: 131072 op, 25470902.00 ns, 194.3276 ns/op
WorkloadPilot   15: 262144 op, 50936464.00 ns, 194.3072 ns/op
WorkloadPilot   16: 524288 op, 104519288.00 ns, 199.3547 ns/op
WorkloadPilot   17: 1048576 op, 71227525.00 ns, 67.9279 ns/op
WorkloadPilot   18: 2097152 op, 39932106.00 ns, 19.0411 ns/op
WorkloadPilot   19: 4194304 op, 80508856.00 ns, 19.1948 ns/op
WorkloadPilot   20: 8388608 op, 159499256.00 ns, 19.0138 ns/op
WorkloadPilot   21: 16777216 op, 320650274.00 ns, 19.1122 ns/op
WorkloadPilot   22: 33554432 op, 640711305.00 ns, 19.0947 ns/op

OverheadWarmup   1: 33554432 op, 142308085.00 ns, 4.2411 ns/op
OverheadWarmup   2: 33554432 op, 148738412.00 ns, 4.4328 ns/op
OverheadWarmup   3: 33554432 op, 111007917.00 ns, 3.3083 ns/op
OverheadWarmup   4: 33554432 op, 110959366.00 ns, 3.3068 ns/op
OverheadWarmup   5: 33554432 op, 111262302.00 ns, 3.3159 ns/op
OverheadWarmup   6: 33554432 op, 111141506.00 ns, 3.3123 ns/op

OverheadActual   1: 33554432 op, 111511628.00 ns, 3.3233 ns/op
OverheadActual   2: 33554432 op, 111227517.00 ns, 3.3148 ns/op
OverheadActual   3: 33554432 op, 111027113.00 ns, 3.3089 ns/op
OverheadActual   4: 33554432 op, 111331642.00 ns, 3.3179 ns/op
OverheadActual   5: 33554432 op, 111110458.00 ns, 3.3113 ns/op
OverheadActual   6: 33554432 op, 111197771.00 ns, 3.3140 ns/op
OverheadActual   7: 33554432 op, 111013057.00 ns, 3.3084 ns/op
OverheadActual   8: 33554432 op, 111320210.00 ns, 3.3176 ns/op
OverheadActual   9: 33554432 op, 111289253.00 ns, 3.3167 ns/op
OverheadActual  10: 33554432 op, 111595545.00 ns, 3.3258 ns/op
OverheadActual  11: 33554432 op, 110936674.00 ns, 3.3062 ns/op
OverheadActual  12: 33554432 op, 110997558.00 ns, 3.3080 ns/op
OverheadActual  13: 33554432 op, 111025029.00 ns, 3.3088 ns/op
OverheadActual  14: 33554432 op, 111045106.00 ns, 3.3094 ns/op
OverheadActual  15: 33554432 op, 112049472.00 ns, 3.3393 ns/op

WorkloadWarmup   1: 33554432 op, 641526104.00 ns, 19.1190 ns/op
WorkloadWarmup   2: 33554432 op, 639226551.00 ns, 19.0504 ns/op
WorkloadWarmup   3: 33554432 op, 642655572.00 ns, 19.1526 ns/op
WorkloadWarmup   4: 33554432 op, 640720710.00 ns, 19.0950 ns/op
WorkloadWarmup   5: 33554432 op, 640034999.00 ns, 19.0745 ns/op
WorkloadWarmup   6: 33554432 op, 638978471.00 ns, 19.0430 ns/op
WorkloadWarmup   7: 33554432 op, 639789737.00 ns, 19.0672 ns/op
WorkloadWarmup   8: 33554432 op, 639403375.00 ns, 19.0557 ns/op

// BeforeActualRun
WorkloadActual   1: 33554432 op, 639280296.00 ns, 19.0520 ns/op
WorkloadActual   2: 33554432 op, 639524251.00 ns, 19.0593 ns/op
WorkloadActual   3: 33554432 op, 640840580.00 ns, 19.0985 ns/op
WorkloadActual   4: 33554432 op, 641089606.00 ns, 19.1060 ns/op
WorkloadActual   5: 33554432 op, 638772468.00 ns, 19.0369 ns/op
WorkloadActual   6: 33554432 op, 639185238.00 ns, 19.0492 ns/op
WorkloadActual   7: 33554432 op, 639983930.00 ns, 19.0730 ns/op
WorkloadActual   8: 33554432 op, 638965348.00 ns, 19.0427 ns/op
WorkloadActual   9: 33554432 op, 639573674.00 ns, 19.0608 ns/op
WorkloadActual  10: 33554432 op, 644493593.00 ns, 19.2074 ns/op
WorkloadActual  11: 33554432 op, 640468702.00 ns, 19.0875 ns/op
WorkloadActual  12: 33554432 op, 640730712.00 ns, 19.0953 ns/op
WorkloadActual  13: 33554432 op, 657198309.00 ns, 19.5860 ns/op
WorkloadActual  14: 33554432 op, 638962810.00 ns, 19.0426 ns/op
WorkloadActual  15: 33554432 op, 640486135.00 ns, 19.0880 ns/op

// AfterActualRun
WorkloadResult   1: 33554432 op, 528082525.00 ns, 15.7381 ns/op
WorkloadResult   2: 33554432 op, 528326480.00 ns, 15.7454 ns/op
WorkloadResult   3: 33554432 op, 529642809.00 ns, 15.7846 ns/op
WorkloadResult   4: 33554432 op, 529891835.00 ns, 15.7920 ns/op
WorkloadResult   5: 33554432 op, 527574697.00 ns, 15.7230 ns/op
WorkloadResult   6: 33554432 op, 527987467.00 ns, 15.7353 ns/op
WorkloadResult   7: 33554432 op, 528786159.00 ns, 15.7591 ns/op
WorkloadResult   8: 33554432 op, 527767577.00 ns, 15.7287 ns/op
WorkloadResult   9: 33554432 op, 528375903.00 ns, 15.7468 ns/op
WorkloadResult  10: 33554432 op, 529270931.00 ns, 15.7735 ns/op
WorkloadResult  11: 33554432 op, 529532941.00 ns, 15.7813 ns/op
WorkloadResult  12: 33554432 op, 527765039.00 ns, 15.7286 ns/op
WorkloadResult  13: 33554432 op, 529288364.00 ns, 15.7740 ns/op
// GC:  0 0 0 0 33554432
// Threading:  0 0 33554432

// AfterAll
// Benchmark Process 4701 has exited with code 0.

Mean = 15.755 ns, StdErr = 0.007 ns (0.04%), N = 13, StdDev = 0.024 ns
Min = 15.723 ns, Q1 = 15.735 ns, Median = 15.747 ns, Q3 = 15.774 ns, Max = 15.792 ns
IQR = 0.039 ns, LowerFence = 15.677 ns, UpperFence = 15.832 ns
ConfidenceInterval = [15.726 ns; 15.783 ns] (CI 99.9%), Margin = 0.029 ns (0.18% of Mean)
Skewness = 0.18, Kurtosis = 1.32, MValue = 2

// ** Remained 33 (91.7 %) benchmark(s) to run. Estimated finish 2026-09-06 6:50 (0h 12m from now) **
// **************************
// Benchmark: MediatorBenchmarks.SendCommand_OneBehavior: .NET 10.0(Runtime=.NET 10.0, Toolchain=net10.0)
// *** Execute ***
// Launch: 1 / 1
// Execute: dotnet "EricksonLopez.Mediator.Benchmarks-.NET 10.0-1.dll" --anonymousPipes 107 108 --benchmarkName EricksonLopez.Mediator.Benchmarks.MediatorBenchmarks.SendCommand_OneBehavior --job ".NET 10.0" --benchmarkId 3 in /home/runner/work/dotnet-mediator/dotnet-mediator/benchmarks/EricksonLopez.Mediator.Benchmarks/bin/Release/net10.0/EricksonLopez.Mediator.Benchmarks-.NET 10.0-1/bin/Release/net10.0
// Failed to set up high priority (Permission denied). In order to run benchmarks with high priority, make sure you have the right permissions.
// BeforeAnythingElse

// Benchmark Process Environment Information:
// BenchmarkDotNet v0.15.8
// Runtime=.NET 10.0.11 (10.0.11, 10.0.1126.37416), X64 RyuJIT x86-64-v3
// GC=Concurrent Workstation
// HardwareIntrinsics=AVX2+BMI1+BMI2+F16C+FMA+LZCNT+MOVBE,AVX,SSE3+SSSE3+SSE4.1+SSE4.2+POPCNT,X86Base+SSE+SSE2,AES+PCLMUL VectorSize=256
// Job: .NET 10.0

OverheadJitting  1: 1 op, 275645.00 ns, 275.6450 us/op
WorkloadJitting  1: 1 op, 3083049.00 ns, 3.0830 ms/op

OverheadJitting  2: 16 op, 443308.00 ns, 27.7068 us/op
WorkloadJitting  2: 16 op, 476731.00 ns, 29.7957 us/op

WorkloadPilot    1: 16 op, 15890.00 ns, 993.1250 ns/op
WorkloadPilot    2: 32 op, 25939.00 ns, 810.5938 ns/op
WorkloadPilot    3: 64 op, 41818.00 ns, 653.4063 ns/op
WorkloadPilot    4: 128 op, 71303.00 ns, 557.0547 ns/op
WorkloadPilot    5: 256 op, 127578.00 ns, 498.3516 ns/op
WorkloadPilot    6: 512 op, 244777.00 ns, 478.0801 ns/op
WorkloadPilot    7: 1024 op, 497369.00 ns, 485.7119 ns/op
WorkloadPilot    8: 2048 op, 965934.00 ns, 471.6475 ns/op
WorkloadPilot    9: 4096 op, 1973125.00 ns, 481.7200 ns/op
WorkloadPilot   10: 8192 op, 3922797.00 ns, 478.8571 ns/op
WorkloadPilot   11: 16384 op, 7751879.00 ns, 473.1371 ns/op
WorkloadPilot   12: 32768 op, 15384725.00 ns, 469.5045 ns/op
WorkloadPilot   13: 65536 op, 30241555.00 ns, 461.4495 ns/op
WorkloadPilot   14: 131072 op, 60270523.00 ns, 459.8276 ns/op
WorkloadPilot   15: 262144 op, 122812759.00 ns, 468.4935 ns/op
WorkloadPilot   16: 524288 op, 58040909.00 ns, 110.7042 ns/op
WorkloadPilot   17: 1048576 op, 53665626.00 ns, 51.1795 ns/op
WorkloadPilot   18: 2097152 op, 105399384.00 ns, 50.2583 ns/op
WorkloadPilot   19: 4194304 op, 211529884.00 ns, 50.4327 ns/op
WorkloadPilot   20: 8388608 op, 422430082.00 ns, 50.3576 ns/op
WorkloadPilot   21: 16777216 op, 847834799.00 ns, 50.5349 ns/op

OverheadWarmup   1: 16777216 op, 71336171.00 ns, 4.2520 ns/op
OverheadWarmup   2: 16777216 op, 71156376.00 ns, 4.2413 ns/op
OverheadWarmup   3: 16777216 op, 72471642.00 ns, 4.3196 ns/op
OverheadWarmup   4: 16777216 op, 55710626.00 ns, 3.3206 ns/op
OverheadWarmup   5: 16777216 op, 55434480.00 ns, 3.3042 ns/op
OverheadWarmup   6: 16777216 op, 55470287.00 ns, 3.3063 ns/op
OverheadWarmup   7: 16777216 op, 55600249.00 ns, 3.3140 ns/op
OverheadWarmup   8: 16777216 op, 55434260.00 ns, 3.3041 ns/op

OverheadActual   1: 16777216 op, 55481578.00 ns, 3.3070 ns/op
OverheadActual   2: 16777216 op, 55742705.00 ns, 3.3225 ns/op
OverheadActual   3: 16777216 op, 55490775.00 ns, 3.3075 ns/op
OverheadActual   4: 16777216 op, 55680650.00 ns, 3.3188 ns/op
OverheadActual   5: 16777216 op, 55537974.00 ns, 3.3103 ns/op
OverheadActual   6: 16777216 op, 55431063.00 ns, 3.3039 ns/op
OverheadActual   7: 16777216 op, 55847812.00 ns, 3.3288 ns/op
OverheadActual   8: 16777216 op, 55675531.00 ns, 3.3185 ns/op
OverheadActual   9: 16777216 op, 55498519.00 ns, 3.3080 ns/op
OverheadActual  10: 16777216 op, 55622281.00 ns, 3.3153 ns/op
OverheadActual  11: 16777216 op, 55508910.00 ns, 3.3086 ns/op
OverheadActual  12: 16777216 op, 55658689.00 ns, 3.3175 ns/op
OverheadActual  13: 16777216 op, 55626359.00 ns, 3.3156 ns/op
OverheadActual  14: 16777216 op, 55611571.00 ns, 3.3147 ns/op
OverheadActual  15: 16777216 op, 55491086.00 ns, 3.3075 ns/op

WorkloadWarmup   1: 16777216 op, 844328885.00 ns, 50.3259 ns/op
WorkloadWarmup   2: 16777216 op, 847063310.00 ns, 50.4889 ns/op
WorkloadWarmup   3: 16777216 op, 846532089.00 ns, 50.4572 ns/op
WorkloadWarmup   4: 16777216 op, 846791794.00 ns, 50.4727 ns/op
WorkloadWarmup   5: 16777216 op, 844578119.00 ns, 50.3408 ns/op
WorkloadWarmup   6: 16777216 op, 844368838.00 ns, 50.3283 ns/op

// BeforeActualRun
WorkloadActual   1: 16777216 op, 844607183.00 ns, 50.3425 ns/op
WorkloadActual   2: 16777216 op, 849158694.00 ns, 50.6138 ns/op
WorkloadActual   3: 16777216 op, 853836642.00 ns, 50.8926 ns/op
WorkloadActual   4: 16777216 op, 845263118.00 ns, 50.3816 ns/op
WorkloadActual   5: 16777216 op, 844690793.00 ns, 50.3475 ns/op
WorkloadActual   6: 16777216 op, 845499591.00 ns, 50.3957 ns/op
WorkloadActual   7: 16777216 op, 844728411.00 ns, 50.3497 ns/op
WorkloadActual   8: 16777216 op, 845171488.00 ns, 50.3761 ns/op
WorkloadActual   9: 16777216 op, 852069692.00 ns, 50.7873 ns/op
WorkloadActual  10: 16777216 op, 846654036.00 ns, 50.4645 ns/op
WorkloadActual  11: 16777216 op, 845423638.00 ns, 50.3912 ns/op
WorkloadActual  12: 16777216 op, 846598530.00 ns, 50.4612 ns/op
WorkloadActual  13: 16777216 op, 844530733.00 ns, 50.3380 ns/op
WorkloadActual  14: 16777216 op, 845674512.00 ns, 50.4061 ns/op
WorkloadActual  15: 16777216 op, 844960449.00 ns, 50.3636 ns/op

// AfterActualRun
WorkloadResult   1: 16777216 op, 788995612.00 ns, 47.0278 ns/op
WorkloadResult   2: 16777216 op, 793547123.00 ns, 47.2991 ns/op
WorkloadResult   3: 16777216 op, 789651547.00 ns, 47.0669 ns/op
WorkloadResult   4: 16777216 op, 789079222.00 ns, 47.0328 ns/op
WorkloadResult   5: 16777216 op, 789888020.00 ns, 47.0810 ns/op
WorkloadResult   6: 16777216 op, 789116840.00 ns, 47.0350 ns/op
WorkloadResult   7: 16777216 op, 789559917.00 ns, 47.0614 ns/op
WorkloadResult   8: 16777216 op, 791042465.00 ns, 47.1498 ns/op
WorkloadResult   9: 16777216 op, 789812067.00 ns, 47.0765 ns/op
WorkloadResult  10: 16777216 op, 790986959.00 ns, 47.1465 ns/op
WorkloadResult  11: 16777216 op, 788919162.00 ns, 47.0232 ns/op
WorkloadResult  12: 16777216 op, 790062941.00 ns, 47.0914 ns/op
WorkloadResult  13: 16777216 op, 789348878.00 ns, 47.0489 ns/op
// GC:  0 0 0 0 16777216
// Threading:  0 0 16777216

// AfterAll
// Benchmark Process 4724 has exited with code 0.

Mean = 47.088 ns, StdErr = 0.021 ns (0.04%), N = 13, StdDev = 0.075 ns
Min = 47.023 ns, Q1 = 47.035 ns, Median = 47.067 ns, Q3 = 47.091 ns, Max = 47.299 ns
IQR = 0.056 ns, LowerFence = 46.950 ns, UpperFence = 47.176 ns
ConfidenceInterval = [46.997 ns; 47.178 ns] (CI 99.9%), Margin = 0.090 ns (0.19% of Mean)
Skewness = 1.61, Kurtosis = 4.92, MValue = 2

// ** Remained 32 (88.9 %) benchmark(s) to run. Estimated finish 2026-09-06 6:50 (0h 12m from now) **
// **************************
// Benchmark: MediatorBenchmarks.SendCommand_FiveBehaviors: .NET 10.0(Runtime=.NET 10.0, Toolchain=net10.0)
// *** Execute ***
// Launch: 1 / 1
// Execute: dotnet "EricksonLopez.Mediator.Benchmarks-.NET 10.0-1.dll" --anonymousPipes 107 108 --benchmarkName EricksonLopez.Mediator.Benchmarks.MediatorBenchmarks.SendCommand_FiveBehaviors --job ".NET 10.0" --benchmarkId 4 in /home/runner/work/dotnet-mediator/dotnet-mediator/benchmarks/EricksonLopez.Mediator.Benchmarks/bin/Release/net10.0/EricksonLopez.Mediator.Benchmarks-.NET 10.0-1/bin/Release/net10.0
// Failed to set up high priority (Permission denied). In order to run benchmarks with high priority, make sure you have the right permissions.
// BeforeAnythingElse

// Benchmark Process Environment Information:
// BenchmarkDotNet v0.15.8
// Runtime=.NET 10.0.11 (10.0.11, 10.0.1126.37416), X64 RyuJIT x86-64-v3
// GC=Concurrent Workstation
// HardwareIntrinsics=AVX2+BMI1+BMI2+F16C+FMA+LZCNT+MOVBE,AVX,SSE3+SSSE3+SSE4.1+SSE4.2+POPCNT,X86Base+SSE+SSE2,AES+PCLMUL VectorSize=256
// Job: .NET 10.0

OverheadJitting  1: 1 op, 215743.00 ns, 215.7430 us/op
WorkloadJitting  1: 1 op, 4695994.00 ns, 4.6960 ms/op

OverheadJitting  2: 16 op, 443428.00 ns, 27.7143 us/op
WorkloadJitting  2: 16 op, 480568.00 ns, 30.0355 us/op

WorkloadPilot    1: 16 op, 30287.00 ns, 1.8929 us/op
WorkloadPilot    2: 32 op, 56526.00 ns, 1.7664 us/op
WorkloadPilot    3: 64 op, 98754.00 ns, 1.5430 us/op
WorkloadPilot    4: 128 op, 225822.00 ns, 1.7642 us/op
WorkloadPilot    5: 256 op, 402843.00 ns, 1.5736 us/op
WorkloadPilot    6: 512 op, 775018.00 ns, 1.5137 us/op
WorkloadPilot    7: 1024 op, 1543775.00 ns, 1.5076 us/op
WorkloadPilot    8: 2048 op, 3127834.00 ns, 1.5273 us/op
WorkloadPilot    9: 4096 op, 6191468.00 ns, 1.5116 us/op
WorkloadPilot   10: 8192 op, 12293799.00 ns, 1.5007 us/op
WorkloadPilot   11: 16384 op, 24641229.00 ns, 1.5040 us/op
WorkloadPilot   12: 32768 op, 48889213.00 ns, 1.4920 us/op
WorkloadPilot   13: 65536 op, 89367892.00 ns, 1.3636 us/op
WorkloadPilot   14: 131072 op, 98332762.00 ns, 750.2194 ns/op
WorkloadPilot   15: 262144 op, 53816398.00 ns, 205.2933 ns/op
WorkloadPilot   16: 524288 op, 87703653.00 ns, 167.2814 ns/op
WorkloadPilot   17: 1048576 op, 174985685.00 ns, 166.8794 ns/op
WorkloadPilot   18: 2097152 op, 350111487.00 ns, 166.9462 ns/op
WorkloadPilot   19: 4194304 op, 699472924.00 ns, 166.7673 ns/op

OverheadWarmup   1: 4194304 op, 17858826.00 ns, 4.2579 ns/op
OverheadWarmup   2: 4194304 op, 17816138.00 ns, 4.2477 ns/op
OverheadWarmup   3: 4194304 op, 17842225.00 ns, 4.2539 ns/op
OverheadWarmup   4: 4194304 op, 17795288.00 ns, 4.2427 ns/op
OverheadWarmup   5: 4194304 op, 18149991.00 ns, 4.3273 ns/op
OverheadWarmup   6: 4194304 op, 17787624.00 ns, 4.2409 ns/op

OverheadActual   1: 4194304 op, 17956630.00 ns, 4.2812 ns/op
OverheadActual   2: 4194304 op, 17836385.00 ns, 4.2525 ns/op
OverheadActual   3: 4194304 op, 17799176.00 ns, 4.2437 ns/op
OverheadActual   4: 4194304 op, 17801871.00 ns, 4.2443 ns/op
OverheadActual   5: 4194304 op, 17933286.00 ns, 4.2756 ns/op
OverheadActual   6: 4194304 op, 17830233.00 ns, 4.2511 ns/op
OverheadActual   7: 4194304 op, 17841544.00 ns, 4.2538 ns/op
OverheadActual   8: 4194304 op, 17824413.00 ns, 4.2497 ns/op
OverheadActual   9: 4194304 op, 17813192.00 ns, 4.2470 ns/op
OverheadActual  10: 4194304 op, 18302035.00 ns, 4.3635 ns/op
OverheadActual  11: 4194304 op, 13987363.00 ns, 3.3348 ns/op
OverheadActual  12: 4194304 op, 13880785.00 ns, 3.3094 ns/op
OverheadActual  13: 4194304 op, 13922924.00 ns, 3.3195 ns/op
OverheadActual  14: 4194304 op, 13954052.00 ns, 3.3269 ns/op
OverheadActual  15: 4194304 op, 13971223.00 ns, 3.3310 ns/op
OverheadActual  16: 4194304 op, 13872238.00 ns, 3.3074 ns/op
OverheadActual  17: 4194304 op, 13894360.00 ns, 3.3127 ns/op
OverheadActual  18: 4194304 op, 13954553.00 ns, 3.3270 ns/op
OverheadActual  19: 4194304 op, 13883880.00 ns, 3.3102 ns/op
OverheadActual  20: 4194304 op, 13903086.00 ns, 3.3148 ns/op

WorkloadWarmup   1: 4194304 op, 700816204.00 ns, 167.0876 ns/op
WorkloadWarmup   2: 4194304 op, 700630928.00 ns, 167.0434 ns/op
WorkloadWarmup   3: 4194304 op, 702053726.00 ns, 167.3827 ns/op
WorkloadWarmup   4: 4194304 op, 700805555.00 ns, 167.0851 ns/op
WorkloadWarmup   5: 4194304 op, 700079109.00 ns, 166.9119 ns/op
WorkloadWarmup   6: 4194304 op, 702143036.00 ns, 167.4039 ns/op
WorkloadWarmup   7: 4194304 op, 700487450.00 ns, 167.0092 ns/op

// BeforeActualRun
WorkloadActual   1: 4194304 op, 699575862.00 ns, 166.7919 ns/op
WorkloadActual   2: 4194304 op, 701266396.00 ns, 167.1949 ns/op
WorkloadActual   3: 4194304 op, 700342961.00 ns, 166.9748 ns/op
WorkloadActual   4: 4194304 op, 703618730.00 ns, 167.7558 ns/op
WorkloadActual   5: 4194304 op, 699950317.00 ns, 166.8812 ns/op
WorkloadActual   6: 4194304 op, 700580214.00 ns, 167.0313 ns/op
WorkloadActual   7: 4194304 op, 700273702.00 ns, 166.9583 ns/op
WorkloadActual   8: 4194304 op, 702202945.00 ns, 167.4182 ns/op
WorkloadActual   9: 4194304 op, 706449597.00 ns, 168.4307 ns/op
WorkloadActual  10: 4194304 op, 703885588.00 ns, 167.8194 ns/op
WorkloadActual  11: 4194304 op, 699230963.00 ns, 166.7097 ns/op
WorkloadActual  12: 4194304 op, 700041186.00 ns, 166.9028 ns/op
WorkloadActual  13: 4194304 op, 699680342.00 ns, 166.8168 ns/op
WorkloadActual  14: 4194304 op, 699154921.00 ns, 166.6915 ns/op
WorkloadActual  15: 4194304 op, 699801148.00 ns, 166.8456 ns/op

// AfterActualRun
WorkloadResult   1: 4194304 op, 683682592.50 ns, 163.0026 ns/op
WorkloadResult   2: 4194304 op, 685373126.50 ns, 163.4057 ns/op
WorkloadResult   3: 4194304 op, 684449691.50 ns, 163.1855 ns/op
WorkloadResult   4: 4194304 op, 687725460.50 ns, 163.9665 ns/op
WorkloadResult   5: 4194304 op, 684057047.50 ns, 163.0919 ns/op
WorkloadResult   6: 4194304 op, 684686944.50 ns, 163.2421 ns/op
WorkloadResult   7: 4194304 op, 684380432.50 ns, 163.1690 ns/op
WorkloadResult   8: 4194304 op, 686309675.50 ns, 163.6290 ns/op
WorkloadResult   9: 4194304 op, 687992318.50 ns, 164.0302 ns/op
WorkloadResult  10: 4194304 op, 683337693.50 ns, 162.9204 ns/op
WorkloadResult  11: 4194304 op, 684147916.50 ns, 163.1136 ns/op
WorkloadResult  12: 4194304 op, 683787072.50 ns, 163.0275 ns/op
WorkloadResult  13: 4194304 op, 683261651.50 ns, 162.9023 ns/op
WorkloadResult  14: 4194304 op, 683907878.50 ns, 163.0563 ns/op
// GC:  0 0 0 0 4194304
// Threading:  0 0 4194304

// AfterAll
// Benchmark Process 4746 has exited with code 0.

Mean = 163.267 ns, StdErr = 0.097 ns (0.06%), N = 14, StdDev = 0.364 ns
Min = 162.902 ns, Q1 = 163.035 ns, Median = 163.141 ns, Q3 = 163.365 ns, Max = 164.030 ns
IQR = 0.330 ns, LowerFence = 162.540 ns, UpperFence = 163.860 ns
ConfidenceInterval = [162.857 ns; 163.677 ns] (CI 99.9%), Margin = 0.410 ns (0.25% of Mean)
Skewness = 1.03, Kurtosis = 2.61, MValue = 2

// ** Remained 31 (86.1 %) benchmark(s) to run. Estimated finish 2026-09-06 6:49 (0h 11m from now) **
// **************************
// Benchmark: MediatorBenchmarks.PublishNotification_OneHandler: .NET 10.0(Runtime=.NET 10.0, Toolchain=net10.0)
// *** Execute ***
// Launch: 1 / 1
// Execute: dotnet "EricksonLopez.Mediator.Benchmarks-.NET 10.0-1.dll" --anonymousPipes 107 108 --benchmarkName EricksonLopez.Mediator.Benchmarks.MediatorBenchmarks.PublishNotification_OneHandler --job ".NET 10.0" --benchmarkId 5 in /home/runner/work/dotnet-mediator/dotnet-mediator/benchmarks/EricksonLopez.Mediator.Benchmarks/bin/Release/net10.0/EricksonLopez.Mediator.Benchmarks-.NET 10.0-1/bin/Release/net10.0
// Failed to set up high priority (Permission denied). In order to run benchmarks with high priority, make sure you have the right permissions.
// BeforeAnythingElse

// Benchmark Process Environment Information:
// BenchmarkDotNet v0.15.8
// Runtime=.NET 10.0.11 (10.0.11, 10.0.1126.37416), X64 RyuJIT x86-64-v3
// GC=Concurrent Workstation
// HardwareIntrinsics=AVX2+BMI1+BMI2+F16C+FMA+LZCNT+MOVBE,AVX,SSE3+SSSE3+SSE4.1+SSE4.2+POPCNT,X86Base+SSE+SSE2,AES+PCLMUL VectorSize=256
// Job: .NET 10.0

OverheadJitting  1: 1 op, 168184.00 ns, 168.1840 us/op
WorkloadJitting  1: 1 op, 2695518.00 ns, 2.6955 ms/op

OverheadJitting  2: 16 op, 184375.00 ns, 11.5234 us/op
WorkloadJitting  2: 16 op, 1642940.00 ns, 102.6838 us/op

WorkloadPilot    1: 16 op, 123000.00 ns, 7.6875 us/op
WorkloadPilot    2: 32 op, 18184.00 ns, 568.2500 ns/op
WorkloadPilot    3: 64 op, 35977.00 ns, 562.1406 ns/op
WorkloadPilot    4: 128 op, 62597.00 ns, 489.0391 ns/op
WorkloadPilot    5: 256 op, 132307.00 ns, 516.8242 ns/op
WorkloadPilot    6: 512 op, 209472.00 ns, 409.1250 ns/op
WorkloadPilot    7: 1024 op, 405948.00 ns, 396.4336 ns/op
WorkloadPilot    8: 2048 op, 783434.00 ns, 382.5361 ns/op
WorkloadPilot    9: 4096 op, 1616531.00 ns, 394.6609 ns/op
WorkloadPilot   10: 8192 op, 3351323.00 ns, 409.0970 ns/op
WorkloadPilot   11: 16384 op, 6291888.00 ns, 384.0264 ns/op
WorkloadPilot   12: 32768 op, 15773437.00 ns, 481.3671 ns/op
WorkloadPilot   13: 65536 op, 25540269.00 ns, 389.7136 ns/op
WorkloadPilot   14: 131072 op, 50341585.00 ns, 384.0758 ns/op
WorkloadPilot   15: 262144 op, 71819953.00 ns, 273.9714 ns/op
WorkloadPilot   16: 524288 op, 25582617.00 ns, 48.7950 ns/op
WorkloadPilot   17: 1048576 op, 44604287.00 ns, 42.5380 ns/op
WorkloadPilot   18: 2097152 op, 85705532.00 ns, 40.8676 ns/op
WorkloadPilot   19: 4194304 op, 167783654.00 ns, 40.0027 ns/op
WorkloadPilot   20: 8388608 op, 335481048.00 ns, 39.9925 ns/op
WorkloadPilot   21: 16777216 op, 662591680.00 ns, 39.4935 ns/op

OverheadWarmup   1: 16777216 op, 43494474.00 ns, 2.5925 ns/op
OverheadWarmup   2: 16777216 op, 43680391.00 ns, 2.6036 ns/op
OverheadWarmup   3: 16777216 op, 43390760.00 ns, 2.5863 ns/op
OverheadWarmup   4: 16777216 op, 43722740.00 ns, 2.6061 ns/op
OverheadWarmup   5: 16777216 op, 43491167.00 ns, 2.5923 ns/op

OverheadActual   1: 16777216 op, 43589591.00 ns, 2.5981 ns/op
OverheadActual   2: 16777216 op, 43488032.00 ns, 2.5921 ns/op
OverheadActual   3: 16777216 op, 43436916.00 ns, 2.5890 ns/op
OverheadActual   4: 16777216 op, 43564103.00 ns, 2.5966 ns/op
OverheadActual   5: 16777216 op, 43576577.00 ns, 2.5974 ns/op
OverheadActual   6: 16777216 op, 43795846.00 ns, 2.6104 ns/op
OverheadActual   7: 16777216 op, 43640196.00 ns, 2.6012 ns/op
OverheadActual   8: 16777216 op, 43865487.00 ns, 2.6146 ns/op
OverheadActual   9: 16777216 op, 38958324.00 ns, 2.3221 ns/op
OverheadActual  10: 16777216 op, 27480608.00 ns, 1.6380 ns/op
OverheadActual  11: 16777216 op, 27395448.00 ns, 1.6329 ns/op
OverheadActual  12: 16777216 op, 27384718.00 ns, 1.6323 ns/op
OverheadActual  13: 16777216 op, 27590823.00 ns, 1.6445 ns/op
OverheadActual  14: 16777216 op, 32315620.00 ns, 1.9262 ns/op
OverheadActual  15: 16777216 op, 27413562.00 ns, 1.6340 ns/op
OverheadActual  16: 16777216 op, 28277696.00 ns, 1.6855 ns/op
OverheadActual  17: 16777216 op, 27548006.00 ns, 1.6420 ns/op
OverheadActual  18: 16777216 op, 27452244.00 ns, 1.6363 ns/op
OverheadActual  19: 16777216 op, 27443809.00 ns, 1.6358 ns/op
OverheadActual  20: 16777216 op, 27449089.00 ns, 1.6361 ns/op

WorkloadWarmup   1: 16777216 op, 668409933.00 ns, 39.8403 ns/op
WorkloadWarmup   2: 16777216 op, 668618289.00 ns, 39.8528 ns/op
WorkloadWarmup   3: 16777216 op, 660463050.00 ns, 39.3667 ns/op
WorkloadWarmup   4: 16777216 op, 663944432.00 ns, 39.5742 ns/op
WorkloadWarmup   5: 16777216 op, 664426151.00 ns, 39.6029 ns/op
WorkloadWarmup   6: 16777216 op, 661323166.00 ns, 39.4179 ns/op

// BeforeActualRun
WorkloadActual   1: 16777216 op, 662280374.00 ns, 39.4750 ns/op
WorkloadActual   2: 16777216 op, 661155763.00 ns, 39.4080 ns/op
WorkloadActual   3: 16777216 op, 661947572.00 ns, 39.4551 ns/op
WorkloadActual   4: 16777216 op, 661729805.00 ns, 39.4422 ns/op
WorkloadActual   5: 16777216 op, 659741252.00 ns, 39.3236 ns/op
WorkloadActual   6: 16777216 op, 663970214.00 ns, 39.5757 ns/op
WorkloadActual   7: 16777216 op, 662237768.00 ns, 39.4724 ns/op
WorkloadActual   8: 16777216 op, 662187376.00 ns, 39.4694 ns/op
WorkloadActual   9: 16777216 op, 662510437.00 ns, 39.4887 ns/op
WorkloadActual  10: 16777216 op, 661567978.00 ns, 39.4325 ns/op
WorkloadActual  11: 16777216 op, 662570302.00 ns, 39.4923 ns/op
WorkloadActual  12: 16777216 op, 660462224.00 ns, 39.3666 ns/op
WorkloadActual  13: 16777216 op, 662567534.00 ns, 39.4921 ns/op
WorkloadActual  14: 16777216 op, 664361823.00 ns, 39.5991 ns/op
WorkloadActual  15: 16777216 op, 664503270.00 ns, 39.6075 ns/op

// AfterActualRun
WorkloadResult   1: 16777216 op, 631983716.00 ns, 37.6692 ns/op
WorkloadResult   2: 16777216 op, 630859105.00 ns, 37.6021 ns/op
WorkloadResult   3: 16777216 op, 631650914.00 ns, 37.6493 ns/op
WorkloadResult   4: 16777216 op, 631433147.00 ns, 37.6363 ns/op
WorkloadResult   5: 16777216 op, 629444594.00 ns, 37.5178 ns/op
WorkloadResult   6: 16777216 op, 631941110.00 ns, 37.6666 ns/op
WorkloadResult   7: 16777216 op, 631890718.00 ns, 37.6636 ns/op
WorkloadResult   8: 16777216 op, 632213779.00 ns, 37.6829 ns/op
WorkloadResult   9: 16777216 op, 631271320.00 ns, 37.6267 ns/op
WorkloadResult  10: 16777216 op, 632273644.00 ns, 37.6864 ns/op
WorkloadResult  11: 16777216 op, 630165566.00 ns, 37.5608 ns/op
WorkloadResult  12: 16777216 op, 632270876.00 ns, 37.6863 ns/op
// GC:  24 0 0 402653184 16777216
// Threading:  0 0 16777216

// AfterAll
// Benchmark Process 4762 has exited with code 0.

Mean = 37.637 ns, StdErr = 0.015 ns (0.04%), N = 12, StdDev = 0.053 ns
Min = 37.518 ns, Q1 = 37.621 ns, Median = 37.656 ns, Q3 = 37.673 ns, Max = 37.686 ns
IQR = 0.052 ns, LowerFence = 37.543 ns, UpperFence = 37.751 ns
ConfidenceInterval = [37.569 ns; 37.705 ns] (CI 99.9%), Margin = 0.068 ns (0.18% of Mean)
Skewness = -1, Kurtosis = 2.69, MValue = 2

// ** Remained 30 (83.3 %) benchmark(s) to run. Estimated finish 2026-09-06 6:49 (0h 10m from now) **
// **************************
// Benchmark: MediatorBenchmarks.PublishNotification_FiveHandlers: .NET 10.0(Runtime=.NET 10.0, Toolchain=net10.0)
// *** Execute ***
// Launch: 1 / 1
// Execute: dotnet "EricksonLopez.Mediator.Benchmarks-.NET 10.0-1.dll" --anonymousPipes 107 108 --benchmarkName EricksonLopez.Mediator.Benchmarks.MediatorBenchmarks.PublishNotification_FiveHandlers --job ".NET 10.0" --benchmarkId 6 in /home/runner/work/dotnet-mediator/dotnet-mediator/benchmarks/EricksonLopez.Mediator.Benchmarks/bin/Release/net10.0/EricksonLopez.Mediator.Benchmarks-.NET 10.0-1/bin/Release/net10.0
// Failed to set up high priority (Permission denied). In order to run benchmarks with high priority, make sure you have the right permissions.
// BeforeAnythingElse

// Benchmark Process Environment Information:
// BenchmarkDotNet v0.15.8
// Runtime=.NET 10.0.11 (10.0.11, 10.0.1126.37416), X64 RyuJIT x86-64-v3
// GC=Concurrent Workstation
// HardwareIntrinsics=AVX2+BMI1+BMI2+F16C+FMA+LZCNT+MOVBE,AVX,SSE3+SSSE3+SSE4.1+SSE4.2+POPCNT,X86Base+SSE+SSE2,AES+PCLMUL VectorSize=256
// Job: .NET 10.0

OverheadJitting  1: 1 op, 174215.00 ns, 174.2150 us/op
WorkloadJitting  1: 1 op, 3291869.00 ns, 3.2919 ms/op

OverheadJitting  2: 16 op, 229278.00 ns, 14.3299 us/op
WorkloadJitting  2: 16 op, 2133575.00 ns, 133.3484 us/op

WorkloadPilot    1: 16 op, 294871.00 ns, 18.4294 us/op
WorkloadPilot    2: 32 op, 42219.00 ns, 1.3193 us/op
WorkloadPilot    3: 64 op, 95428.00 ns, 1.4911 us/op
WorkloadPilot    4: 128 op, 168325.00 ns, 1.3150 us/op
WorkloadPilot    5: 256 op, 315359.00 ns, 1.2319 us/op
WorkloadPilot    6: 512 op, 615330.00 ns, 1.2018 us/op
WorkloadPilot    7: 1024 op, 1282586.00 ns, 1.2525 us/op
WorkloadPilot    8: 2048 op, 2547660.00 ns, 1.2440 us/op
WorkloadPilot    9: 4096 op, 4910062.00 ns, 1.1987 us/op
WorkloadPilot   10: 8192 op, 9670185.00 ns, 1.1804 us/op
WorkloadPilot   11: 16384 op, 19362530.00 ns, 1.1818 us/op
WorkloadPilot   12: 32768 op, 40779457.00 ns, 1.2445 us/op
WorkloadPilot   13: 65536 op, 84174455.00 ns, 1.2844 us/op
WorkloadPilot   14: 131072 op, 50911937.00 ns, 388.4273 ns/op
WorkloadPilot   15: 262144 op, 55265340.00 ns, 210.8205 ns/op
WorkloadPilot   16: 524288 op, 108757907.00 ns, 207.4392 ns/op
WorkloadPilot   17: 1048576 op, 217186470.00 ns, 207.1252 ns/op
WorkloadPilot   18: 2097152 op, 433886392.00 ns, 206.8932 ns/op
WorkloadPilot   19: 4194304 op, 863366401.00 ns, 205.8426 ns/op

OverheadWarmup   1: 4194304 op, 9526617.00 ns, 2.2713 ns/op
OverheadWarmup   2: 4194304 op, 9501940.00 ns, 2.2654 ns/op
OverheadWarmup   3: 4194304 op, 9500759.00 ns, 2.2652 ns/op
OverheadWarmup   4: 4194304 op, 9502000.00 ns, 2.2655 ns/op
OverheadWarmup   5: 4194304 op, 9538659.00 ns, 2.2742 ns/op
OverheadWarmup   6: 4194304 op, 9500698.00 ns, 2.2651 ns/op
OverheadWarmup   7: 4194304 op, 9542737.00 ns, 2.2752 ns/op
OverheadWarmup   8: 4194304 op, 9480620.00 ns, 2.2604 ns/op

OverheadActual   1: 4194304 op, 9523047.00 ns, 2.2705 ns/op
OverheadActual   2: 4194304 op, 9507938.00 ns, 2.2669 ns/op
OverheadActual   3: 4194304 op, 9487330.00 ns, 2.2620 ns/op
OverheadActual   4: 4194304 op, 9520561.00 ns, 2.2699 ns/op
OverheadActual   5: 4194304 op, 9503780.00 ns, 2.2659 ns/op
OverheadActual   6: 4194304 op, 9473384.00 ns, 2.2586 ns/op
OverheadActual   7: 4194304 op, 9492029.00 ns, 2.2631 ns/op
OverheadActual   8: 4194304 op, 10409733.00 ns, 2.4819 ns/op
OverheadActual   9: 4194304 op, 9457804.00 ns, 2.2549 ns/op
OverheadActual  10: 4194304 op, 9534839.00 ns, 2.2733 ns/op
OverheadActual  11: 4194304 op, 9482060.00 ns, 2.2607 ns/op
OverheadActual  12: 4194304 op, 9538255.00 ns, 2.2741 ns/op
OverheadActual  13: 4194304 op, 9473675.00 ns, 2.2587 ns/op
OverheadActual  14: 4194304 op, 9474967.00 ns, 2.2590 ns/op
OverheadActual  15: 4194304 op, 9475608.00 ns, 2.2592 ns/op

WorkloadWarmup   1: 4194304 op, 873905341.00 ns, 208.3553 ns/op
WorkloadWarmup   2: 4194304 op, 853236346.00 ns, 203.4274 ns/op
WorkloadWarmup   3: 4194304 op, 846277239.00 ns, 201.7682 ns/op
WorkloadWarmup   4: 4194304 op, 845402575.00 ns, 201.5597 ns/op
WorkloadWarmup   5: 4194304 op, 848166277.00 ns, 202.2186 ns/op
WorkloadWarmup   6: 4194304 op, 847274742.00 ns, 202.0060 ns/op
WorkloadWarmup   7: 4194304 op, 846270605.00 ns, 201.7666 ns/op
WorkloadWarmup   8: 4194304 op, 844398098.00 ns, 201.3202 ns/op
WorkloadWarmup   9: 4194304 op, 844399241.00 ns, 201.3205 ns/op
WorkloadWarmup  10: 4194304 op, 845984420.00 ns, 201.6984 ns/op
WorkloadWarmup  11: 4194304 op, 845411359.00 ns, 201.5618 ns/op

// BeforeActualRun
WorkloadActual   1: 4194304 op, 849128581.00 ns, 202.4480 ns/op
WorkloadActual   2: 4194304 op, 852870928.00 ns, 203.3403 ns/op
WorkloadActual   3: 4194304 op, 849413834.00 ns, 202.5160 ns/op
WorkloadActual   4: 4194304 op, 846721637.00 ns, 201.8742 ns/op
WorkloadActual   5: 4194304 op, 849810516.00 ns, 202.6106 ns/op
WorkloadActual   6: 4194304 op, 846805162.00 ns, 201.8941 ns/op
WorkloadActual   7: 4194304 op, 847558470.00 ns, 202.0737 ns/op
WorkloadActual   8: 4194304 op, 847096648.00 ns, 201.9636 ns/op
WorkloadActual   9: 4194304 op, 847814649.00 ns, 202.1348 ns/op
WorkloadActual  10: 4194304 op, 848446629.00 ns, 202.2854 ns/op
WorkloadActual  11: 4194304 op, 845531194.00 ns, 201.5903 ns/op
WorkloadActual  12: 4194304 op, 844209696.00 ns, 201.2753 ns/op
WorkloadActual  13: 4194304 op, 844645550.00 ns, 201.3792 ns/op
WorkloadActual  14: 4194304 op, 848196522.00 ns, 202.2258 ns/op
WorkloadActual  15: 4194304 op, 845503842.00 ns, 201.5838 ns/op

// AfterActualRun
WorkloadResult   1: 4194304 op, 839636552.00 ns, 200.1850 ns/op
WorkloadResult   2: 4194304 op, 839921805.00 ns, 200.2530 ns/op
WorkloadResult   3: 4194304 op, 837229608.00 ns, 199.6111 ns/op
WorkloadResult   4: 4194304 op, 840318487.00 ns, 200.3475 ns/op
WorkloadResult   5: 4194304 op, 837313133.00 ns, 199.6310 ns/op
WorkloadResult   6: 4194304 op, 838066441.00 ns, 199.8106 ns/op
WorkloadResult   7: 4194304 op, 837604619.00 ns, 199.7005 ns/op
WorkloadResult   8: 4194304 op, 838322620.00 ns, 199.8717 ns/op
WorkloadResult   9: 4194304 op, 838954600.00 ns, 200.0224 ns/op
WorkloadResult  10: 4194304 op, 836039165.00 ns, 199.3273 ns/op
WorkloadResult  11: 4194304 op, 834717667.00 ns, 199.0122 ns/op
WorkloadResult  12: 4194304 op, 835153521.00 ns, 199.1161 ns/op
WorkloadResult  13: 4194304 op, 838704493.00 ns, 199.9627 ns/op
WorkloadResult  14: 4194304 op, 836011813.00 ns, 199.3207 ns/op
// GC:  30 0 0 503316512 4194304
// Threading:  0 0 4194304

// AfterAll
// Benchmark Process 4782 has exited with code 0.

Mean = 199.727 ns, StdErr = 0.112 ns (0.06%), N = 14, StdDev = 0.418 ns
Min = 199.012 ns, Q1 = 199.398 ns, Median = 199.756 ns, Q3 = 200.007 ns, Max = 200.348 ns
IQR = 0.609 ns, LowerFence = 198.484 ns, UpperFence = 200.921 ns
ConfidenceInterval = [199.255 ns; 200.198 ns] (CI 99.9%), Margin = 0.472 ns (0.24% of Mean)
Skewness = -0.2, Kurtosis = 1.71, MValue = 2

// ** Remained 29 (80.6 %) benchmark(s) to run. Estimated finish 2026-09-06 6:49 (0h 10m from now) **
// **************************
// Benchmark: MediatorBenchmarks.PublishNotification_Parallel: .NET 10.0(Runtime=.NET 10.0, Toolchain=net10.0)
// *** Execute ***
// Launch: 1 / 1
// Execute: dotnet "EricksonLopez.Mediator.Benchmarks-.NET 10.0-1.dll" --anonymousPipes 107 108 --benchmarkName EricksonLopez.Mediator.Benchmarks.MediatorBenchmarks.PublishNotification_Parallel --job ".NET 10.0" --benchmarkId 7 in /home/runner/work/dotnet-mediator/dotnet-mediator/benchmarks/EricksonLopez.Mediator.Benchmarks/bin/Release/net10.0/EricksonLopez.Mediator.Benchmarks-.NET 10.0-1/bin/Release/net10.0
// Failed to set up high priority (Permission denied). In order to run benchmarks with high priority, make sure you have the right permissions.
// BeforeAnythingElse

// Benchmark Process Environment Information:
// BenchmarkDotNet v0.15.8
// Runtime=.NET 10.0.11 (10.0.11, 10.0.1126.37416), X64 RyuJIT x86-64-v3
// GC=Concurrent Workstation
// HardwareIntrinsics=AVX2+BMI1+BMI2+F16C+FMA+LZCNT+MOVBE,AVX,SSE3+SSSE3+SSE4.1+SSE4.2+POPCNT,X86Base+SSE+SSE2,AES+PCLMUL VectorSize=256
// Job: .NET 10.0

OverheadJitting  1: 1 op, 201888.00 ns, 201.8880 us/op
WorkloadJitting  1: 1 op, 3351349.00 ns, 3.3513 ms/op

OverheadJitting  2: 16 op, 252071.00 ns, 15.7544 us/op
WorkloadJitting  2: 16 op, 1967645.00 ns, 122.9778 us/op

WorkloadPilot    1: 16 op, 208299.00 ns, 13.0187 us/op
WorkloadPilot    2: 32 op, 41598.00 ns, 1.2999 us/op
WorkloadPilot    3: 64 op, 69921.00 ns, 1.0925 us/op
WorkloadPilot    4: 128 op, 123019.00 ns, 961.0859 ns/op
WorkloadPilot    5: 256 op, 271917.00 ns, 1.0622 us/op
WorkloadPilot    6: 512 op, 496527.00 ns, 969.7793 ns/op
WorkloadPilot    7: 1024 op, 911142.00 ns, 889.7871 ns/op
WorkloadPilot    8: 2048 op, 1832202.00 ns, 894.6299 ns/op
WorkloadPilot    9: 4096 op, 3792413.00 ns, 925.8821 ns/op
WorkloadPilot   10: 8192 op, 7458681.00 ns, 910.4835 ns/op
WorkloadPilot   11: 16384 op, 14796647.00 ns, 903.1157 ns/op
WorkloadPilot   12: 32768 op, 29481836.00 ns, 899.7142 ns/op
WorkloadPilot   13: 65536 op, 59083927.00 ns, 901.5492 ns/op
WorkloadPilot   14: 131072 op, 97350140.00 ns, 742.7226 ns/op
WorkloadPilot   15: 262144 op, 49172685.00 ns, 187.5789 ns/op
WorkloadPilot   16: 524288 op, 99238358.00 ns, 189.2821 ns/op
WorkloadPilot   17: 1048576 op, 194035370.00 ns, 185.0465 ns/op
WorkloadPilot   18: 2097152 op, 390179516.00 ns, 186.0521 ns/op
WorkloadPilot   19: 4194304 op, 768953008.00 ns, 183.3327 ns/op

OverheadWarmup   1: 4194304 op, 9516885.00 ns, 2.2690 ns/op
OverheadWarmup   2: 4194304 op, 9505663.00 ns, 2.2663 ns/op
OverheadWarmup   3: 4194304 op, 9486959.00 ns, 2.2619 ns/op
OverheadWarmup   4: 4194304 op, 9557270.00 ns, 2.2786 ns/op
OverheadWarmup   5: 4194304 op, 9533115.00 ns, 2.2729 ns/op
OverheadWarmup   6: 4194304 op, 9473964.00 ns, 2.2588 ns/op
OverheadWarmup   7: 4194304 op, 9479765.00 ns, 2.2602 ns/op
OverheadWarmup   8: 4194304 op, 9474726.00 ns, 2.2590 ns/op

OverheadActual   1: 4194304 op, 9516113.00 ns, 2.2688 ns/op
OverheadActual   2: 4194304 op, 9570324.00 ns, 2.2817 ns/op
OverheadActual   3: 4194304 op, 10201443.00 ns, 2.4322 ns/op
OverheadActual   4: 4194304 op, 9519419.00 ns, 2.2696 ns/op
OverheadActual   5: 4194304 op, 10541657.00 ns, 2.5133 ns/op
OverheadActual   6: 4194304 op, 10087560.00 ns, 2.4051 ns/op
OverheadActual   7: 4194304 op, 11646550.00 ns, 2.7768 ns/op
OverheadActual   8: 4194304 op, 9644062.00 ns, 2.2993 ns/op
OverheadActual   9: 4194304 op, 9652057.00 ns, 2.3012 ns/op
OverheadActual  10: 4194304 op, 9656115.00 ns, 2.3022 ns/op
OverheadActual  11: 4194304 op, 9912112.00 ns, 2.3632 ns/op
OverheadActual  12: 4194304 op, 9620508.00 ns, 2.2937 ns/op
OverheadActual  13: 4194304 op, 9677675.00 ns, 2.3073 ns/op
OverheadActual  14: 4194304 op, 10026646.00 ns, 2.3905 ns/op
OverheadActual  15: 4194304 op, 9629685.00 ns, 2.2959 ns/op

WorkloadWarmup   1: 4194304 op, 788624818.00 ns, 188.0228 ns/op
WorkloadWarmup   2: 4194304 op, 778732533.00 ns, 185.6643 ns/op
WorkloadWarmup   3: 4194304 op, 768983736.00 ns, 183.3400 ns/op
WorkloadWarmup   4: 4194304 op, 773258024.00 ns, 184.3591 ns/op
WorkloadWarmup   5: 4194304 op, 775230967.00 ns, 184.8295 ns/op
WorkloadWarmup   6: 4194304 op, 774640607.00 ns, 184.6887 ns/op
WorkloadWarmup   7: 4194304 op, 771411134.00 ns, 183.9187 ns/op
WorkloadWarmup   8: 4194304 op, 772777637.00 ns, 184.2445 ns/op
WorkloadWarmup   9: 4194304 op, 775442008.00 ns, 184.8798 ns/op
WorkloadWarmup  10: 4194304 op, 771645217.00 ns, 183.9746 ns/op

// BeforeActualRun
WorkloadActual   1: 4194304 op, 777066101.00 ns, 185.2670 ns/op
WorkloadActual   2: 4194304 op, 778871363.00 ns, 185.6974 ns/op
WorkloadActual   3: 4194304 op, 777519892.00 ns, 185.3752 ns/op
WorkloadActual   4: 4194304 op, 780304698.00 ns, 186.0391 ns/op
WorkloadActual   5: 4194304 op, 766439714.00 ns, 182.7335 ns/op
WorkloadActual   6: 4194304 op, 768206714.00 ns, 183.1548 ns/op
WorkloadActual   7: 4194304 op, 763114824.00 ns, 181.9408 ns/op
WorkloadActual   8: 4194304 op, 765501092.00 ns, 182.5097 ns/op
WorkloadActual   9: 4194304 op, 765545043.00 ns, 182.5202 ns/op
WorkloadActual  10: 4194304 op, 767839381.00 ns, 183.0672 ns/op
WorkloadActual  11: 4194304 op, 764189284.00 ns, 182.1969 ns/op
WorkloadActual  12: 4194304 op, 765963658.00 ns, 182.6200 ns/op
WorkloadActual  13: 4194304 op, 761291051.00 ns, 181.5059 ns/op
WorkloadActual  14: 4194304 op, 769695347.00 ns, 183.5097 ns/op
WorkloadActual  15: 4194304 op, 773847112.00 ns, 184.4995 ns/op

// AfterActualRun
WorkloadResult   1: 4194304 op, 767409986.00 ns, 182.9648 ns/op
WorkloadResult   2: 4194304 op, 769215248.00 ns, 183.3952 ns/op
WorkloadResult   3: 4194304 op, 767863777.00 ns, 183.0730 ns/op
WorkloadResult   4: 4194304 op, 770648583.00 ns, 183.7369 ns/op
WorkloadResult   5: 4194304 op, 756783599.00 ns, 180.4313 ns/op
WorkloadResult   6: 4194304 op, 758550599.00 ns, 180.8526 ns/op
WorkloadResult   7: 4194304 op, 753458709.00 ns, 179.6386 ns/op
WorkloadResult   8: 4194304 op, 755844977.00 ns, 180.2075 ns/op
WorkloadResult   9: 4194304 op, 755888928.00 ns, 180.2180 ns/op
WorkloadResult  10: 4194304 op, 758183266.00 ns, 180.7650 ns/op
WorkloadResult  11: 4194304 op, 754533169.00 ns, 179.8947 ns/op
WorkloadResult  12: 4194304 op, 756307543.00 ns, 180.3178 ns/op
WorkloadResult  13: 4194304 op, 751634936.00 ns, 179.2037 ns/op
WorkloadResult  14: 4194304 op, 760039232.00 ns, 181.2075 ns/op
WorkloadResult  15: 4194304 op, 764190997.00 ns, 182.1973 ns/op
// GC:  48 0 0 805306368 4194304
// Threading:  0 0 4194304

// AfterAll
// Benchmark Process 4817 has exited with code 0.

Mean = 181.207 ns, StdErr = 0.382 ns (0.21%), N = 15, StdDev = 1.479 ns
Min = 179.204 ns, Q1 = 180.213 ns, Median = 180.765 ns, Q3 = 182.581 ns, Max = 183.737 ns
IQR = 2.368 ns, LowerFence = 176.660 ns, UpperFence = 186.134 ns
ConfidenceInterval = [179.626 ns; 182.788 ns] (CI 99.9%), Margin = 1.581 ns (0.87% of Mean)
Skewness = 0.46, Kurtosis = 1.6, MValue = 2

// ** Remained 28 (77.8 %) benchmark(s) to run. Estimated finish 2026-09-06 6:49 (0h 10m from now) **
// **************************
// Benchmark: MediatorBenchmarks.NestedSend: .NET 10.0(Runtime=.NET 10.0, Toolchain=net10.0)
// *** Execute ***
// Launch: 1 / 1
// Execute: dotnet "EricksonLopez.Mediator.Benchmarks-.NET 10.0-1.dll" --anonymousPipes 107 108 --benchmarkName EricksonLopez.Mediator.Benchmarks.MediatorBenchmarks.NestedSend --job ".NET 10.0" --benchmarkId 8 in /home/runner/work/dotnet-mediator/dotnet-mediator/benchmarks/EricksonLopez.Mediator.Benchmarks/bin/Release/net10.0/EricksonLopez.Mediator.Benchmarks-.NET 10.0-1/bin/Release/net10.0
// Failed to set up high priority (Permission denied). In order to run benchmarks with high priority, make sure you have the right permissions.
// BeforeAnythingElse

// Benchmark Process Environment Information:
// BenchmarkDotNet v0.15.8
// Runtime=.NET 10.0.11 (10.0.11, 10.0.1126.37416), X64 RyuJIT x86-64-v3
// GC=Concurrent Workstation
// HardwareIntrinsics=AVX2+BMI1+BMI2+F16C+FMA+LZCNT+MOVBE,AVX,SSE3+SSSE3+SSE4.1+SSE4.2+POPCNT,X86Base+SSE+SSE2,AES+PCLMUL VectorSize=256
// Job: .NET 10.0

OverheadJitting  1: 1 op, 202849.00 ns, 202.8490 us/op
WorkloadJitting  1: 1 op, 2263087.00 ns, 2.2631 ms/op

OverheadJitting  2: 16 op, 461512.00 ns, 28.8445 us/op
WorkloadJitting  2: 16 op, 509572.00 ns, 31.8483 us/op

WorkloadPilot    1: 16 op, 18825.00 ns, 1.1766 us/op
WorkloadPilot    2: 32 op, 29164.00 ns, 911.3750 ns/op
WorkloadPilot    3: 64 op, 38231.00 ns, 597.3594 ns/op
WorkloadPilot    4: 128 op, 69350.00 ns, 541.7969 ns/op
WorkloadPilot    5: 256 op, 143467.00 ns, 560.4180 ns/op
WorkloadPilot    6: 512 op, 264404.00 ns, 516.4141 ns/op
WorkloadPilot    7: 1024 op, 531903.00 ns, 519.4365 ns/op
WorkloadPilot    8: 2048 op, 1080358.00 ns, 527.5186 ns/op
WorkloadPilot    9: 4096 op, 2245955.00 ns, 548.3289 ns/op
WorkloadPilot   10: 8192 op, 4416970.00 ns, 539.1809 ns/op
WorkloadPilot   11: 16384 op, 8546012.00 ns, 521.6072 ns/op
WorkloadPilot   12: 32768 op, 17173145.00 ns, 524.0828 ns/op
WorkloadPilot   13: 65536 op, 34563685.00 ns, 527.4000 ns/op
WorkloadPilot   14: 131072 op, 68938168.00 ns, 525.9565 ns/op
WorkloadPilot   15: 262144 op, 62910224.00 ns, 239.9835 ns/op
WorkloadPilot   16: 524288 op, 42940669.00 ns, 81.9028 ns/op
WorkloadPilot   17: 1048576 op, 79764378.00 ns, 76.0692 ns/op
WorkloadPilot   18: 2097152 op, 159091621.00 ns, 75.8608 ns/op
WorkloadPilot   19: 4194304 op, 335332889.00 ns, 79.9496 ns/op
WorkloadPilot   20: 8388608 op, 613681167.00 ns, 73.1565 ns/op

OverheadWarmup   1: 8388608 op, 35746755.00 ns, 4.2613 ns/op
OverheadWarmup   2: 8388608 op, 35763777.00 ns, 4.2634 ns/op
OverheadWarmup   3: 8388608 op, 35808280.00 ns, 4.2687 ns/op
OverheadWarmup   4: 8388608 op, 35836222.00 ns, 4.2720 ns/op
OverheadWarmup   5: 8388608 op, 36736353.00 ns, 4.3793 ns/op
OverheadWarmup   6: 8388608 op, 35829520.00 ns, 4.2712 ns/op
OverheadWarmup   7: 8388608 op, 35781790.00 ns, 4.2655 ns/op
OverheadWarmup   8: 8388608 op, 35843075.00 ns, 4.2728 ns/op
OverheadWarmup   9: 8388608 op, 40785527.00 ns, 4.8620 ns/op
OverheadWarmup  10: 8388608 op, 27910499.00 ns, 3.3272 ns/op

OverheadActual   1: 8388608 op, 28001819.00 ns, 3.3381 ns/op
OverheadActual   2: 8388608 op, 27937179.00 ns, 3.3304 ns/op
OverheadActual   3: 8388608 op, 27923703.00 ns, 3.3288 ns/op
OverheadActual   4: 8388608 op, 27946346.00 ns, 3.3315 ns/op
OverheadActual   5: 8388608 op, 27937429.00 ns, 3.3304 ns/op
OverheadActual   6: 8388608 op, 27998453.00 ns, 3.3377 ns/op
OverheadActual   7: 8388608 op, 27941397.00 ns, 3.3309 ns/op
OverheadActual   8: 8388608 op, 27921069.00 ns, 3.3285 ns/op
OverheadActual   9: 8388608 op, 27966343.00 ns, 3.3338 ns/op
OverheadActual  10: 8388608 op, 33393444.00 ns, 3.9808 ns/op
OverheadActual  11: 8388608 op, 27987082.00 ns, 3.3363 ns/op
OverheadActual  12: 8388608 op, 27997943.00 ns, 3.3376 ns/op
OverheadActual  13: 8388608 op, 28068867.00 ns, 3.3461 ns/op
OverheadActual  14: 8388608 op, 28068193.00 ns, 3.3460 ns/op
OverheadActual  15: 8388608 op, 27970000.00 ns, 3.3343 ns/op

WorkloadWarmup   1: 8388608 op, 621179947.00 ns, 74.0504 ns/op
WorkloadWarmup   2: 8388608 op, 615474035.00 ns, 73.3702 ns/op
WorkloadWarmup   3: 8388608 op, 602868359.00 ns, 71.8675 ns/op
WorkloadWarmup   4: 8388608 op, 601749438.00 ns, 71.7341 ns/op
WorkloadWarmup   5: 8388608 op, 600816085.00 ns, 71.6229 ns/op
WorkloadWarmup   6: 8388608 op, 603203294.00 ns, 71.9074 ns/op
WorkloadWarmup   7: 8388608 op, 607106043.00 ns, 72.3727 ns/op
WorkloadWarmup   8: 8388608 op, 606294789.00 ns, 72.2760 ns/op
WorkloadWarmup   9: 8388608 op, 603861343.00 ns, 71.9859 ns/op
WorkloadWarmup  10: 8388608 op, 603299324.00 ns, 71.9189 ns/op
WorkloadWarmup  11: 8388608 op, 622697276.00 ns, 74.2313 ns/op
WorkloadWarmup  12: 8388608 op, 603492274.00 ns, 71.9419 ns/op

// BeforeActualRun
WorkloadActual   1: 8388608 op, 605963731.00 ns, 72.2365 ns/op
WorkloadActual   2: 8388608 op, 606067567.00 ns, 72.2489 ns/op
WorkloadActual   3: 8388608 op, 605506649.00 ns, 72.1820 ns/op
WorkloadActual   4: 8388608 op, 618399392.00 ns, 73.7190 ns/op
WorkloadActual   5: 8388608 op, 603320620.00 ns, 71.9214 ns/op
WorkloadActual   6: 8388608 op, 605011935.00 ns, 72.1230 ns/op
WorkloadActual   7: 8388608 op, 609838210.00 ns, 72.6984 ns/op
WorkloadActual   8: 8388608 op, 606404909.00 ns, 72.2891 ns/op
WorkloadActual   9: 8388608 op, 604507188.00 ns, 72.0629 ns/op
WorkloadActual  10: 8388608 op, 606281708.00 ns, 72.2744 ns/op
WorkloadActual  11: 8388608 op, 606204375.00 ns, 72.2652 ns/op
WorkloadActual  12: 8388608 op, 602192352.00 ns, 71.7869 ns/op
WorkloadActual  13: 8388608 op, 604543063.00 ns, 72.0671 ns/op
WorkloadActual  14: 8388608 op, 604324624.00 ns, 72.0411 ns/op
WorkloadActual  15: 8388608 op, 603923180.00 ns, 71.9933 ns/op

// AfterActualRun
WorkloadResult   1: 8388608 op, 577993731.00 ns, 68.9022 ns/op
WorkloadResult   2: 8388608 op, 578097567.00 ns, 68.9146 ns/op
WorkloadResult   3: 8388608 op, 577536649.00 ns, 68.8477 ns/op
WorkloadResult   4: 8388608 op, 575350620.00 ns, 68.5871 ns/op
WorkloadResult   5: 8388608 op, 577041935.00 ns, 68.7888 ns/op
WorkloadResult   6: 8388608 op, 578434909.00 ns, 68.9548 ns/op
WorkloadResult   7: 8388608 op, 576537188.00 ns, 68.7286 ns/op
WorkloadResult   8: 8388608 op, 578311708.00 ns, 68.9401 ns/op
WorkloadResult   9: 8388608 op, 578234375.00 ns, 68.9309 ns/op
WorkloadResult  10: 8388608 op, 574222352.00 ns, 68.4526 ns/op
WorkloadResult  11: 8388608 op, 576573063.00 ns, 68.7329 ns/op
WorkloadResult  12: 8388608 op, 576354624.00 ns, 68.7068 ns/op
WorkloadResult  13: 8388608 op, 575953180.00 ns, 68.6590 ns/op
// GC:  12 0 0 201326592 8388608
// Threading:  0 0 8388608

// AfterAll
// Benchmark Process 4903 has exited with code 0.

Mean = 68.780 ns, StdErr = 0.043 ns (0.06%), N = 13, StdDev = 0.154 ns
Min = 68.453 ns, Q1 = 68.707 ns, Median = 68.789 ns, Q3 = 68.915 ns, Max = 68.955 ns
IQR = 0.208 ns, LowerFence = 68.395 ns, UpperFence = 69.226 ns
ConfidenceInterval = [68.596 ns; 68.965 ns] (CI 99.9%), Margin = 0.185 ns (0.27% of Mean)
Skewness = -0.58, Kurtosis = 2.15, MValue = 2

// ** Remained 27 (75.0 %) benchmark(s) to run. Estimated finish 2026-09-06 6:49 (0h 9m from now) **
// **************************
// Benchmark: MediatorBenchmarks.DirectCall: .NET 8.0(Runtime=.NET 8.0, Toolchain=net8.0)
// *** Execute ***
// Launch: 1 / 1
// Execute: dotnet "EricksonLopez.Mediator.Benchmarks-.NET 8.0-2.dll" --anonymousPipes 107 108 --benchmarkName EricksonLopez.Mediator.Benchmarks.MediatorBenchmarks.DirectCall --job ".NET 8.0" --benchmarkId 0 in /home/runner/work/dotnet-mediator/dotnet-mediator/benchmarks/EricksonLopez.Mediator.Benchmarks/bin/Release/net10.0/EricksonLopez.Mediator.Benchmarks-.NET 8.0-2/bin/Release/net8.0
// Failed to set up high priority (Permission denied). In order to run benchmarks with high priority, make sure you have the right permissions.
// BeforeAnythingElse

// Benchmark Process Environment Information:
// BenchmarkDotNet v0.15.8
// Runtime=.NET 8.0.30 (8.0.30, 8.0.3026.36720), X64 RyuJIT x86-64-v3
// GC=Concurrent Workstation
// HardwareIntrinsics=AVX2+BMI1+BMI2+F16C+FMA+LZCNT+MOVBE,AVX,SSE3+SSSE3+SSE4.1+SSE4.2+POPCNT,X86Base+SSE+SSE2,AES+PCLMUL VectorSize=256
// Job: .NET 8.0

OverheadJitting  1: 1 op, 181970.00 ns, 181.9700 us/op
WorkloadJitting  1: 1 op, 7543650.00 ns, 7.5437 ms/op

OverheadJitting  2: 16 op, 404215.00 ns, 25.2634 us/op
WorkloadJitting  2: 16 op, 448799.00 ns, 28.0499 us/op

WorkloadPilot    1: 16 op, 2244.00 ns, 140.2500 ns/op
WorkloadPilot    2: 32 op, 3156.00 ns, 98.6250 ns/op
WorkloadPilot    3: 64 op, 6042.00 ns, 94.4063 ns/op
WorkloadPilot    4: 128 op, 10280.00 ns, 80.3125 ns/op
WorkloadPilot    5: 256 op, 18445.00 ns, 72.0508 ns/op
WorkloadPilot    6: 512 op, 32661.00 ns, 63.7910 ns/op
WorkloadPilot    7: 1024 op, 80731.00 ns, 78.8389 ns/op
WorkloadPilot    8: 2048 op, 92032.00 ns, 44.9375 ns/op
WorkloadPilot    9: 4096 op, 168245.00 ns, 41.0754 ns/op
WorkloadPilot   10: 8192 op, 322182.00 ns, 39.3289 ns/op
WorkloadPilot   11: 16384 op, 689898.00 ns, 42.1080 ns/op
WorkloadPilot   12: 32768 op, 1290731.00 ns, 39.3900 ns/op
WorkloadPilot   13: 65536 op, 2567395.00 ns, 39.1753 ns/op
WorkloadPilot   14: 131072 op, 5639423.00 ns, 43.0254 ns/op
WorkloadPilot   15: 262144 op, 10109762.00 ns, 38.5657 ns/op
WorkloadPilot   16: 524288 op, 19864572.00 ns, 37.8887 ns/op
WorkloadPilot   17: 1048576 op, 40269274.00 ns, 38.4038 ns/op
WorkloadPilot   18: 2097152 op, 80068126.00 ns, 38.1795 ns/op
WorkloadPilot   19: 4194304 op, 45240627.00 ns, 10.7862 ns/op
WorkloadPilot   20: 8388608 op, 35772444.00 ns, 4.2644 ns/op
WorkloadPilot   21: 16777216 op, 72031214.00 ns, 4.2934 ns/op
WorkloadPilot   22: 33554432 op, 142657725.00 ns, 4.2515 ns/op
WorkloadPilot   23: 67108864 op, 286591784.00 ns, 4.2706 ns/op
WorkloadPilot   24: 134217728 op, 569757029.00 ns, 4.2450 ns/op

OverheadWarmup   1: 134217728 op, 642321630.00 ns, 4.7857 ns/op
OverheadWarmup   2: 134217728 op, 488607624.00 ns, 3.6404 ns/op
OverheadWarmup   3: 134217728 op, 490809867.00 ns, 3.6568 ns/op
OverheadWarmup   4: 134217728 op, 488686321.00 ns, 3.6410 ns/op
OverheadWarmup   5: 134217728 op, 488738699.00 ns, 3.6414 ns/op
OverheadWarmup   6: 134217728 op, 492040005.00 ns, 3.6660 ns/op
OverheadWarmup   7: 134217728 op, 488899399.00 ns, 3.6426 ns/op

OverheadActual   1: 134217728 op, 489902633.00 ns, 3.6501 ns/op
OverheadActual   2: 134217728 op, 488695673.00 ns, 3.6411 ns/op
OverheadActual   3: 134217728 op, 488718900.00 ns, 3.6412 ns/op
OverheadActual   4: 134217728 op, 488539775.00 ns, 3.6399 ns/op
OverheadActual   5: 134217728 op, 488731043.00 ns, 3.6413 ns/op
OverheadActual   6: 134217728 op, 488745440.00 ns, 3.6414 ns/op
OverheadActual   7: 134217728 op, 489170994.00 ns, 3.6446 ns/op
OverheadActual   8: 134217728 op, 489258187.00 ns, 3.6453 ns/op
OverheadActual   9: 134217728 op, 489111734.00 ns, 3.6442 ns/op
OverheadActual  10: 134217728 op, 489704580.00 ns, 3.6486 ns/op
OverheadActual  11: 134217728 op, 490367768.00 ns, 3.6535 ns/op
OverheadActual  12: 134217728 op, 488384846.00 ns, 3.6388 ns/op
OverheadActual  13: 134217728 op, 488543683.00 ns, 3.6399 ns/op
OverheadActual  14: 134217728 op, 488541219.00 ns, 3.6399 ns/op
OverheadActual  15: 134217728 op, 488741051.00 ns, 3.6414 ns/op

WorkloadWarmup   1: 134217728 op, 570713595.00 ns, 4.2521 ns/op
WorkloadWarmup   2: 134217728 op, 569950810.00 ns, 4.2465 ns/op
WorkloadWarmup   3: 134217728 op, 575863452.00 ns, 4.2905 ns/op
WorkloadWarmup   4: 134217728 op, 569962467.00 ns, 4.2466 ns/op
WorkloadWarmup   5: 134217728 op, 571789448.00 ns, 4.2602 ns/op
WorkloadWarmup   6: 134217728 op, 571758501.00 ns, 4.2599 ns/op

// BeforeActualRun
WorkloadActual   1: 134217728 op, 571078881.00 ns, 4.2549 ns/op
WorkloadActual   2: 134217728 op, 569829289.00 ns, 4.2456 ns/op
WorkloadActual   3: 134217728 op, 584229207.00 ns, 4.3528 ns/op
WorkloadActual   4: 134217728 op, 569962247.00 ns, 4.2465 ns/op
WorkloadActual   5: 134217728 op, 570339782.00 ns, 4.2494 ns/op
WorkloadActual   6: 134217728 op, 570615427.00 ns, 4.2514 ns/op
WorkloadActual   7: 134217728 op, 574223704.00 ns, 4.2783 ns/op
WorkloadActual   8: 134217728 op, 571038206.00 ns, 4.2546 ns/op
WorkloadActual   9: 134217728 op, 570681108.00 ns, 4.2519 ns/op
WorkloadActual  10: 134217728 op, 569916191.00 ns, 4.2462 ns/op
WorkloadActual  11: 134217728 op, 570488786.00 ns, 4.2505 ns/op
WorkloadActual  12: 134217728 op, 571043485.00 ns, 4.2546 ns/op
WorkloadActual  13: 134217728 op, 572834449.00 ns, 4.2679 ns/op
WorkloadActual  14: 134217728 op, 571829182.00 ns, 4.2605 ns/op
WorkloadActual  15: 134217728 op, 570435249.00 ns, 4.2501 ns/op

// AfterActualRun
WorkloadResult   1: 134217728 op, 82337830.00 ns, 0.6135 ns/op
WorkloadResult   2: 134217728 op, 81088238.00 ns, 0.6042 ns/op
WorkloadResult   3: 134217728 op, 81221196.00 ns, 0.6051 ns/op
WorkloadResult   4: 134217728 op, 81598731.00 ns, 0.6080 ns/op
WorkloadResult   5: 134217728 op, 81874376.00 ns, 0.6100 ns/op
WorkloadResult   6: 134217728 op, 82297155.00 ns, 0.6132 ns/op
WorkloadResult   7: 134217728 op, 81940057.00 ns, 0.6105 ns/op
WorkloadResult   8: 134217728 op, 81175140.00 ns, 0.6048 ns/op
WorkloadResult   9: 134217728 op, 81747735.00 ns, 0.6091 ns/op
WorkloadResult  10: 134217728 op, 82302434.00 ns, 0.6132 ns/op
WorkloadResult  11: 134217728 op, 84093398.00 ns, 0.6265 ns/op
WorkloadResult  12: 134217728 op, 83088131.00 ns, 0.6191 ns/op
WorkloadResult  13: 134217728 op, 81694198.00 ns, 0.6087 ns/op
// GC:  0 0 0 0 134217728
// Threading:  0 0 134217728

// AfterAll
// Benchmark Process 4921 has exited with code 0.

Mean = 0.611 ns, StdErr = 0.002 ns (0.28%), N = 13, StdDev = 0.006 ns
Min = 0.604 ns, Q1 = 0.608 ns, Median = 0.610 ns, Q3 = 0.613 ns, Max = 0.627 ns
IQR = 0.005 ns, LowerFence = 0.600 ns, UpperFence = 0.621 ns
ConfidenceInterval = [0.604 ns; 0.619 ns] (CI 99.9%), Margin = 0.007 ns (1.21% of Mean)
Skewness = 1.04, Kurtosis = 3.38, MValue = 2

// ** Remained 26 (72.2 %) benchmark(s) to run. Estimated finish 2026-09-06 6:49 (0h 9m from now) **
// **************************
// Benchmark: MediatorBenchmarks.SendCommand_NoBehaviors: .NET 8.0(Runtime=.NET 8.0, Toolchain=net8.0)
// *** Execute ***
// Launch: 1 / 1
// Execute: dotnet "EricksonLopez.Mediator.Benchmarks-.NET 8.0-2.dll" --anonymousPipes 107 108 --benchmarkName EricksonLopez.Mediator.Benchmarks.MediatorBenchmarks.SendCommand_NoBehaviors --job ".NET 8.0" --benchmarkId 1 in /home/runner/work/dotnet-mediator/dotnet-mediator/benchmarks/EricksonLopez.Mediator.Benchmarks/bin/Release/net10.0/EricksonLopez.Mediator.Benchmarks-.NET 8.0-2/bin/Release/net8.0
// Failed to set up high priority (Permission denied). In order to run benchmarks with high priority, make sure you have the right permissions.
// BeforeAnythingElse

// Benchmark Process Environment Information:
// BenchmarkDotNet v0.15.8
// Runtime=.NET 8.0.30 (8.0.30, 8.0.3026.36720), X64 RyuJIT x86-64-v3
// GC=Concurrent Workstation
// HardwareIntrinsics=AVX2+BMI1+BMI2+F16C+FMA+LZCNT+MOVBE,AVX,SSE3+SSSE3+SSE4.1+SSE4.2+POPCNT,X86Base+SSE+SSE2,AES+PCLMUL VectorSize=256
// Job: .NET 8.0

OverheadJitting  1: 1 op, 174506.00 ns, 174.5060 us/op
WorkloadJitting  1: 1 op, 1525789.00 ns, 1.5258 ms/op

OverheadJitting  2: 16 op, 414865.00 ns, 25.9291 us/op
WorkloadJitting  2: 16 op, 474896.00 ns, 29.6810 us/op

WorkloadPilot    1: 16 op, 9267.00 ns, 579.1875 ns/op
WorkloadPilot    2: 32 op, 14026.00 ns, 438.3125 ns/op
WorkloadPilot    3: 64 op, 23524.00 ns, 367.5625 ns/op
WorkloadPilot    4: 128 op, 41367.00 ns, 323.1797 ns/op
WorkloadPilot    5: 256 op, 69740.00 ns, 272.4219 ns/op
WorkloadPilot    6: 512 op, 128650.00 ns, 251.2695 ns/op
WorkloadPilot    7: 1024 op, 247763.00 ns, 241.9561 ns/op
WorkloadPilot    8: 2048 op, 486048.00 ns, 237.3281 ns/op
WorkloadPilot    9: 4096 op, 986061.00 ns, 240.7375 ns/op
WorkloadPilot   10: 8192 op, 2062151.00 ns, 251.7274 ns/op
WorkloadPilot   11: 16384 op, 4029685.00 ns, 245.9525 ns/op
WorkloadPilot   12: 32768 op, 8030988.00 ns, 245.0863 ns/op
WorkloadPilot   13: 65536 op, 16000671.00 ns, 244.1509 ns/op
WorkloadPilot   14: 131072 op, 31890054.00 ns, 243.3018 ns/op
WorkloadPilot   15: 262144 op, 63872561.00 ns, 243.6545 ns/op
WorkloadPilot   16: 524288 op, 48685816.00 ns, 92.8608 ns/op
WorkloadPilot   17: 1048576 op, 32259131.00 ns, 30.7647 ns/op
WorkloadPilot   18: 2097152 op, 66073551.00 ns, 31.5063 ns/op
WorkloadPilot   19: 4194304 op, 128702299.00 ns, 30.6850 ns/op
WorkloadPilot   20: 8388608 op, 259162151.00 ns, 30.8945 ns/op
WorkloadPilot   21: 16777216 op, 513892907.00 ns, 30.6304 ns/op

OverheadWarmup   1: 16777216 op, 76796877.00 ns, 4.5775 ns/op
OverheadWarmup   2: 16777216 op, 76759788.00 ns, 4.5752 ns/op
OverheadWarmup   3: 16777216 op, 80967495.00 ns, 4.8260 ns/op
OverheadWarmup   4: 16777216 op, 61380588.00 ns, 3.6586 ns/op
OverheadWarmup   5: 16777216 op, 61005958.00 ns, 3.6362 ns/op
OverheadWarmup   6: 16777216 op, 61918141.00 ns, 3.6906 ns/op
OverheadWarmup   7: 16777216 op, 61871153.00 ns, 3.6878 ns/op

OverheadActual   1: 16777216 op, 61104652.00 ns, 3.6421 ns/op
OverheadActual   2: 16777216 op, 61126924.00 ns, 3.6434 ns/op
OverheadActual   3: 16777216 op, 61046794.00 ns, 3.6387 ns/op
OverheadActual   4: 16777216 op, 61114461.00 ns, 3.6427 ns/op
OverheadActual   5: 16777216 op, 61254923.00 ns, 3.6511 ns/op
OverheadActual   6: 16777216 op, 61073103.00 ns, 3.6402 ns/op
OverheadActual   7: 16777216 op, 78842076.00 ns, 4.6994 ns/op
OverheadActual   8: 16777216 op, 61232951.00 ns, 3.6498 ns/op
OverheadActual   9: 16777216 op, 61114110.00 ns, 3.6427 ns/op
OverheadActual  10: 16777216 op, 61052825.00 ns, 3.6390 ns/op
OverheadActual  11: 16777216 op, 62293462.00 ns, 3.7130 ns/op
OverheadActual  12: 16777216 op, 61133065.00 ns, 3.6438 ns/op
OverheadActual  13: 16777216 op, 61147902.00 ns, 3.6447 ns/op
OverheadActual  14: 16777216 op, 61000047.00 ns, 3.6359 ns/op
OverheadActual  15: 16777216 op, 61060068.00 ns, 3.6395 ns/op

WorkloadWarmup   1: 16777216 op, 514689274.00 ns, 30.6779 ns/op
WorkloadWarmup   2: 16777216 op, 514394373.00 ns, 30.6603 ns/op
WorkloadWarmup   3: 16777216 op, 515290667.00 ns, 30.7137 ns/op
WorkloadWarmup   4: 16777216 op, 519486148.00 ns, 30.9638 ns/op
WorkloadWarmup   5: 16777216 op, 515245235.00 ns, 30.7110 ns/op
WorkloadWarmup   6: 16777216 op, 514145922.00 ns, 30.6455 ns/op
WorkloadWarmup   7: 16777216 op, 514427277.00 ns, 30.6623 ns/op
WorkloadWarmup   8: 16777216 op, 514425273.00 ns, 30.6621 ns/op

// BeforeActualRun
WorkloadActual   1: 16777216 op, 514113291.00 ns, 30.6435 ns/op
WorkloadActual   2: 16777216 op, 514419162.00 ns, 30.6618 ns/op
WorkloadActual   3: 16777216 op, 514891073.00 ns, 30.6899 ns/op
WorkloadActual   4: 16777216 op, 514334784.00 ns, 30.6567 ns/op
WorkloadActual   5: 16777216 op, 517202089.00 ns, 30.8276 ns/op
WorkloadActual   6: 16777216 op, 514787160.00 ns, 30.6837 ns/op
WorkloadActual   7: 16777216 op, 514693083.00 ns, 30.6781 ns/op
WorkloadActual   8: 16777216 op, 514038822.00 ns, 30.6391 ns/op
WorkloadActual   9: 16777216 op, 514342188.00 ns, 30.6572 ns/op
WorkloadActual  10: 16777216 op, 514301954.00 ns, 30.6548 ns/op
WorkloadActual  11: 16777216 op, 514275544.00 ns, 30.6532 ns/op
WorkloadActual  12: 16777216 op, 514577779.00 ns, 30.6712 ns/op
WorkloadActual  13: 16777216 op, 514177993.00 ns, 30.6474 ns/op
WorkloadActual  14: 16777216 op, 514610391.00 ns, 30.6732 ns/op
WorkloadActual  15: 16777216 op, 515387121.00 ns, 30.7195 ns/op

// AfterActualRun
WorkloadResult   1: 16777216 op, 452998830.00 ns, 27.0008 ns/op
WorkloadResult   2: 16777216 op, 453304701.00 ns, 27.0191 ns/op
WorkloadResult   3: 16777216 op, 453776612.00 ns, 27.0472 ns/op
WorkloadResult   4: 16777216 op, 453220323.00 ns, 27.0140 ns/op
WorkloadResult   5: 16777216 op, 453672699.00 ns, 27.0410 ns/op
WorkloadResult   6: 16777216 op, 453578622.00 ns, 27.0354 ns/op
WorkloadResult   7: 16777216 op, 452924361.00 ns, 26.9964 ns/op
WorkloadResult   8: 16777216 op, 453227727.00 ns, 27.0145 ns/op
WorkloadResult   9: 16777216 op, 453187493.00 ns, 27.0121 ns/op
WorkloadResult  10: 16777216 op, 453161083.00 ns, 27.0105 ns/op
WorkloadResult  11: 16777216 op, 453463318.00 ns, 27.0285 ns/op
WorkloadResult  12: 16777216 op, 453063532.00 ns, 27.0047 ns/op
WorkloadResult  13: 16777216 op, 453495930.00 ns, 27.0305 ns/op
WorkloadResult  14: 16777216 op, 454272660.00 ns, 27.0768 ns/op
// GC:  0 0 0 0 16777216
// Threading:  0 0 16777216

// AfterAll
// Benchmark Process 4948 has exited with code 0.

Mean = 27.024 ns, StdErr = 0.006 ns (0.02%), N = 14, StdDev = 0.022 ns
Min = 26.996 ns, Q1 = 27.011 ns, Median = 27.017 ns, Q3 = 27.034 ns, Max = 27.077 ns
IQR = 0.023 ns, LowerFence = 26.976 ns, UpperFence = 27.069 ns
ConfidenceInterval = [26.999 ns; 27.048 ns] (CI 99.9%), Margin = 0.024 ns (0.09% of Mean)
Skewness = 0.9, Kurtosis = 3.13, MValue = 2

// ** Remained 25 (69.4 %) benchmark(s) to run. Estimated finish 2026-09-06 6:49 (0h 8m from now) **
// **************************
// Benchmark: MediatorBenchmarks.SendQuery_NoBehaviors: .NET 8.0(Runtime=.NET 8.0, Toolchain=net8.0)
// *** Execute ***
// Launch: 1 / 1
// Execute: dotnet "EricksonLopez.Mediator.Benchmarks-.NET 8.0-2.dll" --anonymousPipes 107 108 --benchmarkName EricksonLopez.Mediator.Benchmarks.MediatorBenchmarks.SendQuery_NoBehaviors --job ".NET 8.0" --benchmarkId 2 in /home/runner/work/dotnet-mediator/dotnet-mediator/benchmarks/EricksonLopez.Mediator.Benchmarks/bin/Release/net10.0/EricksonLopez.Mediator.Benchmarks-.NET 8.0-2/bin/Release/net8.0
// Failed to set up high priority (Permission denied). In order to run benchmarks with high priority, make sure you have the right permissions.
// BeforeAnythingElse

// Benchmark Process Environment Information:
// BenchmarkDotNet v0.15.8
// Runtime=.NET 8.0.30 (8.0.30, 8.0.3026.36720), X64 RyuJIT x86-64-v3
// GC=Concurrent Workstation
// HardwareIntrinsics=AVX2+BMI1+BMI2+F16C+FMA+LZCNT+MOVBE,AVX,SSE3+SSSE3+SSE4.1+SSE4.2+POPCNT,X86Base+SSE+SSE2,AES+PCLMUL VectorSize=256
// Job: .NET 8.0

OverheadJitting  1: 1 op, 169086.00 ns, 169.0860 us/op
WorkloadJitting  1: 1 op, 1122817.00 ns, 1.1228 ms/op

OverheadJitting  2: 16 op, 425525.00 ns, 26.5953 us/op
WorkloadJitting  2: 16 op, 432798.00 ns, 27.0499 us/op

WorkloadPilot    1: 16 op, 7604.00 ns, 475.2500 ns/op
WorkloadPilot    2: 32 op, 10890.00 ns, 340.3125 ns/op
WorkloadPilot    3: 64 op, 17693.00 ns, 276.4531 ns/op
WorkloadPilot    4: 128 op, 32491.00 ns, 253.8359 ns/op
WorkloadPilot    5: 256 op, 60423.00 ns, 236.0273 ns/op
WorkloadPilot    6: 512 op, 116177.00 ns, 226.9082 ns/op
WorkloadPilot    7: 1024 op, 249846.00 ns, 243.9902 ns/op
WorkloadPilot    8: 2048 op, 474466.00 ns, 231.6729 ns/op
WorkloadPilot    9: 4096 op, 893588.00 ns, 218.1611 ns/op
WorkloadPilot   10: 8192 op, 1953969.00 ns, 238.5216 ns/op
WorkloadPilot   11: 16384 op, 3851322.00 ns, 235.0660 ns/op
WorkloadPilot   12: 32768 op, 7579013.00 ns, 231.2931 ns/op
WorkloadPilot   13: 65536 op, 15045336.00 ns, 229.5736 ns/op
WorkloadPilot   14: 131072 op, 30179648.00 ns, 230.2524 ns/op
WorkloadPilot   15: 262144 op, 60643517.00 ns, 231.3367 ns/op
WorkloadPilot   16: 524288 op, 55916569.00 ns, 106.6524 ns/op
WorkloadPilot   17: 1048576 op, 29943526.00 ns, 28.5564 ns/op
WorkloadPilot   18: 2097152 op, 59847019.00 ns, 28.5373 ns/op
WorkloadPilot   19: 4194304 op, 119610081.00 ns, 28.5173 ns/op
WorkloadPilot   20: 8388608 op, 240340566.00 ns, 28.6508 ns/op
WorkloadPilot   21: 16777216 op, 478449974.00 ns, 28.5178 ns/op
WorkloadPilot   22: 33554432 op, 957169522.00 ns, 28.5259 ns/op

OverheadWarmup   1: 33554432 op, 152906500.00 ns, 4.5570 ns/op
OverheadWarmup   2: 33554432 op, 160272555.00 ns, 4.7765 ns/op
OverheadWarmup   3: 33554432 op, 122535855.00 ns, 3.6519 ns/op
OverheadWarmup   4: 33554432 op, 121434479.00 ns, 3.6190 ns/op
OverheadWarmup   5: 33554432 op, 121912390.00 ns, 3.6333 ns/op
OverheadWarmup   6: 33554432 op, 121492126.00 ns, 3.6207 ns/op

OverheadActual   1: 33554432 op, 121668164.00 ns, 3.6260 ns/op
OverheadActual   2: 33554432 op, 121453384.00 ns, 3.6196 ns/op
OverheadActual   3: 33554432 op, 121443184.00 ns, 3.6193 ns/op
OverheadActual   4: 33554432 op, 121644030.00 ns, 3.6253 ns/op
OverheadActual   5: 33554432 op, 122410230.00 ns, 3.6481 ns/op
OverheadActual   6: 33554432 op, 121455217.00 ns, 3.6196 ns/op
OverheadActual   7: 33554432 op, 121505611.00 ns, 3.6211 ns/op
OverheadActual   8: 33554432 op, 121753404.00 ns, 3.6285 ns/op
OverheadActual   9: 33554432 op, 121763233.00 ns, 3.6288 ns/op
OverheadActual  10: 33554432 op, 121449226.00 ns, 3.6195 ns/op
OverheadActual  11: 33554432 op, 121383042.00 ns, 3.6175 ns/op
OverheadActual  12: 33554432 op, 121620115.00 ns, 3.6246 ns/op
OverheadActual  13: 33554432 op, 122639649.00 ns, 3.6549 ns/op
OverheadActual  14: 33554432 op, 121666933.00 ns, 3.6260 ns/op
OverheadActual  15: 33554432 op, 122297139.00 ns, 3.6447 ns/op

WorkloadWarmup   1: 33554432 op, 971578243.00 ns, 28.9553 ns/op
WorkloadWarmup   2: 33554432 op, 973492266.00 ns, 29.0123 ns/op
WorkloadWarmup   3: 33554432 op, 972202366.00 ns, 28.9739 ns/op
WorkloadWarmup   4: 33554432 op, 972154928.00 ns, 28.9725 ns/op
WorkloadWarmup   5: 33554432 op, 976283900.00 ns, 29.0955 ns/op
WorkloadWarmup   6: 33554432 op, 977636457.00 ns, 29.1358 ns/op
WorkloadWarmup   7: 33554432 op, 971225592.00 ns, 28.9448 ns/op

// BeforeActualRun
WorkloadActual   1: 33554432 op, 973473551.00 ns, 29.0118 ns/op
WorkloadActual   2: 33554432 op, 971004786.00 ns, 28.9382 ns/op
WorkloadActual   3: 33554432 op, 971457417.00 ns, 28.9517 ns/op
WorkloadActual   4: 33554432 op, 991756999.00 ns, 29.5567 ns/op
WorkloadActual   5: 33554432 op, 971244309.00 ns, 28.9453 ns/op
WorkloadActual   6: 33554432 op, 971505027.00 ns, 28.9531 ns/op
WorkloadActual   7: 33554432 op, 972931040.00 ns, 28.9956 ns/op
WorkloadActual   8: 33554432 op, 974326686.00 ns, 29.0372 ns/op
WorkloadActual   9: 33554432 op, 976159890.00 ns, 29.0918 ns/op
WorkloadActual  10: 33554432 op, 971127062.00 ns, 28.9418 ns/op
WorkloadActual  11: 33554432 op, 971029452.00 ns, 28.9389 ns/op
WorkloadActual  12: 33554432 op, 972142902.00 ns, 28.9721 ns/op
WorkloadActual  13: 33554432 op, 979087468.00 ns, 29.1791 ns/op
WorkloadActual  14: 33554432 op, 972438294.00 ns, 28.9809 ns/op
WorkloadActual  15: 33554432 op, 971254271.00 ns, 28.9456 ns/op

// AfterActualRun
WorkloadResult   1: 33554432 op, 851829521.00 ns, 25.3865 ns/op
WorkloadResult   2: 33554432 op, 849360756.00 ns, 25.3129 ns/op
WorkloadResult   3: 33554432 op, 849813387.00 ns, 25.3264 ns/op
WorkloadResult   4: 33554432 op, 849600279.00 ns, 25.3201 ns/op
WorkloadResult   5: 33554432 op, 849860997.00 ns, 25.3278 ns/op
WorkloadResult   6: 33554432 op, 851287010.00 ns, 25.3703 ns/op
WorkloadResult   7: 33554432 op, 852682656.00 ns, 25.4119 ns/op
WorkloadResult   8: 33554432 op, 854515860.00 ns, 25.4666 ns/op
WorkloadResult   9: 33554432 op, 849483032.00 ns, 25.3166 ns/op
WorkloadResult  10: 33554432 op, 849385422.00 ns, 25.3137 ns/op
WorkloadResult  11: 33554432 op, 850498872.00 ns, 25.3468 ns/op
WorkloadResult  12: 33554432 op, 850794264.00 ns, 25.3556 ns/op
WorkloadResult  13: 33554432 op, 849610241.00 ns, 25.3204 ns/op
// GC:  0 0 0 0 33554432
// Threading:  0 0 33554432

// AfterAll
// Benchmark Process 4963 has exited with code 0.

Mean = 25.352 ns, StdErr = 0.013 ns (0.05%), N = 13, StdDev = 0.046 ns
Min = 25.313 ns, Q1 = 25.320 ns, Median = 25.328 ns, Q3 = 25.370 ns, Max = 25.467 ns
IQR = 0.050 ns, LowerFence = 25.245 ns, UpperFence = 25.446 ns
ConfidenceInterval = [25.296 ns; 25.407 ns] (CI 99.9%), Margin = 0.056 ns (0.22% of Mean)
Skewness = 1.17, Kurtosis = 3.26, MValue = 2

// ** Remained 24 (66.7 %) benchmark(s) to run. Estimated finish 2026-09-06 6:49 (0h 8m from now) **
// **************************
// Benchmark: MediatorBenchmarks.SendCommand_OneBehavior: .NET 8.0(Runtime=.NET 8.0, Toolchain=net8.0)
// *** Execute ***
// Launch: 1 / 1
// Execute: dotnet "EricksonLopez.Mediator.Benchmarks-.NET 8.0-2.dll" --anonymousPipes 107 108 --benchmarkName EricksonLopez.Mediator.Benchmarks.MediatorBenchmarks.SendCommand_OneBehavior --job ".NET 8.0" --benchmarkId 3 in /home/runner/work/dotnet-mediator/dotnet-mediator/benchmarks/EricksonLopez.Mediator.Benchmarks/bin/Release/net10.0/EricksonLopez.Mediator.Benchmarks-.NET 8.0-2/bin/Release/net8.0
// Failed to set up high priority (Permission denied). In order to run benchmarks with high priority, make sure you have the right permissions.
// BeforeAnythingElse

// Benchmark Process Environment Information:
// BenchmarkDotNet v0.15.8
// Runtime=.NET 8.0.30 (8.0.30, 8.0.3026.36720), X64 RyuJIT x86-64-v3
// GC=Concurrent Workstation
// HardwareIntrinsics=AVX2+BMI1+BMI2+F16C+FMA+LZCNT+MOVBE,AVX,SSE3+SSSE3+SSE4.1+SSE4.2+POPCNT,X86Base+SSE+SSE2,AES+PCLMUL VectorSize=256
// Job: .NET 8.0

OverheadJitting  1: 1 op, 170529.00 ns, 170.5290 us/op
WorkloadJitting  1: 1 op, 2227974.00 ns, 2.2280 ms/op

OverheadJitting  2: 16 op, 456192.00 ns, 28.5120 us/op
WorkloadJitting  2: 16 op, 393896.00 ns, 24.6185 us/op

WorkloadPilot    1: 16 op, 12674.00 ns, 792.1250 ns/op
WorkloadPilot    2: 32 op, 20408.00 ns, 637.7500 ns/op
WorkloadPilot    3: 64 op, 34585.00 ns, 540.3906 ns/op
WorkloadPilot    4: 128 op, 63910.00 ns, 499.2969 ns/op
WorkloadPilot    5: 256 op, 124443.00 ns, 486.1055 ns/op
WorkloadPilot    6: 512 op, 256991.00 ns, 501.9355 ns/op
WorkloadPilot    7: 1024 op, 503111.00 ns, 491.3193 ns/op
WorkloadPilot    8: 2048 op, 1002743.00 ns, 489.6206 ns/op
WorkloadPilot    9: 4096 op, 1930888.00 ns, 471.4082 ns/op
WorkloadPilot   10: 8192 op, 3901380.00 ns, 476.2427 ns/op
WorkloadPilot   11: 16384 op, 7678207.00 ns, 468.6406 ns/op
WorkloadPilot   12: 32768 op, 15432618.00 ns, 470.9661 ns/op
WorkloadPilot   13: 65536 op, 30643791.00 ns, 467.5871 ns/op
WorkloadPilot   14: 131072 op, 61030543.00 ns, 465.6261 ns/op
WorkloadPilot   15: 262144 op, 66779515.00 ns, 254.7436 ns/op
WorkloadPilot   16: 524288 op, 31251477.00 ns, 59.6075 ns/op
WorkloadPilot   17: 1048576 op, 62114959.00 ns, 59.2374 ns/op
WorkloadPilot   18: 2097152 op, 124371603.00 ns, 59.3050 ns/op
WorkloadPilot   19: 4194304 op, 248778470.00 ns, 59.3134 ns/op
WorkloadPilot   20: 8388608 op, 497646009.00 ns, 59.3240 ns/op
WorkloadPilot   21: 16777216 op, 995529720.00 ns, 59.3382 ns/op

OverheadWarmup   1: 16777216 op, 76776032.00 ns, 4.5762 ns/op
OverheadWarmup   2: 16777216 op, 78924876.00 ns, 4.7043 ns/op
OverheadWarmup   3: 16777216 op, 77241956.00 ns, 4.6040 ns/op
OverheadWarmup   4: 16777216 op, 61308374.00 ns, 3.6543 ns/op
OverheadWarmup   5: 16777216 op, 61034572.00 ns, 3.6379 ns/op
OverheadWarmup   6: 16777216 op, 62451930.00 ns, 3.7224 ns/op
OverheadWarmup   7: 16777216 op, 61145810.00 ns, 3.6446 ns/op

OverheadActual   1: 16777216 op, 61048188.00 ns, 3.6388 ns/op
OverheadActual   2: 16777216 op, 61252259.00 ns, 3.6509 ns/op
OverheadActual   3: 16777216 op, 61098242.00 ns, 3.6417 ns/op
OverheadActual   4: 16777216 op, 61209750.00 ns, 3.6484 ns/op
OverheadActual   5: 16777216 op, 61137475.00 ns, 3.6441 ns/op
OverheadActual   6: 16777216 op, 61026878.00 ns, 3.6375 ns/op
OverheadActual   7: 16777216 op, 66635538.00 ns, 3.9718 ns/op
OverheadActual   8: 16777216 op, 61232552.00 ns, 3.6497 ns/op
OverheadActual   9: 16777216 op, 61866236.00 ns, 3.6875 ns/op
OverheadActual  10: 16777216 op, 61051013.00 ns, 3.6389 ns/op
OverheadActual  11: 16777216 op, 61121415.00 ns, 3.6431 ns/op
OverheadActual  12: 16777216 op, 61315367.00 ns, 3.6547 ns/op
OverheadActual  13: 16777216 op, 61587926.00 ns, 3.6709 ns/op
OverheadActual  14: 16777216 op, 61192648.00 ns, 3.6474 ns/op
OverheadActual  15: 16777216 op, 64345011.00 ns, 3.8353 ns/op

WorkloadWarmup   1: 16777216 op, 996869524.00 ns, 59.4181 ns/op
WorkloadWarmup   2: 16777216 op, 996484868.00 ns, 59.3951 ns/op
WorkloadWarmup   3: 16777216 op, 995968693.00 ns, 59.3644 ns/op
WorkloadWarmup   4: 16777216 op, 1017138892.00 ns, 60.6262 ns/op
WorkloadWarmup   5: 16777216 op, 995955478.00 ns, 59.3636 ns/op
WorkloadWarmup   6: 16777216 op, 995715410.00 ns, 59.3493 ns/op
WorkloadWarmup   7: 16777216 op, 995953824.00 ns, 59.3635 ns/op
WorkloadWarmup   8: 16777216 op, 996378063.00 ns, 59.3888 ns/op
WorkloadWarmup   9: 16777216 op, 1003872681.00 ns, 59.8355 ns/op
WorkloadWarmup  10: 16777216 op, 995586144.00 ns, 59.3416 ns/op

// BeforeActualRun
WorkloadActual   1: 16777216 op, 997785452.00 ns, 59.4726 ns/op
WorkloadActual   2: 16777216 op, 996512043.00 ns, 59.3967 ns/op
WorkloadActual   3: 16777216 op, 995847252.00 ns, 59.3571 ns/op
WorkloadActual   4: 16777216 op, 997198585.00 ns, 59.4377 ns/op
WorkloadActual   5: 16777216 op, 1007200749.00 ns, 60.0338 ns/op
WorkloadActual   6: 16777216 op, 1011651045.00 ns, 60.2991 ns/op
WorkloadActual   7: 16777216 op, 995522641.00 ns, 59.3378 ns/op
WorkloadActual   8: 16777216 op, 995278655.00 ns, 59.3232 ns/op
WorkloadActual   9: 16777216 op, 1001966878.00 ns, 59.7219 ns/op
WorkloadActual  10: 16777216 op, 995414609.00 ns, 59.3313 ns/op
WorkloadActual  11: 16777216 op, 1000335471.00 ns, 59.6246 ns/op
WorkloadActual  12: 16777216 op, 996886649.00 ns, 59.4191 ns/op
WorkloadActual  13: 16777216 op, 1023912018.00 ns, 61.0299 ns/op
WorkloadActual  14: 16777216 op, 996129198.00 ns, 59.3739 ns/op
WorkloadActual  15: 16777216 op, 995101279.00 ns, 59.3127 ns/op

// AfterActualRun
WorkloadResult   1: 16777216 op, 936575702.00 ns, 55.8243 ns/op
WorkloadResult   2: 16777216 op, 935302293.00 ns, 55.7484 ns/op
WorkloadResult   3: 16777216 op, 934637502.00 ns, 55.7087 ns/op
WorkloadResult   4: 16777216 op, 935988835.00 ns, 55.7893 ns/op
WorkloadResult   5: 16777216 op, 945990999.00 ns, 56.3855 ns/op
WorkloadResult   6: 16777216 op, 934312891.00 ns, 55.6894 ns/op
WorkloadResult   7: 16777216 op, 934068905.00 ns, 55.6748 ns/op
WorkloadResult   8: 16777216 op, 940757128.00 ns, 56.0735 ns/op
WorkloadResult   9: 16777216 op, 934204859.00 ns, 55.6829 ns/op
WorkloadResult  10: 16777216 op, 939125721.00 ns, 55.9763 ns/op
WorkloadResult  11: 16777216 op, 935676899.00 ns, 55.7707 ns/op
WorkloadResult  12: 16777216 op, 934919448.00 ns, 55.7255 ns/op
WorkloadResult  13: 16777216 op, 933891529.00 ns, 55.6643 ns/op
// GC:  0 0 0 0 16777216
// Threading:  0 0 16777216

// AfterAll
// Benchmark Process 4983 has exited with code 0.

Mean = 55.824 ns, StdErr = 0.058 ns (0.10%), N = 13, StdDev = 0.208 ns
Min = 55.664 ns, Q1 = 55.689 ns, Median = 55.748 ns, Q3 = 55.824 ns, Max = 56.385 ns
IQR = 0.135 ns, LowerFence = 55.487 ns, UpperFence = 56.027 ns
ConfidenceInterval = [55.575 ns; 56.073 ns] (CI 99.9%), Margin = 0.249 ns (0.45% of Mean)
Skewness = 1.54, Kurtosis = 4.35, MValue = 2

// ** Remained 23 (63.9 %) benchmark(s) to run. Estimated finish 2026-09-06 6:49 (0h 8m from now) **
// **************************
// Benchmark: MediatorBenchmarks.SendCommand_FiveBehaviors: .NET 8.0(Runtime=.NET 8.0, Toolchain=net8.0)
// *** Execute ***
// Launch: 1 / 1
// Execute: dotnet "EricksonLopez.Mediator.Benchmarks-.NET 8.0-2.dll" --anonymousPipes 107 108 --benchmarkName EricksonLopez.Mediator.Benchmarks.MediatorBenchmarks.SendCommand_FiveBehaviors --job ".NET 8.0" --benchmarkId 4 in /home/runner/work/dotnet-mediator/dotnet-mediator/benchmarks/EricksonLopez.Mediator.Benchmarks/bin/Release/net10.0/EricksonLopez.Mediator.Benchmarks-.NET 8.0-2/bin/Release/net8.0
// Failed to set up high priority (Permission denied). In order to run benchmarks with high priority, make sure you have the right permissions.
// BeforeAnythingElse

// Benchmark Process Environment Information:
// BenchmarkDotNet v0.15.8
// Runtime=.NET 8.0.30 (8.0.30, 8.0.3026.36720), X64 RyuJIT x86-64-v3
// GC=Concurrent Workstation
// HardwareIntrinsics=AVX2+BMI1+BMI2+F16C+FMA+LZCNT+MOVBE,AVX,SSE3+SSSE3+SSE4.1+SSE4.2+POPCNT,X86Base+SSE+SSE2,AES+PCLMUL VectorSize=256
// Job: .NET 8.0

OverheadJitting  1: 1 op, 172933.00 ns, 172.9330 us/op
WorkloadJitting  1: 1 op, 4255377.00 ns, 4.2554 ms/op

OverheadJitting  2: 16 op, 421477.00 ns, 26.3423 us/op
WorkloadJitting  2: 16 op, 413743.00 ns, 25.8589 us/op

WorkloadPilot    1: 16 op, 31469.00 ns, 1.9668 us/op
WorkloadPilot    2: 32 op, 55444.00 ns, 1.7326 us/op
WorkloadPilot    3: 64 op, 102261.00 ns, 1.5978 us/op
WorkloadPilot    4: 128 op, 202067.00 ns, 1.5786 us/op
WorkloadPilot    5: 256 op, 388445.00 ns, 1.5174 us/op
WorkloadPilot    6: 512 op, 796618.00 ns, 1.5559 us/op
WorkloadPilot    7: 1024 op, 1613273.00 ns, 1.5755 us/op
WorkloadPilot    8: 2048 op, 3181683.00 ns, 1.5536 us/op
WorkloadPilot    9: 4096 op, 6432232.00 ns, 1.5704 us/op
WorkloadPilot   10: 8192 op, 12657971.00 ns, 1.5452 us/op
WorkloadPilot   11: 16384 op, 25205747.00 ns, 1.5384 us/op
WorkloadPilot   12: 32768 op, 50312750.00 ns, 1.5354 us/op
WorkloadPilot   13: 65536 op, 85726778.00 ns, 1.3081 us/op
WorkloadPilot   14: 131072 op, 37440417.00 ns, 285.6477 ns/op
WorkloadPilot   15: 262144 op, 69778453.00 ns, 266.1837 ns/op
WorkloadPilot   16: 524288 op, 139806218.00 ns, 266.6592 ns/op
WorkloadPilot   17: 1048576 op, 276860865.00 ns, 264.0351 ns/op
WorkloadPilot   18: 2097152 op, 554540249.00 ns, 264.4254 ns/op

OverheadWarmup   1: 2097152 op, 9979309.00 ns, 4.7585 ns/op
OverheadWarmup   2: 2097152 op, 10239044.00 ns, 4.8824 ns/op
OverheadWarmup   3: 2097152 op, 10247439.00 ns, 4.8864 ns/op
OverheadWarmup   4: 2097152 op, 10304716.00 ns, 4.9137 ns/op
OverheadWarmup   5: 2097152 op, 9633562.00 ns, 4.5936 ns/op
OverheadWarmup   6: 2097152 op, 9595422.00 ns, 4.5755 ns/op
OverheadWarmup   7: 2097152 op, 10241177.00 ns, 4.8834 ns/op
OverheadWarmup   8: 2097152 op, 10242049.00 ns, 4.8838 ns/op
OverheadWarmup   9: 2097152 op, 10227171.00 ns, 4.8767 ns/op

OverheadActual   1: 2097152 op, 9644282.00 ns, 4.5988 ns/op
OverheadActual   2: 2097152 op, 9636818.00 ns, 4.5952 ns/op
OverheadActual   3: 2097152 op, 10004015.00 ns, 4.7703 ns/op
OverheadActual   4: 2097152 op, 10194892.00 ns, 4.8613 ns/op
OverheadActual   5: 2097152 op, 10237591.00 ns, 4.8817 ns/op
OverheadActual   6: 2097152 op, 10965420.00 ns, 5.2287 ns/op
OverheadActual   7: 2097152 op, 10192296.00 ns, 4.8601 ns/op
OverheadActual   8: 2097152 op, 9600691.00 ns, 4.5780 ns/op
OverheadActual   9: 2097152 op, 10220018.00 ns, 4.8733 ns/op
OverheadActual  10: 2097152 op, 10285981.00 ns, 4.9047 ns/op
OverheadActual  11: 2097152 op, 9993104.00 ns, 4.7651 ns/op
OverheadActual  12: 2097152 op, 10324443.00 ns, 4.9231 ns/op
OverheadActual  13: 2097152 op, 9603336.00 ns, 4.5792 ns/op
OverheadActual  14: 2097152 op, 10183099.00 ns, 4.8557 ns/op
OverheadActual  15: 2097152 op, 10177318.00 ns, 4.8529 ns/op

WorkloadWarmup   1: 2097152 op, 557046700.00 ns, 265.6206 ns/op
WorkloadWarmup   2: 2097152 op, 561229531.00 ns, 267.6151 ns/op
WorkloadWarmup   3: 2097152 op, 555481860.00 ns, 264.8744 ns/op
WorkloadWarmup   4: 2097152 op, 553796580.00 ns, 264.0708 ns/op
WorkloadWarmup   5: 2097152 op, 553389234.00 ns, 263.8765 ns/op
WorkloadWarmup   6: 2097152 op, 554332981.00 ns, 264.3266 ns/op
WorkloadWarmup   7: 2097152 op, 556083621.00 ns, 265.1613 ns/op
WorkloadWarmup   8: 2097152 op, 554469095.00 ns, 264.3915 ns/op

// BeforeActualRun
WorkloadActual   1: 2097152 op, 555985167.00 ns, 265.1144 ns/op
WorkloadActual   2: 2097152 op, 553525611.00 ns, 263.9416 ns/op
WorkloadActual   3: 2097152 op, 555841629.00 ns, 265.0459 ns/op
WorkloadActual   4: 2097152 op, 554529729.00 ns, 264.4204 ns/op
WorkloadActual   5: 2097152 op, 554185986.00 ns, 264.2565 ns/op
WorkloadActual   6: 2097152 op, 554518177.00 ns, 264.4149 ns/op
WorkloadActual   7: 2097152 op, 553802280.00 ns, 264.0735 ns/op
WorkloadActual   8: 2097152 op, 553925209.00 ns, 264.1321 ns/op
WorkloadActual   9: 2097152 op, 553715177.00 ns, 264.0320 ns/op
WorkloadActual  10: 2097152 op, 554736494.00 ns, 264.5190 ns/op
WorkloadActual  11: 2097152 op, 557025701.00 ns, 265.6106 ns/op
WorkloadActual  12: 2097152 op, 554904605.00 ns, 264.5991 ns/op
WorkloadActual  13: 2097152 op, 555637829.00 ns, 264.9488 ns/op
WorkloadActual  14: 2097152 op, 558010129.00 ns, 266.0800 ns/op
WorkloadActual  15: 2097152 op, 553918747.00 ns, 264.1290 ns/op

// AfterActualRun
WorkloadResult   1: 2097152 op, 545802068.00 ns, 260.2587 ns/op
WorkloadResult   2: 2097152 op, 543342512.00 ns, 259.0859 ns/op
WorkloadResult   3: 2097152 op, 545658530.00 ns, 260.1903 ns/op
WorkloadResult   4: 2097152 op, 544346630.00 ns, 259.5647 ns/op
WorkloadResult   5: 2097152 op, 544002887.00 ns, 259.4008 ns/op
WorkloadResult   6: 2097152 op, 544335078.00 ns, 259.5592 ns/op
WorkloadResult   7: 2097152 op, 543619181.00 ns, 259.2178 ns/op
WorkloadResult   8: 2097152 op, 543742110.00 ns, 259.2764 ns/op
WorkloadResult   9: 2097152 op, 543532078.00 ns, 259.1763 ns/op
WorkloadResult  10: 2097152 op, 544553395.00 ns, 259.6633 ns/op
WorkloadResult  11: 2097152 op, 546842602.00 ns, 260.7549 ns/op
WorkloadResult  12: 2097152 op, 544721506.00 ns, 259.7435 ns/op
WorkloadResult  13: 2097152 op, 545454730.00 ns, 260.0931 ns/op
WorkloadResult  14: 2097152 op, 547827030.00 ns, 261.2243 ns/op
WorkloadResult  15: 2097152 op, 543735648.00 ns, 259.2734 ns/op
// GC:  0 0 0 0 2097152
// Threading:  0 0 2097152

// AfterAll
// Benchmark Process 5008 has exited with code 0.

Mean = 259.765 ns, StdErr = 0.161 ns (0.06%), N = 15, StdDev = 0.624 ns
Min = 259.086 ns, Q1 = 259.275 ns, Median = 259.565 ns, Q3 = 260.142 ns, Max = 261.224 ns
IQR = 0.867 ns, LowerFence = 257.975 ns, UpperFence = 261.442 ns
ConfidenceInterval = [259.098 ns; 260.433 ns] (CI 99.9%), Margin = 0.667 ns (0.26% of Mean)
Skewness = 0.91, Kurtosis = 2.7, MValue = 2

// ** Remained 22 (61.1 %) benchmark(s) to run. Estimated finish 2026-09-06 6:49 (0h 8m from now) **
// **************************
// Benchmark: MediatorBenchmarks.PublishNotification_OneHandler: .NET 8.0(Runtime=.NET 8.0, Toolchain=net8.0)
// *** Execute ***
// Launch: 1 / 1
// Execute: dotnet "EricksonLopez.Mediator.Benchmarks-.NET 8.0-2.dll" --anonymousPipes 107 108 --benchmarkName EricksonLopez.Mediator.Benchmarks.MediatorBenchmarks.PublishNotification_OneHandler --job ".NET 8.0" --benchmarkId 5 in /home/runner/work/dotnet-mediator/dotnet-mediator/benchmarks/EricksonLopez.Mediator.Benchmarks/bin/Release/net10.0/EricksonLopez.Mediator.Benchmarks-.NET 8.0-2/bin/Release/net8.0
// Failed to set up high priority (Permission denied). In order to run benchmarks with high priority, make sure you have the right permissions.
// BeforeAnythingElse

// Benchmark Process Environment Information:
// BenchmarkDotNet v0.15.8
// Runtime=.NET 8.0.30 (8.0.30, 8.0.3026.36720), X64 RyuJIT x86-64-v3
// GC=Concurrent Workstation
// HardwareIntrinsics=AVX2+BMI1+BMI2+F16C+FMA+LZCNT+MOVBE,AVX,SSE3+SSSE3+SSE4.1+SSE4.2+POPCNT,X86Base+SSE+SSE2,AES+PCLMUL VectorSize=256
// Job: .NET 8.0

OverheadJitting  1: 1 op, 135222.00 ns, 135.2220 us/op
WorkloadJitting  1: 1 op, 10587606.00 ns, 10.5876 ms/op

OverheadJitting  2: 16 op, 186098.00 ns, 11.6311 us/op
WorkloadJitting  2: 16 op, 1560154.00 ns, 97.5096 us/op

WorkloadPilot    1: 16 op, 20128.00 ns, 1.2580 us/op
WorkloadPilot    2: 32 op, 31509.00 ns, 984.6563 ns/op
WorkloadPilot    3: 64 op, 41407.00 ns, 646.9844 ns/op
WorkloadPilot    4: 128 op, 119563.00 ns, 934.0859 ns/op
WorkloadPilot    5: 256 op, 189294.00 ns, 739.4297 ns/op
WorkloadPilot    6: 512 op, 324305.00 ns, 633.4082 ns/op
WorkloadPilot    7: 1024 op, 613486.00 ns, 599.1074 ns/op
WorkloadPilot    8: 2048 op, 1143406.00 ns, 558.3037 ns/op
WorkloadPilot    9: 4096 op, 2287041.00 ns, 558.3596 ns/op
WorkloadPilot   10: 8192 op, 4812579.00 ns, 587.4730 ns/op
WorkloadPilot   11: 16384 op, 6305027.00 ns, 384.8283 ns/op
WorkloadPilot   12: 32768 op, 12579696.00 ns, 383.9019 ns/op
WorkloadPilot   13: 65536 op, 24866074.00 ns, 379.4262 ns/op
WorkloadPilot   14: 131072 op, 49597467.00 ns, 378.3986 ns/op
WorkloadPilot   15: 262144 op, 69806482.00 ns, 266.2906 ns/op
WorkloadPilot   16: 524288 op, 36380381.00 ns, 69.3901 ns/op
WorkloadPilot   17: 1048576 op, 64074447.00 ns, 61.1062 ns/op
WorkloadPilot   18: 2097152 op, 128753623.00 ns, 61.3945 ns/op
WorkloadPilot   19: 4194304 op, 253271195.00 ns, 60.3846 ns/op
WorkloadPilot   20: 8388608 op, 501448775.00 ns, 59.7774 ns/op

OverheadWarmup   1: 8388608 op, 18978067.00 ns, 2.2624 ns/op
OverheadWarmup   2: 8388608 op, 18937391.00 ns, 2.2575 ns/op
OverheadWarmup   3: 8388608 op, 19001390.00 ns, 2.2651 ns/op
OverheadWarmup   4: 8388608 op, 18930908.00 ns, 2.2567 ns/op
OverheadWarmup   5: 8388608 op, 18954313.00 ns, 2.2595 ns/op
OverheadWarmup   6: 8388608 op, 18985841.00 ns, 2.2633 ns/op
OverheadWarmup   7: 8388608 op, 18976784.00 ns, 2.2622 ns/op

OverheadActual   1: 8388608 op, 18971124.00 ns, 2.2615 ns/op
OverheadActual   2: 8388608 op, 18987425.00 ns, 2.2635 ns/op
OverheadActual   3: 8388608 op, 19592234.00 ns, 2.3356 ns/op
OverheadActual   4: 8388608 op, 18942881.00 ns, 2.2582 ns/op
OverheadActual   5: 8388608 op, 18968950.00 ns, 2.2613 ns/op
OverheadActual   6: 8388608 op, 18960204.00 ns, 2.2602 ns/op
OverheadActual   7: 8388608 op, 18930738.00 ns, 2.2567 ns/op
OverheadActual   8: 8388608 op, 18963049.00 ns, 2.2606 ns/op
OverheadActual   9: 8388608 op, 18927302.00 ns, 2.2563 ns/op
OverheadActual  10: 8388608 op, 18939395.00 ns, 2.2578 ns/op
OverheadActual  11: 8388608 op, 19011680.00 ns, 2.2664 ns/op
OverheadActual  12: 8388608 op, 18982976.00 ns, 2.2629 ns/op
OverheadActual  13: 8388608 op, 20968324.00 ns, 2.4996 ns/op
OverheadActual  14: 8388608 op, 16472166.00 ns, 1.9636 ns/op
OverheadActual  15: 8388608 op, 16731751.00 ns, 1.9946 ns/op
OverheadActual  16: 8388608 op, 16412675.00 ns, 1.9565 ns/op
OverheadActual  17: 8388608 op, 16403608.00 ns, 1.9555 ns/op
OverheadActual  18: 8388608 op, 16356881.00 ns, 1.9499 ns/op
OverheadActual  19: 8388608 op, 16365237.00 ns, 1.9509 ns/op
OverheadActual  20: 8388608 op, 16352723.00 ns, 1.9494 ns/op

WorkloadWarmup   1: 8388608 op, 512479969.00 ns, 61.0924 ns/op
WorkloadWarmup   2: 8388608 op, 516455915.00 ns, 61.5663 ns/op
WorkloadWarmup   3: 8388608 op, 501475344.00 ns, 59.7805 ns/op
WorkloadWarmup   4: 8388608 op, 502462468.00 ns, 59.8982 ns/op
WorkloadWarmup   5: 8388608 op, 502786072.00 ns, 59.9368 ns/op
WorkloadWarmup   6: 8388608 op, 530600914.00 ns, 63.2526 ns/op
WorkloadWarmup   7: 8388608 op, 503879799.00 ns, 60.0672 ns/op

// BeforeActualRun
WorkloadActual   1: 8388608 op, 509088599.00 ns, 60.6881 ns/op
WorkloadActual   2: 8388608 op, 509329671.00 ns, 60.7168 ns/op
WorkloadActual   3: 8388608 op, 503890482.00 ns, 60.0684 ns/op
WorkloadActual   4: 8388608 op, 504529265.00 ns, 60.1446 ns/op
WorkloadActual   5: 8388608 op, 505396735.00 ns, 60.2480 ns/op
WorkloadActual   6: 8388608 op, 506067769.00 ns, 60.3280 ns/op
WorkloadActual   7: 8388608 op, 501822399.00 ns, 59.8219 ns/op
WorkloadActual   8: 8388608 op, 500929492.00 ns, 59.7154 ns/op
WorkloadActual   9: 8388608 op, 506146206.00 ns, 60.3373 ns/op
WorkloadActual  10: 8388608 op, 500523203.00 ns, 59.6670 ns/op
WorkloadActual  11: 8388608 op, 500919423.00 ns, 59.7142 ns/op
WorkloadActual  12: 8388608 op, 500124238.00 ns, 59.6195 ns/op
WorkloadActual  13: 8388608 op, 509575854.00 ns, 60.7462 ns/op
WorkloadActual  14: 8388608 op, 501399688.00 ns, 59.7715 ns/op
WorkloadActual  15: 8388608 op, 502294611.00 ns, 59.8782 ns/op

// AfterActualRun
WorkloadResult   1: 8388608 op, 490147461.00 ns, 58.4301 ns/op
WorkloadResult   2: 8388608 op, 490388533.00 ns, 58.4589 ns/op
WorkloadResult   3: 8388608 op, 484949344.00 ns, 57.8105 ns/op
WorkloadResult   4: 8388608 op, 485588127.00 ns, 57.8866 ns/op
WorkloadResult   5: 8388608 op, 486455597.00 ns, 57.9900 ns/op
WorkloadResult   6: 8388608 op, 487126631.00 ns, 58.0700 ns/op
WorkloadResult   7: 8388608 op, 482881261.00 ns, 57.5639 ns/op
WorkloadResult   8: 8388608 op, 481988354.00 ns, 57.4575 ns/op
WorkloadResult   9: 8388608 op, 487205068.00 ns, 58.0794 ns/op
WorkloadResult  10: 8388608 op, 481582065.00 ns, 57.4091 ns/op
WorkloadResult  11: 8388608 op, 481978285.00 ns, 57.4563 ns/op
WorkloadResult  12: 8388608 op, 481183100.00 ns, 57.3615 ns/op
WorkloadResult  13: 8388608 op, 490634716.00 ns, 58.4882 ns/op
WorkloadResult  14: 8388608 op, 482458550.00 ns, 57.5135 ns/op
WorkloadResult  15: 8388608 op, 483353473.00 ns, 57.6202 ns/op
// GC:  12 0 0 201326592 8388608
// Threading:  0 0 8388608

// AfterAll
// Benchmark Process 5021 has exited with code 0.

Mean = 57.840 ns, StdErr = 0.103 ns (0.18%), N = 15, StdDev = 0.399 ns
Min = 57.361 ns, Q1 = 57.486 ns, Median = 57.810 ns, Q3 = 58.075 ns, Max = 58.488 ns
IQR = 0.589 ns, LowerFence = 56.602 ns, UpperFence = 58.958 ns
ConfidenceInterval = [57.413 ns; 58.266 ns] (CI 99.9%), Margin = 0.426 ns (0.74% of Mean)
Skewness = 0.4, Kurtosis = 1.58, MValue = 2

// ** Remained 21 (58.3 %) benchmark(s) to run. Estimated finish 2026-09-06 6:49 (0h 7m from now) **
// **************************
// Benchmark: MediatorBenchmarks.PublishNotification_FiveHandlers: .NET 8.0(Runtime=.NET 8.0, Toolchain=net8.0)
// *** Execute ***
// Launch: 1 / 1
// Execute: dotnet "EricksonLopez.Mediator.Benchmarks-.NET 8.0-2.dll" --anonymousPipes 107 108 --benchmarkName EricksonLopez.Mediator.Benchmarks.MediatorBenchmarks.PublishNotification_FiveHandlers --job ".NET 8.0" --benchmarkId 6 in /home/runner/work/dotnet-mediator/dotnet-mediator/benchmarks/EricksonLopez.Mediator.Benchmarks/bin/Release/net10.0/EricksonLopez.Mediator.Benchmarks-.NET 8.0-2/bin/Release/net8.0
// Failed to set up high priority (Permission denied). In order to run benchmarks with high priority, make sure you have the right permissions.
// BeforeAnythingElse

// Benchmark Process Environment Information:
// BenchmarkDotNet v0.15.8
// Runtime=.NET 8.0.30 (8.0.30, 8.0.3026.36720), X64 RyuJIT x86-64-v3
// GC=Concurrent Workstation
// HardwareIntrinsics=AVX2+BMI1+BMI2+F16C+FMA+LZCNT+MOVBE,AVX,SSE3+SSSE3+SSE4.1+SSE4.2+POPCNT,X86Base+SSE+SSE2,AES+PCLMUL VectorSize=256
// Job: .NET 8.0

OverheadJitting  1: 1 op, 129042.00 ns, 129.0420 us/op
WorkloadJitting  1: 1 op, 2989123.00 ns, 2.9891 ms/op

OverheadJitting  2: 16 op, 170278.00 ns, 10.6424 us/op
WorkloadJitting  2: 16 op, 1862800.00 ns, 116.4250 us/op

WorkloadPilot    1: 16 op, 236442.00 ns, 14.7776 us/op
WorkloadPilot    2: 32 op, 57608.00 ns, 1.8003 us/op
WorkloadPilot    3: 64 op, 85359.00 ns, 1.3337 us/op
WorkloadPilot    4: 128 op, 190607.00 ns, 1.4891 us/op
WorkloadPilot    5: 256 op, 338602.00 ns, 1.3227 us/op
WorkloadPilot    6: 512 op, 593679.00 ns, 1.1595 us/op
WorkloadPilot    7: 1024 op, 1208428.00 ns, 1.1801 us/op
WorkloadPilot    8: 2048 op, 2541127.00 ns, 1.2408 us/op
WorkloadPilot    9: 4096 op, 4895494.00 ns, 1.1952 us/op
WorkloadPilot   10: 8192 op, 9681043.00 ns, 1.1818 us/op
WorkloadPilot   11: 16384 op, 19520452.00 ns, 1.1914 us/op
WorkloadPilot   12: 32768 op, 38149378.00 ns, 1.1642 us/op
WorkloadPilot   13: 65536 op, 82229144.00 ns, 1.2547 us/op
WorkloadPilot   14: 131072 op, 51476096.00 ns, 392.7314 ns/op
WorkloadPilot   15: 262144 op, 61491288.00 ns, 234.5706 ns/op
WorkloadPilot   16: 524288 op, 118964209.00 ns, 226.9062 ns/op
WorkloadPilot   17: 1048576 op, 251263264.00 ns, 239.6233 ns/op
WorkloadPilot   18: 2097152 op, 467919943.00 ns, 223.1216 ns/op
WorkloadPilot   19: 4194304 op, 936504807.00 ns, 223.2801 ns/op

OverheadWarmup   1: 4194304 op, 9491689.00 ns, 2.2630 ns/op
OverheadWarmup   2: 4194304 op, 9487371.00 ns, 2.2620 ns/op
OverheadWarmup   3: 4194304 op, 9495807.00 ns, 2.2640 ns/op
OverheadWarmup   4: 4194304 op, 9474878.00 ns, 2.2590 ns/op
OverheadWarmup   5: 4194304 op, 9480128.00 ns, 2.2602 ns/op
OverheadWarmup   6: 4194304 op, 9465770.00 ns, 2.2568 ns/op

OverheadActual   1: 4194304 op, 9492471.00 ns, 2.2632 ns/op
OverheadActual   2: 4194304 op, 9481090.00 ns, 2.2605 ns/op
OverheadActual   3: 4194304 op, 9800947.00 ns, 2.3367 ns/op
OverheadActual   4: 4194304 op, 9491589.00 ns, 2.2630 ns/op
OverheadActual   5: 4194304 op, 9461864.00 ns, 2.2559 ns/op
OverheadActual   6: 4194304 op, 9512298.00 ns, 2.2679 ns/op
OverheadActual   7: 4194304 op, 9499935.00 ns, 2.2650 ns/op
OverheadActual   8: 4194304 op, 9485968.00 ns, 2.2616 ns/op
OverheadActual   9: 4194304 op, 9503541.00 ns, 2.2658 ns/op
OverheadActual  10: 4194304 op, 9478024.00 ns, 2.2597 ns/op
OverheadActual  11: 4194304 op, 9482142.00 ns, 2.2607 ns/op
OverheadActual  12: 4194304 op, 9494204.00 ns, 2.2636 ns/op
OverheadActual  13: 4194304 op, 9478675.00 ns, 2.2599 ns/op
OverheadActual  14: 4194304 op, 9486199.00 ns, 2.2617 ns/op
OverheadActual  15: 4194304 op, 9486369.00 ns, 2.2617 ns/op

WorkloadWarmup   1: 4194304 op, 946483466.00 ns, 225.6592 ns/op
WorkloadWarmup   2: 4194304 op, 946771073.00 ns, 225.7278 ns/op
WorkloadWarmup   3: 4194304 op, 940956813.00 ns, 224.3416 ns/op
WorkloadWarmup   4: 4194304 op, 937378209.00 ns, 223.4884 ns/op
WorkloadWarmup   5: 4194304 op, 937308258.00 ns, 223.4717 ns/op
WorkloadWarmup   6: 4194304 op, 935138310.00 ns, 222.9543 ns/op
WorkloadWarmup   7: 4194304 op, 938736038.00 ns, 223.8121 ns/op
WorkloadWarmup   8: 4194304 op, 933484944.00 ns, 222.5602 ns/op

// BeforeActualRun
WorkloadActual   1: 4194304 op, 939876977.00 ns, 224.0841 ns/op
WorkloadActual   2: 4194304 op, 937284043.00 ns, 223.4659 ns/op
WorkloadActual   3: 4194304 op, 937173637.00 ns, 223.4396 ns/op
WorkloadActual   4: 4194304 op, 942848457.00 ns, 224.7926 ns/op
WorkloadActual   5: 4194304 op, 931583605.00 ns, 222.1068 ns/op
WorkloadActual   6: 4194304 op, 933940218.00 ns, 222.6687 ns/op
WorkloadActual   7: 4194304 op, 942487686.00 ns, 224.7066 ns/op
WorkloadActual   8: 4194304 op, 937135256.00 ns, 223.4305 ns/op
WorkloadActual   9: 4194304 op, 941737943.00 ns, 224.5278 ns/op
WorkloadActual  10: 4194304 op, 934837744.00 ns, 222.8827 ns/op
WorkloadActual  11: 4194304 op, 942457017.00 ns, 224.6993 ns/op
WorkloadActual  12: 4194304 op, 961366018.00 ns, 229.2075 ns/op
WorkloadActual  13: 4194304 op, 936330683.00 ns, 223.2386 ns/op
WorkloadActual  14: 4194304 op, 929214580.00 ns, 221.5420 ns/op
WorkloadActual  15: 4194304 op, 929156070.00 ns, 221.5281 ns/op

// AfterActualRun
WorkloadResult   1: 4194304 op, 930390608.00 ns, 221.8224 ns/op
WorkloadResult   2: 4194304 op, 927797674.00 ns, 221.2042 ns/op
WorkloadResult   3: 4194304 op, 927687268.00 ns, 221.1779 ns/op
WorkloadResult   4: 4194304 op, 933362088.00 ns, 222.5309 ns/op
WorkloadResult   5: 4194304 op, 922097236.00 ns, 219.8451 ns/op
WorkloadResult   6: 4194304 op, 924453849.00 ns, 220.4070 ns/op
WorkloadResult   7: 4194304 op, 933001317.00 ns, 222.4448 ns/op
WorkloadResult   8: 4194304 op, 927648887.00 ns, 221.1687 ns/op
WorkloadResult   9: 4194304 op, 932251574.00 ns, 222.2661 ns/op
WorkloadResult  10: 4194304 op, 925351375.00 ns, 220.6210 ns/op
WorkloadResult  11: 4194304 op, 932970648.00 ns, 222.4375 ns/op
WorkloadResult  12: 4194304 op, 926844314.00 ns, 220.9769 ns/op
WorkloadResult  13: 4194304 op, 919728211.00 ns, 219.2803 ns/op
WorkloadResult  14: 4194304 op, 919669701.00 ns, 219.2663 ns/op
// GC:  30 0 0 503316480 4194304
// Threading:  0 0 4194304

// AfterAll
// Benchmark Process 5038 has exited with code 0.

Mean = 221.104 ns, StdErr = 0.301 ns (0.14%), N = 14, StdDev = 1.127 ns
Min = 219.266 ns, Q1 = 220.460 ns, Median = 221.173 ns, Q3 = 222.155 ns, Max = 222.531 ns
IQR = 1.695 ns, LowerFence = 217.918 ns, UpperFence = 224.697 ns
ConfidenceInterval = [219.832 ns; 222.375 ns] (CI 99.9%), Margin = 1.272 ns (0.58% of Mean)
Skewness = -0.25, Kurtosis = 1.68, MValue = 2

// ** Remained 20 (55.6 %) benchmark(s) to run. Estimated finish 2026-09-06 6:49 (0h 7m from now) **
// **************************
// Benchmark: MediatorBenchmarks.PublishNotification_Parallel: .NET 8.0(Runtime=.NET 8.0, Toolchain=net8.0)
// *** Execute ***
// Launch: 1 / 1
// Execute: dotnet "EricksonLopez.Mediator.Benchmarks-.NET 8.0-2.dll" --anonymousPipes 107 108 --benchmarkName EricksonLopez.Mediator.Benchmarks.MediatorBenchmarks.PublishNotification_Parallel --job ".NET 8.0" --benchmarkId 7 in /home/runner/work/dotnet-mediator/dotnet-mediator/benchmarks/EricksonLopez.Mediator.Benchmarks/bin/Release/net10.0/EricksonLopez.Mediator.Benchmarks-.NET 8.0-2/bin/Release/net8.0
// Failed to set up high priority (Permission denied). In order to run benchmarks with high priority, make sure you have the right permissions.
// BeforeAnythingElse

// Benchmark Process Environment Information:
// BenchmarkDotNet v0.15.8
// Runtime=.NET 8.0.30 (8.0.30, 8.0.3026.36720), X64 RyuJIT x86-64-v3
// GC=Concurrent Workstation
// HardwareIntrinsics=AVX2+BMI1+BMI2+F16C+FMA+LZCNT+MOVBE,AVX,SSE3+SSSE3+SSE4.1+SSE4.2+POPCNT,X86Base+SSE+SSE2,AES+PCLMUL VectorSize=256
// Job: .NET 8.0

OverheadJitting  1: 1 op, 129322.00 ns, 129.3220 us/op
WorkloadJitting  1: 1 op, 2919854.00 ns, 2.9199 ms/op

OverheadJitting  2: 16 op, 156533.00 ns, 9.7833 us/op
WorkloadJitting  2: 16 op, 1726414.00 ns, 107.9009 us/op

WorkloadPilot    1: 16 op, 170037.00 ns, 10.6273 us/op
WorkloadPilot    2: 32 op, 41547.00 ns, 1.2983 us/op
WorkloadPilot    3: 64 op, 69269.00 ns, 1.0823 us/op
WorkloadPilot    4: 128 op, 124834.00 ns, 975.2656 ns/op
WorkloadPilot    5: 256 op, 232234.00 ns, 907.1641 ns/op
WorkloadPilot    6: 512 op, 477953.00 ns, 933.5020 ns/op
WorkloadPilot    7: 1024 op, 943322.00 ns, 921.2129 ns/op
WorkloadPilot    8: 2048 op, 1798509.00 ns, 878.1782 ns/op
WorkloadPilot    9: 4096 op, 3683359.00 ns, 899.2576 ns/op
WorkloadPilot   10: 8192 op, 7392858.00 ns, 902.4485 ns/op
WorkloadPilot   11: 16384 op, 14494533.00 ns, 884.6761 ns/op
WorkloadPilot   12: 32768 op, 29112124.00 ns, 888.4315 ns/op
WorkloadPilot   13: 65536 op, 58082996.00 ns, 886.2762 ns/op
WorkloadPilot   14: 131072 op, 70179838.00 ns, 535.4297 ns/op
WorkloadPilot   15: 262144 op, 55132536.00 ns, 210.3139 ns/op
WorkloadPilot   16: 524288 op, 111748882.00 ns, 213.1441 ns/op
WorkloadPilot   17: 1048576 op, 219557544.00 ns, 209.3864 ns/op
WorkloadPilot   18: 2097152 op, 437286813.00 ns, 208.5146 ns/op
WorkloadPilot   19: 4194304 op, 874424487.00 ns, 208.4790 ns/op

OverheadWarmup   1: 4194304 op, 9566578.00 ns, 2.2808 ns/op
OverheadWarmup   2: 4194304 op, 9504723.00 ns, 2.2661 ns/op
OverheadWarmup   3: 4194304 op, 9478995.00 ns, 2.2600 ns/op
OverheadWarmup   4: 4194304 op, 9507909.00 ns, 2.2669 ns/op
OverheadWarmup   5: 4194304 op, 9482741.00 ns, 2.2609 ns/op
OverheadWarmup   6: 4194304 op, 9484334.00 ns, 2.2612 ns/op
OverheadWarmup   7: 4194304 op, 9461392.00 ns, 2.2558 ns/op

OverheadActual   1: 4194304 op, 9522627.00 ns, 2.2704 ns/op
OverheadActual   2: 4194304 op, 9552412.00 ns, 2.2775 ns/op
OverheadActual   3: 4194304 op, 9527755.00 ns, 2.2716 ns/op
OverheadActual   4: 4194304 op, 9488503.00 ns, 2.2622 ns/op
OverheadActual   5: 4194304 op, 9488452.00 ns, 2.2622 ns/op
OverheadActual   6: 4194304 op, 9478895.00 ns, 2.2599 ns/op
OverheadActual   7: 4194304 op, 9482481.00 ns, 2.2608 ns/op
OverheadActual   8: 4194304 op, 9495947.00 ns, 2.2640 ns/op
OverheadActual   9: 4194304 op, 9476540.00 ns, 2.2594 ns/op
OverheadActual  10: 4194304 op, 9514862.00 ns, 2.2685 ns/op
OverheadActual  11: 4194304 op, 9482581.00 ns, 2.2608 ns/op
OverheadActual  12: 4194304 op, 9508921.00 ns, 2.2671 ns/op
OverheadActual  13: 4194304 op, 9562992.00 ns, 2.2800 ns/op
OverheadActual  14: 4194304 op, 9553143.00 ns, 2.2776 ns/op
OverheadActual  15: 4194304 op, 9491197.00 ns, 2.2629 ns/op

WorkloadWarmup   1: 4194304 op, 900614294.00 ns, 214.7232 ns/op
WorkloadWarmup   2: 4194304 op, 882821821.00 ns, 210.4811 ns/op
WorkloadWarmup   3: 4194304 op, 884385742.00 ns, 210.8540 ns/op
WorkloadWarmup   4: 4194304 op, 890507907.00 ns, 212.3136 ns/op
WorkloadWarmup   5: 4194304 op, 877968417.00 ns, 209.3240 ns/op
WorkloadWarmup   6: 4194304 op, 889689475.00 ns, 212.1185 ns/op
WorkloadWarmup   7: 4194304 op, 880298274.00 ns, 209.8795 ns/op

// BeforeActualRun
WorkloadActual   1: 4194304 op, 874764087.00 ns, 208.5600 ns/op
WorkloadActual   2: 4194304 op, 881791793.00 ns, 210.2355 ns/op
WorkloadActual   3: 4194304 op, 884969940.00 ns, 210.9933 ns/op
WorkloadActual   4: 4194304 op, 885440269.00 ns, 211.1054 ns/op
WorkloadActual   5: 4194304 op, 878805605.00 ns, 209.5236 ns/op
WorkloadActual   6: 4194304 op, 875888978.00 ns, 208.8282 ns/op
WorkloadActual   7: 4194304 op, 881017043.00 ns, 210.0508 ns/op
WorkloadActual   8: 4194304 op, 903898268.00 ns, 215.5061 ns/op
WorkloadActual   9: 4194304 op, 901146438.00 ns, 214.8501 ns/op
WorkloadActual  10: 4194304 op, 892616105.00 ns, 212.8163 ns/op
WorkloadActual  11: 4194304 op, 882291802.00 ns, 210.3548 ns/op
WorkloadActual  12: 4194304 op, 881611011.00 ns, 210.1924 ns/op
WorkloadActual  13: 4194304 op, 887677762.00 ns, 211.6389 ns/op
WorkloadActual  14: 4194304 op, 882470797.00 ns, 210.3974 ns/op
WorkloadActual  15: 4194304 op, 881326970.00 ns, 210.1247 ns/op

// AfterActualRun
WorkloadResult   1: 4194304 op, 865268140.00 ns, 206.2960 ns/op
WorkloadResult   2: 4194304 op, 872295846.00 ns, 207.9715 ns/op
WorkloadResult   3: 4194304 op, 875473993.00 ns, 208.7293 ns/op
WorkloadResult   4: 4194304 op, 875944322.00 ns, 208.8414 ns/op
WorkloadResult   5: 4194304 op, 869309658.00 ns, 207.2596 ns/op
WorkloadResult   6: 4194304 op, 866393031.00 ns, 206.5642 ns/op
WorkloadResult   7: 4194304 op, 871521096.00 ns, 207.7868 ns/op
WorkloadResult   8: 4194304 op, 883120158.00 ns, 210.5523 ns/op
WorkloadResult   9: 4194304 op, 872795855.00 ns, 208.0907 ns/op
WorkloadResult  10: 4194304 op, 872115064.00 ns, 207.9284 ns/op
WorkloadResult  11: 4194304 op, 878181815.00 ns, 209.3749 ns/op
WorkloadResult  12: 4194304 op, 872974850.00 ns, 208.1334 ns/op
WorkloadResult  13: 4194304 op, 871831023.00 ns, 207.8607 ns/op
// GC:  50 0 0 838860800 4194304
// Threading:  0 0 4194304

// AfterAll
// Benchmark Process 5059 has exited with code 0.

Mean = 208.107 ns, StdErr = 0.311 ns (0.15%), N = 13, StdDev = 1.122 ns
Min = 206.296 ns, Q1 = 207.787 ns, Median = 207.972 ns, Q3 = 208.729 ns, Max = 210.552 ns
IQR = 0.942 ns, LowerFence = 206.373 ns, UpperFence = 210.143 ns
ConfidenceInterval = [206.763 ns; 209.450 ns] (CI 99.9%), Margin = 1.344 ns (0.65% of Mean)
Skewness = 0.38, Kurtosis = 2.71, MValue = 2

// ** Remained 19 (52.8 %) benchmark(s) to run. Estimated finish 2026-09-06 6:49 (0h 6m from now) **
// **************************
// Benchmark: MediatorBenchmarks.NestedSend: .NET 8.0(Runtime=.NET 8.0, Toolchain=net8.0)
// *** Execute ***
// Launch: 1 / 1
// Execute: dotnet "EricksonLopez.Mediator.Benchmarks-.NET 8.0-2.dll" --anonymousPipes 107 108 --benchmarkName EricksonLopez.Mediator.Benchmarks.MediatorBenchmarks.NestedSend --job ".NET 8.0" --benchmarkId 8 in /home/runner/work/dotnet-mediator/dotnet-mediator/benchmarks/EricksonLopez.Mediator.Benchmarks/bin/Release/net10.0/EricksonLopez.Mediator.Benchmarks-.NET 8.0-2/bin/Release/net8.0
// Failed to set up high priority (Permission denied). In order to run benchmarks with high priority, make sure you have the right permissions.
// BeforeAnythingElse

// Benchmark Process Environment Information:
// BenchmarkDotNet v0.15.8
// Runtime=.NET 8.0.30 (8.0.30, 8.0.3026.36720), X64 RyuJIT x86-64-v3
// GC=Concurrent Workstation
// HardwareIntrinsics=AVX2+BMI1+BMI2+F16C+FMA+LZCNT+MOVBE,AVX,SSE3+SSSE3+SSE4.1+SSE4.2+POPCNT,X86Base+SSE+SSE2,AES+PCLMUL VectorSize=256
// Job: .NET 8.0

OverheadJitting  1: 1 op, 172783.00 ns, 172.7830 us/op
WorkloadJitting  1: 1 op, 2260251.00 ns, 2.2603 ms/op

OverheadJitting  2: 16 op, 453046.00 ns, 28.3154 us/op
WorkloadJitting  2: 16 op, 481639.00 ns, 30.1024 us/op

WorkloadPilot    1: 16 op, 15289.00 ns, 955.5625 ns/op
WorkloadPilot    2: 32 op, 23113.00 ns, 722.2813 ns/op
WorkloadPilot    3: 64 op, 39324.00 ns, 614.4375 ns/op
WorkloadPilot    4: 128 op, 71414.00 ns, 557.9219 ns/op
WorkloadPilot    5: 256 op, 143949.00 ns, 562.3008 ns/op
WorkloadPilot    6: 512 op, 272048.00 ns, 531.3438 ns/op
WorkloadPilot    7: 1024 op, 564494.00 ns, 551.2637 ns/op
WorkloadPilot    8: 2048 op, 1098892.00 ns, 536.5684 ns/op
WorkloadPilot    9: 4096 op, 2325062.00 ns, 567.6421 ns/op
WorkloadPilot   10: 8192 op, 4638553.00 ns, 566.2296 ns/op
WorkloadPilot   11: 16384 op, 9006000.00 ns, 549.6826 ns/op
WorkloadPilot   12: 32768 op, 18012691.00 ns, 549.7037 ns/op
WorkloadPilot   13: 65536 op, 36013732.00 ns, 549.5259 ns/op
WorkloadPilot   14: 131072 op, 72043512.00 ns, 549.6484 ns/op
WorkloadPilot   15: 262144 op, 48006399.00 ns, 183.1299 ns/op
WorkloadPilot   16: 524288 op, 53703779.00 ns, 102.4318 ns/op
WorkloadPilot   17: 1048576 op, 101115879.00 ns, 96.4316 ns/op
WorkloadPilot   18: 2097152 op, 197428459.00 ns, 94.1412 ns/op
WorkloadPilot   19: 4194304 op, 391812026.00 ns, 93.4153 ns/op
WorkloadPilot   20: 8388608 op, 782676412.00 ns, 93.3023 ns/op

OverheadWarmup   1: 8388608 op, 38302805.00 ns, 4.5661 ns/op
OverheadWarmup   2: 8388608 op, 38257682.00 ns, 4.5607 ns/op
OverheadWarmup   3: 8388608 op, 38216544.00 ns, 4.5558 ns/op
OverheadWarmup   4: 8388608 op, 38359612.00 ns, 4.5728 ns/op
OverheadWarmup   5: 8388608 op, 38162314.00 ns, 4.5493 ns/op
OverheadWarmup   6: 8388608 op, 38223187.00 ns, 4.5566 ns/op
OverheadWarmup   7: 8388608 op, 38197179.00 ns, 4.5535 ns/op

OverheadActual   1: 8388608 op, 38228607.00 ns, 4.5572 ns/op
OverheadActual   2: 8388608 op, 38224490.00 ns, 4.5567 ns/op
OverheadActual   3: 8388608 op, 38333163.00 ns, 4.5697 ns/op
OverheadActual   4: 8388608 op, 39145320.00 ns, 4.6665 ns/op
OverheadActual   5: 8388608 op, 38173144.00 ns, 4.5506 ns/op
OverheadActual   6: 8388608 op, 38164708.00 ns, 4.5496 ns/op
OverheadActual   7: 8388608 op, 38163946.00 ns, 4.5495 ns/op
OverheadActual   8: 8388608 op, 38176200.00 ns, 4.5510 ns/op
OverheadActual   9: 8388608 op, 42757647.00 ns, 5.0971 ns/op
OverheadActual  10: 8388608 op, 30548995.00 ns, 3.6417 ns/op
OverheadActual  11: 8388608 op, 30357357.00 ns, 3.6189 ns/op
OverheadActual  12: 8388608 op, 30411367.00 ns, 3.6253 ns/op
OverheadActual  13: 8388608 op, 30332721.00 ns, 3.6159 ns/op
OverheadActual  14: 8388608 op, 30332049.00 ns, 3.6159 ns/op
OverheadActual  15: 8388608 op, 30332751.00 ns, 3.6159 ns/op
OverheadActual  16: 8388608 op, 30395969.00 ns, 3.6235 ns/op
OverheadActual  17: 8388608 op, 30349792.00 ns, 3.6180 ns/op
OverheadActual  18: 8388608 op, 30332751.00 ns, 3.6159 ns/op
OverheadActual  19: 8388608 op, 30411928.00 ns, 3.6254 ns/op
OverheadActual  20: 8388608 op, 30358199.00 ns, 3.6190 ns/op

WorkloadWarmup   1: 8388608 op, 805604925.00 ns, 96.0356 ns/op
WorkloadWarmup   2: 8388608 op, 796330103.00 ns, 94.9299 ns/op
WorkloadWarmup   3: 8388608 op, 794723301.00 ns, 94.7384 ns/op
WorkloadWarmup   4: 8388608 op, 809531207.00 ns, 96.5036 ns/op
WorkloadWarmup   5: 8388608 op, 788564288.00 ns, 94.0042 ns/op
WorkloadWarmup   6: 8388608 op, 790548303.00 ns, 94.2407 ns/op
WorkloadWarmup   7: 8388608 op, 791230616.00 ns, 94.3220 ns/op
WorkloadWarmup   8: 8388608 op, 789795354.00 ns, 94.1509 ns/op

// BeforeActualRun
WorkloadActual   1: 8388608 op, 796345969.00 ns, 94.9318 ns/op
WorkloadActual   2: 8388608 op, 797148537.00 ns, 95.0275 ns/op
WorkloadActual   3: 8388608 op, 794144447.00 ns, 94.6694 ns/op
WorkloadActual   4: 8388608 op, 791407244.00 ns, 94.3431 ns/op
WorkloadActual   5: 8388608 op, 793147254.00 ns, 94.5505 ns/op
WorkloadActual   6: 8388608 op, 794035584.00 ns, 94.6564 ns/op
WorkloadActual   7: 8388608 op, 793480125.00 ns, 94.5902 ns/op
WorkloadActual   8: 8388608 op, 793978938.00 ns, 94.6497 ns/op
WorkloadActual   9: 8388608 op, 796556873.00 ns, 94.9570 ns/op
WorkloadActual  10: 8388608 op, 793839256.00 ns, 94.6330 ns/op
WorkloadActual  11: 8388608 op, 792008529.00 ns, 94.4148 ns/op
WorkloadActual  12: 8388608 op, 794279135.00 ns, 94.6855 ns/op
WorkloadActual  13: 8388608 op, 791343132.00 ns, 94.3355 ns/op
WorkloadActual  14: 8388608 op, 790866429.00 ns, 94.2786 ns/op
WorkloadActual  15: 8388608 op, 791002143.00 ns, 94.2948 ns/op

// AfterActualRun
WorkloadResult   1: 8388608 op, 765865507.50 ns, 91.2983 ns/op
WorkloadResult   2: 8388608 op, 766668075.50 ns, 91.3940 ns/op
WorkloadResult   3: 8388608 op, 763663985.50 ns, 91.0358 ns/op
WorkloadResult   4: 8388608 op, 760926782.50 ns, 90.7095 ns/op
WorkloadResult   5: 8388608 op, 762666792.50 ns, 90.9170 ns/op
WorkloadResult   6: 8388608 op, 763555122.50 ns, 91.0229 ns/op
WorkloadResult   7: 8388608 op, 762999663.50 ns, 90.9566 ns/op
WorkloadResult   8: 8388608 op, 763498476.50 ns, 91.0161 ns/op
WorkloadResult   9: 8388608 op, 766076411.50 ns, 91.3234 ns/op
WorkloadResult  10: 8388608 op, 763358794.50 ns, 90.9995 ns/op
WorkloadResult  11: 8388608 op, 761528067.50 ns, 90.7812 ns/op
WorkloadResult  12: 8388608 op, 763798673.50 ns, 91.0519 ns/op
WorkloadResult  13: 8388608 op, 760862670.50 ns, 90.7019 ns/op
WorkloadResult  14: 8388608 op, 760385967.50 ns, 90.6451 ns/op
WorkloadResult  15: 8388608 op, 760521681.50 ns, 90.6612 ns/op
// GC:  12 0 0 201326592 8388608
// Threading:  0 0 8388608

// AfterAll
// Benchmark Process 5082 has exited with code 0.

Mean = 90.968 ns, StdErr = 0.062 ns (0.07%), N = 15, StdDev = 0.240 ns
Min = 90.645 ns, Q1 = 90.745 ns, Median = 90.999 ns, Q3 = 91.044 ns, Max = 91.394 ns
IQR = 0.298 ns, LowerFence = 90.298 ns, UpperFence = 91.492 ns
ConfidenceInterval = [90.711 ns; 91.225 ns] (CI 99.9%), Margin = 0.257 ns (0.28% of Mean)
Skewness = 0.26, Kurtosis = 1.83, MValue = 2

// ** Remained 18 (50.0 %) benchmark(s) to run. Estimated finish 2026-09-06 6:49 (0h 6m from now) **
// **************************
// Benchmark: MediatorBenchmarks.DirectCall: .NET 9.0(Runtime=.NET 9.0, Toolchain=net9.0)
// *** Execute ***
// Launch: 1 / 1
// Execute: dotnet "EricksonLopez.Mediator.Benchmarks-.NET 9.0-3.dll" --anonymousPipes 107 108 --benchmarkName EricksonLopez.Mediator.Benchmarks.MediatorBenchmarks.DirectCall --job ".NET 9.0" --benchmarkId 0 in /home/runner/work/dotnet-mediator/dotnet-mediator/benchmarks/EricksonLopez.Mediator.Benchmarks/bin/Release/net10.0/EricksonLopez.Mediator.Benchmarks-.NET 9.0-3/bin/Release/net9.0
// Failed to set up high priority (Permission denied). In order to run benchmarks with high priority, make sure you have the right permissions.
// BeforeAnythingElse

// Benchmark Process Environment Information:
// BenchmarkDotNet v0.15.8
// Runtime=.NET 9.0.19 (9.0.19, 9.0.1926.36724), X64 RyuJIT x86-64-v3
// GC=Concurrent Workstation
// HardwareIntrinsics=AVX2+BMI1+BMI2+F16C+FMA+LZCNT+MOVBE,AVX,SSE3+SSSE3+SSE4.1+SSE4.2+POPCNT,X86Base+SSE+SSE2,AES+PCLMUL VectorSize=256
// Job: .NET 9.0

OverheadJitting  1: 1 op, 186508.00 ns, 186.5080 us/op
WorkloadJitting  1: 1 op, 670292.00 ns, 670.2920 us/op

OverheadJitting  2: 16 op, 455220.00 ns, 28.4513 us/op
WorkloadJitting  2: 16 op, 424123.00 ns, 26.5077 us/op

WorkloadPilot    1: 16 op, 5841.00 ns, 365.0625 ns/op
WorkloadPilot    2: 32 op, 3837.00 ns, 119.9063 ns/op
WorkloadPilot    3: 64 op, 5811.00 ns, 90.7969 ns/op
WorkloadPilot    4: 128 op, 9468.00 ns, 73.9688 ns/op
WorkloadPilot    5: 256 op, 22112.00 ns, 86.3750 ns/op
WorkloadPilot    6: 512 op, 24425.00 ns, 47.7051 ns/op
WorkloadPilot    7: 1024 op, 45916.00 ns, 44.8398 ns/op
WorkloadPilot    8: 2048 op, 82685.00 ns, 40.3735 ns/op
WorkloadPilot    9: 4096 op, 164387.00 ns, 40.1335 ns/op
WorkloadPilot   10: 8192 op, 331879.00 ns, 40.5126 ns/op
WorkloadPilot   11: 16384 op, 649783.00 ns, 39.6596 ns/op
WorkloadPilot   12: 32768 op, 1333620.00 ns, 40.6989 ns/op
WorkloadPilot   13: 65536 op, 2657825.00 ns, 40.5552 ns/op
WorkloadPilot   14: 131072 op, 5349672.00 ns, 40.8148 ns/op
WorkloadPilot   15: 262144 op, 10600489.00 ns, 40.4377 ns/op
WorkloadPilot   16: 524288 op, 21124213.00 ns, 40.2912 ns/op
WorkloadPilot   17: 1048576 op, 42328065.00 ns, 40.3672 ns/op
WorkloadPilot   18: 2097152 op, 85586950.00 ns, 40.8110 ns/op
WorkloadPilot   19: 4194304 op, 20762318.00 ns, 4.9501 ns/op
WorkloadPilot   20: 8388608 op, 33287621.00 ns, 3.9682 ns/op
WorkloadPilot   21: 16777216 op, 66655635.00 ns, 3.9730 ns/op
WorkloadPilot   22: 33554432 op, 133094990.00 ns, 3.9665 ns/op
WorkloadPilot   23: 67108864 op, 265490734.00 ns, 3.9561 ns/op
WorkloadPilot   24: 134217728 op, 531729084.00 ns, 3.9617 ns/op

OverheadWarmup   1: 134217728 op, 617696233.00 ns, 4.6022 ns/op
OverheadWarmup   2: 134217728 op, 486443745.00 ns, 3.6243 ns/op
OverheadWarmup   3: 134217728 op, 486125019.00 ns, 3.6219 ns/op
OverheadWarmup   4: 134217728 op, 486463071.00 ns, 3.6244 ns/op
OverheadWarmup   5: 134217728 op, 485861016.00 ns, 3.6199 ns/op
OverheadWarmup   6: 134217728 op, 488453057.00 ns, 3.6393 ns/op
OverheadWarmup   7: 134217728 op, 486849916.00 ns, 3.6273 ns/op

OverheadActual   1: 134217728 op, 486794831.00 ns, 3.6269 ns/op
OverheadActual   2: 134217728 op, 486040902.00 ns, 3.6213 ns/op
OverheadActual   3: 134217728 op, 490822142.00 ns, 3.6569 ns/op
OverheadActual   4: 134217728 op, 486974746.00 ns, 3.6282 ns/op
OverheadActual   5: 134217728 op, 487966649.00 ns, 3.6356 ns/op
OverheadActual   6: 134217728 op, 486112893.00 ns, 3.6218 ns/op
OverheadActual   7: 134217728 op, 487056551.00 ns, 3.6289 ns/op
OverheadActual   8: 134217728 op, 485906843.00 ns, 3.6203 ns/op
OverheadActual   9: 134217728 op, 486495884.00 ns, 3.6247 ns/op
OverheadActual  10: 134217728 op, 485748957.00 ns, 3.6191 ns/op
OverheadActual  11: 134217728 op, 486788542.00 ns, 3.6269 ns/op
OverheadActual  12: 134217728 op, 487609285.00 ns, 3.6330 ns/op
OverheadActual  13: 134217728 op, 486763814.00 ns, 3.6267 ns/op
OverheadActual  14: 134217728 op, 487655391.00 ns, 3.6333 ns/op
OverheadActual  15: 134217728 op, 486617411.00 ns, 3.6256 ns/op

WorkloadWarmup   1: 134217728 op, 530516111.00 ns, 3.9527 ns/op
WorkloadWarmup   2: 134217728 op, 538212949.00 ns, 4.0100 ns/op
WorkloadWarmup   3: 134217728 op, 530582801.00 ns, 3.9531 ns/op
WorkloadWarmup   4: 134217728 op, 531341170.00 ns, 3.9588 ns/op
WorkloadWarmup   5: 134217728 op, 530718958.00 ns, 3.9542 ns/op
WorkloadWarmup   6: 134217728 op, 532204122.00 ns, 3.9652 ns/op

// BeforeActualRun
WorkloadActual   1: 134217728 op, 531056196.00 ns, 3.9567 ns/op
WorkloadActual   2: 134217728 op, 534905778.00 ns, 3.9854 ns/op
WorkloadActual   3: 134217728 op, 531624406.00 ns, 3.9609 ns/op
WorkloadActual   4: 134217728 op, 531202218.00 ns, 3.9578 ns/op
WorkloadActual   5: 134217728 op, 531603528.00 ns, 3.9608 ns/op
WorkloadActual   6: 134217728 op, 530477344.00 ns, 3.9524 ns/op
WorkloadActual   7: 134217728 op, 531622175.00 ns, 3.9609 ns/op
WorkloadActual   8: 134217728 op, 531222716.00 ns, 3.9579 ns/op
WorkloadActual   9: 134217728 op, 532210942.00 ns, 3.9653 ns/op
WorkloadActual  10: 134217728 op, 545609667.00 ns, 4.0651 ns/op
WorkloadActual  11: 134217728 op, 531755561.00 ns, 3.9619 ns/op
WorkloadActual  12: 134217728 op, 533536018.00 ns, 3.9752 ns/op
WorkloadActual  13: 134217728 op, 531464318.00 ns, 3.9597 ns/op
WorkloadActual  14: 134217728 op, 531075782.00 ns, 3.9568 ns/op
WorkloadActual  15: 134217728 op, 532564753.00 ns, 3.9679 ns/op

// AfterActualRun
WorkloadResult   1: 134217728 op, 44267654.00 ns, 0.3298 ns/op
WorkloadResult   2: 134217728 op, 44835864.00 ns, 0.3341 ns/op
WorkloadResult   3: 134217728 op, 44413676.00 ns, 0.3309 ns/op
WorkloadResult   4: 134217728 op, 44814986.00 ns, 0.3339 ns/op
WorkloadResult   5: 134217728 op, 43688802.00 ns, 0.3255 ns/op
WorkloadResult   6: 134217728 op, 44833633.00 ns, 0.3340 ns/op
WorkloadResult   7: 134217728 op, 44434174.00 ns, 0.3311 ns/op
WorkloadResult   8: 134217728 op, 45422400.00 ns, 0.3384 ns/op
WorkloadResult   9: 134217728 op, 44967019.00 ns, 0.3350 ns/op
WorkloadResult  10: 134217728 op, 46747476.00 ns, 0.3483 ns/op
WorkloadResult  11: 134217728 op, 44675776.00 ns, 0.3329 ns/op
WorkloadResult  12: 134217728 op, 44287240.00 ns, 0.3300 ns/op
WorkloadResult  13: 134217728 op, 45776211.00 ns, 0.3411 ns/op
// GC:  0 0 0 0 134217728
// Threading:  0 0 134217728

// AfterAll
// Benchmark Process 5100 has exited with code 0.

Mean = 0.334 ns, StdErr = 0.002 ns (0.48%), N = 13, StdDev = 0.006 ns
Min = 0.326 ns, Q1 = 0.331 ns, Median = 0.334 ns, Q3 = 0.335 ns, Max = 0.348 ns
IQR = 0.004 ns, LowerFence = 0.325 ns, UpperFence = 0.341 ns
ConfidenceInterval = [0.327 ns; 0.341 ns] (CI 99.9%), Margin = 0.007 ns (2.07% of Mean)
Skewness = 0.91, Kurtosis = 3.36, MValue = 2

// ** Remained 17 (47.2 %) benchmark(s) to run. Estimated finish 2026-09-06 6:49 (0h 6m from now) **
// **************************
// Benchmark: MediatorBenchmarks.SendCommand_NoBehaviors: .NET 9.0(Runtime=.NET 9.0, Toolchain=net9.0)
// *** Execute ***
// Launch: 1 / 1
// Execute: dotnet "EricksonLopez.Mediator.Benchmarks-.NET 9.0-3.dll" --anonymousPipes 107 108 --benchmarkName EricksonLopez.Mediator.Benchmarks.MediatorBenchmarks.SendCommand_NoBehaviors --job ".NET 9.0" --benchmarkId 1 in /home/runner/work/dotnet-mediator/dotnet-mediator/benchmarks/EricksonLopez.Mediator.Benchmarks/bin/Release/net10.0/EricksonLopez.Mediator.Benchmarks-.NET 9.0-3/bin/Release/net9.0
// Failed to set up high priority (Permission denied). In order to run benchmarks with high priority, make sure you have the right permissions.
// BeforeAnythingElse

// Benchmark Process Environment Information:
// BenchmarkDotNet v0.15.8
// Runtime=.NET 9.0.19 (9.0.19, 9.0.1926.36724), X64 RyuJIT x86-64-v3
// GC=Concurrent Workstation
// HardwareIntrinsics=AVX2+BMI1+BMI2+F16C+FMA+LZCNT+MOVBE,AVX,SSE3+SSSE3+SSE4.1+SSE4.2+POPCNT,X86Base+SSE+SSE2,AES+PCLMUL VectorSize=256
// Job: .NET 9.0

OverheadJitting  1: 1 op, 187530.00 ns, 187.5300 us/op
WorkloadJitting  1: 1 op, 1459504.00 ns, 1.4595 ms/op

OverheadJitting  2: 16 op, 444039.00 ns, 27.7524 us/op
WorkloadJitting  2: 16 op, 426586.00 ns, 26.6616 us/op

WorkloadPilot    1: 16 op, 7524.00 ns, 470.2500 ns/op
WorkloadPilot    2: 32 op, 11061.00 ns, 345.6563 ns/op
WorkloadPilot    3: 64 op, 17854.00 ns, 278.9688 ns/op
WorkloadPilot    4: 128 op, 31609.00 ns, 246.9453 ns/op
WorkloadPilot    5: 256 op, 59261.00 ns, 231.4883 ns/op
WorkloadPilot    6: 512 op, 113893.00 ns, 222.4473 ns/op
WorkloadPilot    7: 1024 op, 226072.00 ns, 220.7734 ns/op
WorkloadPilot    8: 2048 op, 636849.00 ns, 310.9614 ns/op
WorkloadPilot    9: 4096 op, 946387.00 ns, 231.0515 ns/op
WorkloadPilot   10: 8192 op, 1841346.00 ns, 224.7737 ns/op
WorkloadPilot   11: 16384 op, 3648740.00 ns, 222.7014 ns/op
WorkloadPilot   12: 32768 op, 7287261.00 ns, 222.3896 ns/op
WorkloadPilot   13: 65536 op, 14363118.00 ns, 219.1638 ns/op
WorkloadPilot   14: 131072 op, 28446414.00 ns, 217.0289 ns/op
WorkloadPilot   15: 262144 op, 57177628.00 ns, 218.1153 ns/op
WorkloadPilot   16: 524288 op, 49738263.00 ns, 94.8682 ns/op
WorkloadPilot   17: 1048576 op, 28126837.00 ns, 26.8238 ns/op
WorkloadPilot   18: 2097152 op, 56196858.00 ns, 26.7968 ns/op
WorkloadPilot   19: 4194304 op, 113556655.00 ns, 27.0740 ns/op
WorkloadPilot   20: 8388608 op, 227604148.00 ns, 27.1325 ns/op
WorkloadPilot   21: 16777216 op, 466308102.00 ns, 27.7941 ns/op
WorkloadPilot   22: 33554432 op, 908320418.00 ns, 27.0701 ns/op

OverheadWarmup   1: 33554432 op, 146376702.00 ns, 4.3624 ns/op
OverheadWarmup   2: 33554432 op, 159036981.00 ns, 4.7397 ns/op
OverheadWarmup   3: 33554432 op, 121972774.00 ns, 3.6351 ns/op
OverheadWarmup   4: 33554432 op, 121644892.00 ns, 3.6253 ns/op
OverheadWarmup   5: 33554432 op, 121782779.00 ns, 3.6294 ns/op
OverheadWarmup   6: 33554432 op, 122381556.00 ns, 3.6473 ns/op
OverheadWarmup   7: 33554432 op, 121750068.00 ns, 3.6284 ns/op

OverheadActual   1: 33554432 op, 121710424.00 ns, 3.6273 ns/op
OverheadActual   2: 33554432 op, 121446221.00 ns, 3.6194 ns/op
OverheadActual   3: 33554432 op, 121449810.00 ns, 3.6195 ns/op
OverheadActual   4: 33554432 op, 122079460.00 ns, 3.6383 ns/op
OverheadActual   5: 33554432 op, 121641401.00 ns, 3.6252 ns/op
OverheadActual   6: 33554432 op, 121542727.00 ns, 3.6223 ns/op
OverheadActual   7: 33554432 op, 121571862.00 ns, 3.6231 ns/op
OverheadActual   8: 33554432 op, 121808685.00 ns, 3.6302 ns/op
OverheadActual   9: 33554432 op, 121860161.00 ns, 3.6317 ns/op
OverheadActual  10: 33554432 op, 121851664.00 ns, 3.6315 ns/op
OverheadActual  11: 33554432 op, 121796701.00 ns, 3.6298 ns/op
OverheadActual  12: 33554432 op, 121710050.00 ns, 3.6272 ns/op
OverheadActual  13: 33554432 op, 121400592.00 ns, 3.6180 ns/op
OverheadActual  14: 33554432 op, 121671267.00 ns, 3.6261 ns/op
OverheadActual  15: 33554432 op, 122264135.00 ns, 3.6438 ns/op

WorkloadWarmup   1: 33554432 op, 907828522.00 ns, 27.0554 ns/op
WorkloadWarmup   2: 33554432 op, 907342324.00 ns, 27.0409 ns/op
WorkloadWarmup   3: 33554432 op, 907742681.00 ns, 27.0528 ns/op
WorkloadWarmup   4: 33554432 op, 924211291.00 ns, 27.5436 ns/op
WorkloadWarmup   5: 33554432 op, 906345447.00 ns, 27.0112 ns/op
WorkloadWarmup   6: 33554432 op, 907950345.00 ns, 27.0590 ns/op
WorkloadWarmup   7: 33554432 op, 906804336.00 ns, 27.0249 ns/op

// BeforeActualRun
WorkloadActual   1: 33554432 op, 909380877.00 ns, 27.1017 ns/op
WorkloadActual   2: 33554432 op, 909155343.00 ns, 27.0949 ns/op
WorkloadActual   3: 33554432 op, 906217388.00 ns, 27.0074 ns/op
WorkloadActual   4: 33554432 op, 907184544.00 ns, 27.0362 ns/op
WorkloadActual   5: 33554432 op, 908870815.00 ns, 27.0865 ns/op
WorkloadActual   6: 33554432 op, 908085345.00 ns, 27.0631 ns/op
WorkloadActual   7: 33554432 op, 912762972.00 ns, 27.2025 ns/op
WorkloadActual   8: 33554432 op, 909901658.00 ns, 27.1172 ns/op
WorkloadActual   9: 33554432 op, 906425965.00 ns, 27.0136 ns/op
WorkloadActual  10: 33554432 op, 906590453.00 ns, 27.0185 ns/op
WorkloadActual  11: 33554432 op, 906455862.00 ns, 27.0145 ns/op
WorkloadActual  12: 33554432 op, 912076249.00 ns, 27.1820 ns/op
WorkloadActual  13: 33554432 op, 907675069.00 ns, 27.0508 ns/op
WorkloadActual  14: 33554432 op, 906644583.00 ns, 27.0201 ns/op
WorkloadActual  15: 33554432 op, 907180183.00 ns, 27.0361 ns/op

// AfterActualRun
WorkloadResult   1: 33554432 op, 787670827.00 ns, 23.4744 ns/op
WorkloadResult   2: 33554432 op, 787445293.00 ns, 23.4677 ns/op
WorkloadResult   3: 33554432 op, 784507338.00 ns, 23.3801 ns/op
WorkloadResult   4: 33554432 op, 785474494.00 ns, 23.4090 ns/op
WorkloadResult   5: 33554432 op, 787160765.00 ns, 23.4592 ns/op
WorkloadResult   6: 33554432 op, 786375295.00 ns, 23.4358 ns/op
WorkloadResult   7: 33554432 op, 791052922.00 ns, 23.5752 ns/op
WorkloadResult   8: 33554432 op, 788191608.00 ns, 23.4899 ns/op
WorkloadResult   9: 33554432 op, 784715915.00 ns, 23.3864 ns/op
WorkloadResult  10: 33554432 op, 784880403.00 ns, 23.3913 ns/op
WorkloadResult  11: 33554432 op, 784745812.00 ns, 23.3872 ns/op
WorkloadResult  12: 33554432 op, 790366199.00 ns, 23.5547 ns/op
WorkloadResult  13: 33554432 op, 785965019.00 ns, 23.4236 ns/op
WorkloadResult  14: 33554432 op, 784934533.00 ns, 23.3929 ns/op
WorkloadResult  15: 33554432 op, 785470133.00 ns, 23.4088 ns/op
// GC:  0 0 0 0 33554432
// Threading:  0 0 33554432

// AfterAll
// Benchmark Process 5121 has exited with code 0.

Mean = 23.442 ns, StdErr = 0.016 ns (0.07%), N = 15, StdDev = 0.061 ns
Min = 23.380 ns, Q1 = 23.392 ns, Median = 23.424 ns, Q3 = 23.471 ns, Max = 23.575 ns
IQR = 0.079 ns, LowerFence = 23.274 ns, UpperFence = 23.590 ns
ConfidenceInterval = [23.377 ns; 23.508 ns] (CI 99.9%), Margin = 0.065 ns (0.28% of Mean)
Skewness = 0.88, Kurtosis = 2.52, MValue = 2

// ** Remained 16 (44.4 %) benchmark(s) to run. Estimated finish 2026-09-06 6:49 (0h 5m from now) **
// **************************
// Benchmark: MediatorBenchmarks.SendQuery_NoBehaviors: .NET 9.0(Runtime=.NET 9.0, Toolchain=net9.0)
// *** Execute ***
// Launch: 1 / 1
// Execute: dotnet "EricksonLopez.Mediator.Benchmarks-.NET 9.0-3.dll" --anonymousPipes 107 108 --benchmarkName EricksonLopez.Mediator.Benchmarks.MediatorBenchmarks.SendQuery_NoBehaviors --job ".NET 9.0" --benchmarkId 2 in /home/runner/work/dotnet-mediator/dotnet-mediator/benchmarks/EricksonLopez.Mediator.Benchmarks/bin/Release/net10.0/EricksonLopez.Mediator.Benchmarks-.NET 9.0-3/bin/Release/net9.0
// Failed to set up high priority (Permission denied). In order to run benchmarks with high priority, make sure you have the right permissions.
// BeforeAnythingElse

// Benchmark Process Environment Information:
// BenchmarkDotNet v0.15.8
// Runtime=.NET 9.0.19 (9.0.19, 9.0.1926.36724), X64 RyuJIT x86-64-v3
// GC=Concurrent Workstation
// HardwareIntrinsics=AVX2+BMI1+BMI2+F16C+FMA+LZCNT+MOVBE,AVX,SSE3+SSSE3+SSE4.1+SSE4.2+POPCNT,X86Base+SSE+SSE2,AES+PCLMUL VectorSize=256
// Job: .NET 9.0

OverheadJitting  1: 1 op, 180607.00 ns, 180.6070 us/op
WorkloadJitting  1: 1 op, 1129071.00 ns, 1.1291 ms/op

OverheadJitting  2: 16 op, 472904.00 ns, 29.5565 us/op
WorkloadJitting  2: 16 op, 462885.00 ns, 28.9303 us/op

WorkloadPilot    1: 16 op, 7314.00 ns, 457.1250 ns/op
WorkloadPilot    2: 32 op, 12744.00 ns, 398.2500 ns/op
WorkloadPilot    3: 64 op, 21800.00 ns, 340.6250 ns/op
WorkloadPilot    4: 128 op, 39554.00 ns, 309.0156 ns/op
WorkloadPilot    5: 256 op, 69890.00 ns, 273.0078 ns/op
WorkloadPilot    6: 512 op, 109414.00 ns, 213.6992 ns/op
WorkloadPilot    7: 1024 op, 216043.00 ns, 210.9795 ns/op
WorkloadPilot    8: 2048 op, 452015.00 ns, 220.7104 ns/op
WorkloadPilot    9: 4096 op, 880596.00 ns, 214.9893 ns/op
WorkloadPilot   10: 8192 op, 1851140.00 ns, 225.9692 ns/op
WorkloadPilot   11: 16384 op, 3584911.00 ns, 218.8056 ns/op
WorkloadPilot   12: 32768 op, 7108899.00 ns, 216.9464 ns/op
WorkloadPilot   13: 65536 op, 14628335.00 ns, 223.2107 ns/op
WorkloadPilot   14: 131072 op, 28301487.00 ns, 215.9232 ns/op
WorkloadPilot   15: 262144 op, 56653176.00 ns, 216.1147 ns/op
WorkloadPilot   16: 524288 op, 46360395.00 ns, 88.4254 ns/op
WorkloadPilot   17: 1048576 op, 22977694.00 ns, 21.9132 ns/op
WorkloadPilot   18: 2097152 op, 45762437.00 ns, 21.8212 ns/op
WorkloadPilot   19: 4194304 op, 91851506.00 ns, 21.8991 ns/op
WorkloadPilot   20: 8388608 op, 183513747.00 ns, 21.8765 ns/op
WorkloadPilot   21: 16777216 op, 367794096.00 ns, 21.9222 ns/op
WorkloadPilot   22: 33554432 op, 739196057.00 ns, 22.0298 ns/op

OverheadWarmup   1: 33554432 op, 143335107.00 ns, 4.2717 ns/op
OverheadWarmup   2: 33554432 op, 156599374.00 ns, 4.6670 ns/op
OverheadWarmup   3: 33554432 op, 122467503.00 ns, 3.6498 ns/op
OverheadWarmup   4: 33554432 op, 122206292.00 ns, 3.6420 ns/op
OverheadWarmup   5: 33554432 op, 122030464.00 ns, 3.6368 ns/op
OverheadWarmup   6: 33554432 op, 122445219.00 ns, 3.6492 ns/op
OverheadWarmup   7: 33554432 op, 122505712.00 ns, 3.6510 ns/op
OverheadWarmup   8: 33554432 op, 122185113.00 ns, 3.6414 ns/op

OverheadActual   1: 33554432 op, 124439333.00 ns, 3.7086 ns/op
OverheadActual   2: 33554432 op, 122147843.00 ns, 3.6403 ns/op
OverheadActual   3: 33554432 op, 122099554.00 ns, 3.6389 ns/op
OverheadActual   4: 33554432 op, 127376109.00 ns, 3.7961 ns/op
OverheadActual   5: 33554432 op, 122159875.00 ns, 3.6406 ns/op
OverheadActual   6: 33554432 op, 122082702.00 ns, 3.6383 ns/op
OverheadActual   7: 33554432 op, 122246658.00 ns, 3.6432 ns/op
OverheadActual   8: 33554432 op, 123263638.00 ns, 3.6735 ns/op
OverheadActual   9: 33554432 op, 122587945.00 ns, 3.6534 ns/op
OverheadActual  10: 33554432 op, 122614114.00 ns, 3.6542 ns/op
OverheadActual  11: 33554432 op, 122590811.00 ns, 3.6535 ns/op
OverheadActual  12: 33554432 op, 122340824.00 ns, 3.6460 ns/op
OverheadActual  13: 33554432 op, 122119771.00 ns, 3.6395 ns/op
OverheadActual  14: 33554432 op, 122616950.00 ns, 3.6543 ns/op
OverheadActual  15: 33554432 op, 122182728.00 ns, 3.6413 ns/op

WorkloadWarmup   1: 33554432 op, 735843843.00 ns, 21.9299 ns/op
WorkloadWarmup   2: 33554432 op, 737132061.00 ns, 21.9682 ns/op
WorkloadWarmup   3: 33554432 op, 735380525.00 ns, 21.9160 ns/op
WorkloadWarmup   4: 33554432 op, 735467638.00 ns, 21.9186 ns/op
WorkloadWarmup   5: 33554432 op, 734258118.00 ns, 21.8826 ns/op
WorkloadWarmup   6: 33554432 op, 733751693.00 ns, 21.8675 ns/op

// BeforeActualRun
WorkloadActual   1: 33554432 op, 733766771.00 ns, 21.8680 ns/op
WorkloadActual   2: 33554432 op, 734590900.00 ns, 21.8925 ns/op
WorkloadActual   3: 33554432 op, 735533772.00 ns, 21.9206 ns/op
WorkloadActual   4: 33554432 op, 739673002.00 ns, 22.0440 ns/op
WorkloadActual   5: 33554432 op, 734385677.00 ns, 21.8864 ns/op
WorkloadActual   6: 33554432 op, 734682041.00 ns, 21.8952 ns/op
WorkloadActual   7: 33554432 op, 735122433.00 ns, 21.9084 ns/op
WorkloadActual   8: 33554432 op, 733568814.00 ns, 21.8621 ns/op
WorkloadActual   9: 33554432 op, 734094825.00 ns, 21.8777 ns/op
WorkloadActual  10: 33554432 op, 737231467.00 ns, 21.9712 ns/op
WorkloadActual  11: 33554432 op, 734902081.00 ns, 21.9018 ns/op
WorkloadActual  12: 33554432 op, 735188536.00 ns, 21.9103 ns/op
WorkloadActual  13: 33554432 op, 734503810.00 ns, 21.8899 ns/op
WorkloadActual  14: 33554432 op, 735515278.00 ns, 21.9201 ns/op
WorkloadActual  15: 33554432 op, 733755472.00 ns, 21.8676 ns/op

// AfterActualRun
WorkloadResult   1: 33554432 op, 611425947.00 ns, 18.2219 ns/op
WorkloadResult   2: 33554432 op, 612250076.00 ns, 18.2465 ns/op
WorkloadResult   3: 33554432 op, 613192948.00 ns, 18.2746 ns/op
WorkloadResult   4: 33554432 op, 612044853.00 ns, 18.2404 ns/op
WorkloadResult   5: 33554432 op, 612341217.00 ns, 18.2492 ns/op
WorkloadResult   6: 33554432 op, 612781609.00 ns, 18.2623 ns/op
WorkloadResult   7: 33554432 op, 611227990.00 ns, 18.2160 ns/op
WorkloadResult   8: 33554432 op, 611754001.00 ns, 18.2317 ns/op
WorkloadResult   9: 33554432 op, 612561257.00 ns, 18.2557 ns/op
WorkloadResult  10: 33554432 op, 612847712.00 ns, 18.2643 ns/op
WorkloadResult  11: 33554432 op, 612162986.00 ns, 18.2439 ns/op
WorkloadResult  12: 33554432 op, 613174454.00 ns, 18.2740 ns/op
WorkloadResult  13: 33554432 op, 611414648.00 ns, 18.2216 ns/op
// GC:  0 0 0 0 33554432
// Threading:  0 0 33554432

// AfterAll
// Benchmark Process 5149 has exited with code 0.

Mean = 18.246 ns, StdErr = 0.005 ns (0.03%), N = 13, StdDev = 0.020 ns
Min = 18.216 ns, Q1 = 18.232 ns, Median = 18.246 ns, Q3 = 18.262 ns, Max = 18.275 ns
IQR = 0.031 ns, LowerFence = 18.186 ns, UpperFence = 18.308 ns
ConfidenceInterval = [18.223 ns; 18.270 ns] (CI 99.9%), Margin = 0.024 ns (0.13% of Mean)
Skewness = -0.06, Kurtosis = 1.57, MValue = 2

// ** Remained 15 (41.7 %) benchmark(s) to run. Estimated finish 2026-09-06 6:49 (0h 5m from now) **
// **************************
// Benchmark: MediatorBenchmarks.SendCommand_OneBehavior: .NET 9.0(Runtime=.NET 9.0, Toolchain=net9.0)
// *** Execute ***
// Launch: 1 / 1
// Execute: dotnet "EricksonLopez.Mediator.Benchmarks-.NET 9.0-3.dll" --anonymousPipes 107 108 --benchmarkName EricksonLopez.Mediator.Benchmarks.MediatorBenchmarks.SendCommand_OneBehavior --job ".NET 9.0" --benchmarkId 3 in /home/runner/work/dotnet-mediator/dotnet-mediator/benchmarks/EricksonLopez.Mediator.Benchmarks/bin/Release/net10.0/EricksonLopez.Mediator.Benchmarks-.NET 9.0-3/bin/Release/net9.0
// Failed to set up high priority (Permission denied). In order to run benchmarks with high priority, make sure you have the right permissions.
// BeforeAnythingElse

// Benchmark Process Environment Information:
// BenchmarkDotNet v0.15.8
// Runtime=.NET 9.0.19 (9.0.19, 9.0.1926.36724), X64 RyuJIT x86-64-v3
// GC=Concurrent Workstation
// HardwareIntrinsics=AVX2+BMI1+BMI2+F16C+FMA+LZCNT+MOVBE,AVX,SSE3+SSSE3+SSE4.1+SSE4.2+POPCNT,X86Base+SSE+SSE2,AES+PCLMUL VectorSize=256
// Job: .NET 9.0

OverheadJitting  1: 1 op, 184695.00 ns, 184.6950 us/op
WorkloadJitting  1: 1 op, 2181795.00 ns, 2.1818 ms/op

OverheadJitting  2: 16 op, 435784.00 ns, 27.2365 us/op
WorkloadJitting  2: 16 op, 400268.00 ns, 25.0168 us/op

WorkloadPilot    1: 16 op, 12393.00 ns, 774.5625 ns/op
WorkloadPilot    2: 32 op, 20197.00 ns, 631.1563 ns/op
WorkloadPilot    3: 64 op, 33973.00 ns, 530.8281 ns/op
WorkloadPilot    4: 128 op, 63509.00 ns, 496.1641 ns/op
WorkloadPilot    5: 256 op, 125014.00 ns, 488.3359 ns/op
WorkloadPilot    6: 512 op, 247973.00 ns, 484.3223 ns/op
WorkloadPilot    7: 1024 op, 495104.00 ns, 483.5000 ns/op
WorkloadPilot    8: 2048 op, 982575.00 ns, 479.7729 ns/op
WorkloadPilot    9: 4096 op, 1935154.00 ns, 472.4497 ns/op
WorkloadPilot   10: 8192 op, 3955327.00 ns, 482.8280 ns/op
WorkloadPilot   11: 16384 op, 7722974.00 ns, 471.3729 ns/op
WorkloadPilot   12: 32768 op, 15405043.00 ns, 470.1246 ns/op
WorkloadPilot   13: 65536 op, 30557373.00 ns, 466.2685 ns/op
WorkloadPilot   14: 131072 op, 61072747.00 ns, 465.9481 ns/op
WorkloadPilot   15: 262144 op, 128517312.00 ns, 490.2546 ns/op
WorkloadPilot   16: 524288 op, 36099604.00 ns, 68.8545 ns/op
WorkloadPilot   17: 1048576 op, 51921976.00 ns, 49.5167 ns/op
WorkloadPilot   18: 2097152 op, 108808554.00 ns, 51.8840 ns/op
WorkloadPilot   19: 4194304 op, 206916630.00 ns, 49.3328 ns/op
WorkloadPilot   20: 8388608 op, 414974365.00 ns, 49.4688 ns/op
WorkloadPilot   21: 16777216 op, 829857961.00 ns, 49.4634 ns/op

OverheadWarmup   1: 16777216 op, 71630789.00 ns, 4.2695 ns/op
OverheadWarmup   2: 16777216 op, 72692823.00 ns, 4.3328 ns/op
OverheadWarmup   3: 16777216 op, 83481171.00 ns, 4.9759 ns/op
OverheadWarmup   4: 16777216 op, 61173188.00 ns, 3.6462 ns/op
OverheadWarmup   5: 16777216 op, 77190363.00 ns, 4.6009 ns/op
OverheadWarmup   6: 16777216 op, 61057152.00 ns, 3.6393 ns/op

OverheadActual   1: 16777216 op, 61087248.00 ns, 3.6411 ns/op
OverheadActual   2: 16777216 op, 61063173.00 ns, 3.6396 ns/op
OverheadActual   3: 16777216 op, 61102125.00 ns, 3.6420 ns/op
OverheadActual   4: 16777216 op, 61118816.00 ns, 3.6430 ns/op
OverheadActual   5: 16777216 op, 60993092.00 ns, 3.6355 ns/op
OverheadActual   6: 16777216 op, 61176745.00 ns, 3.6464 ns/op
OverheadActual   7: 16777216 op, 61213414.00 ns, 3.6486 ns/op
OverheadActual   8: 16777216 op, 61065086.00 ns, 3.6398 ns/op
OverheadActual   9: 16777216 op, 61151779.00 ns, 3.6449 ns/op
OverheadActual  10: 16777216 op, 61063103.00 ns, 3.6396 ns/op
OverheadActual  11: 16777216 op, 61027245.00 ns, 3.6375 ns/op
OverheadActual  12: 16777216 op, 61014302.00 ns, 3.6367 ns/op
OverheadActual  13: 16777216 op, 61763801.00 ns, 3.6814 ns/op
OverheadActual  14: 16777216 op, 61228111.00 ns, 3.6495 ns/op
OverheadActual  15: 16777216 op, 61068844.00 ns, 3.6400 ns/op

WorkloadWarmup   1: 16777216 op, 830078844.00 ns, 49.4766 ns/op
WorkloadWarmup   2: 16777216 op, 828898129.00 ns, 49.4062 ns/op
WorkloadWarmup   3: 16777216 op, 836390361.00 ns, 49.8528 ns/op
WorkloadWarmup   4: 16777216 op, 829073586.00 ns, 49.4166 ns/op
WorkloadWarmup   5: 16777216 op, 828686393.00 ns, 49.3936 ns/op
WorkloadWarmup   6: 16777216 op, 829064729.00 ns, 49.4161 ns/op
WorkloadWarmup   7: 16777216 op, 833625308.00 ns, 49.6879 ns/op
WorkloadWarmup   8: 16777216 op, 832166198.00 ns, 49.6010 ns/op

// BeforeActualRun
WorkloadActual   1: 16777216 op, 833105602.00 ns, 49.6570 ns/op
WorkloadActual   2: 16777216 op, 828885892.00 ns, 49.4054 ns/op
WorkloadActual   3: 16777216 op, 829049356.00 ns, 49.4152 ns/op
WorkloadActual   4: 16777216 op, 828674396.00 ns, 49.3928 ns/op
WorkloadActual   5: 16777216 op, 827964570.00 ns, 49.3505 ns/op
WorkloadActual   6: 16777216 op, 829106253.00 ns, 49.4186 ns/op
WorkloadActual   7: 16777216 op, 832199570.00 ns, 49.6030 ns/op
WorkloadActual   8: 16777216 op, 830227066.00 ns, 49.4854 ns/op
WorkloadActual   9: 16777216 op, 829149246.00 ns, 49.4211 ns/op
WorkloadActual  10: 16777216 op, 828605201.00 ns, 49.3887 ns/op
WorkloadActual  11: 16777216 op, 827608769.00 ns, 49.3293 ns/op
WorkloadActual  12: 16777216 op, 829432867.00 ns, 49.4381 ns/op
WorkloadActual  13: 16777216 op, 832291306.00 ns, 49.6084 ns/op
WorkloadActual  14: 16777216 op, 829678475.00 ns, 49.4527 ns/op
WorkloadActual  15: 16777216 op, 842308519.00 ns, 50.2055 ns/op

// AfterActualRun
WorkloadResult   1: 16777216 op, 772018354.00 ns, 46.0159 ns/op
WorkloadResult   2: 16777216 op, 767798644.00 ns, 45.7644 ns/op
WorkloadResult   3: 16777216 op, 767962108.00 ns, 45.7741 ns/op
WorkloadResult   4: 16777216 op, 767587148.00 ns, 45.7518 ns/op
WorkloadResult   5: 16777216 op, 766877322.00 ns, 45.7095 ns/op
WorkloadResult   6: 16777216 op, 768019005.00 ns, 45.7775 ns/op
WorkloadResult   7: 16777216 op, 771112322.00 ns, 45.9619 ns/op
WorkloadResult   8: 16777216 op, 769139818.00 ns, 45.8443 ns/op
WorkloadResult   9: 16777216 op, 768061998.00 ns, 45.7801 ns/op
WorkloadResult  10: 16777216 op, 767517953.00 ns, 45.7476 ns/op
WorkloadResult  11: 16777216 op, 766521521.00 ns, 45.6882 ns/op
WorkloadResult  12: 16777216 op, 768345619.00 ns, 45.7970 ns/op
WorkloadResult  13: 16777216 op, 771204058.00 ns, 45.9673 ns/op
WorkloadResult  14: 16777216 op, 768591227.00 ns, 45.8116 ns/op
// GC:  0 0 0 0 16777216
// Threading:  0 0 16777216

// AfterAll
// Benchmark Process 5166 has exited with code 0.

Mean = 45.814 ns, StdErr = 0.027 ns (0.06%), N = 14, StdDev = 0.100 ns
Min = 45.688 ns, Q1 = 45.755 ns, Median = 45.779 ns, Q3 = 45.836 ns, Max = 46.016 ns
IQR = 0.081 ns, LowerFence = 45.633 ns, UpperFence = 45.958 ns
ConfidenceInterval = [45.701 ns; 45.926 ns] (CI 99.9%), Margin = 0.112 ns (0.25% of Mean)
Skewness = 0.82, Kurtosis = 2.27, MValue = 2

// ** Remained 14 (38.9 %) benchmark(s) to run. Estimated finish 2026-09-06 6:49 (0h 5m from now) **
// **************************
// Benchmark: MediatorBenchmarks.SendCommand_FiveBehaviors: .NET 9.0(Runtime=.NET 9.0, Toolchain=net9.0)
// *** Execute ***
// Launch: 1 / 1
// Execute: dotnet "EricksonLopez.Mediator.Benchmarks-.NET 9.0-3.dll" --anonymousPipes 107 108 --benchmarkName EricksonLopez.Mediator.Benchmarks.MediatorBenchmarks.SendCommand_FiveBehaviors --job ".NET 9.0" --benchmarkId 4 in /home/runner/work/dotnet-mediator/dotnet-mediator/benchmarks/EricksonLopez.Mediator.Benchmarks/bin/Release/net10.0/EricksonLopez.Mediator.Benchmarks-.NET 9.0-3/bin/Release/net9.0
// Failed to set up high priority (Permission denied). In order to run benchmarks with high priority, make sure you have the right permissions.
// BeforeAnythingElse

// Benchmark Process Environment Information:
// BenchmarkDotNet v0.15.8
// Runtime=.NET 9.0.19 (9.0.19, 9.0.1926.36724), X64 RyuJIT x86-64-v3
// GC=Concurrent Workstation
// HardwareIntrinsics=AVX2+BMI1+BMI2+F16C+FMA+LZCNT+MOVBE,AVX,SSE3+SSSE3+SSE4.1+SSE4.2+POPCNT,X86Base+SSE+SSE2,AES+PCLMUL VectorSize=256
// Job: .NET 9.0

OverheadJitting  1: 1 op, 193953.00 ns, 193.9530 us/op
WorkloadJitting  1: 1 op, 4329167.00 ns, 4.3292 ms/op

OverheadJitting  2: 16 op, 446043.00 ns, 27.8777 us/op
WorkloadJitting  2: 16 op, 429012.00 ns, 26.8133 us/op

WorkloadPilot    1: 16 op, 32340.00 ns, 2.0213 us/op
WorkloadPilot    2: 32 op, 57617.00 ns, 1.8005 us/op
WorkloadPilot    3: 64 op, 106860.00 ns, 1.6697 us/op
WorkloadPilot    4: 128 op, 207628.00 ns, 1.6221 us/op
WorkloadPilot    5: 256 op, 409105.00 ns, 1.5981 us/op
WorkloadPilot    6: 512 op, 857281.00 ns, 1.6744 us/op
WorkloadPilot    7: 1024 op, 1703633.00 ns, 1.6637 us/op
WorkloadPilot    8: 2048 op, 3385925.00 ns, 1.6533 us/op
WorkloadPilot    9: 4096 op, 6812787.00 ns, 1.6633 us/op
WorkloadPilot   10: 8192 op, 13506290.00 ns, 1.6487 us/op
WorkloadPilot   11: 16384 op, 26930336.00 ns, 1.6437 us/op
WorkloadPilot   12: 32768 op, 53757639.00 ns, 1.6406 us/op
WorkloadPilot   13: 65536 op, 80576807.00 ns, 1.2295 us/op
WorkloadPilot   14: 131072 op, 87521119.00 ns, 667.7331 ns/op
WorkloadPilot   15: 262144 op, 62130389.00 ns, 237.0086 ns/op
WorkloadPilot   16: 524288 op, 120739220.00 ns, 230.2918 ns/op
WorkloadPilot   17: 1048576 op, 240859725.00 ns, 229.7017 ns/op
WorkloadPilot   18: 2097152 op, 483314145.00 ns, 230.4621 ns/op
WorkloadPilot   19: 4194304 op, 965345991.00 ns, 230.1564 ns/op

OverheadWarmup   1: 4194304 op, 18022825.00 ns, 4.2970 ns/op
OverheadWarmup   2: 4194304 op, 17848800.00 ns, 4.2555 ns/op
OverheadWarmup   3: 4194304 op, 17858017.00 ns, 4.2577 ns/op
OverheadWarmup   4: 4194304 op, 17790040.00 ns, 4.2415 ns/op
OverheadWarmup   5: 4194304 op, 17827349.00 ns, 4.2504 ns/op
OverheadWarmup   6: 4194304 op, 17866673.00 ns, 4.2597 ns/op
OverheadWarmup   7: 4194304 op, 17850132.00 ns, 4.2558 ns/op

OverheadActual   1: 4194304 op, 18129303.00 ns, 4.3224 ns/op
OverheadActual   2: 4194304 op, 17987910.00 ns, 4.2887 ns/op
OverheadActual   3: 4194304 op, 17873907.00 ns, 4.2615 ns/op
OverheadActual   4: 4194304 op, 17882503.00 ns, 4.2635 ns/op
OverheadActual   5: 4194304 op, 17852928.00 ns, 4.2565 ns/op
OverheadActual   6: 4194304 op, 17787666.00 ns, 4.2409 ns/op
OverheadActual   7: 4194304 op, 18016793.00 ns, 4.2955 ns/op
OverheadActual   8: 4194304 op, 17788547.00 ns, 4.2411 ns/op
OverheadActual   9: 4194304 op, 18305002.00 ns, 4.3643 ns/op
OverheadActual  10: 4194304 op, 17789048.00 ns, 4.2412 ns/op
OverheadActual  11: 4194304 op, 17860511.00 ns, 4.2583 ns/op
OverheadActual  12: 4194304 op, 17829444.00 ns, 4.2509 ns/op
OverheadActual  13: 4194304 op, 17794889.00 ns, 4.2426 ns/op
OverheadActual  14: 4194304 op, 17829884.00 ns, 4.2510 ns/op
OverheadActual  15: 4194304 op, 24039944.00 ns, 5.7316 ns/op

WorkloadWarmup   1: 4194304 op, 967046496.00 ns, 230.5619 ns/op
WorkloadWarmup   2: 4194304 op, 966324897.00 ns, 230.3898 ns/op
WorkloadWarmup   3: 4194304 op, 965324780.00 ns, 230.1514 ns/op
WorkloadWarmup   4: 4194304 op, 964554701.00 ns, 229.9678 ns/op
WorkloadWarmup   5: 4194304 op, 967782310.00 ns, 230.7373 ns/op
WorkloadWarmup   6: 4194304 op, 964858528.00 ns, 230.0402 ns/op
WorkloadWarmup   7: 4194304 op, 965050033.00 ns, 230.0859 ns/op
WorkloadWarmup   8: 4194304 op, 964419216.00 ns, 229.9355 ns/op

// BeforeActualRun
WorkloadActual   1: 4194304 op, 965511275.00 ns, 230.1958 ns/op
WorkloadActual   2: 4194304 op, 967190362.00 ns, 230.5962 ns/op
WorkloadActual   3: 4194304 op, 965572911.00 ns, 230.2105 ns/op
WorkloadActual   4: 4194304 op, 964671477.00 ns, 229.9956 ns/op
WorkloadActual   5: 4194304 op, 964418024.00 ns, 229.9352 ns/op
WorkloadActual   6: 4194304 op, 964319871.00 ns, 229.9118 ns/op
WorkloadActual   7: 4194304 op, 967803327.00 ns, 230.7423 ns/op
WorkloadActual   8: 4194304 op, 965411179.00 ns, 230.1720 ns/op
WorkloadActual   9: 4194304 op, 964683857.00 ns, 229.9986 ns/op
WorkloadActual  10: 4194304 op, 965224667.00 ns, 230.1275 ns/op
WorkloadActual  11: 4194304 op, 964923524.00 ns, 230.0557 ns/op
WorkloadActual  12: 4194304 op, 964348741.00 ns, 229.9187 ns/op
WorkloadActual  13: 4194304 op, 976591377.00 ns, 232.8375 ns/op
WorkloadActual  14: 4194304 op, 968641650.00 ns, 230.9422 ns/op
WorkloadActual  15: 4194304 op, 964349232.00 ns, 229.9188 ns/op

// AfterActualRun
WorkloadResult   1: 4194304 op, 947650764.00 ns, 225.9375 ns/op
WorkloadResult   2: 4194304 op, 949329851.00 ns, 226.3379 ns/op
WorkloadResult   3: 4194304 op, 947712400.00 ns, 225.9522 ns/op
WorkloadResult   4: 4194304 op, 946810966.00 ns, 225.7373 ns/op
WorkloadResult   5: 4194304 op, 946557513.00 ns, 225.6769 ns/op
WorkloadResult   6: 4194304 op, 946459360.00 ns, 225.6535 ns/op
WorkloadResult   7: 4194304 op, 949942816.00 ns, 226.4840 ns/op
WorkloadResult   8: 4194304 op, 947550668.00 ns, 225.9137 ns/op
WorkloadResult   9: 4194304 op, 946823346.00 ns, 225.7403 ns/op
WorkloadResult  10: 4194304 op, 947364156.00 ns, 225.8692 ns/op
WorkloadResult  11: 4194304 op, 947063013.00 ns, 225.7974 ns/op
WorkloadResult  12: 4194304 op, 946488230.00 ns, 225.6604 ns/op
WorkloadResult  13: 4194304 op, 950781139.00 ns, 226.6839 ns/op
WorkloadResult  14: 4194304 op, 946488721.00 ns, 225.6605 ns/op
// GC:  0 0 0 0 4194304
// Threading:  0 0 4194304

// AfterAll
// Benchmark Process 5188 has exited with code 0.

Mean = 225.936 ns, StdErr = 0.088 ns (0.04%), N = 14, StdDev = 0.331 ns
Min = 225.653 ns, Q1 = 225.692 ns, Median = 225.833 ns, Q3 = 225.949 ns, Max = 226.684 ns
IQR = 0.257 ns, LowerFence = 225.307 ns, UpperFence = 226.333 ns
ConfidenceInterval = [225.563 ns; 226.309 ns] (CI 99.9%), Margin = 0.373 ns (0.17% of Mean)
Skewness = 1.08, Kurtosis = 2.71, MValue = 2

// ** Remained 13 (36.1 %) benchmark(s) to run. Estimated finish 2026-09-06 6:49 (0h 4m from now) **
// **************************
// Benchmark: MediatorBenchmarks.PublishNotification_OneHandler: .NET 9.0(Runtime=.NET 9.0, Toolchain=net9.0)
// *** Execute ***
// Launch: 1 / 1
// Execute: dotnet "EricksonLopez.Mediator.Benchmarks-.NET 9.0-3.dll" --anonymousPipes 107 108 --benchmarkName EricksonLopez.Mediator.Benchmarks.MediatorBenchmarks.PublishNotification_OneHandler --job ".NET 9.0" --benchmarkId 5 in /home/runner/work/dotnet-mediator/dotnet-mediator/benchmarks/EricksonLopez.Mediator.Benchmarks/bin/Release/net10.0/EricksonLopez.Mediator.Benchmarks-.NET 9.0-3/bin/Release/net9.0
// Failed to set up high priority (Permission denied). In order to run benchmarks with high priority, make sure you have the right permissions.
// BeforeAnythingElse

// Benchmark Process Environment Information:
// BenchmarkDotNet v0.15.8
// Runtime=.NET 9.0.19 (9.0.19, 9.0.1926.36724), X64 RyuJIT x86-64-v3
// GC=Concurrent Workstation
// HardwareIntrinsics=AVX2+BMI1+BMI2+F16C+FMA+LZCNT+MOVBE,AVX,SSE3+SSSE3+SSE4.1+SSE4.2+POPCNT,X86Base+SSE+SSE2,AES+PCLMUL VectorSize=256
// Job: .NET 9.0

OverheadJitting  1: 1 op, 144960.00 ns, 144.9600 us/op
WorkloadJitting  1: 1 op, 36823317.00 ns, 36.8233 ms/op

WorkloadPilot    1: 2 op, 1598996.00 ns, 799.4980 us/op
WorkloadPilot    2: 3 op, 19286.00 ns, 6.4287 us/op
WorkloadPilot    3: 4 op, 31038.00 ns, 7.7595 us/op
WorkloadPilot    4: 5 op, 10019.00 ns, 2.0038 us/op
WorkloadPilot    5: 6 op, 9938.00 ns, 1.6563 us/op
WorkloadPilot    6: 7 op, 10079.00 ns, 1.4399 us/op
WorkloadPilot    7: 8 op, 10960.00 ns, 1.3700 us/op
WorkloadPilot    8: 9 op, 11833.00 ns, 1.3148 us/op
WorkloadPilot    9: 10 op, 11481.00 ns, 1.1481 us/op
WorkloadPilot   10: 11 op, 12353.00 ns, 1.1230 us/op
WorkloadPilot   11: 12 op, 13215.00 ns, 1.1013 us/op
WorkloadPilot   12: 13 op, 13375.00 ns, 1.0288 us/op
WorkloadPilot   13: 14 op, 13785.00 ns, 984.6429 ns/op
WorkloadPilot   14: 15 op, 14487.00 ns, 965.8000 ns/op
WorkloadPilot   15: 16 op, 15199.00 ns, 949.9375 ns/op
WorkloadPilot   16: 32 op, 23163.00 ns, 723.8438 ns/op
WorkloadPilot   17: 64 op, 39474.00 ns, 616.7813 ns/op
WorkloadPilot   18: 128 op, 73417.00 ns, 573.5703 ns/op
WorkloadPilot   19: 256 op, 148207.00 ns, 578.9336 ns/op
WorkloadPilot   20: 512 op, 286876.00 ns, 560.3047 ns/op
WorkloadPilot   21: 1024 op, 553914.00 ns, 540.9316 ns/op
WorkloadPilot   22: 2048 op, 1118038.00 ns, 545.9170 ns/op
WorkloadPilot   23: 4096 op, 2251746.00 ns, 549.7427 ns/op
WorkloadPilot   24: 8192 op, 4940837.00 ns, 603.1295 ns/op
WorkloadPilot   25: 16384 op, 5940975.00 ns, 362.6083 ns/op
WorkloadPilot   26: 32768 op, 11600012.00 ns, 354.0043 ns/op
WorkloadPilot   27: 65536 op, 22995454.00 ns, 350.8828 ns/op
WorkloadPilot   28: 131072 op, 45885590.00 ns, 350.0793 ns/op
WorkloadPilot   29: 262144 op, 91917544.00 ns, 350.6376 ns/op
WorkloadPilot   30: 524288 op, 48504410.00 ns, 92.5148 ns/op
WorkloadPilot   31: 1048576 op, 62961899.00 ns, 60.0451 ns/op
WorkloadPilot   32: 2097152 op, 117346972.00 ns, 55.9554 ns/op
WorkloadPilot   33: 4194304 op, 234249414.00 ns, 55.8494 ns/op
WorkloadPilot   34: 8388608 op, 475337748.00 ns, 56.6647 ns/op
WorkloadPilot   35: 16777216 op, 942745167.00 ns, 56.1920 ns/op

WorkloadWarmup   1: 16777216 op, 939628667.00 ns, 56.0062 ns/op
WorkloadWarmup   2: 16777216 op, 937925797.00 ns, 55.9047 ns/op
WorkloadWarmup   3: 16777216 op, 943002828.00 ns, 56.2073 ns/op
WorkloadWarmup   4: 16777216 op, 943010984.00 ns, 56.2078 ns/op
WorkloadWarmup   5: 16777216 op, 943144570.00 ns, 56.2158 ns/op
WorkloadWarmup   6: 16777216 op, 940622979.00 ns, 56.0655 ns/op
WorkloadWarmup   7: 16777216 op, 942683791.00 ns, 56.1883 ns/op
WorkloadWarmup   8: 16777216 op, 941864531.00 ns, 56.1395 ns/op

// BeforeActualRun
WorkloadActual   1: 16777216 op, 942429295.00 ns, 56.1732 ns/op
WorkloadActual   2: 16777216 op, 958739526.00 ns, 57.1453 ns/op
WorkloadActual   3: 16777216 op, 936645023.00 ns, 55.8284 ns/op
WorkloadActual   4: 16777216 op, 938415910.00 ns, 55.9339 ns/op
WorkloadActual   5: 16777216 op, 939601594.00 ns, 56.0046 ns/op
WorkloadActual   6: 16777216 op, 937245738.00 ns, 55.8642 ns/op
WorkloadActual   7: 16777216 op, 947972478.00 ns, 56.5036 ns/op
WorkloadActual   8: 16777216 op, 941997479.00 ns, 56.1474 ns/op
WorkloadActual   9: 16777216 op, 955768949.00 ns, 56.9683 ns/op
WorkloadActual  10: 16777216 op, 937724288.00 ns, 55.8927 ns/op
WorkloadActual  11: 16777216 op, 940881966.00 ns, 56.0809 ns/op
WorkloadActual  12: 16777216 op, 937743675.00 ns, 55.8939 ns/op
WorkloadActual  13: 16777216 op, 939091061.00 ns, 55.9742 ns/op
WorkloadActual  14: 16777216 op, 940630696.00 ns, 56.0660 ns/op
WorkloadActual  15: 16777216 op, 943481479.00 ns, 56.2359 ns/op

// AfterActualRun
WorkloadResult   1: 16777216 op, 942429295.00 ns, 56.1732 ns/op
WorkloadResult   2: 16777216 op, 936645023.00 ns, 55.8284 ns/op
WorkloadResult   3: 16777216 op, 938415910.00 ns, 55.9339 ns/op
WorkloadResult   4: 16777216 op, 939601594.00 ns, 56.0046 ns/op
WorkloadResult   5: 16777216 op, 937245738.00 ns, 55.8642 ns/op
WorkloadResult   6: 16777216 op, 947972478.00 ns, 56.5036 ns/op
WorkloadResult   7: 16777216 op, 941997479.00 ns, 56.1474 ns/op
WorkloadResult   8: 16777216 op, 937724288.00 ns, 55.8927 ns/op
WorkloadResult   9: 16777216 op, 940881966.00 ns, 56.0809 ns/op
WorkloadResult  10: 16777216 op, 937743675.00 ns, 55.8939 ns/op
WorkloadResult  11: 16777216 op, 939091061.00 ns, 55.9742 ns/op
WorkloadResult  12: 16777216 op, 940630696.00 ns, 56.0660 ns/op
WorkloadResult  13: 16777216 op, 943481479.00 ns, 56.2359 ns/op
// GC:  24 0 0 402653184 16777216
// Threading:  0 0 16777216

// AfterAll
// Benchmark Process 5205 has exited with code 0.

Mean = 56.046 ns, StdErr = 0.052 ns (0.09%), N = 13, StdDev = 0.187 ns
Min = 55.828 ns, Q1 = 55.894 ns, Median = 56.005 ns, Q3 = 56.147 ns, Max = 56.504 ns
IQR = 0.254 ns, LowerFence = 55.514 ns, UpperFence = 56.528 ns
ConfidenceInterval = [55.822 ns; 56.270 ns] (CI 99.9%), Margin = 0.224 ns (0.40% of Mean)
Skewness = 0.94, Kurtosis = 3.15, MValue = 2

// ** Remained 12 (33.3 %) benchmark(s) to run. Estimated finish 2026-09-06 6:49 (0h 4m from now) **
// **************************
// Benchmark: MediatorBenchmarks.PublishNotification_FiveHandlers: .NET 9.0(Runtime=.NET 9.0, Toolchain=net9.0)
// *** Execute ***
// Launch: 1 / 1
// Execute: dotnet "EricksonLopez.Mediator.Benchmarks-.NET 9.0-3.dll" --anonymousPipes 107 108 --benchmarkName EricksonLopez.Mediator.Benchmarks.MediatorBenchmarks.PublishNotification_FiveHandlers --job ".NET 9.0" --benchmarkId 6 in /home/runner/work/dotnet-mediator/dotnet-mediator/benchmarks/EricksonLopez.Mediator.Benchmarks/bin/Release/net10.0/EricksonLopez.Mediator.Benchmarks-.NET 9.0-3/bin/Release/net9.0
// Failed to set up high priority (Permission denied). In order to run benchmarks with high priority, make sure you have the right permissions.
// BeforeAnythingElse

// Benchmark Process Environment Information:
// BenchmarkDotNet v0.15.8
// Runtime=.NET 9.0.19 (9.0.19, 9.0.1926.36724), X64 RyuJIT x86-64-v3
// GC=Concurrent Workstation
// HardwareIntrinsics=AVX2+BMI1+BMI2+F16C+FMA+LZCNT+MOVBE,AVX,SSE3+SSSE3+SSE4.1+SSE4.2+POPCNT,X86Base+SSE+SSE2,AES+PCLMUL VectorSize=256
// Job: .NET 9.0

OverheadJitting  1: 1 op, 142627.00 ns, 142.6270 us/op
WorkloadJitting  1: 1 op, 2863778.00 ns, 2.8638 ms/op

OverheadJitting  2: 16 op, 167903.00 ns, 10.4939 us/op
WorkloadJitting  2: 16 op, 1961173.00 ns, 122.5733 us/op

WorkloadPilot    1: 16 op, 244767.00 ns, 15.2979 us/op
WorkloadPilot    2: 32 op, 42179.00 ns, 1.3181 us/op
WorkloadPilot    3: 64 op, 98313.00 ns, 1.5361 us/op
WorkloadPilot    4: 128 op, 157635.00 ns, 1.2315 us/op
WorkloadPilot    5: 256 op, 347198.00 ns, 1.3562 us/op
WorkloadPilot    6: 512 op, 613486.00 ns, 1.1982 us/op
WorkloadPilot    7: 1024 op, 1257959.00 ns, 1.2285 us/op
WorkloadPilot    8: 2048 op, 2505419.00 ns, 1.2233 us/op
WorkloadPilot    9: 4096 op, 4680993.00 ns, 1.1428 us/op
WorkloadPilot   10: 8192 op, 9395407.00 ns, 1.1469 us/op
WorkloadPilot   11: 16384 op, 18708131.00 ns, 1.1419 us/op
WorkloadPilot   12: 32768 op, 37517831.00 ns, 1.1450 us/op
WorkloadPilot   13: 65536 op, 75219137.00 ns, 1.1478 us/op
WorkloadPilot   14: 131072 op, 117199239.00 ns, 894.1592 ns/op
WorkloadPilot   15: 262144 op, 58005215.00 ns, 221.2723 ns/op
WorkloadPilot   16: 524288 op, 113723257.00 ns, 216.9099 ns/op
WorkloadPilot   17: 1048576 op, 228302232.00 ns, 217.7260 ns/op
WorkloadPilot   18: 2097152 op, 456624319.00 ns, 217.7354 ns/op
WorkloadPilot   19: 4194304 op, 907714918.00 ns, 216.4161 ns/op

OverheadWarmup   1: 4194304 op, 10798168.00 ns, 2.5745 ns/op
OverheadWarmup   2: 4194304 op, 11029108.00 ns, 2.6295 ns/op
OverheadWarmup   3: 4194304 op, 10934813.00 ns, 2.6071 ns/op
OverheadWarmup   4: 4194304 op, 10928101.00 ns, 2.6055 ns/op
OverheadWarmup   5: 4194304 op, 10815260.00 ns, 2.5786 ns/op
OverheadWarmup   6: 4194304 op, 10897974.00 ns, 2.5983 ns/op
OverheadWarmup   7: 4194304 op, 10862027.00 ns, 2.5897 ns/op

OverheadActual   1: 4194304 op, 10915376.00 ns, 2.6024 ns/op
OverheadActual   2: 4194304 op, 10932949.00 ns, 2.6066 ns/op
OverheadActual   3: 4194304 op, 10841558.00 ns, 2.5848 ns/op
OverheadActual   4: 4194304 op, 10942397.00 ns, 2.6089 ns/op
OverheadActual   5: 4194304 op, 10959659.00 ns, 2.6130 ns/op
OverheadActual   6: 4194304 op, 10877075.00 ns, 2.5933 ns/op
OverheadActual   7: 4194304 op, 10837180.00 ns, 2.5838 ns/op
OverheadActual   8: 4194304 op, 10930605.00 ns, 2.6061 ns/op
OverheadActual   9: 4194304 op, 10817263.00 ns, 2.5790 ns/op
OverheadActual  10: 4194304 op, 10887524.00 ns, 2.5958 ns/op
OverheadActual  11: 4194304 op, 10949920.00 ns, 2.6107 ns/op
OverheadActual  12: 4194304 op, 10839415.00 ns, 2.5843 ns/op
OverheadActual  13: 4194304 op, 10991078.00 ns, 2.6205 ns/op
OverheadActual  14: 4194304 op, 10812444.00 ns, 2.5779 ns/op
OverheadActual  15: 4194304 op, 10890230.00 ns, 2.5964 ns/op

WorkloadWarmup   1: 4194304 op, 914140089.00 ns, 217.9480 ns/op
WorkloadWarmup   2: 4194304 op, 917933564.00 ns, 218.8524 ns/op
WorkloadWarmup   3: 4194304 op, 913370110.00 ns, 217.7644 ns/op
WorkloadWarmup   4: 4194304 op, 911212341.00 ns, 217.2500 ns/op
WorkloadWarmup   5: 4194304 op, 910603966.00 ns, 217.1049 ns/op
WorkloadWarmup   6: 4194304 op, 908475857.00 ns, 216.5975 ns/op
WorkloadWarmup   7: 4194304 op, 907122489.00 ns, 216.2749 ns/op
WorkloadWarmup   8: 4194304 op, 910644898.00 ns, 217.1147 ns/op
WorkloadWarmup   9: 4194304 op, 908644242.00 ns, 216.6377 ns/op

// BeforeActualRun
WorkloadActual   1: 4194304 op, 912502829.00 ns, 217.5576 ns/op
WorkloadActual   2: 4194304 op, 911745814.00 ns, 217.3771 ns/op
WorkloadActual   3: 4194304 op, 910036642.00 ns, 216.9696 ns/op
WorkloadActual   4: 4194304 op, 916442043.00 ns, 218.4968 ns/op
WorkloadActual   5: 4194304 op, 917750739.00 ns, 218.8088 ns/op
WorkloadActual   6: 4194304 op, 914846388.00 ns, 218.1164 ns/op
WorkloadActual   7: 4194304 op, 915301147.00 ns, 218.2248 ns/op
WorkloadActual   8: 4194304 op, 915428996.00 ns, 218.2553 ns/op
WorkloadActual   9: 4194304 op, 915404531.00 ns, 218.2494 ns/op
WorkloadActual  10: 4194304 op, 918585882.00 ns, 219.0079 ns/op
WorkloadActual  11: 4194304 op, 915345731.00 ns, 218.2354 ns/op
WorkloadActual  12: 4194304 op, 917084478.00 ns, 218.6500 ns/op
WorkloadActual  13: 4194304 op, 913770576.00 ns, 217.8599 ns/op
WorkloadActual  14: 4194304 op, 911284680.00 ns, 217.2672 ns/op
WorkloadActual  15: 4194304 op, 912150738.00 ns, 217.4737 ns/op

// AfterActualRun
WorkloadResult   1: 4194304 op, 901612599.00 ns, 214.9612 ns/op
WorkloadResult   2: 4194304 op, 900855584.00 ns, 214.7807 ns/op
WorkloadResult   3: 4194304 op, 899146412.00 ns, 214.3732 ns/op
WorkloadResult   4: 4194304 op, 905551813.00 ns, 215.9004 ns/op
WorkloadResult   5: 4194304 op, 906860509.00 ns, 216.2124 ns/op
WorkloadResult   6: 4194304 op, 903956158.00 ns, 215.5199 ns/op
WorkloadResult   7: 4194304 op, 904410917.00 ns, 215.6284 ns/op
WorkloadResult   8: 4194304 op, 904538766.00 ns, 215.6588 ns/op
WorkloadResult   9: 4194304 op, 904514301.00 ns, 215.6530 ns/op
WorkloadResult  10: 4194304 op, 907695652.00 ns, 216.4115 ns/op
WorkloadResult  11: 4194304 op, 904455501.00 ns, 215.6390 ns/op
WorkloadResult  12: 4194304 op, 906194248.00 ns, 216.0535 ns/op
WorkloadResult  13: 4194304 op, 902880346.00 ns, 215.2634 ns/op
WorkloadResult  14: 4194304 op, 900394450.00 ns, 214.6708 ns/op
WorkloadResult  15: 4194304 op, 901260508.00 ns, 214.8772 ns/op
// GC:  30 0 0 503316480 4194304
// Threading:  0 0 4194304

// AfterAll
// Benchmark Process 5232 has exited with code 0.

Mean = 215.440 ns, StdErr = 0.155 ns (0.07%), N = 15, StdDev = 0.600 ns
Min = 214.373 ns, Q1 = 214.919 ns, Median = 215.628 ns, Q3 = 215.780 ns, Max = 216.412 ns
IQR = 0.860 ns, LowerFence = 213.629 ns, UpperFence = 217.070 ns
ConfidenceInterval = [214.798 ns; 216.082 ns] (CI 99.9%), Margin = 0.642 ns (0.30% of Mean)
Skewness = -0.16, Kurtosis = 1.76, MValue = 2

// ** Remained 11 (30.6 %) benchmark(s) to run. Estimated finish 2026-09-06 6:50 (0h 4m from now) **
// **************************
// Benchmark: MediatorBenchmarks.PublishNotification_Parallel: .NET 9.0(Runtime=.NET 9.0, Toolchain=net9.0)
// *** Execute ***
// Launch: 1 / 1
// Execute: dotnet "EricksonLopez.Mediator.Benchmarks-.NET 9.0-3.dll" --anonymousPipes 107 108 --benchmarkName EricksonLopez.Mediator.Benchmarks.MediatorBenchmarks.PublishNotification_Parallel --job ".NET 9.0" --benchmarkId 7 in /home/runner/work/dotnet-mediator/dotnet-mediator/benchmarks/EricksonLopez.Mediator.Benchmarks/bin/Release/net10.0/EricksonLopez.Mediator.Benchmarks-.NET 9.0-3/bin/Release/net9.0
// Failed to set up high priority (Permission denied). In order to run benchmarks with high priority, make sure you have the right permissions.
// BeforeAnythingElse

// Benchmark Process Environment Information:
// BenchmarkDotNet v0.15.8
// Runtime=.NET 9.0.19 (9.0.19, 9.0.1926.36724), X64 RyuJIT x86-64-v3
// GC=Concurrent Workstation
// HardwareIntrinsics=AVX2+BMI1+BMI2+F16C+FMA+LZCNT+MOVBE,AVX,SSE3+SSSE3+SSE4.1+SSE4.2+POPCNT,X86Base+SSE+SSE2,AES+PCLMUL VectorSize=256
// Job: .NET 9.0

OverheadJitting  1: 1 op, 141915.00 ns, 141.9150 us/op
WorkloadJitting  1: 1 op, 3367820.00 ns, 3.3678 ms/op

OverheadJitting  2: 16 op, 182682.00 ns, 11.4176 us/op
WorkloadJitting  2: 16 op, 1793690.00 ns, 112.1056 us/op

WorkloadPilot    1: 16 op, 176520.00 ns, 11.0325 us/op
WorkloadPilot    2: 32 op, 42920.00 ns, 1.3413 us/op
WorkloadPilot    3: 64 op, 75101.00 ns, 1.1735 us/op
WorkloadPilot    4: 128 op, 126096.00 ns, 985.1250 ns/op
WorkloadPilot    5: 256 op, 248744.00 ns, 971.6563 ns/op
WorkloadPilot    6: 512 op, 490877.00 ns, 958.7441 ns/op
WorkloadPilot    7: 1024 op, 942701.00 ns, 920.6064 ns/op
WorkloadPilot    8: 2048 op, 1836049.00 ns, 896.5083 ns/op
WorkloadPilot    9: 4096 op, 4370734.00 ns, 1.0671 us/op
WorkloadPilot   10: 8192 op, 7876741.00 ns, 961.5162 ns/op
WorkloadPilot   11: 16384 op, 15250263.00 ns, 930.8022 ns/op
WorkloadPilot   12: 32768 op, 29702626.00 ns, 906.4522 ns/op
WorkloadPilot   13: 65536 op, 59601127.00 ns, 909.4410 ns/op
WorkloadPilot   14: 131072 op, 64797718.00 ns, 494.3674 ns/op
WorkloadPilot   15: 262144 op, 53720142.00 ns, 204.9261 ns/op
WorkloadPilot   16: 524288 op, 108324177.00 ns, 206.6120 ns/op
WorkloadPilot   17: 1048576 op, 212513203.00 ns, 202.6684 ns/op
WorkloadPilot   18: 2097152 op, 431117668.00 ns, 205.5729 ns/op
WorkloadPilot   19: 4194304 op, 850526322.00 ns, 202.7813 ns/op

OverheadWarmup   1: 4194304 op, 10909826.00 ns, 2.6011 ns/op
OverheadWarmup   2: 4194304 op, 10769124.00 ns, 2.5676 ns/op
OverheadWarmup   3: 4194304 op, 10796054.00 ns, 2.5740 ns/op
OverheadWarmup   4: 4194304 op, 10833293.00 ns, 2.5829 ns/op
OverheadWarmup   5: 4194304 op, 10798077.00 ns, 2.5745 ns/op
OverheadWarmup   6: 4194304 op, 10816010.00 ns, 2.5787 ns/op
OverheadWarmup   7: 4194304 op, 10789091.00 ns, 2.5723 ns/op

OverheadActual   1: 4194304 op, 10840897.00 ns, 2.5847 ns/op
OverheadActual   2: 4194304 op, 10927739.00 ns, 2.6054 ns/op
OverheadActual   3: 4194304 op, 10872396.00 ns, 2.5922 ns/op
OverheadActual   4: 4194304 op, 10889268.00 ns, 2.5962 ns/op
OverheadActual   5: 4194304 op, 10794371.00 ns, 2.5736 ns/op
OverheadActual   6: 4194304 op, 10813377.00 ns, 2.5781 ns/op
OverheadActual   7: 4194304 op, 10875352.00 ns, 2.5929 ns/op
OverheadActual   8: 4194304 op, 10794712.00 ns, 2.5737 ns/op
OverheadActual   9: 4194304 op, 10864572.00 ns, 2.5903 ns/op
OverheadActual  10: 4194304 op, 10833363.00 ns, 2.5829 ns/op
OverheadActual  11: 4194304 op, 10844855.00 ns, 2.5856 ns/op
OverheadActual  12: 4194304 op, 10798728.00 ns, 2.5746 ns/op
OverheadActual  13: 4194304 op, 10788198.00 ns, 2.5721 ns/op
OverheadActual  14: 4194304 op, 10864742.00 ns, 2.5904 ns/op
OverheadActual  15: 4194304 op, 10810390.00 ns, 2.5774 ns/op

WorkloadWarmup   1: 4194304 op, 865412745.00 ns, 206.3305 ns/op
WorkloadWarmup   2: 4194304 op, 850096950.00 ns, 202.6789 ns/op
WorkloadWarmup   3: 4194304 op, 845070332.00 ns, 201.4805 ns/op
WorkloadWarmup   4: 4194304 op, 851749758.00 ns, 203.0730 ns/op
WorkloadWarmup   5: 4194304 op, 858456577.00 ns, 204.6720 ns/op
WorkloadWarmup   6: 4194304 op, 846893944.00 ns, 201.9153 ns/op
WorkloadWarmup   7: 4194304 op, 843391405.00 ns, 201.0802 ns/op
WorkloadWarmup   8: 4194304 op, 837882835.00 ns, 199.7668 ns/op
WorkloadWarmup   9: 4194304 op, 846773198.00 ns, 201.8865 ns/op
WorkloadWarmup  10: 4194304 op, 844164325.00 ns, 201.2645 ns/op

// BeforeActualRun
WorkloadActual   1: 4194304 op, 844245687.00 ns, 201.2839 ns/op
WorkloadActual   2: 4194304 op, 843635918.00 ns, 201.1385 ns/op
WorkloadActual   3: 4194304 op, 852658056.00 ns, 203.2895 ns/op
WorkloadActual   4: 4194304 op, 853479843.00 ns, 203.4855 ns/op
WorkloadActual   5: 4194304 op, 850680285.00 ns, 202.8180 ns/op
WorkloadActual   6: 4194304 op, 852300992.00 ns, 203.2044 ns/op
WorkloadActual   7: 4194304 op, 853976331.00 ns, 203.6038 ns/op
WorkloadActual   8: 4194304 op, 854307088.00 ns, 203.6827 ns/op
WorkloadActual   9: 4194304 op, 852980881.00 ns, 203.3665 ns/op
WorkloadActual  10: 4194304 op, 840808298.00 ns, 200.4643 ns/op
WorkloadActual  11: 4194304 op, 851998186.00 ns, 203.1322 ns/op
WorkloadActual  12: 4194304 op, 853752463.00 ns, 203.5504 ns/op
WorkloadActual  13: 4194304 op, 854383734.00 ns, 203.7010 ns/op
WorkloadActual  14: 4194304 op, 849175078.00 ns, 202.4591 ns/op
WorkloadActual  15: 4194304 op, 849434362.00 ns, 202.5209 ns/op

// AfterActualRun
WorkloadResult   1: 4194304 op, 833404790.00 ns, 198.6992 ns/op
WorkloadResult   2: 4194304 op, 832795021.00 ns, 198.5538 ns/op
WorkloadResult   3: 4194304 op, 841817159.00 ns, 200.7049 ns/op
WorkloadResult   4: 4194304 op, 842638946.00 ns, 200.9008 ns/op
WorkloadResult   5: 4194304 op, 839839388.00 ns, 200.2333 ns/op
WorkloadResult   6: 4194304 op, 841460095.00 ns, 200.6197 ns/op
WorkloadResult   7: 4194304 op, 843135434.00 ns, 201.0192 ns/op
WorkloadResult   8: 4194304 op, 843466191.00 ns, 201.0980 ns/op
WorkloadResult   9: 4194304 op, 842139984.00 ns, 200.7818 ns/op
WorkloadResult  10: 4194304 op, 829967401.00 ns, 197.8796 ns/op
WorkloadResult  11: 4194304 op, 841157289.00 ns, 200.5475 ns/op
WorkloadResult  12: 4194304 op, 842911566.00 ns, 200.9658 ns/op
WorkloadResult  13: 4194304 op, 843542837.00 ns, 201.1163 ns/op
WorkloadResult  14: 4194304 op, 838334181.00 ns, 199.8744 ns/op
WorkloadResult  15: 4194304 op, 838593465.00 ns, 199.9363 ns/op
// GC:  48 0 0 805306368 4194304
// Threading:  0 0 4194304

// AfterAll
// Benchmark Process 5257 has exited with code 0.

Mean = 200.195 ns, StdErr = 0.266 ns (0.13%), N = 15, StdDev = 1.028 ns
Min = 197.880 ns, Q1 = 199.905 ns, Median = 200.620 ns, Q3 = 200.933 ns, Max = 201.116 ns
IQR = 1.028 ns, LowerFence = 198.363 ns, UpperFence = 202.475 ns
ConfidenceInterval = [199.096 ns; 201.295 ns] (CI 99.9%), Margin = 1.099 ns (0.55% of Mean)
Skewness = -1.04, Kurtosis = 2.61, MValue = 2

// ** Remained 10 (27.8 %) benchmark(s) to run. Estimated finish 2026-09-06 6:50 (0h 3m from now) **
// **************************
// Benchmark: MediatorBenchmarks.NestedSend: .NET 9.0(Runtime=.NET 9.0, Toolchain=net9.0)
// *** Execute ***
// Launch: 1 / 1
// Execute: dotnet "EricksonLopez.Mediator.Benchmarks-.NET 9.0-3.dll" --anonymousPipes 107 108 --benchmarkName EricksonLopez.Mediator.Benchmarks.MediatorBenchmarks.NestedSend --job ".NET 9.0" --benchmarkId 8 in /home/runner/work/dotnet-mediator/dotnet-mediator/benchmarks/EricksonLopez.Mediator.Benchmarks/bin/Release/net10.0/EricksonLopez.Mediator.Benchmarks-.NET 9.0-3/bin/Release/net9.0
// Failed to set up high priority (Permission denied). In order to run benchmarks with high priority, make sure you have the right permissions.
// BeforeAnythingElse

// Benchmark Process Environment Information:
// BenchmarkDotNet v0.15.8
// Runtime=.NET 9.0.19 (9.0.19, 9.0.1926.36724), X64 RyuJIT x86-64-v3
// GC=Concurrent Workstation
// HardwareIntrinsics=AVX2+BMI1+BMI2+F16C+FMA+LZCNT+MOVBE,AVX,SSE3+SSSE3+SSE4.1+SSE4.2+POPCNT,X86Base+SSE+SSE2,AES+PCLMUL VectorSize=256
// Job: .NET 9.0

OverheadJitting  1: 1 op, 186538.00 ns, 186.5380 us/op
WorkloadJitting  1: 1 op, 2221179.00 ns, 2.2212 ms/op

OverheadJitting  2: 16 op, 460219.00 ns, 28.7637 us/op
WorkloadJitting  2: 16 op, 447435.00 ns, 27.9647 us/op

WorkloadPilot    1: 16 op, 14637.00 ns, 914.8125 ns/op
WorkloadPilot    2: 32 op, 21611.00 ns, 675.3438 ns/op
WorkloadPilot    3: 64 op, 37700.00 ns, 589.0625 ns/op
WorkloadPilot    4: 128 op, 68638.00 ns, 536.2344 ns/op
WorkloadPilot    5: 256 op, 139621.00 ns, 545.3945 ns/op
WorkloadPilot    6: 512 op, 265086.00 ns, 517.7461 ns/op
WorkloadPilot    7: 1024 op, 609999.00 ns, 595.7021 ns/op
WorkloadPilot    8: 2048 op, 1073455.00 ns, 524.1479 ns/op
WorkloadPilot    9: 4096 op, 2213413.00 ns, 540.3840 ns/op
WorkloadPilot   10: 8192 op, 4315469.00 ns, 526.7906 ns/op
WorkloadPilot   11: 16384 op, 8571407.00 ns, 523.1572 ns/op
WorkloadPilot   12: 32768 op, 16979080.00 ns, 518.1604 ns/op
WorkloadPilot   13: 65536 op, 33682392.00 ns, 513.9525 ns/op
WorkloadPilot   14: 131072 op, 75882292.00 ns, 578.9359 ns/op
WorkloadPilot   15: 262144 op, 31938786.00 ns, 121.8368 ns/op
WorkloadPilot   16: 524288 op, 47454633.00 ns, 90.5125 ns/op
WorkloadPilot   17: 1048576 op, 88996032.00 ns, 84.8732 ns/op
WorkloadPilot   18: 2097152 op, 173519934.00 ns, 82.7408 ns/op
WorkloadPilot   19: 4194304 op, 345236419.00 ns, 82.3108 ns/op
WorkloadPilot   20: 8388608 op, 688138809.00 ns, 82.0325 ns/op

OverheadWarmup   1: 8388608 op, 48219121.00 ns, 5.7482 ns/op
OverheadWarmup   2: 8388608 op, 47180410.00 ns, 5.6243 ns/op
OverheadWarmup   3: 8388608 op, 48443389.00 ns, 5.7749 ns/op
OverheadWarmup   4: 8388608 op, 48516195.00 ns, 5.7836 ns/op
OverheadWarmup   5: 8388608 op, 47192994.00 ns, 5.6258 ns/op
OverheadWarmup   6: 8388608 op, 48407963.00 ns, 5.7707 ns/op
OverheadWarmup   7: 8388608 op, 44888110.00 ns, 5.3511 ns/op

OverheadActual   1: 8388608 op, 30530086.00 ns, 3.6395 ns/op
OverheadActual   2: 8388608 op, 30633479.00 ns, 3.6518 ns/op
OverheadActual   3: 8388608 op, 30601098.00 ns, 3.6479 ns/op
OverheadActual   4: 8388608 op, 30572725.00 ns, 3.6446 ns/op
OverheadActual   5: 8388608 op, 30636014.00 ns, 3.6521 ns/op
OverheadActual   6: 8388608 op, 30517392.00 ns, 3.6380 ns/op
OverheadActual   7: 8388608 op, 30710854.00 ns, 3.6610 ns/op
OverheadActual   8: 8388608 op, 30606678.00 ns, 3.6486 ns/op
OverheadActual   9: 8388608 op, 30635703.00 ns, 3.6521 ns/op
OverheadActual  10: 8388608 op, 43007508.00 ns, 5.1269 ns/op
OverheadActual  11: 8388608 op, 33778061.00 ns, 4.0267 ns/op
OverheadActual  12: 8388608 op, 30506962.00 ns, 3.6367 ns/op
OverheadActual  13: 8388608 op, 30624031.00 ns, 3.6507 ns/op
OverheadActual  14: 8388608 op, 30568307.00 ns, 3.6440 ns/op
OverheadActual  15: 8388608 op, 30501663.00 ns, 3.6361 ns/op

WorkloadWarmup   1: 8388608 op, 717025555.00 ns, 85.4761 ns/op
WorkloadWarmup   2: 8388608 op, 694266020.00 ns, 82.7630 ns/op
WorkloadWarmup   3: 8388608 op, 685617349.00 ns, 81.7320 ns/op
WorkloadWarmup   4: 8388608 op, 685866930.00 ns, 81.7617 ns/op
WorkloadWarmup   5: 8388608 op, 686534216.00 ns, 81.8413 ns/op
WorkloadWarmup   6: 8388608 op, 688999981.00 ns, 82.1352 ns/op
WorkloadWarmup   7: 8388608 op, 686180746.00 ns, 81.7991 ns/op
WorkloadWarmup   8: 8388608 op, 685576858.00 ns, 81.7271 ns/op
WorkloadWarmup   9: 8388608 op, 686396239.00 ns, 81.8248 ns/op
WorkloadWarmup  10: 8388608 op, 687097417.00 ns, 81.9084 ns/op
WorkloadWarmup  11: 8388608 op, 685482412.00 ns, 81.7159 ns/op

// BeforeActualRun
WorkloadActual   1: 8388608 op, 689904971.00 ns, 82.2431 ns/op
WorkloadActual   2: 8388608 op, 686415757.00 ns, 81.8271 ns/op
WorkloadActual   3: 8388608 op, 686521863.00 ns, 81.8398 ns/op
WorkloadActual   4: 8388608 op, 686616147.00 ns, 81.8510 ns/op
WorkloadActual   5: 8388608 op, 687317214.00 ns, 81.9346 ns/op
WorkloadActual   6: 8388608 op, 687604383.00 ns, 81.9688 ns/op
WorkloadActual   7: 8388608 op, 685223857.00 ns, 81.6850 ns/op
WorkloadActual   8: 8388608 op, 688857309.00 ns, 82.1182 ns/op
WorkloadActual   9: 8388608 op, 686801432.00 ns, 81.8731 ns/op
WorkloadActual  10: 8388608 op, 692966166.00 ns, 82.6080 ns/op
WorkloadActual  11: 8388608 op, 691639869.00 ns, 82.4499 ns/op
WorkloadActual  12: 8388608 op, 688877940.00 ns, 82.1206 ns/op
WorkloadActual  13: 8388608 op, 687024009.00 ns, 81.8996 ns/op
WorkloadActual  14: 8388608 op, 688629457.00 ns, 82.0910 ns/op
WorkloadActual  15: 8388608 op, 705837603.00 ns, 84.1424 ns/op

// AfterActualRun
WorkloadResult   1: 8388608 op, 659298293.00 ns, 78.5945 ns/op
WorkloadResult   2: 8388608 op, 655809079.00 ns, 78.1785 ns/op
WorkloadResult   3: 8388608 op, 655915185.00 ns, 78.1912 ns/op
WorkloadResult   4: 8388608 op, 656009469.00 ns, 78.2024 ns/op
WorkloadResult   5: 8388608 op, 656710536.00 ns, 78.2860 ns/op
WorkloadResult   6: 8388608 op, 656997705.00 ns, 78.3202 ns/op
WorkloadResult   7: 8388608 op, 654617179.00 ns, 78.0364 ns/op
WorkloadResult   8: 8388608 op, 658250631.00 ns, 78.4696 ns/op
WorkloadResult   9: 8388608 op, 656194754.00 ns, 78.2245 ns/op
WorkloadResult  10: 8388608 op, 662359488.00 ns, 78.9594 ns/op
WorkloadResult  11: 8388608 op, 661033191.00 ns, 78.8013 ns/op
WorkloadResult  12: 8388608 op, 658271262.00 ns, 78.4720 ns/op
WorkloadResult  13: 8388608 op, 656417331.00 ns, 78.2510 ns/op
WorkloadResult  14: 8388608 op, 658022779.00 ns, 78.4424 ns/op
// GC:  12 0 0 201326592 8388608
// Threading:  0 0 8388608

// AfterAll
// Benchmark Process 5283 has exited with code 0.

Mean = 78.388 ns, StdErr = 0.069 ns (0.09%), N = 14, StdDev = 0.257 ns
Min = 78.036 ns, Q1 = 78.208 ns, Median = 78.303 ns, Q3 = 78.471 ns, Max = 78.959 ns
IQR = 0.263 ns, LowerFence = 77.813 ns, UpperFence = 78.867 ns
ConfidenceInterval = [78.098 ns; 78.678 ns] (CI 99.9%), Margin = 0.290 ns (0.37% of Mean)
Skewness = 0.81, Kurtosis = 2.61, MValue = 2

// ** Remained 9 (25.0 %) benchmark(s) to run. Estimated finish 2026-09-06 6:50 (0h 3m from now) **
// **************************
// Benchmark: MediatorBenchmarks.DirectCall: ShortRun(IterationCount=3, LaunchCount=1, WarmupCount=3)
// *** Execute ***
// Launch: 1 / 1
// Execute: dotnet "EricksonLopez.Mediator.Benchmarks-.NET 10.0-1.dll" --anonymousPipes 107 108 --benchmarkName EricksonLopez.Mediator.Benchmarks.MediatorBenchmarks.DirectCall --job ShortRun --benchmarkId 9 in /home/runner/work/dotnet-mediator/dotnet-mediator/benchmarks/EricksonLopez.Mediator.Benchmarks/bin/Release/net10.0/EricksonLopez.Mediator.Benchmarks-.NET 10.0-1/bin/Release/net10.0
// Failed to set up high priority (Permission denied). In order to run benchmarks with high priority, make sure you have the right permissions.
// BeforeAnythingElse

// Benchmark Process Environment Information:
// BenchmarkDotNet v0.15.8
// Runtime=.NET 10.0.11 (10.0.11, 10.0.1126.37416), X64 RyuJIT x86-64-v3
// GC=Concurrent Workstation
// HardwareIntrinsics=AVX2+BMI1+BMI2+F16C+FMA+LZCNT+MOVBE,AVX,SSE3+SSSE3+SSE4.1+SSE4.2+POPCNT,X86Base+SSE+SSE2,AES+PCLMUL VectorSize=256
// Job: ShortRun(IterationCount=3, LaunchCount=1, WarmupCount=3)

OverheadJitting  1: 1 op, 218889.00 ns, 218.8890 us/op
WorkloadJitting  1: 1 op, 799433.00 ns, 799.4330 us/op

OverheadJitting  2: 16 op, 449660.00 ns, 28.1038 us/op
WorkloadJitting  2: 16 op, 437546.00 ns, 27.3466 us/op

WorkloadPilot    1: 16 op, 1864.00 ns, 116.5000 ns/op
WorkloadPilot    2: 32 op, 2515.00 ns, 78.5938 ns/op
WorkloadPilot    3: 64 op, 3717.00 ns, 58.0781 ns/op
WorkloadPilot    4: 128 op, 5982.00 ns, 46.7344 ns/op
WorkloadPilot    5: 256 op, 10629.00 ns, 41.5195 ns/op
WorkloadPilot    6: 512 op, 19736.00 ns, 38.5469 ns/op
WorkloadPilot    7: 1024 op, 37821.00 ns, 36.9346 ns/op
WorkloadPilot    8: 2048 op, 74870.00 ns, 36.5576 ns/op
WorkloadPilot    9: 4096 op, 220622.00 ns, 53.8628 ns/op
WorkloadPilot   10: 8192 op, 293287.00 ns, 35.8016 ns/op
WorkloadPilot   11: 16384 op, 598839.00 ns, 36.5502 ns/op
WorkloadPilot   12: 32768 op, 1190674.00 ns, 36.3365 ns/op
WorkloadPilot   13: 65536 op, 2357273.00 ns, 35.9691 ns/op
WorkloadPilot   14: 131072 op, 4725827.00 ns, 36.0552 ns/op
WorkloadPilot   15: 262144 op, 9427116.00 ns, 35.9616 ns/op
WorkloadPilot   16: 524288 op, 18849403.00 ns, 35.9524 ns/op
WorkloadPilot   17: 1048576 op, 38070624.00 ns, 36.3070 ns/op
WorkloadPilot   18: 2097152 op, 75138289.00 ns, 35.8287 ns/op
WorkloadPilot   19: 4194304 op, 116548677.00 ns, 27.7874 ns/op
WorkloadPilot   20: 8388608 op, 33136155.00 ns, 3.9501 ns/op
WorkloadPilot   21: 16777216 op, 66123233.00 ns, 3.9413 ns/op
WorkloadPilot   22: 33554432 op, 132411584.00 ns, 3.9462 ns/op
WorkloadPilot   23: 67108864 op, 264450240.00 ns, 3.9406 ns/op
WorkloadPilot   24: 134217728 op, 531431147.00 ns, 3.9595 ns/op

OverheadWarmup   1: 134217728 op, 599123149.00 ns, 4.4638 ns/op
OverheadWarmup   2: 134217728 op, 447804936.00 ns, 3.3364 ns/op
OverheadWarmup   3: 134217728 op, 448360613.00 ns, 3.3405 ns/op
OverheadWarmup   4: 134217728 op, 447600063.00 ns, 3.3349 ns/op
OverheadWarmup   5: 134217728 op, 446733324.00 ns, 3.3284 ns/op
OverheadWarmup   6: 134217728 op, 447294813.00 ns, 3.3326 ns/op
OverheadWarmup   7: 134217728 op, 450740769.00 ns, 3.3583 ns/op
OverheadWarmup   8: 134217728 op, 449633611.00 ns, 3.3500 ns/op

OverheadActual   1: 134217728 op, 447445785.00 ns, 3.3337 ns/op
OverheadActual   2: 134217728 op, 447964343.00 ns, 3.3376 ns/op
OverheadActual   3: 134217728 op, 447331973.00 ns, 3.3329 ns/op
OverheadActual   4: 134217728 op, 447094249.00 ns, 3.3311 ns/op
OverheadActual   5: 134217728 op, 447411380.00 ns, 3.3335 ns/op
OverheadActual   6: 134217728 op, 446923475.00 ns, 3.3298 ns/op
OverheadActual   7: 134217728 op, 447367113.00 ns, 3.3331 ns/op
OverheadActual   8: 134217728 op, 448851886.00 ns, 3.3442 ns/op
OverheadActual   9: 134217728 op, 447904176.00 ns, 3.3371 ns/op
OverheadActual  10: 134217728 op, 446963048.00 ns, 3.3301 ns/op
OverheadActual  11: 134217728 op, 447493680.00 ns, 3.3341 ns/op
OverheadActual  12: 134217728 op, 448083772.00 ns, 3.3385 ns/op
OverheadActual  13: 134217728 op, 446758346.00 ns, 3.3286 ns/op
OverheadActual  14: 134217728 op, 447630264.00 ns, 3.3351 ns/op
OverheadActual  15: 134217728 op, 446870045.00 ns, 3.3294 ns/op

WorkloadWarmup   1: 134217728 op, 529088189.00 ns, 3.9420 ns/op
WorkloadWarmup   2: 134217728 op, 528580711.00 ns, 3.9382 ns/op
WorkloadWarmup   3: 134217728 op, 528893394.00 ns, 3.9406 ns/op

// BeforeActualRun
WorkloadActual   1: 134217728 op, 527799462.00 ns, 3.9324 ns/op
WorkloadActual   2: 134217728 op, 528966301.00 ns, 3.9411 ns/op
WorkloadActual   3: 134217728 op, 529964826.00 ns, 3.9485 ns/op

// AfterActualRun
WorkloadResult   1: 134217728 op, 80388082.00 ns, 0.5989 ns/op
WorkloadResult   2: 134217728 op, 81554921.00 ns, 0.6076 ns/op
WorkloadResult   3: 134217728 op, 82553446.00 ns, 0.6151 ns/op
// GC:  0 0 0 0 134217728
// Threading:  0 0 134217728

// AfterAll
// Benchmark Process 5298 has exited with code 0.

Mean = 0.607 ns, StdErr = 0.005 ns (0.77%), N = 3, StdDev = 0.008 ns
Min = 0.599 ns, Q1 = 0.603 ns, Median = 0.608 ns, Q3 = 0.611 ns, Max = 0.615 ns
IQR = 0.008 ns, LowerFence = 0.591 ns, UpperFence = 0.623 ns
ConfidenceInterval = [0.460 ns; 0.755 ns] (CI 99.9%), Margin = 0.147 ns (24.26% of Mean)
Skewness = -0.05, Kurtosis = 0.67, MValue = 2

// ** Remained 8 (22.2 %) benchmark(s) to run. Estimated finish 2026-09-06 6:49 (0h 2m from now) **
// **************************
// Benchmark: MediatorBenchmarks.SendCommand_NoBehaviors: ShortRun(IterationCount=3, LaunchCount=1, WarmupCount=3)
// *** Execute ***
// Launch: 1 / 1
// Execute: dotnet "EricksonLopez.Mediator.Benchmarks-.NET 10.0-1.dll" --anonymousPipes 107 108 --benchmarkName EricksonLopez.Mediator.Benchmarks.MediatorBenchmarks.SendCommand_NoBehaviors --job ShortRun --benchmarkId 10 in /home/runner/work/dotnet-mediator/dotnet-mediator/benchmarks/EricksonLopez.Mediator.Benchmarks/bin/Release/net10.0/EricksonLopez.Mediator.Benchmarks-.NET 10.0-1/bin/Release/net10.0
// Failed to set up high priority (Permission denied). In order to run benchmarks with high priority, make sure you have the right permissions.
// BeforeAnythingElse

// Benchmark Process Environment Information:
// BenchmarkDotNet v0.15.8
// Runtime=.NET 10.0.11 (10.0.11, 10.0.1126.37416), X64 RyuJIT x86-64-v3
// GC=Concurrent Workstation
// HardwareIntrinsics=AVX2+BMI1+BMI2+F16C+FMA+LZCNT+MOVBE,AVX,SSE3+SSSE3+SSE4.1+SSE4.2+POPCNT,X86Base+SSE+SSE2,AES+PCLMUL VectorSize=256
// Job: ShortRun(IterationCount=3, LaunchCount=1, WarmupCount=3)

OverheadJitting  1: 1 op, 218568.00 ns, 218.5680 us/op
WorkloadJitting  1: 1 op, 1521472.00 ns, 1.5215 ms/op

OverheadJitting  2: 16 op, 513089.00 ns, 32.0681 us/op
WorkloadJitting  2: 16 op, 504903.00 ns, 31.5564 us/op

WorkloadPilot    1: 16 op, 7314.00 ns, 457.1250 ns/op
WorkloadPilot    2: 32 op, 11592.00 ns, 362.2500 ns/op
WorkloadPilot    3: 64 op, 17513.00 ns, 273.6406 ns/op
WorkloadPilot    4: 128 op, 32320.00 ns, 252.5000 ns/op
WorkloadPilot    5: 256 op, 61014.00 ns, 238.3359 ns/op
WorkloadPilot    6: 512 op, 117610.00 ns, 229.7070 ns/op
WorkloadPilot    7: 1024 op, 245929.00 ns, 240.1650 ns/op
WorkloadPilot    8: 2048 op, 522356.00 ns, 255.0566 ns/op
WorkloadPilot    9: 4096 op, 953581.00 ns, 232.8079 ns/op
WorkloadPilot   10: 8192 op, 1992772.00 ns, 243.2583 ns/op
WorkloadPilot   11: 16384 op, 3931973.00 ns, 239.9886 ns/op
WorkloadPilot   12: 32768 op, 7814835.00 ns, 238.4898 ns/op
WorkloadPilot   13: 65536 op, 15689517.00 ns, 239.4030 ns/op
WorkloadPilot   14: 131072 op, 30742016.00 ns, 234.5430 ns/op
WorkloadPilot   15: 262144 op, 61301290.00 ns, 233.8459 ns/op
WorkloadPilot   16: 524288 op, 53011540.00 ns, 101.1115 ns/op
WorkloadPilot   17: 1048576 op, 25881157.00 ns, 24.6822 ns/op
WorkloadPilot   18: 2097152 op, 51710588.00 ns, 24.6575 ns/op
WorkloadPilot   19: 4194304 op, 104698230.00 ns, 24.9620 ns/op
WorkloadPilot   20: 8388608 op, 207061921.00 ns, 24.6837 ns/op
WorkloadPilot   21: 16777216 op, 414953663.00 ns, 24.7332 ns/op
WorkloadPilot   22: 33554432 op, 830991141.00 ns, 24.7655 ns/op

OverheadWarmup   1: 33554432 op, 297073723.00 ns, 8.8535 ns/op
OverheadWarmup   2: 33554432 op, 114431429.00 ns, 3.4103 ns/op
OverheadWarmup   3: 33554432 op, 112457192.00 ns, 3.3515 ns/op
OverheadWarmup   4: 33554432 op, 112061173.00 ns, 3.3397 ns/op
OverheadWarmup   5: 33554432 op, 112062916.00 ns, 3.3397 ns/op
OverheadWarmup   6: 33554432 op, 112051214.00 ns, 3.3394 ns/op
OverheadWarmup   7: 33554432 op, 111653621.00 ns, 3.3275 ns/op
OverheadWarmup   8: 33554432 op, 111699586.00 ns, 3.3289 ns/op
OverheadWarmup   9: 33554432 op, 111803531.00 ns, 3.3320 ns/op
OverheadWarmup  10: 33554432 op, 111872673.00 ns, 3.3341 ns/op

OverheadActual   1: 33554432 op, 111717270.00 ns, 3.3294 ns/op
OverheadActual   2: 33554432 op, 112390588.00 ns, 3.3495 ns/op
OverheadActual   3: 33554432 op, 111710658.00 ns, 3.3292 ns/op
OverheadActual   4: 33554432 op, 111806066.00 ns, 3.3321 ns/op
OverheadActual   5: 33554432 op, 111679569.00 ns, 3.3283 ns/op
OverheadActual   6: 33554432 op, 113580750.00 ns, 3.3850 ns/op
OverheadActual   7: 33554432 op, 111981634.00 ns, 3.3373 ns/op
OverheadActual   8: 33554432 op, 111572149.00 ns, 3.3251 ns/op
OverheadActual   9: 33554432 op, 112125763.00 ns, 3.3416 ns/op
OverheadActual  10: 33554432 op, 112525810.00 ns, 3.3535 ns/op
OverheadActual  11: 33554432 op, 111967618.00 ns, 3.3369 ns/op
OverheadActual  12: 33554432 op, 116344346.00 ns, 3.4673 ns/op
OverheadActual  13: 33554432 op, 112020549.00 ns, 3.3385 ns/op
OverheadActual  14: 33554432 op, 113775672.00 ns, 3.3908 ns/op
OverheadActual  15: 33554432 op, 112424642.00 ns, 3.3505 ns/op

WorkloadWarmup   1: 33554432 op, 827610487.00 ns, 24.6647 ns/op
WorkloadWarmup   2: 33554432 op, 826990729.00 ns, 24.6462 ns/op
WorkloadWarmup   3: 33554432 op, 828110270.00 ns, 24.6796 ns/op

// BeforeActualRun
WorkloadActual   1: 33554432 op, 828024226.00 ns, 24.6770 ns/op
WorkloadActual   2: 33554432 op, 827910597.00 ns, 24.6737 ns/op
WorkloadActual   3: 33554432 op, 829661277.00 ns, 24.7258 ns/op

// AfterActualRun
WorkloadResult   1: 33554432 op, 716003677.00 ns, 21.3386 ns/op
WorkloadResult   2: 33554432 op, 715890048.00 ns, 21.3352 ns/op
WorkloadResult   3: 33554432 op, 717640728.00 ns, 21.3874 ns/op
// GC:  0 0 0 0 33554432
// Threading:  0 0 33554432

// AfterAll
// Benchmark Process 5308 has exited with code 0.

Mean = 21.354 ns, StdErr = 0.017 ns (0.08%), N = 3, StdDev = 0.029 ns
Min = 21.335 ns, Q1 = 21.337 ns, Median = 21.339 ns, Q3 = 21.363 ns, Max = 21.387 ns
IQR = 0.026 ns, LowerFence = 21.298 ns, UpperFence = 21.402 ns
ConfidenceInterval = [20.821 ns; 21.886 ns] (CI 99.9%), Margin = 0.533 ns (2.49% of Mean)
Skewness = 0.38, Kurtosis = 0.67, MValue = 2

// ** Remained 7 (19.4 %) benchmark(s) to run. Estimated finish 2026-09-06 6:49 (0h 2m from now) **
// **************************
// Benchmark: MediatorBenchmarks.SendQuery_NoBehaviors: ShortRun(IterationCount=3, LaunchCount=1, WarmupCount=3)
// *** Execute ***
// Launch: 1 / 1
// Execute: dotnet "EricksonLopez.Mediator.Benchmarks-.NET 10.0-1.dll" --anonymousPipes 107 108 --benchmarkName EricksonLopez.Mediator.Benchmarks.MediatorBenchmarks.SendQuery_NoBehaviors --job ShortRun --benchmarkId 11 in /home/runner/work/dotnet-mediator/dotnet-mediator/benchmarks/EricksonLopez.Mediator.Benchmarks/bin/Release/net10.0/EricksonLopez.Mediator.Benchmarks-.NET 10.0-1/bin/Release/net10.0
// Failed to set up high priority (Permission denied). In order to run benchmarks with high priority, make sure you have the right permissions.
// BeforeAnythingElse

// Benchmark Process Environment Information:
// BenchmarkDotNet v0.15.8
// Runtime=.NET 10.0.11 (10.0.11, 10.0.1126.37416), X64 RyuJIT x86-64-v3
// GC=Concurrent Workstation
// HardwareIntrinsics=AVX2+BMI1+BMI2+F16C+FMA+LZCNT+MOVBE,AVX,SSE3+SSSE3+SSE4.1+SSE4.2+POPCNT,X86Base+SSE+SSE2,AES+PCLMUL VectorSize=256
// Job: ShortRun(IterationCount=3, LaunchCount=1, WarmupCount=3)

OverheadJitting  1: 1 op, 216414.00 ns, 216.4140 us/op
WorkloadJitting  1: 1 op, 1267878.00 ns, 1.2679 ms/op

OverheadJitting  2: 16 op, 435894.00 ns, 27.2434 us/op
WorkloadJitting  2: 16 op, 485858.00 ns, 30.3661 us/op

WorkloadPilot    1: 16 op, 8466.00 ns, 529.1250 ns/op
WorkloadPilot    2: 32 op, 12743.00 ns, 398.2188 ns/op
WorkloadPilot    3: 64 op, 21119.00 ns, 329.9844 ns/op
WorkloadPilot    4: 128 op, 37280.00 ns, 291.2500 ns/op
WorkloadPilot    5: 256 op, 63068.00 ns, 246.3594 ns/op
WorkloadPilot    6: 512 op, 104495.00 ns, 204.0918 ns/op
WorkloadPilot    7: 1024 op, 202388.00 ns, 197.6445 ns/op
WorkloadPilot    8: 2048 op, 438850.00 ns, 214.2822 ns/op
WorkloadPilot    9: 4096 op, 837454.00 ns, 204.4565 ns/op
WorkloadPilot   10: 8192 op, 1722518.00 ns, 210.2683 ns/op
WorkloadPilot   11: 16384 op, 3455434.00 ns, 210.9030 ns/op
WorkloadPilot   12: 32768 op, 6768111.00 ns, 206.5464 ns/op
WorkloadPilot   13: 65536 op, 13419083.00 ns, 204.7590 ns/op
WorkloadPilot   14: 131072 op, 26634286.00 ns, 203.2035 ns/op
WorkloadPilot   15: 262144 op, 53318716.00 ns, 203.3948 ns/op
WorkloadPilot   16: 524288 op, 66717927.00 ns, 127.2543 ns/op
WorkloadPilot   17: 1048576 op, 20421192.00 ns, 19.4752 ns/op
WorkloadPilot   18: 2097152 op, 40645265.00 ns, 19.3812 ns/op
WorkloadPilot   19: 4194304 op, 81580826.00 ns, 19.4504 ns/op
WorkloadPilot   20: 8388608 op, 163257064.00 ns, 19.4618 ns/op
WorkloadPilot   21: 16777216 op, 324907048.00 ns, 19.3660 ns/op
WorkloadPilot   22: 33554432 op, 652465999.00 ns, 19.4450 ns/op

OverheadWarmup   1: 33554432 op, 142541443.00 ns, 4.2481 ns/op
OverheadWarmup   2: 33554432 op, 149173380.00 ns, 4.4457 ns/op
OverheadWarmup   3: 33554432 op, 111126828.00 ns, 3.3118 ns/op
OverheadWarmup   4: 33554432 op, 111012775.00 ns, 3.3084 ns/op
OverheadWarmup   5: 33554432 op, 110981527.00 ns, 3.3075 ns/op
OverheadWarmup   6: 33554432 op, 111094578.00 ns, 3.3109 ns/op
OverheadWarmup   7: 33554432 op, 111217998.00 ns, 3.3146 ns/op
OverheadWarmup   8: 33554432 op, 111045905.00 ns, 3.3094 ns/op

OverheadActual   1: 33554432 op, 112601613.00 ns, 3.3558 ns/op
OverheadActual   2: 33554432 op, 111091562.00 ns, 3.3108 ns/op
OverheadActual   3: 33554432 op, 111091693.00 ns, 3.3108 ns/op
OverheadActual   4: 33554432 op, 116565216.00 ns, 3.4739 ns/op
OverheadActual   5: 33554432 op, 111025880.00 ns, 3.3088 ns/op
OverheadActual   6: 33554432 op, 111020139.00 ns, 3.3087 ns/op
OverheadActual   7: 33554432 op, 110975124.00 ns, 3.3073 ns/op
OverheadActual   8: 33554432 op, 111165240.00 ns, 3.3130 ns/op
OverheadActual   9: 33554432 op, 111906435.00 ns, 3.3351 ns/op
OverheadActual  10: 33554432 op, 111395651.00 ns, 3.3198 ns/op
OverheadActual  11: 33554432 op, 111434483.00 ns, 3.3210 ns/op
OverheadActual  12: 33554432 op, 111400469.00 ns, 3.3200 ns/op
OverheadActual  13: 33554432 op, 111410851.00 ns, 3.3203 ns/op
OverheadActual  14: 33554432 op, 111196917.00 ns, 3.3139 ns/op
OverheadActual  15: 33554432 op, 111238008.00 ns, 3.3152 ns/op

WorkloadWarmup   1: 33554432 op, 651235410.00 ns, 19.4083 ns/op
WorkloadWarmup   2: 33554432 op, 649548881.00 ns, 19.3581 ns/op
WorkloadWarmup   3: 33554432 op, 651523649.00 ns, 19.4169 ns/op

// BeforeActualRun
WorkloadActual   1: 33554432 op, 656755888.00 ns, 19.5729 ns/op
WorkloadActual   2: 33554432 op, 650094500.00 ns, 19.3743 ns/op
WorkloadActual   3: 33554432 op, 651252022.00 ns, 19.4088 ns/op

// AfterActualRun
WorkloadResult   1: 33554432 op, 545517880.00 ns, 16.2577 ns/op
WorkloadResult   2: 33554432 op, 538856492.00 ns, 16.0592 ns/op
WorkloadResult   3: 33554432 op, 540014014.00 ns, 16.0937 ns/op
// GC:  0 0 0 0 33554432
// Threading:  0 0 33554432

// AfterAll
// Benchmark Process 5322 has exited with code 0.

Mean = 16.137 ns, StdErr = 0.061 ns (0.38%), N = 3, StdDev = 0.106 ns
Min = 16.059 ns, Q1 = 16.076 ns, Median = 16.094 ns, Q3 = 16.176 ns, Max = 16.258 ns
IQR = 0.099 ns, LowerFence = 15.928 ns, UpperFence = 16.325 ns
ConfidenceInterval = [14.202 ns; 18.072 ns] (CI 99.9%), Margin = 1.935 ns (11.99% of Mean)
Skewness = 0.34, Kurtosis = 0.67, MValue = 2

// ** Remained 6 (16.7 %) benchmark(s) to run. Estimated finish 2026-09-06 6:49 (0h 2m from now) **
// **************************
// Benchmark: MediatorBenchmarks.SendCommand_OneBehavior: ShortRun(IterationCount=3, LaunchCount=1, WarmupCount=3)
// *** Execute ***
// Launch: 1 / 1
// Execute: dotnet "EricksonLopez.Mediator.Benchmarks-.NET 10.0-1.dll" --anonymousPipes 107 108 --benchmarkName EricksonLopez.Mediator.Benchmarks.MediatorBenchmarks.SendCommand_OneBehavior --job ShortRun --benchmarkId 12 in /home/runner/work/dotnet-mediator/dotnet-mediator/benchmarks/EricksonLopez.Mediator.Benchmarks/bin/Release/net10.0/EricksonLopez.Mediator.Benchmarks-.NET 10.0-1/bin/Release/net10.0
// Failed to set up high priority (Permission denied). In order to run benchmarks with high priority, make sure you have the right permissions.
// BeforeAnythingElse

// Benchmark Process Environment Information:
// BenchmarkDotNet v0.15.8
// Runtime=.NET 10.0.11 (10.0.11, 10.0.1126.37416), X64 RyuJIT x86-64-v3
// GC=Concurrent Workstation
// HardwareIntrinsics=AVX2+BMI1+BMI2+F16C+FMA+LZCNT+MOVBE,AVX,SSE3+SSSE3+SSE4.1+SSE4.2+POPCNT,X86Base+SSE+SSE2,AES+PCLMUL VectorSize=256
// Job: ShortRun(IterationCount=3, LaunchCount=1, WarmupCount=3)

OverheadJitting  1: 1 op, 218358.00 ns, 218.3580 us/op
WorkloadJitting  1: 1 op, 2437363.00 ns, 2.4374 ms/op

OverheadJitting  2: 16 op, 487069.00 ns, 30.4418 us/op
WorkloadJitting  2: 16 op, 471952.00 ns, 29.4970 us/op

WorkloadPilot    1: 16 op, 12644.00 ns, 790.2500 ns/op
WorkloadPilot    2: 32 op, 19316.00 ns, 603.6250 ns/op
WorkloadPilot    3: 64 op, 33412.00 ns, 522.0625 ns/op
WorkloadPilot    4: 128 op, 89647.00 ns, 700.3672 ns/op
WorkloadPilot    5: 256 op, 121357.00 ns, 474.0508 ns/op
WorkloadPilot    6: 512 op, 231141.00 ns, 451.4473 ns/op
WorkloadPilot    7: 1024 op, 448488.00 ns, 437.9766 ns/op
WorkloadPilot    8: 2048 op, 888149.00 ns, 433.6665 ns/op
WorkloadPilot    9: 4096 op, 1927750.00 ns, 470.6421 ns/op
WorkloadPilot   10: 8192 op, 3904333.00 ns, 476.6031 ns/op
WorkloadPilot   11: 16384 op, 7671686.00 ns, 468.2426 ns/op
WorkloadPilot   12: 32768 op, 15057193.00 ns, 459.5091 ns/op
WorkloadPilot   13: 65536 op, 29823230.00 ns, 455.0664 ns/op
WorkloadPilot   14: 131072 op, 59533049.00 ns, 454.2011 ns/op
WorkloadPilot   15: 262144 op, 118771227.00 ns, 453.0763 ns/op
WorkloadPilot   16: 524288 op, 73458928.00 ns, 140.1118 ns/op
WorkloadPilot   17: 1048576 op, 53549173.00 ns, 51.0685 ns/op
WorkloadPilot   18: 2097152 op, 106462789.00 ns, 50.7654 ns/op
WorkloadPilot   19: 4194304 op, 213124298.00 ns, 50.8128 ns/op
WorkloadPilot   20: 8388608 op, 426099459.00 ns, 50.7950 ns/op
WorkloadPilot   21: 16777216 op, 852527010.00 ns, 50.8146 ns/op

OverheadWarmup   1: 16777216 op, 71339579.00 ns, 4.2522 ns/op
OverheadWarmup   2: 16777216 op, 71251696.00 ns, 4.2469 ns/op
OverheadWarmup   3: 16777216 op, 72633556.00 ns, 4.3293 ns/op
OverheadWarmup   4: 16777216 op, 55514683.00 ns, 3.3089 ns/op
OverheadWarmup   5: 16777216 op, 55514924.00 ns, 3.3089 ns/op
OverheadWarmup   6: 16777216 op, 55690172.00 ns, 3.3194 ns/op
OverheadWarmup   7: 16777216 op, 56039585.00 ns, 3.3402 ns/op
OverheadWarmup   8: 16777216 op, 55592740.00 ns, 3.3136 ns/op

OverheadActual   1: 16777216 op, 55588451.00 ns, 3.3133 ns/op
OverheadActual   2: 16777216 op, 55873354.00 ns, 3.3303 ns/op
OverheadActual   3: 16777216 op, 55534491.00 ns, 3.3101 ns/op
OverheadActual   4: 16777216 op, 55586699.00 ns, 3.3132 ns/op
OverheadActual   5: 16777216 op, 55672930.00 ns, 3.3184 ns/op
OverheadActual   6: 16777216 op, 55551713.00 ns, 3.3111 ns/op
OverheadActual   7: 16777216 op, 55848758.00 ns, 3.3288 ns/op
OverheadActual   8: 16777216 op, 55811327.00 ns, 3.3266 ns/op
OverheadActual   9: 16777216 op, 55517319.00 ns, 3.3091 ns/op
OverheadActual  10: 16777216 op, 55561942.00 ns, 3.3117 ns/op
OverheadActual  11: 16777216 op, 55913419.00 ns, 3.3327 ns/op
OverheadActual  12: 16777216 op, 55535182.00 ns, 3.3102 ns/op
OverheadActual  13: 16777216 op, 55496370.00 ns, 3.3078 ns/op
OverheadActual  14: 16777216 op, 55521877.00 ns, 3.3094 ns/op
OverheadActual  15: 16777216 op, 55693979.00 ns, 3.3196 ns/op

WorkloadWarmup   1: 16777216 op, 852073179.00 ns, 50.7875 ns/op
WorkloadWarmup   2: 16777216 op, 853586359.00 ns, 50.8777 ns/op
WorkloadWarmup   3: 16777216 op, 869981641.00 ns, 51.8549 ns/op

// BeforeActualRun
WorkloadActual   1: 16777216 op, 851546650.00 ns, 50.7561 ns/op
WorkloadActual   2: 16777216 op, 851311060.00 ns, 50.7421 ns/op
WorkloadActual   3: 16777216 op, 851201425.00 ns, 50.7356 ns/op

// AfterActualRun
WorkloadResult   1: 16777216 op, 795959951.00 ns, 47.4429 ns/op
WorkloadResult   2: 16777216 op, 795724361.00 ns, 47.4289 ns/op
WorkloadResult   3: 16777216 op, 795614726.00 ns, 47.4223 ns/op
// GC:  0 0 0 0 16777216
// Threading:  0 0 16777216

// AfterAll
// Benchmark Process 5334 has exited with code 0.

Mean = 47.431 ns, StdErr = 0.006 ns (0.01%), N = 3, StdDev = 0.011 ns
Min = 47.422 ns, Q1 = 47.426 ns, Median = 47.429 ns, Q3 = 47.436 ns, Max = 47.443 ns
IQR = 0.010 ns, LowerFence = 47.410 ns, UpperFence = 47.451 ns
ConfidenceInterval = [47.240 ns; 47.623 ns] (CI 99.9%), Margin = 0.192 ns (0.40% of Mean)
Skewness = 0.22, Kurtosis = 0.67, MValue = 2

// ** Remained 5 (13.9 %) benchmark(s) to run. Estimated finish 2026-09-06 6:49 (0h 1m from now) **
// **************************
// Benchmark: MediatorBenchmarks.SendCommand_FiveBehaviors: ShortRun(IterationCount=3, LaunchCount=1, WarmupCount=3)
// *** Execute ***
// Launch: 1 / 1
// Execute: dotnet "EricksonLopez.Mediator.Benchmarks-.NET 10.0-1.dll" --anonymousPipes 107 108 --benchmarkName EricksonLopez.Mediator.Benchmarks.MediatorBenchmarks.SendCommand_FiveBehaviors --job ShortRun --benchmarkId 13 in /home/runner/work/dotnet-mediator/dotnet-mediator/benchmarks/EricksonLopez.Mediator.Benchmarks/bin/Release/net10.0/EricksonLopez.Mediator.Benchmarks-.NET 10.0-1/bin/Release/net10.0
// Failed to set up high priority (Permission denied). In order to run benchmarks with high priority, make sure you have the right permissions.
// BeforeAnythingElse

// Benchmark Process Environment Information:
// BenchmarkDotNet v0.15.8
// Runtime=.NET 10.0.11 (10.0.11, 10.0.1126.37416), X64 RyuJIT x86-64-v3
// GC=Concurrent Workstation
// HardwareIntrinsics=AVX2+BMI1+BMI2+F16C+FMA+LZCNT+MOVBE,AVX,SSE3+SSSE3+SSE4.1+SSE4.2+POPCNT,X86Base+SSE+SSE2,AES+PCLMUL VectorSize=256
// Job: ShortRun(IterationCount=3, LaunchCount=1, WarmupCount=3)

OverheadJitting  1: 1 op, 251210.00 ns, 251.2100 us/op
WorkloadJitting  1: 1 op, 4669230.00 ns, 4.6692 ms/op

OverheadJitting  2: 16 op, 459017.00 ns, 28.6886 us/op
WorkloadJitting  2: 16 op, 479977.00 ns, 29.9986 us/op

WorkloadPilot    1: 16 op, 29605.00 ns, 1.8503 us/op
WorkloadPilot    2: 32 op, 54692.00 ns, 1.7091 us/op
WorkloadPilot    3: 64 op, 104886.00 ns, 1.6388 us/op
WorkloadPilot    4: 128 op, 212497.00 ns, 1.6601 us/op
WorkloadPilot    5: 256 op, 394597.00 ns, 1.5414 us/op
WorkloadPilot    6: 512 op, 763105.00 ns, 1.4904 us/op
WorkloadPilot    7: 1024 op, 1548853.00 ns, 1.5126 us/op
WorkloadPilot    8: 2048 op, 3144724.00 ns, 1.5355 us/op
WorkloadPilot    9: 4096 op, 6176185.00 ns, 1.5079 us/op
WorkloadPilot   10: 8192 op, 12256040.00 ns, 1.4961 us/op
WorkloadPilot   11: 16384 op, 24302429.00 ns, 1.4833 us/op
WorkloadPilot   12: 32768 op, 51196449.00 ns, 1.5624 us/op
WorkloadPilot   13: 65536 op, 86206506.00 ns, 1.3154 us/op
WorkloadPilot   14: 131072 op, 28291710.00 ns, 215.8486 ns/op
WorkloadPilot   15: 262144 op, 43974620.00 ns, 167.7499 ns/op
WorkloadPilot   16: 524288 op, 87826110.00 ns, 167.5150 ns/op
WorkloadPilot   17: 1048576 op, 175345398.00 ns, 167.2224 ns/op
WorkloadPilot   18: 2097152 op, 350047293.00 ns, 166.9156 ns/op
WorkloadPilot   19: 4194304 op, 700826785.00 ns, 167.0901 ns/op

OverheadWarmup   1: 4194304 op, 19170173.00 ns, 4.5705 ns/op
OverheadWarmup   2: 4194304 op, 17831023.00 ns, 4.2512 ns/op
OverheadWarmup   3: 4194304 op, 17804594.00 ns, 4.2449 ns/op
OverheadWarmup   4: 4194304 op, 17783634.00 ns, 4.2399 ns/op
OverheadWarmup   5: 4194304 op, 17801998.00 ns, 4.2443 ns/op
OverheadWarmup   6: 4194304 op, 17806336.00 ns, 4.2454 ns/op
OverheadWarmup   7: 4194304 op, 17803652.00 ns, 4.2447 ns/op
OverheadWarmup   8: 4194304 op, 17804523.00 ns, 4.2449 ns/op
OverheadWarmup   9: 4194304 op, 17786980.00 ns, 4.2407 ns/op

OverheadActual   1: 4194304 op, 17821424.00 ns, 4.2490 ns/op
OverheadActual   2: 4194304 op, 17853274.00 ns, 4.2566 ns/op
OverheadActual   3: 4194304 op, 18059390.00 ns, 4.3057 ns/op
OverheadActual   4: 4194304 op, 17827897.00 ns, 4.2505 ns/op
OverheadActual   5: 4194304 op, 17798051.00 ns, 4.2434 ns/op
OverheadActual   6: 4194304 op, 17838727.00 ns, 4.2531 ns/op
OverheadActual   7: 4194304 op, 18079356.00 ns, 4.3105 ns/op
OverheadActual   8: 4194304 op, 17917935.00 ns, 4.2720 ns/op
OverheadActual   9: 4194304 op, 17795847.00 ns, 4.2429 ns/op
OverheadActual  10: 4194304 op, 17792972.00 ns, 4.2422 ns/op
OverheadActual  11: 4194304 op, 17802910.00 ns, 4.2445 ns/op
OverheadActual  12: 4194304 op, 17962277.00 ns, 4.2825 ns/op
OverheadActual  13: 4194304 op, 13907294.00 ns, 3.3158 ns/op
OverheadActual  14: 4194304 op, 13980180.00 ns, 3.3331 ns/op
OverheadActual  15: 4194304 op, 13964271.00 ns, 3.3293 ns/op
OverheadActual  16: 4194304 op, 13887226.00 ns, 3.3110 ns/op
OverheadActual  17: 4194304 op, 14206793.00 ns, 3.3872 ns/op
OverheadActual  18: 4194304 op, 13882728.00 ns, 3.3099 ns/op
OverheadActual  19: 4194304 op, 13879422.00 ns, 3.3091 ns/op
OverheadActual  20: 4194304 op, 13907455.00 ns, 3.3158 ns/op

WorkloadWarmup   1: 4194304 op, 703144584.00 ns, 167.6427 ns/op
WorkloadWarmup   2: 4194304 op, 701993634.00 ns, 167.3683 ns/op
WorkloadWarmup   3: 4194304 op, 701424381.00 ns, 167.2326 ns/op

// BeforeActualRun
WorkloadActual   1: 4194304 op, 700329192.00 ns, 166.9715 ns/op
WorkloadActual   2: 4194304 op, 703180808.00 ns, 167.6514 ns/op
WorkloadActual   3: 4194304 op, 700384190.00 ns, 166.9846 ns/op

// AfterActualRun
WorkloadResult   1: 4194304 op, 682532243.00 ns, 162.7284 ns/op
WorkloadResult   2: 4194304 op, 685383859.00 ns, 163.4082 ns/op
WorkloadResult   3: 4194304 op, 682587241.00 ns, 162.7415 ns/op
// GC:  0 0 0 0 4194304
// Threading:  0 0 4194304

// AfterAll
// Benchmark Process 5343 has exited with code 0.

Mean = 162.959 ns, StdErr = 0.224 ns (0.14%), N = 3, StdDev = 0.389 ns
Min = 162.728 ns, Q1 = 162.735 ns, Median = 162.741 ns, Q3 = 163.075 ns, Max = 163.408 ns
IQR = 0.340 ns, LowerFence = 162.225 ns, UpperFence = 163.585 ns
ConfidenceInterval = [155.866 ns; 170.052 ns] (CI 99.9%), Margin = 7.093 ns (4.35% of Mean)
Skewness = 0.38, Kurtosis = 0.67, MValue = 2

// ** Remained 4 (11.1 %) benchmark(s) to run. Estimated finish 2026-09-06 6:48 (0h 1m from now) **
// **************************
// Benchmark: MediatorBenchmarks.PublishNotification_OneHandler: ShortRun(IterationCount=3, LaunchCount=1, WarmupCount=3)
// *** Execute ***
// Launch: 1 / 1
// Execute: dotnet "EricksonLopez.Mediator.Benchmarks-.NET 10.0-1.dll" --anonymousPipes 107 108 --benchmarkName EricksonLopez.Mediator.Benchmarks.MediatorBenchmarks.PublishNotification_OneHandler --job ShortRun --benchmarkId 14 in /home/runner/work/dotnet-mediator/dotnet-mediator/benchmarks/EricksonLopez.Mediator.Benchmarks/bin/Release/net10.0/EricksonLopez.Mediator.Benchmarks-.NET 10.0-1/bin/Release/net10.0
// Failed to set up high priority (Permission denied). In order to run benchmarks with high priority, make sure you have the right permissions.
// BeforeAnythingElse

// Benchmark Process Environment Information:
// BenchmarkDotNet v0.15.8
// Runtime=.NET 10.0.11 (10.0.11, 10.0.1126.37416), X64 RyuJIT x86-64-v3
// GC=Concurrent Workstation
// HardwareIntrinsics=AVX2+BMI1+BMI2+F16C+FMA+LZCNT+MOVBE,AVX,SSE3+SSSE3+SSE4.1+SSE4.2+POPCNT,X86Base+SSE+SSE2,AES+PCLMUL VectorSize=256
// Job: ShortRun(IterationCount=3, LaunchCount=1, WarmupCount=3)

OverheadJitting  1: 1 op, 165810.00 ns, 165.8100 us/op
WorkloadJitting  1: 1 op, 2815147.00 ns, 2.8151 ms/op

OverheadJitting  2: 16 op, 199863.00 ns, 12.4914 us/op
WorkloadJitting  2: 16 op, 1740089.00 ns, 108.7556 us/op

WorkloadPilot    1: 16 op, 173173.00 ns, 10.8233 us/op
WorkloadPilot    2: 32 op, 18525.00 ns, 578.9063 ns/op
WorkloadPilot    3: 64 op, 28023.00 ns, 437.8594 ns/op
WorkloadPilot    4: 128 op, 50936.00 ns, 397.9375 ns/op
WorkloadPilot    5: 256 op, 110165.00 ns, 430.3320 ns/op
WorkloadPilot    6: 512 op, 216825.00 ns, 423.4863 ns/op
WorkloadPilot    7: 1024 op, 411118.00 ns, 401.4824 ns/op
WorkloadPilot    8: 2048 op, 813109.00 ns, 397.0259 ns/op
WorkloadPilot    9: 4096 op, 1573759.00 ns, 384.2185 ns/op
WorkloadPilot   10: 8192 op, 3278322.00 ns, 400.1858 ns/op
WorkloadPilot   11: 16384 op, 6344309.00 ns, 387.2259 ns/op
WorkloadPilot   12: 32768 op, 12812389.00 ns, 391.0031 ns/op
WorkloadPilot   13: 65536 op, 25802661.00 ns, 393.7174 ns/op
WorkloadPilot   14: 131072 op, 51271097.00 ns, 391.1674 ns/op
WorkloadPilot   15: 262144 op, 69805254.00 ns, 266.2859 ns/op
WorkloadPilot   16: 524288 op, 25442488.00 ns, 48.5277 ns/op
WorkloadPilot   17: 1048576 op, 42525511.00 ns, 40.5555 ns/op
WorkloadPilot   18: 2097152 op, 84899144.00 ns, 40.4831 ns/op
WorkloadPilot   19: 4194304 op, 167327543.00 ns, 39.8940 ns/op
WorkloadPilot   20: 8388608 op, 329900235.00 ns, 39.3272 ns/op
WorkloadPilot   21: 16777216 op, 658883909.00 ns, 39.2725 ns/op

OverheadWarmup   1: 16777216 op, 37921956.00 ns, 2.2603 ns/op
OverheadWarmup   2: 16777216 op, 37914923.00 ns, 2.2599 ns/op
OverheadWarmup   3: 16777216 op, 38081504.00 ns, 2.2698 ns/op
OverheadWarmup   4: 16777216 op, 38064351.00 ns, 2.2688 ns/op
OverheadWarmup   5: 16777216 op, 38057900.00 ns, 2.2684 ns/op
OverheadWarmup   6: 16777216 op, 37912989.00 ns, 2.2598 ns/op
OverheadWarmup   7: 16777216 op, 38005121.00 ns, 2.2653 ns/op
OverheadWarmup   8: 16777216 op, 41311476.00 ns, 2.4624 ns/op
OverheadWarmup   9: 16777216 op, 27420693.00 ns, 1.6344 ns/op

OverheadActual   1: 16777216 op, 27719912.00 ns, 1.6522 ns/op
OverheadActual   2: 16777216 op, 27431013.00 ns, 1.6350 ns/op
OverheadActual   3: 16777216 op, 27525970.00 ns, 1.6407 ns/op
OverheadActual   4: 16777216 op, 27508276.00 ns, 1.6396 ns/op
OverheadActual   5: 16777216 op, 27436282.00 ns, 1.6353 ns/op
OverheadActual   6: 16777216 op, 27429539.00 ns, 1.6349 ns/op
OverheadActual   7: 16777216 op, 27425242.00 ns, 1.6347 ns/op
OverheadActual   8: 16777216 op, 27781607.00 ns, 1.6559 ns/op
OverheadActual   9: 16777216 op, 27591903.00 ns, 1.6446 ns/op
OverheadActual  10: 16777216 op, 27540086.00 ns, 1.6415 ns/op
OverheadActual  11: 16777216 op, 27701718.00 ns, 1.6512 ns/op
OverheadActual  12: 16777216 op, 27486636.00 ns, 1.6383 ns/op
OverheadActual  13: 16777216 op, 27400525.00 ns, 1.6332 ns/op
OverheadActual  14: 16777216 op, 27408911.00 ns, 1.6337 ns/op
OverheadActual  15: 16777216 op, 27601951.00 ns, 1.6452 ns/op

WorkloadWarmup   1: 16777216 op, 669740165.00 ns, 39.9196 ns/op
WorkloadWarmup   2: 16777216 op, 666577751.00 ns, 39.7311 ns/op
WorkloadWarmup   3: 16777216 op, 665814457.00 ns, 39.6856 ns/op

// BeforeActualRun
WorkloadActual   1: 16777216 op, 662821657.00 ns, 39.5072 ns/op
WorkloadActual   2: 16777216 op, 660688002.00 ns, 39.3801 ns/op
WorkloadActual   3: 16777216 op, 660176547.00 ns, 39.3496 ns/op

// AfterActualRun
WorkloadResult   1: 16777216 op, 635313381.00 ns, 37.8676 ns/op
WorkloadResult   2: 16777216 op, 633179726.00 ns, 37.7405 ns/op
WorkloadResult   3: 16777216 op, 632668271.00 ns, 37.7100 ns/op
// GC:  24 0 0 402653184 16777216
// Threading:  0 0 16777216

// AfterAll
// Benchmark Process 5355 has exited with code 0.

Mean = 37.773 ns, StdErr = 0.048 ns (0.13%), N = 3, StdDev = 0.084 ns
Min = 37.710 ns, Q1 = 37.725 ns, Median = 37.740 ns, Q3 = 37.804 ns, Max = 37.868 ns
IQR = 0.079 ns, LowerFence = 37.607 ns, UpperFence = 37.922 ns
ConfidenceInterval = [36.247 ns; 39.298 ns] (CI 99.9%), Margin = 1.526 ns (4.04% of Mean)
Skewness = 0.33, Kurtosis = 0.67, MValue = 2

// ** Remained 3 (8.3 %) benchmark(s) to run. Estimated finish 2026-09-06 6:48 (0h 1m from now) **
// **************************
// Benchmark: MediatorBenchmarks.PublishNotification_FiveHandlers: ShortRun(IterationCount=3, LaunchCount=1, WarmupCount=3)
// *** Execute ***
// Launch: 1 / 1
// Execute: dotnet "EricksonLopez.Mediator.Benchmarks-.NET 10.0-1.dll" --anonymousPipes 107 108 --benchmarkName EricksonLopez.Mediator.Benchmarks.MediatorBenchmarks.PublishNotification_FiveHandlers --job ShortRun --benchmarkId 15 in /home/runner/work/dotnet-mediator/dotnet-mediator/benchmarks/EricksonLopez.Mediator.Benchmarks/bin/Release/net10.0/EricksonLopez.Mediator.Benchmarks-.NET 10.0-1/bin/Release/net10.0
// Failed to set up high priority (Permission denied). In order to run benchmarks with high priority, make sure you have the right permissions.
// BeforeAnythingElse

// Benchmark Process Environment Information:
// BenchmarkDotNet v0.15.8
// Runtime=.NET 10.0.11 (10.0.11, 10.0.1126.37416), X64 RyuJIT x86-64-v3
// GC=Concurrent Workstation
// HardwareIntrinsics=AVX2+BMI1+BMI2+F16C+FMA+LZCNT+MOVBE,AVX,SSE3+SSSE3+SSE4.1+SSE4.2+POPCNT,X86Base+SSE+SSE2,AES+PCLMUL VectorSize=256
// Job: ShortRun(IterationCount=3, LaunchCount=1, WarmupCount=3)

OverheadJitting  1: 1 op, 170689.00 ns, 170.6890 us/op
WorkloadJitting  1: 1 op, 3259968.00 ns, 3.2600 ms/op

OverheadJitting  2: 16 op, 195034.00 ns, 12.1896 us/op
WorkloadJitting  2: 16 op, 2220988.00 ns, 138.8118 us/op

WorkloadPilot    1: 16 op, 325338.00 ns, 20.3336 us/op
WorkloadPilot    2: 32 op, 42048.00 ns, 1.3140 us/op
WorkloadPilot    3: 64 op, 84819.00 ns, 1.3253 us/op
WorkloadPilot    4: 128 op, 161361.00 ns, 1.2606 us/op
WorkloadPilot    5: 256 op, 301282.00 ns, 1.1769 us/op
WorkloadPilot    6: 512 op, 594330.00 ns, 1.1608 us/op
WorkloadPilot    7: 1024 op, 1239816.00 ns, 1.2108 us/op
WorkloadPilot    8: 2048 op, 2609824.00 ns, 1.2743 us/op
WorkloadPilot    9: 4096 op, 4966736.00 ns, 1.2126 us/op
WorkloadPilot   10: 8192 op, 10136912.00 ns, 1.2374 us/op
WorkloadPilot   11: 16384 op, 20233410.00 ns, 1.2349 us/op
WorkloadPilot   12: 32768 op, 40407818.00 ns, 1.2331 us/op
WorkloadPilot   13: 65536 op, 84192064.00 ns, 1.2847 us/op
WorkloadPilot   14: 131072 op, 44929403.00 ns, 342.7841 ns/op
WorkloadPilot   15: 262144 op, 55439302.00 ns, 211.4842 ns/op
WorkloadPilot   16: 524288 op, 107102243.00 ns, 204.2813 ns/op
WorkloadPilot   17: 1048576 op, 210604333.00 ns, 200.8479 ns/op
WorkloadPilot   18: 2097152 op, 420893822.00 ns, 200.6978 ns/op
WorkloadPilot   19: 4194304 op, 843742672.00 ns, 201.1639 ns/op

OverheadWarmup   1: 4194304 op, 9526873.00 ns, 2.2714 ns/op
OverheadWarmup   2: 4194304 op, 9486828.00 ns, 2.2618 ns/op
OverheadWarmup   3: 4194304 op, 9505073.00 ns, 2.2662 ns/op
OverheadWarmup   4: 4194304 op, 9487269.00 ns, 2.2619 ns/op
OverheadWarmup   5: 4194304 op, 9499081.00 ns, 2.2648 ns/op
OverheadWarmup   6: 4194304 op, 9497509.00 ns, 2.2644 ns/op

OverheadActual   1: 4194304 op, 9596092.00 ns, 2.2879 ns/op
OverheadActual   2: 4194304 op, 9518197.00 ns, 2.2693 ns/op
OverheadActual   3: 4194304 op, 9504883.00 ns, 2.2661 ns/op
OverheadActual   4: 4194304 op, 9513218.00 ns, 2.2681 ns/op
OverheadActual   5: 4194304 op, 9505383.00 ns, 2.2663 ns/op
OverheadActual   6: 4194304 op, 9491877.00 ns, 2.2630 ns/op
OverheadActual   7: 4194304 op, 9506315.00 ns, 2.2665 ns/op
OverheadActual   8: 4194304 op, 9496647.00 ns, 2.2642 ns/op
OverheadActual   9: 4194304 op, 9493260.00 ns, 2.2634 ns/op
OverheadActual  10: 4194304 op, 9526403.00 ns, 2.2713 ns/op
OverheadActual  11: 4194304 op, 9525721.00 ns, 2.2711 ns/op
OverheadActual  12: 4194304 op, 9491688.00 ns, 2.2630 ns/op
OverheadActual  13: 4194304 op, 9500503.00 ns, 2.2651 ns/op
OverheadActual  14: 4194304 op, 9492118.00 ns, 2.2631 ns/op
OverheadActual  15: 4194304 op, 9516474.00 ns, 2.2689 ns/op

WorkloadWarmup   1: 4194304 op, 851171955.00 ns, 202.9352 ns/op
WorkloadWarmup   2: 4194304 op, 850589585.00 ns, 202.7964 ns/op
WorkloadWarmup   3: 4194304 op, 840753931.00 ns, 200.4514 ns/op

// BeforeActualRun
WorkloadActual   1: 4194304 op, 843483269.00 ns, 201.1021 ns/op
WorkloadActual   2: 4194304 op, 840506830.00 ns, 200.3924 ns/op
WorkloadActual   3: 4194304 op, 842188150.00 ns, 200.7933 ns/op

// AfterActualRun
WorkloadResult   1: 4194304 op, 833977886.00 ns, 198.8358 ns/op
WorkloadResult   2: 4194304 op, 831001447.00 ns, 198.1262 ns/op
WorkloadResult   3: 4194304 op, 832682767.00 ns, 198.5270 ns/op
// GC:  30 0 0 503316480 4194304
// Threading:  0 0 4194304

// AfterAll
// Benchmark Process 5368 has exited with code 0.

Mean = 198.496 ns, StdErr = 0.205 ns (0.10%), N = 3, StdDev = 0.356 ns
Min = 198.126 ns, Q1 = 198.327 ns, Median = 198.527 ns, Q3 = 198.681 ns, Max = 198.836 ns
IQR = 0.355 ns, LowerFence = 197.794 ns, UpperFence = 199.214 ns
ConfidenceInterval = [192.005 ns; 204.988 ns] (CI 99.9%), Margin = 6.491 ns (3.27% of Mean)
Skewness = -0.09, Kurtosis = 0.67, MValue = 2

// ** Remained 2 (5.6 %) benchmark(s) to run. Estimated finish 2026-09-06 6:48 (0h 0m from now) **
// **************************
// Benchmark: MediatorBenchmarks.PublishNotification_Parallel: ShortRun(IterationCount=3, LaunchCount=1, WarmupCount=3)
// *** Execute ***
// Launch: 1 / 1
// Execute: dotnet "EricksonLopez.Mediator.Benchmarks-.NET 10.0-1.dll" --anonymousPipes 107 108 --benchmarkName EricksonLopez.Mediator.Benchmarks.MediatorBenchmarks.PublishNotification_Parallel --job ShortRun --benchmarkId 16 in /home/runner/work/dotnet-mediator/dotnet-mediator/benchmarks/EricksonLopez.Mediator.Benchmarks/bin/Release/net10.0/EricksonLopez.Mediator.Benchmarks-.NET 10.0-1/bin/Release/net10.0
// Failed to set up high priority (Permission denied). In order to run benchmarks with high priority, make sure you have the right permissions.
// BeforeAnythingElse

// Benchmark Process Environment Information:
// BenchmarkDotNet v0.15.8
// Runtime=.NET 10.0.11 (10.0.11, 10.0.1126.37416), X64 RyuJIT x86-64-v3
// GC=Concurrent Workstation
// HardwareIntrinsics=AVX2+BMI1+BMI2+F16C+FMA+LZCNT+MOVBE,AVX,SSE3+SSSE3+SSE4.1+SSE4.2+POPCNT,X86Base+SSE+SSE2,AES+PCLMUL VectorSize=256
// Job: ShortRun(IterationCount=3, LaunchCount=1, WarmupCount=3)

OverheadJitting  1: 1 op, 167402.00 ns, 167.4020 us/op
WorkloadJitting  1: 1 op, 3282110.00 ns, 3.2821 ms/op

OverheadJitting  2: 16 op, 192640.00 ns, 12.0400 us/op
WorkloadJitting  2: 16 op, 1991059.00 ns, 124.4412 us/op

WorkloadPilot    1: 16 op, 279913.00 ns, 17.4946 us/op
WorkloadPilot    2: 32 op, 51757.00 ns, 1.6174 us/op
WorkloadPilot    3: 64 op, 69580.00 ns, 1.0872 us/op
WorkloadPilot    4: 128 op, 128600.00 ns, 1.0047 us/op
WorkloadPilot    5: 256 op, 246150.00 ns, 961.5234 ns/op
WorkloadPilot    6: 512 op, 465560.00 ns, 909.2969 ns/op
WorkloadPilot    7: 1024 op, 939064.00 ns, 917.0547 ns/op
WorkloadPilot    8: 2048 op, 1802907.00 ns, 880.3257 ns/op
WorkloadPilot    9: 4096 op, 3737461.00 ns, 912.4661 ns/op
WorkloadPilot   10: 8192 op, 7388460.00 ns, 901.9116 ns/op
WorkloadPilot   11: 16384 op, 14867507.00 ns, 907.4406 ns/op
WorkloadPilot   12: 32768 op, 29562143.00 ns, 902.1650 ns/op
WorkloadPilot   13: 65536 op, 58832029.00 ns, 897.7055 ns/op
WorkloadPilot   14: 131072 op, 79947266.00 ns, 609.9492 ns/op
WorkloadPilot   15: 262144 op, 48049512.00 ns, 183.2943 ns/op
WorkloadPilot   16: 524288 op, 98595625.00 ns, 188.0562 ns/op
WorkloadPilot   17: 1048576 op, 192634410.00 ns, 183.7105 ns/op
WorkloadPilot   18: 2097152 op, 385602463.00 ns, 183.8696 ns/op
WorkloadPilot   19: 4194304 op, 766843680.00 ns, 182.8298 ns/op

OverheadWarmup   1: 4194304 op, 9537103.00 ns, 2.2738 ns/op
OverheadWarmup   2: 4194304 op, 9546360.00 ns, 2.2760 ns/op
OverheadWarmup   3: 4194304 op, 9499713.00 ns, 2.2649 ns/op
OverheadWarmup   4: 4194304 op, 9530741.00 ns, 2.2723 ns/op
OverheadWarmup   5: 4194304 op, 9497177.00 ns, 2.2643 ns/op

OverheadActual   1: 4194304 op, 9501156.00 ns, 2.2653 ns/op
OverheadActual   2: 4194304 op, 9504852.00 ns, 2.2661 ns/op
OverheadActual   3: 4194304 op, 9561678.00 ns, 2.2797 ns/op
OverheadActual   4: 4194304 op, 9539787.00 ns, 2.2745 ns/op
OverheadActual   5: 4194304 op, 9496416.00 ns, 2.2641 ns/op
OverheadActual   6: 4194304 op, 9494723.00 ns, 2.2637 ns/op
OverheadActual   7: 4194304 op, 9612764.00 ns, 2.2919 ns/op
OverheadActual   8: 4194304 op, 9495905.00 ns, 2.2640 ns/op
OverheadActual   9: 4194304 op, 9497829.00 ns, 2.2645 ns/op
OverheadActual  10: 4194304 op, 9516563.00 ns, 2.2689 ns/op
OverheadActual  11: 4194304 op, 9548454.00 ns, 2.2765 ns/op
OverheadActual  12: 4194304 op, 9493692.00 ns, 2.2635 ns/op
OverheadActual  13: 4194304 op, 9500023.00 ns, 2.2650 ns/op
OverheadActual  14: 4194304 op, 10833514.00 ns, 2.5829 ns/op
OverheadActual  15: 4194304 op, 9502978.00 ns, 2.2657 ns/op

WorkloadWarmup   1: 4194304 op, 778003263.00 ns, 185.4904 ns/op
WorkloadWarmup   2: 4194304 op, 776192962.00 ns, 185.0588 ns/op
WorkloadWarmup   3: 4194304 op, 774640202.00 ns, 184.6886 ns/op

// BeforeActualRun
WorkloadActual   1: 4194304 op, 773638371.00 ns, 184.4498 ns/op
WorkloadActual   2: 4194304 op, 776332162.00 ns, 185.0920 ns/op
WorkloadActual   3: 4194304 op, 764781338.00 ns, 182.3381 ns/op

// AfterActualRun
WorkloadResult   1: 4194304 op, 764135393.00 ns, 182.1841 ns/op
WorkloadResult   2: 4194304 op, 766829184.00 ns, 182.8263 ns/op
WorkloadResult   3: 4194304 op, 755278360.00 ns, 180.0724 ns/op
// GC:  48 0 0 805306368 4194304
// Threading:  0 0 4194304

// AfterAll
// Benchmark Process 5382 has exited with code 0.

Mean = 181.694 ns, StdErr = 0.832 ns (0.46%), N = 3, StdDev = 1.441 ns
Min = 180.072 ns, Q1 = 181.128 ns, Median = 182.184 ns, Q3 = 182.505 ns, Max = 182.826 ns
IQR = 1.377 ns, LowerFence = 179.063 ns, UpperFence = 184.571 ns
ConfidenceInterval = [155.408 ns; 207.980 ns] (CI 99.9%), Margin = 26.286 ns (14.47% of Mean)
Skewness = -0.3, Kurtosis = 0.67, MValue = 2

// ** Remained 1 (2.8 %) benchmark(s) to run. Estimated finish 2026-09-06 6:48 (0h 0m from now) **
// **************************
// Benchmark: MediatorBenchmarks.NestedSend: ShortRun(IterationCount=3, LaunchCount=1, WarmupCount=3)
// *** Execute ***
// Launch: 1 / 1
// Execute: dotnet "EricksonLopez.Mediator.Benchmarks-.NET 10.0-1.dll" --anonymousPipes 107 108 --benchmarkName EricksonLopez.Mediator.Benchmarks.MediatorBenchmarks.NestedSend --job ShortRun --benchmarkId 17 in /home/runner/work/dotnet-mediator/dotnet-mediator/benchmarks/EricksonLopez.Mediator.Benchmarks/bin/Release/net10.0/EricksonLopez.Mediator.Benchmarks-.NET 10.0-1/bin/Release/net10.0
// Failed to set up high priority (Permission denied). In order to run benchmarks with high priority, make sure you have the right permissions.
// BeforeAnythingElse

// Benchmark Process Environment Information:
// BenchmarkDotNet v0.15.8
// Runtime=.NET 10.0.11 (10.0.11, 10.0.1126.37416), X64 RyuJIT x86-64-v3
// GC=Concurrent Workstation
// HardwareIntrinsics=AVX2+BMI1+BMI2+F16C+FMA+LZCNT+MOVBE,AVX,SSE3+SSSE3+SSE4.1+SSE4.2+POPCNT,X86Base+SSE+SSE2,AES+PCLMUL VectorSize=256
// Job: ShortRun(IterationCount=3, LaunchCount=1, WarmupCount=3)

OverheadJitting  1: 1 op, 215583.00 ns, 215.5830 us/op
WorkloadJitting  1: 1 op, 2284256.00 ns, 2.2843 ms/op

OverheadJitting  2: 16 op, 453547.00 ns, 28.3467 us/op
WorkloadJitting  2: 16 op, 530280.00 ns, 33.1425 us/op

WorkloadPilot    1: 16 op, 13916.00 ns, 869.7500 ns/op
WorkloadPilot    2: 32 op, 20459.00 ns, 639.3438 ns/op
WorkloadPilot    3: 64 op, 35196.00 ns, 549.9375 ns/op
WorkloadPilot    4: 128 op, 62396.00 ns, 487.4688 ns/op
WorkloadPilot    5: 256 op, 128299.00 ns, 501.1680 ns/op
WorkloadPilot    6: 512 op, 235520.00 ns, 460.0000 ns/op
WorkloadPilot    7: 1024 op, 469677.00 ns, 458.6689 ns/op
WorkloadPilot    8: 2048 op, 967417.00 ns, 472.3716 ns/op
WorkloadPilot    9: 4096 op, 1932479.00 ns, 471.7966 ns/op
WorkloadPilot   10: 8192 op, 3821628.00 ns, 466.5073 ns/op
WorkloadPilot   11: 16384 op, 7486933.00 ns, 456.9661 ns/op
WorkloadPilot   12: 32768 op, 14930626.00 ns, 455.6465 ns/op
WorkloadPilot   13: 65536 op, 29890135.00 ns, 456.0873 ns/op
WorkloadPilot   14: 131072 op, 59811990.00 ns, 456.3293 ns/op
WorkloadPilot   15: 262144 op, 73852182.00 ns, 281.7237 ns/op
WorkloadPilot   16: 524288 op, 42772936.00 ns, 81.5829 ns/op
WorkloadPilot   17: 1048576 op, 79611970.00 ns, 75.9239 ns/op
WorkloadPilot   18: 2097152 op, 154231195.00 ns, 73.5432 ns/op
WorkloadPilot   19: 4194304 op, 308029472.00 ns, 73.4399 ns/op
WorkloadPilot   20: 8388608 op, 608224067.00 ns, 72.5060 ns/op

OverheadWarmup   1: 8388608 op, 35844887.00 ns, 4.2730 ns/op
OverheadWarmup   2: 8388608 op, 35873811.00 ns, 4.2765 ns/op
OverheadWarmup   3: 8388608 op, 35785736.00 ns, 4.2660 ns/op
OverheadWarmup   4: 8388608 op, 35752855.00 ns, 4.2621 ns/op
OverheadWarmup   5: 8388608 op, 35761861.00 ns, 4.2631 ns/op
OverheadWarmup   6: 8388608 op, 35800274.00 ns, 4.2677 ns/op
OverheadWarmup   7: 8388608 op, 35819980.00 ns, 4.2701 ns/op
OverheadWarmup   8: 8388608 op, 35737056.00 ns, 4.2602 ns/op

OverheadActual   1: 8388608 op, 35854524.00 ns, 4.2742 ns/op
OverheadActual   2: 8388608 op, 35840789.00 ns, 4.2726 ns/op
OverheadActual   3: 8388608 op, 35838074.00 ns, 4.2722 ns/op
OverheadActual   4: 8388608 op, 35874422.00 ns, 4.2766 ns/op
OverheadActual   5: 8388608 op, 35737296.00 ns, 4.2602 ns/op
OverheadActual   6: 8388608 op, 35824118.00 ns, 4.2706 ns/op
OverheadActual   7: 8388608 op, 36182618.00 ns, 4.3133 ns/op
OverheadActual   8: 8388608 op, 35799562.00 ns, 4.2676 ns/op
OverheadActual   9: 8388608 op, 38544780.00 ns, 4.5949 ns/op
OverheadActual  10: 8388608 op, 28103809.00 ns, 3.3502 ns/op
OverheadActual  11: 8388608 op, 27980719.00 ns, 3.3356 ns/op
OverheadActual  12: 8388608 op, 27946545.00 ns, 3.3315 ns/op
OverheadActual  13: 8388608 op, 28068864.00 ns, 3.3461 ns/op
OverheadActual  14: 8388608 op, 28059887.00 ns, 3.3450 ns/op
OverheadActual  15: 8388608 op, 27985719.00 ns, 3.3362 ns/op
OverheadActual  16: 8388608 op, 27982572.00 ns, 3.3358 ns/op
OverheadActual  17: 8388608 op, 30555999.00 ns, 3.6426 ns/op
OverheadActual  18: 8388608 op, 28032837.00 ns, 3.3418 ns/op
OverheadActual  19: 8388608 op, 27965581.00 ns, 3.3338 ns/op
OverheadActual  20: 8388608 op, 27948108.00 ns, 3.3317 ns/op

WorkloadWarmup   1: 8388608 op, 614011028.00 ns, 73.1958 ns/op
WorkloadWarmup   2: 8388608 op, 614238453.00 ns, 73.2229 ns/op
WorkloadWarmup   3: 8388608 op, 603549288.00 ns, 71.9487 ns/op

// BeforeActualRun
WorkloadActual   1: 8388608 op, 606084927.00 ns, 72.2510 ns/op
WorkloadActual   2: 8388608 op, 605722440.00 ns, 72.2077 ns/op
WorkloadActual   3: 8388608 op, 603675847.00 ns, 71.9638 ns/op

// AfterActualRun
WorkloadResult   1: 8388608 op, 576755023.00 ns, 68.7546 ns/op
WorkloadResult   2: 8388608 op, 576392536.00 ns, 68.7113 ns/op
WorkloadResult   3: 8388608 op, 574345943.00 ns, 68.4674 ns/op
// GC:  12 0 0 201326592 8388608
// Threading:  0 0 8388608

// AfterAll
// Benchmark Process 5396 has exited with code 0.

Mean = 68.644 ns, StdErr = 0.089 ns (0.13%), N = 3, StdDev = 0.155 ns
Min = 68.467 ns, Q1 = 68.589 ns, Median = 68.711 ns, Q3 = 68.733 ns, Max = 68.755 ns
IQR = 0.144 ns, LowerFence = 68.374 ns, UpperFence = 68.948 ns
ConfidenceInterval = [65.819 ns; 71.469 ns] (CI 99.9%), Margin = 2.825 ns (4.12% of Mean)
Skewness = -0.35, Kurtosis = 0.67, MValue = 2

// ** Remained 0 (0.0 %) benchmark(s) to run. Estimated finish 2026-09-06 6:47 (0h 0m from now) **
// ***** BenchmarkRunner: Finish  *****

// * Export *
  benchmarks/results/results/EricksonLopez.Mediator.Benchmarks.MediatorBenchmarks-report.csv
  benchmarks/results/results/EricksonLopez.Mediator.Benchmarks.MediatorBenchmarks-report-github.md
  benchmarks/results/results/EricksonLopez.Mediator.Benchmarks.MediatorBenchmarks-report.html
  benchmarks/results/results/EricksonLopez.Mediator.Benchmarks.MediatorBenchmarks-report-full-compressed.json
  benchmarks/results/results/EricksonLopez.Mediator.Benchmarks.MediatorBenchmarks-report-default.md

// * Detailed results *
MediatorBenchmarks.DirectCall: .NET 10.0(Runtime=.NET 10.0, Toolchain=net10.0)
Runtime = .NET 10.0.11 (10.0.11, 10.0.1126.37416), X64 RyuJIT x86-64-v3; GC = Concurrent Workstation
Mean = 0.606 ns, StdErr = 0.002 ns (0.40%), N = 14, StdDev = 0.009 ns
Min = 0.596 ns, Q1 = 0.600 ns, Median = 0.603 ns, Q3 = 0.613 ns, Max = 0.626 ns
IQR = 0.014 ns, LowerFence = 0.579 ns, UpperFence = 0.634 ns
ConfidenceInterval = [0.596 ns; 0.616 ns] (CI 99.9%), Margin = 0.010 ns (1.71% of Mean)
Skewness = 0.63, Kurtosis = 2.29, MValue = 2
-------------------- Histogram --------------------
[0.594 ns ; 0.618 ns) | @@@@@@@@@@@@@
[0.618 ns ; 0.632 ns) | @
---------------------------------------------------

MediatorBenchmarks.SendCommand_NoBehaviors: .NET 10.0(Runtime=.NET 10.0, Toolchain=net10.0)
Runtime = .NET 10.0.11 (10.0.11, 10.0.1126.37416), X64 RyuJIT x86-64-v3; GC = Concurrent Workstation
Mean = 21.054 ns, StdErr = 0.016 ns (0.08%), N = 15, StdDev = 0.064 ns
Min = 20.976 ns, Q1 = 21.006 ns, Median = 21.036 ns, Q3 = 21.097 ns, Max = 21.186 ns
IQR = 0.091 ns, LowerFence = 20.869 ns, UpperFence = 21.234 ns
ConfidenceInterval = [20.986 ns; 21.122 ns] (CI 99.9%), Margin = 0.068 ns (0.32% of Mean)
Skewness = 0.66, Kurtosis = 2.14, MValue = 2
-------------------- Histogram --------------------
[20.942 ns ; 21.220 ns) | @@@@@@@@@@@@@@@
---------------------------------------------------

MediatorBenchmarks.SendQuery_NoBehaviors: .NET 10.0(Runtime=.NET 10.0, Toolchain=net10.0)
Runtime = .NET 10.0.11 (10.0.11, 10.0.1126.37416), X64 RyuJIT x86-64-v3; GC = Concurrent Workstation
Mean = 15.755 ns, StdErr = 0.007 ns (0.04%), N = 13, StdDev = 0.024 ns
Min = 15.723 ns, Q1 = 15.735 ns, Median = 15.747 ns, Q3 = 15.774 ns, Max = 15.792 ns
IQR = 0.039 ns, LowerFence = 15.677 ns, UpperFence = 15.832 ns
ConfidenceInterval = [15.726 ns; 15.783 ns] (CI 99.9%), Margin = 0.029 ns (0.18% of Mean)
Skewness = 0.18, Kurtosis = 1.32, MValue = 2
-------------------- Histogram --------------------
[15.710 ns ; 15.806 ns) | @@@@@@@@@@@@@
---------------------------------------------------

MediatorBenchmarks.SendCommand_OneBehavior: .NET 10.0(Runtime=.NET 10.0, Toolchain=net10.0)
Runtime = .NET 10.0.11 (10.0.11, 10.0.1126.37416), X64 RyuJIT x86-64-v3; GC = Concurrent Workstation
Mean = 47.088 ns, StdErr = 0.021 ns (0.04%), N = 13, StdDev = 0.075 ns
Min = 47.023 ns, Q1 = 47.035 ns, Median = 47.067 ns, Q3 = 47.091 ns, Max = 47.299 ns
IQR = 0.056 ns, LowerFence = 46.950 ns, UpperFence = 47.176 ns
ConfidenceInterval = [46.997 ns; 47.178 ns] (CI 99.9%), Margin = 0.090 ns (0.19% of Mean)
Skewness = 1.61, Kurtosis = 4.92, MValue = 2
-------------------- Histogram --------------------
[46.981 ns ; 47.341 ns) | @@@@@@@@@@@@@
---------------------------------------------------

MediatorBenchmarks.SendCommand_FiveBehaviors: .NET 10.0(Runtime=.NET 10.0, Toolchain=net10.0)
Runtime = .NET 10.0.11 (10.0.11, 10.0.1126.37416), X64 RyuJIT x86-64-v3; GC = Concurrent Workstation
Mean = 163.267 ns, StdErr = 0.097 ns (0.06%), N = 14, StdDev = 0.364 ns
Min = 162.902 ns, Q1 = 163.035 ns, Median = 163.141 ns, Q3 = 163.365 ns, Max = 164.030 ns
IQR = 0.330 ns, LowerFence = 162.540 ns, UpperFence = 163.860 ns
ConfidenceInterval = [162.857 ns; 163.677 ns] (CI 99.9%), Margin = 0.410 ns (0.25% of Mean)
Skewness = 1.03, Kurtosis = 2.61, MValue = 2
-------------------- Histogram --------------------
[162.704 ns ; 164.228 ns) | @@@@@@@@@@@@@@
---------------------------------------------------

MediatorBenchmarks.PublishNotification_OneHandler: .NET 10.0(Runtime=.NET 10.0, Toolchain=net10.0)
Runtime = .NET 10.0.11 (10.0.11, 10.0.1126.37416), X64 RyuJIT x86-64-v3; GC = Concurrent Workstation
Mean = 37.637 ns, StdErr = 0.015 ns (0.04%), N = 12, StdDev = 0.053 ns
Min = 37.518 ns, Q1 = 37.621 ns, Median = 37.656 ns, Q3 = 37.673 ns, Max = 37.686 ns
IQR = 0.052 ns, LowerFence = 37.543 ns, UpperFence = 37.751 ns
ConfidenceInterval = [37.569 ns; 37.705 ns] (CI 99.9%), Margin = 0.068 ns (0.18% of Mean)
Skewness = -1, Kurtosis = 2.69, MValue = 2
-------------------- Histogram --------------------
[37.487 ns ; 37.717 ns) | @@@@@@@@@@@@
---------------------------------------------------

MediatorBenchmarks.PublishNotification_FiveHandlers: .NET 10.0(Runtime=.NET 10.0, Toolchain=net10.0)
Runtime = .NET 10.0.11 (10.0.11, 10.0.1126.37416), X64 RyuJIT x86-64-v3; GC = Concurrent Workstation
Mean = 199.727 ns, StdErr = 0.112 ns (0.06%), N = 14, StdDev = 0.418 ns
Min = 199.012 ns, Q1 = 199.398 ns, Median = 199.756 ns, Q3 = 200.007 ns, Max = 200.348 ns
IQR = 0.609 ns, LowerFence = 198.484 ns, UpperFence = 200.921 ns
ConfidenceInterval = [199.255 ns; 200.198 ns] (CI 99.9%), Margin = 0.472 ns (0.24% of Mean)
Skewness = -0.2, Kurtosis = 1.71, MValue = 2
-------------------- Histogram --------------------
[198.784 ns ; 200.575 ns) | @@@@@@@@@@@@@@
---------------------------------------------------

MediatorBenchmarks.PublishNotification_Parallel: .NET 10.0(Runtime=.NET 10.0, Toolchain=net10.0)
Runtime = .NET 10.0.11 (10.0.11, 10.0.1126.37416), X64 RyuJIT x86-64-v3; GC = Concurrent Workstation
Mean = 181.207 ns, StdErr = 0.382 ns (0.21%), N = 15, StdDev = 1.479 ns
Min = 179.204 ns, Q1 = 180.213 ns, Median = 180.765 ns, Q3 = 182.581 ns, Max = 183.737 ns
IQR = 2.368 ns, LowerFence = 176.660 ns, UpperFence = 186.134 ns
ConfidenceInterval = [179.626 ns; 182.788 ns] (CI 99.9%), Margin = 1.581 ns (0.87% of Mean)
Skewness = 0.46, Kurtosis = 1.6, MValue = 2
-------------------- Histogram --------------------
[178.619 ns ; 184.524 ns) | @@@@@@@@@@@@@@@
---------------------------------------------------

MediatorBenchmarks.NestedSend: .NET 10.0(Runtime=.NET 10.0, Toolchain=net10.0)
Runtime = .NET 10.0.11 (10.0.11, 10.0.1126.37416), X64 RyuJIT x86-64-v3; GC = Concurrent Workstation
Mean = 68.780 ns, StdErr = 0.043 ns (0.06%), N = 13, StdDev = 0.154 ns
Min = 68.453 ns, Q1 = 68.707 ns, Median = 68.789 ns, Q3 = 68.915 ns, Max = 68.955 ns
IQR = 0.208 ns, LowerFence = 68.395 ns, UpperFence = 69.226 ns
ConfidenceInterval = [68.596 ns; 68.965 ns] (CI 99.9%), Margin = 0.185 ns (0.27% of Mean)
Skewness = -0.58, Kurtosis = 2.15, MValue = 2
-------------------- Histogram --------------------
[68.366 ns ; 69.041 ns) | @@@@@@@@@@@@@
---------------------------------------------------

MediatorBenchmarks.DirectCall: .NET 8.0(Runtime=.NET 8.0, Toolchain=net8.0)
Runtime = .NET 8.0.30 (8.0.30, 8.0.3026.36720), X64 RyuJIT x86-64-v3; GC = Concurrent Workstation
Mean = 0.611 ns, StdErr = 0.002 ns (0.28%), N = 13, StdDev = 0.006 ns
Min = 0.604 ns, Q1 = 0.608 ns, Median = 0.610 ns, Q3 = 0.613 ns, Max = 0.627 ns
IQR = 0.005 ns, LowerFence = 0.600 ns, UpperFence = 0.621 ns
ConfidenceInterval = [0.604 ns; 0.619 ns] (CI 99.9%), Margin = 0.007 ns (1.21% of Mean)
Skewness = 1.04, Kurtosis = 3.38, MValue = 2
-------------------- Histogram --------------------
[0.601 ns ; 0.617 ns) | @@@@@@@@@@@
[0.617 ns ; 0.630 ns) | @@
---------------------------------------------------

MediatorBenchmarks.SendCommand_NoBehaviors: .NET 8.0(Runtime=.NET 8.0, Toolchain=net8.0)
Runtime = .NET 8.0.30 (8.0.30, 8.0.3026.36720), X64 RyuJIT x86-64-v3; GC = Concurrent Workstation
Mean = 27.024 ns, StdErr = 0.006 ns (0.02%), N = 14, StdDev = 0.022 ns
Min = 26.996 ns, Q1 = 27.011 ns, Median = 27.017 ns, Q3 = 27.034 ns, Max = 27.077 ns
IQR = 0.023 ns, LowerFence = 26.976 ns, UpperFence = 27.069 ns
ConfidenceInterval = [26.999 ns; 27.048 ns] (CI 99.9%), Margin = 0.024 ns (0.09% of Mean)
Skewness = 0.9, Kurtosis = 3.13, MValue = 2
-------------------- Histogram --------------------
[26.985 ns ; 27.089 ns) | @@@@@@@@@@@@@@
---------------------------------------------------

MediatorBenchmarks.SendQuery_NoBehaviors: .NET 8.0(Runtime=.NET 8.0, Toolchain=net8.0)
Runtime = .NET 8.0.30 (8.0.30, 8.0.3026.36720), X64 RyuJIT x86-64-v3; GC = Concurrent Workstation
Mean = 25.352 ns, StdErr = 0.013 ns (0.05%), N = 13, StdDev = 0.046 ns
Min = 25.313 ns, Q1 = 25.320 ns, Median = 25.328 ns, Q3 = 25.370 ns, Max = 25.467 ns
IQR = 0.050 ns, LowerFence = 25.245 ns, UpperFence = 25.446 ns
ConfidenceInterval = [25.296 ns; 25.407 ns] (CI 99.9%), Margin = 0.056 ns (0.22% of Mean)
Skewness = 1.17, Kurtosis = 3.26, MValue = 2
-------------------- Histogram --------------------
[25.287 ns ; 25.492 ns) | @@@@@@@@@@@@@
---------------------------------------------------

MediatorBenchmarks.SendCommand_OneBehavior: .NET 8.0(Runtime=.NET 8.0, Toolchain=net8.0)
Runtime = .NET 8.0.30 (8.0.30, 8.0.3026.36720), X64 RyuJIT x86-64-v3; GC = Concurrent Workstation
Mean = 55.824 ns, StdErr = 0.058 ns (0.10%), N = 13, StdDev = 0.208 ns
Min = 55.664 ns, Q1 = 55.689 ns, Median = 55.748 ns, Q3 = 55.824 ns, Max = 56.385 ns
IQR = 0.135 ns, LowerFence = 55.487 ns, UpperFence = 56.027 ns
ConfidenceInterval = [55.575 ns; 56.073 ns] (CI 99.9%), Margin = 0.249 ns (0.45% of Mean)
Skewness = 1.54, Kurtosis = 4.35, MValue = 2
-------------------- Histogram --------------------
[55.548 ns ; 56.502 ns) | @@@@@@@@@@@@@
---------------------------------------------------

MediatorBenchmarks.SendCommand_FiveBehaviors: .NET 8.0(Runtime=.NET 8.0, Toolchain=net8.0)
Runtime = .NET 8.0.30 (8.0.30, 8.0.3026.36720), X64 RyuJIT x86-64-v3; GC = Concurrent Workstation
Mean = 259.765 ns, StdErr = 0.161 ns (0.06%), N = 15, StdDev = 0.624 ns
Min = 259.086 ns, Q1 = 259.275 ns, Median = 259.565 ns, Q3 = 260.142 ns, Max = 261.224 ns
IQR = 0.867 ns, LowerFence = 257.975 ns, UpperFence = 261.442 ns
ConfidenceInterval = [259.098 ns; 260.433 ns] (CI 99.9%), Margin = 0.667 ns (0.26% of Mean)
Skewness = 0.91, Kurtosis = 2.7, MValue = 2
-------------------- Histogram --------------------
[258.754 ns ; 261.557 ns) | @@@@@@@@@@@@@@@
---------------------------------------------------

MediatorBenchmarks.PublishNotification_OneHandler: .NET 8.0(Runtime=.NET 8.0, Toolchain=net8.0)
Runtime = .NET 8.0.30 (8.0.30, 8.0.3026.36720), X64 RyuJIT x86-64-v3; GC = Concurrent Workstation
Mean = 57.840 ns, StdErr = 0.103 ns (0.18%), N = 15, StdDev = 0.399 ns
Min = 57.361 ns, Q1 = 57.486 ns, Median = 57.810 ns, Q3 = 58.075 ns, Max = 58.488 ns
IQR = 0.589 ns, LowerFence = 56.602 ns, UpperFence = 58.958 ns
ConfidenceInterval = [57.413 ns; 58.266 ns] (CI 99.9%), Margin = 0.426 ns (0.74% of Mean)
Skewness = 0.4, Kurtosis = 1.58, MValue = 2
-------------------- Histogram --------------------
[57.149 ns ; 58.701 ns) | @@@@@@@@@@@@@@@
---------------------------------------------------

MediatorBenchmarks.PublishNotification_FiveHandlers: .NET 8.0(Runtime=.NET 8.0, Toolchain=net8.0)
Runtime = .NET 8.0.30 (8.0.30, 8.0.3026.36720), X64 RyuJIT x86-64-v3; GC = Concurrent Workstation
Mean = 221.104 ns, StdErr = 0.301 ns (0.14%), N = 14, StdDev = 1.127 ns
Min = 219.266 ns, Q1 = 220.460 ns, Median = 221.173 ns, Q3 = 222.155 ns, Max = 222.531 ns
IQR = 1.695 ns, LowerFence = 217.918 ns, UpperFence = 224.697 ns
ConfidenceInterval = [219.832 ns; 222.375 ns] (CI 99.9%), Margin = 1.272 ns (0.58% of Mean)
Skewness = -0.25, Kurtosis = 1.68, MValue = 2
-------------------- Histogram --------------------
[218.652 ns ; 223.014 ns) | @@@@@@@@@@@@@@
---------------------------------------------------

MediatorBenchmarks.PublishNotification_Parallel: .NET 8.0(Runtime=.NET 8.0, Toolchain=net8.0)
Runtime = .NET 8.0.30 (8.0.30, 8.0.3026.36720), X64 RyuJIT x86-64-v3; GC = Concurrent Workstation
Mean = 208.107 ns, StdErr = 0.311 ns (0.15%), N = 13, StdDev = 1.122 ns
Min = 206.296 ns, Q1 = 207.787 ns, Median = 207.972 ns, Q3 = 208.729 ns, Max = 210.552 ns
IQR = 0.942 ns, LowerFence = 206.373 ns, UpperFence = 210.143 ns
ConfidenceInterval = [206.763 ns; 209.450 ns] (CI 99.9%), Margin = 1.344 ns (0.65% of Mean)
Skewness = 0.38, Kurtosis = 2.71, MValue = 2
-------------------- Histogram --------------------
[206.231 ns ; 211.179 ns) | @@@@@@@@@@@@@
---------------------------------------------------

MediatorBenchmarks.NestedSend: .NET 8.0(Runtime=.NET 8.0, Toolchain=net8.0)
Runtime = .NET 8.0.30 (8.0.30, 8.0.3026.36720), X64 RyuJIT x86-64-v3; GC = Concurrent Workstation
Mean = 90.968 ns, StdErr = 0.062 ns (0.07%), N = 15, StdDev = 0.240 ns
Min = 90.645 ns, Q1 = 90.745 ns, Median = 90.999 ns, Q3 = 91.044 ns, Max = 91.394 ns
IQR = 0.298 ns, LowerFence = 90.298 ns, UpperFence = 91.492 ns
ConfidenceInterval = [90.711 ns; 91.225 ns] (CI 99.9%), Margin = 0.257 ns (0.28% of Mean)
Skewness = 0.26, Kurtosis = 1.83, MValue = 2
-------------------- Histogram --------------------
[90.517 ns ; 91.522 ns) | @@@@@@@@@@@@@@@
---------------------------------------------------

MediatorBenchmarks.DirectCall: .NET 9.0(Runtime=.NET 9.0, Toolchain=net9.0)
Runtime = .NET 9.0.19 (9.0.19, 9.0.1926.36724), X64 RyuJIT x86-64-v3; GC = Concurrent Workstation
Mean = 0.334 ns, StdErr = 0.002 ns (0.48%), N = 13, StdDev = 0.006 ns
Min = 0.326 ns, Q1 = 0.331 ns, Median = 0.334 ns, Q3 = 0.335 ns, Max = 0.348 ns
IQR = 0.004 ns, LowerFence = 0.325 ns, UpperFence = 0.341 ns
ConfidenceInterval = [0.327 ns; 0.341 ns] (CI 99.9%), Margin = 0.007 ns (2.07% of Mean)
Skewness = 0.91, Kurtosis = 3.36, MValue = 2
-------------------- Histogram --------------------
[0.322 ns ; 0.336 ns) | @@@@@@@@@@
[0.336 ns ; 0.343 ns) | @@
[0.343 ns ; 0.352 ns) | @
---------------------------------------------------

MediatorBenchmarks.SendCommand_NoBehaviors: .NET 9.0(Runtime=.NET 9.0, Toolchain=net9.0)
Runtime = .NET 9.0.19 (9.0.19, 9.0.1926.36724), X64 RyuJIT x86-64-v3; GC = Concurrent Workstation
Mean = 23.442 ns, StdErr = 0.016 ns (0.07%), N = 15, StdDev = 0.061 ns
Min = 23.380 ns, Q1 = 23.392 ns, Median = 23.424 ns, Q3 = 23.471 ns, Max = 23.575 ns
IQR = 0.079 ns, LowerFence = 23.274 ns, UpperFence = 23.590 ns
ConfidenceInterval = [23.377 ns; 23.508 ns] (CI 99.9%), Margin = 0.065 ns (0.28% of Mean)
Skewness = 0.88, Kurtosis = 2.52, MValue = 2
-------------------- Histogram --------------------
[23.348 ns ; 23.608 ns) | @@@@@@@@@@@@@@@
---------------------------------------------------

MediatorBenchmarks.SendQuery_NoBehaviors: .NET 9.0(Runtime=.NET 9.0, Toolchain=net9.0)
Runtime = .NET 9.0.19 (9.0.19, 9.0.1926.36724), X64 RyuJIT x86-64-v3; GC = Concurrent Workstation
Mean = 18.246 ns, StdErr = 0.005 ns (0.03%), N = 13, StdDev = 0.020 ns
Min = 18.216 ns, Q1 = 18.232 ns, Median = 18.246 ns, Q3 = 18.262 ns, Max = 18.275 ns
IQR = 0.031 ns, LowerFence = 18.186 ns, UpperFence = 18.308 ns
ConfidenceInterval = [18.223 ns; 18.270 ns] (CI 99.9%), Margin = 0.024 ns (0.13% of Mean)
Skewness = -0.06, Kurtosis = 1.57, MValue = 2
-------------------- Histogram --------------------
[18.205 ns ; 18.286 ns) | @@@@@@@@@@@@@
---------------------------------------------------

MediatorBenchmarks.SendCommand_OneBehavior: .NET 9.0(Runtime=.NET 9.0, Toolchain=net9.0)
Runtime = .NET 9.0.19 (9.0.19, 9.0.1926.36724), X64 RyuJIT x86-64-v3; GC = Concurrent Workstation
Mean = 45.814 ns, StdErr = 0.027 ns (0.06%), N = 14, StdDev = 0.100 ns
Min = 45.688 ns, Q1 = 45.755 ns, Median = 45.779 ns, Q3 = 45.836 ns, Max = 46.016 ns
IQR = 0.081 ns, LowerFence = 45.633 ns, UpperFence = 45.958 ns
ConfidenceInterval = [45.701 ns; 45.926 ns] (CI 99.9%), Margin = 0.112 ns (0.25% of Mean)
Skewness = 0.82, Kurtosis = 2.27, MValue = 2
-------------------- Histogram --------------------
[45.634 ns ; 46.070 ns) | @@@@@@@@@@@@@@
---------------------------------------------------

MediatorBenchmarks.SendCommand_FiveBehaviors: .NET 9.0(Runtime=.NET 9.0, Toolchain=net9.0)
Runtime = .NET 9.0.19 (9.0.19, 9.0.1926.36724), X64 RyuJIT x86-64-v3; GC = Concurrent Workstation
Mean = 225.936 ns, StdErr = 0.088 ns (0.04%), N = 14, StdDev = 0.331 ns
Min = 225.653 ns, Q1 = 225.692 ns, Median = 225.833 ns, Q3 = 225.949 ns, Max = 226.684 ns
IQR = 0.257 ns, LowerFence = 225.307 ns, UpperFence = 226.333 ns
ConfidenceInterval = [225.563 ns; 226.309 ns] (CI 99.9%), Margin = 0.373 ns (0.17% of Mean)
Skewness = 1.08, Kurtosis = 2.71, MValue = 2
-------------------- Histogram --------------------
[225.473 ns ; 226.864 ns) | @@@@@@@@@@@@@@
---------------------------------------------------

MediatorBenchmarks.PublishNotification_OneHandler: .NET 9.0(Runtime=.NET 9.0, Toolchain=net9.0)
Runtime = .NET 9.0.19 (9.0.19, 9.0.1926.36724), X64 RyuJIT x86-64-v3; GC = Concurrent Workstation
Mean = 56.046 ns, StdErr = 0.052 ns (0.09%), N = 13, StdDev = 0.187 ns
Min = 55.828 ns, Q1 = 55.894 ns, Median = 56.005 ns, Q3 = 56.147 ns, Max = 56.504 ns
IQR = 0.254 ns, LowerFence = 55.514 ns, UpperFence = 56.528 ns
ConfidenceInterval = [55.822 ns; 56.270 ns] (CI 99.9%), Margin = 0.224 ns (0.40% of Mean)
Skewness = 0.94, Kurtosis = 3.15, MValue = 2
-------------------- Histogram --------------------
[55.724 ns ; 56.608 ns) | @@@@@@@@@@@@@
---------------------------------------------------

MediatorBenchmarks.PublishNotification_FiveHandlers: .NET 9.0(Runtime=.NET 9.0, Toolchain=net9.0)
Runtime = .NET 9.0.19 (9.0.19, 9.0.1926.36724), X64 RyuJIT x86-64-v3; GC = Concurrent Workstation
Mean = 215.440 ns, StdErr = 0.155 ns (0.07%), N = 15, StdDev = 0.600 ns
Min = 214.373 ns, Q1 = 214.919 ns, Median = 215.628 ns, Q3 = 215.780 ns, Max = 216.412 ns
IQR = 0.860 ns, LowerFence = 213.629 ns, UpperFence = 217.070 ns
ConfidenceInterval = [214.798 ns; 216.082 ns] (CI 99.9%), Margin = 0.642 ns (0.30% of Mean)
Skewness = -0.16, Kurtosis = 1.76, MValue = 2
-------------------- Histogram --------------------
[214.054 ns ; 216.731 ns) | @@@@@@@@@@@@@@@
---------------------------------------------------

MediatorBenchmarks.PublishNotification_Parallel: .NET 9.0(Runtime=.NET 9.0, Toolchain=net9.0)
Runtime = .NET 9.0.19 (9.0.19, 9.0.1926.36724), X64 RyuJIT x86-64-v3; GC = Concurrent Workstation
Mean = 200.195 ns, StdErr = 0.266 ns (0.13%), N = 15, StdDev = 1.028 ns
Min = 197.880 ns, Q1 = 199.905 ns, Median = 200.620 ns, Q3 = 200.933 ns, Max = 201.116 ns
IQR = 1.028 ns, LowerFence = 198.363 ns, UpperFence = 202.475 ns
ConfidenceInterval = [199.096 ns; 201.295 ns] (CI 99.9%), Margin = 1.099 ns (0.55% of Mean)
Skewness = -1.04, Kurtosis = 2.61, MValue = 2
-------------------- Histogram --------------------
[197.332 ns ; 201.664 ns) | @@@@@@@@@@@@@@@
---------------------------------------------------

MediatorBenchmarks.NestedSend: .NET 9.0(Runtime=.NET 9.0, Toolchain=net9.0)
Runtime = .NET 9.0.19 (9.0.19, 9.0.1926.36724), X64 RyuJIT x86-64-v3; GC = Concurrent Workstation
Mean = 78.388 ns, StdErr = 0.069 ns (0.09%), N = 14, StdDev = 0.257 ns
Min = 78.036 ns, Q1 = 78.208 ns, Median = 78.303 ns, Q3 = 78.471 ns, Max = 78.959 ns
IQR = 0.263 ns, LowerFence = 77.813 ns, UpperFence = 78.867 ns
ConfidenceInterval = [78.098 ns; 78.678 ns] (CI 99.9%), Margin = 0.290 ns (0.37% of Mean)
Skewness = 0.81, Kurtosis = 2.61, MValue = 2
-------------------- Histogram --------------------
[77.897 ns ; 79.099 ns) | @@@@@@@@@@@@@@
---------------------------------------------------

MediatorBenchmarks.DirectCall: ShortRun(IterationCount=3, LaunchCount=1, WarmupCount=3)
Runtime = .NET 10.0.11 (10.0.11, 10.0.1126.37416), X64 RyuJIT x86-64-v3; GC = Concurrent Workstation
Mean = 0.607 ns, StdErr = 0.005 ns (0.77%), N = 3, StdDev = 0.008 ns
Min = 0.599 ns, Q1 = 0.603 ns, Median = 0.608 ns, Q3 = 0.611 ns, Max = 0.615 ns
IQR = 0.008 ns, LowerFence = 0.591 ns, UpperFence = 0.623 ns
ConfidenceInterval = [0.460 ns; 0.755 ns] (CI 99.9%), Margin = 0.147 ns (24.26% of Mean)
Skewness = -0.05, Kurtosis = 0.67, MValue = 2
-------------------- Histogram --------------------
[0.592 ns ; 0.604 ns) | @
[0.604 ns ; 0.619 ns) | @@
---------------------------------------------------

MediatorBenchmarks.SendCommand_NoBehaviors: ShortRun(IterationCount=3, LaunchCount=1, WarmupCount=3)
Runtime = .NET 10.0.11 (10.0.11, 10.0.1126.37416), X64 RyuJIT x86-64-v3; GC = Concurrent Workstation
Mean = 21.354 ns, StdErr = 0.017 ns (0.08%), N = 3, StdDev = 0.029 ns
Min = 21.335 ns, Q1 = 21.337 ns, Median = 21.339 ns, Q3 = 21.363 ns, Max = 21.387 ns
IQR = 0.026 ns, LowerFence = 21.298 ns, UpperFence = 21.402 ns
ConfidenceInterval = [20.821 ns; 21.886 ns] (CI 99.9%), Margin = 0.533 ns (2.49% of Mean)
Skewness = 0.38, Kurtosis = 0.67, MValue = 2
-------------------- Histogram --------------------
[21.335 ns ; 21.388 ns) | @@@
---------------------------------------------------

MediatorBenchmarks.SendQuery_NoBehaviors: ShortRun(IterationCount=3, LaunchCount=1, WarmupCount=3)
Runtime = .NET 10.0.11 (10.0.11, 10.0.1126.37416), X64 RyuJIT x86-64-v3; GC = Concurrent Workstation
Mean = 16.137 ns, StdErr = 0.061 ns (0.38%), N = 3, StdDev = 0.106 ns
Min = 16.059 ns, Q1 = 16.076 ns, Median = 16.094 ns, Q3 = 16.176 ns, Max = 16.258 ns
IQR = 0.099 ns, LowerFence = 15.928 ns, UpperFence = 16.325 ns
ConfidenceInterval = [14.202 ns; 18.072 ns] (CI 99.9%), Margin = 1.935 ns (11.99% of Mean)
Skewness = 0.34, Kurtosis = 0.67, MValue = 2
-------------------- Histogram --------------------
[15.963 ns ; 16.354 ns) | @@@
---------------------------------------------------

MediatorBenchmarks.SendCommand_OneBehavior: ShortRun(IterationCount=3, LaunchCount=1, WarmupCount=3)
Runtime = .NET 10.0.11 (10.0.11, 10.0.1126.37416), X64 RyuJIT x86-64-v3; GC = Concurrent Workstation
Mean = 47.431 ns, StdErr = 0.006 ns (0.01%), N = 3, StdDev = 0.011 ns
Min = 47.422 ns, Q1 = 47.426 ns, Median = 47.429 ns, Q3 = 47.436 ns, Max = 47.443 ns
IQR = 0.010 ns, LowerFence = 47.410 ns, UpperFence = 47.451 ns
ConfidenceInterval = [47.240 ns; 47.623 ns] (CI 99.9%), Margin = 0.192 ns (0.40% of Mean)
Skewness = 0.22, Kurtosis = 0.67, MValue = 2
-------------------- Histogram --------------------
[47.413 ns ; 47.453 ns) | @@@
---------------------------------------------------

MediatorBenchmarks.SendCommand_FiveBehaviors: ShortRun(IterationCount=3, LaunchCount=1, WarmupCount=3)
Runtime = .NET 10.0.11 (10.0.11, 10.0.1126.37416), X64 RyuJIT x86-64-v3; GC = Concurrent Workstation
Mean = 162.959 ns, StdErr = 0.224 ns (0.14%), N = 3, StdDev = 0.389 ns
Min = 162.728 ns, Q1 = 162.735 ns, Median = 162.741 ns, Q3 = 163.075 ns, Max = 163.408 ns
IQR = 0.340 ns, LowerFence = 162.225 ns, UpperFence = 163.585 ns
ConfidenceInterval = [155.866 ns; 170.052 ns] (CI 99.9%), Margin = 7.093 ns (4.35% of Mean)
Skewness = 0.38, Kurtosis = 0.67, MValue = 2
-------------------- Histogram --------------------
[162.714 ns ; 163.422 ns) | @@@
---------------------------------------------------

MediatorBenchmarks.PublishNotification_OneHandler: ShortRun(IterationCount=3, LaunchCount=1, WarmupCount=3)
Runtime = .NET 10.0.11 (10.0.11, 10.0.1126.37416), X64 RyuJIT x86-64-v3; GC = Concurrent Workstation
Mean = 37.773 ns, StdErr = 0.048 ns (0.13%), N = 3, StdDev = 0.084 ns
Min = 37.710 ns, Q1 = 37.725 ns, Median = 37.740 ns, Q3 = 37.804 ns, Max = 37.868 ns
IQR = 0.079 ns, LowerFence = 37.607 ns, UpperFence = 37.922 ns
ConfidenceInterval = [36.247 ns; 39.298 ns] (CI 99.9%), Margin = 1.526 ns (4.04% of Mean)
Skewness = 0.33, Kurtosis = 0.67, MValue = 2
-------------------- Histogram --------------------
[37.634 ns ; 37.944 ns) | @@@
---------------------------------------------------

MediatorBenchmarks.PublishNotification_FiveHandlers: ShortRun(IterationCount=3, LaunchCount=1, WarmupCount=3)
Runtime = .NET 10.0.11 (10.0.11, 10.0.1126.37416), X64 RyuJIT x86-64-v3; GC = Concurrent Workstation
Mean = 198.496 ns, StdErr = 0.205 ns (0.10%), N = 3, StdDev = 0.356 ns
Min = 198.126 ns, Q1 = 198.327 ns, Median = 198.527 ns, Q3 = 198.681 ns, Max = 198.836 ns
IQR = 0.355 ns, LowerFence = 197.794 ns, UpperFence = 199.214 ns
ConfidenceInterval = [192.005 ns; 204.988 ns] (CI 99.9%), Margin = 6.491 ns (3.27% of Mean)
Skewness = -0.09, Kurtosis = 0.67, MValue = 2
-------------------- Histogram --------------------
[197.802 ns ; 199.160 ns) | @@@
---------------------------------------------------

MediatorBenchmarks.PublishNotification_Parallel: ShortRun(IterationCount=3, LaunchCount=1, WarmupCount=3)
Runtime = .NET 10.0.11 (10.0.11, 10.0.1126.37416), X64 RyuJIT x86-64-v3; GC = Concurrent Workstation
Mean = 181.694 ns, StdErr = 0.832 ns (0.46%), N = 3, StdDev = 1.441 ns
Min = 180.072 ns, Q1 = 181.128 ns, Median = 182.184 ns, Q3 = 182.505 ns, Max = 182.826 ns
IQR = 1.377 ns, LowerFence = 179.063 ns, UpperFence = 184.571 ns
ConfidenceInterval = [155.408 ns; 207.980 ns] (CI 99.9%), Margin = 26.286 ns (14.47% of Mean)
Skewness = -0.3, Kurtosis = 0.67, MValue = 2
-------------------- Histogram --------------------
[178.761 ns ; 184.138 ns) | @@@
---------------------------------------------------

MediatorBenchmarks.NestedSend: ShortRun(IterationCount=3, LaunchCount=1, WarmupCount=3)
Runtime = .NET 10.0.11 (10.0.11, 10.0.1126.37416), X64 RyuJIT x86-64-v3; GC = Concurrent Workstation
Mean = 68.644 ns, StdErr = 0.089 ns (0.13%), N = 3, StdDev = 0.155 ns
Min = 68.467 ns, Q1 = 68.589 ns, Median = 68.711 ns, Q3 = 68.733 ns, Max = 68.755 ns
IQR = 0.144 ns, LowerFence = 68.374 ns, UpperFence = 68.948 ns
ConfidenceInterval = [65.819 ns; 71.469 ns] (CI 99.9%), Margin = 2.825 ns (4.12% of Mean)
Skewness = -0.35, Kurtosis = 0.67, MValue = 2
-------------------- Histogram --------------------
[68.326 ns ; 68.896 ns) | @@@
---------------------------------------------------

// * Summary *

BenchmarkDotNet v0.15.8, Linux Ubuntu 24.04.4 LTS (Noble Numbat)
AMD EPYC 7763 2.45GHz, 1 CPU, 4 logical and 2 physical cores
.NET SDK 10.0.400
  [Host]    : .NET 10.0.11 (10.0.11, 10.0.1126.37416), X64 RyuJIT x86-64-v3
  .NET 10.0 : .NET 10.0.11 (10.0.11, 10.0.1126.37416), X64 RyuJIT x86-64-v3
  .NET 8.0  : .NET 8.0.30 (8.0.30, 8.0.3026.36720), X64 RyuJIT x86-64-v3
  .NET 9.0  : .NET 9.0.19 (9.0.19, 9.0.1926.36724), X64 RyuJIT x86-64-v3
  ShortRun  : .NET 10.0.11 (10.0.11, 10.0.1126.37416), X64 RyuJIT x86-64-v3


| Method                           | Job       | Runtime   | IterationCount | LaunchCount | WarmupCount | Mean        | Error      | StdDev    | Ratio  | RatioSD | Gen0   | Allocated | Alloc Ratio |
|--------------------------------- |---------- |---------- |--------------- |------------ |------------ |------------:|-----------:|----------:|-------:|--------:|-------:|----------:|------------:|
| DirectCall                       | .NET 10.0 | .NET 10.0 | Default        | Default     | Default     |   0.6061 ns |  0.0103 ns | 0.0092 ns |   0.99 |    0.02 |      - |         - |          NA |
| SendCommand_NoBehaviors          | .NET 10.0 | .NET 10.0 | Default        | Default     | Default     |  21.0539 ns |  0.0680 ns | 0.0636 ns |  34.45 |    0.35 |      - |         - |          NA |
| SendQuery_NoBehaviors            | .NET 10.0 | .NET 10.0 | Default        | Default     | Default     |  15.7546 ns |  0.0287 ns | 0.0240 ns |  25.78 |    0.25 |      - |         - |          NA |
| SendCommand_OneBehavior          | .NET 10.0 | .NET 10.0 | Default        | Default     | Default     |  47.0877 ns |  0.0904 ns | 0.0755 ns |  77.05 |    0.75 |      - |         - |          NA |
| SendCommand_FiveBehaviors        | .NET 10.0 | .NET 10.0 | Default        | Default     | Default     | 163.2673 ns |  0.4101 ns | 0.3635 ns | 267.15 |    2.64 |      - |         - |          NA |
| PublishNotification_OneHandler   | .NET 10.0 | .NET 10.0 | Default        | Default     | Default     |  37.6373 ns |  0.0681 ns | 0.0532 ns |  61.58 |    0.60 | 0.0014 |      24 B |          NA |
| PublishNotification_FiveHandlers | .NET 10.0 | .NET 10.0 | Default        | Default     | Default     | 199.7266 ns |  0.4718 ns | 0.4183 ns | 326.80 |    3.23 | 0.0072 |     120 B |          NA |
| PublishNotification_Parallel     | .NET 10.0 | .NET 10.0 | Default        | Default     | Default     | 181.2069 ns |  1.5812 ns | 1.4791 ns | 296.50 |    3.70 | 0.0114 |     192 B |          NA |
| NestedSend                       | .NET 10.0 | .NET 10.0 | Default        | Default     | Default     |  68.7805 ns |  0.1849 ns | 0.1544 ns | 112.54 |    1.11 | 0.0014 |      24 B |          NA |
| DirectCall                       | .NET 8.0  | .NET 8.0  | Default        | Default     | Default     |   0.6112 ns |  0.0074 ns | 0.0062 ns |   1.00 |    0.01 |      - |         - |          NA |
| SendCommand_NoBehaviors          | .NET 8.0  | .NET 8.0  | Default        | Default     | Default     |  27.0237 ns |  0.0243 ns | 0.0215 ns |  44.22 |    0.43 |      - |         - |          NA |
| SendQuery_NoBehaviors            | .NET 8.0  | .NET 8.0  | Default        | Default     | Default     |  25.3520 ns |  0.0555 ns | 0.0464 ns |  41.48 |    0.41 |      - |         - |          NA |
| SendCommand_OneBehavior          | .NET 8.0  | .NET 8.0  | Default        | Default     | Default     |  55.8241 ns |  0.2491 ns | 0.2080 ns |  91.34 |    0.94 |      - |         - |          NA |
| SendCommand_FiveBehaviors        | .NET 8.0  | .NET 8.0  | Default        | Default     | Default     | 259.7655 ns |  0.6673 ns | 0.6242 ns | 425.04 |    4.22 |      - |         - |          NA |
| PublishNotification_OneHandler   | .NET 8.0  | .NET 8.0  | Default        | Default     | Default     |  57.8397 ns |  0.4263 ns | 0.3988 ns |  94.64 |    1.11 | 0.0014 |      24 B |          NA |
| PublishNotification_FiveHandlers | .NET 8.0  | .NET 8.0  | Default        | Default     | Default     | 221.1035 ns |  1.2717 ns | 1.1273 ns | 361.78 |    3.92 | 0.0072 |     120 B |          NA |
| PublishNotification_Parallel     | .NET 8.0  | .NET 8.0  | Default        | Default     | Default     | 208.1069 ns |  1.3436 ns | 1.1220 ns | 340.52 |    3.74 | 0.0119 |     200 B |          NA |
| NestedSend                       | .NET 8.0  | .NET 8.0  | Default        | Default     | Default     |  90.9676 ns |  0.2569 ns | 0.2403 ns | 148.85 |    1.49 | 0.0014 |      24 B |          NA |
| DirectCall                       | .NET 9.0  | .NET 9.0  | Default        | Default     | Default     |   0.3342 ns |  0.0069 ns | 0.0058 ns |   0.55 |    0.01 |      - |         - |          NA |
| SendCommand_NoBehaviors          | .NET 9.0  | .NET 9.0  | Default        | Default     | Default     |  23.4424 ns |  0.0653 ns | 0.0611 ns |  38.36 |    0.38 |      - |         - |          NA |
| SendQuery_NoBehaviors            | .NET 9.0  | .NET 9.0  | Default        | Default     | Default     |  18.2463 ns |  0.0235 ns | 0.0196 ns |  29.86 |    0.29 |      - |         - |          NA |
| SendCommand_OneBehavior          | .NET 9.0  | .NET 9.0  | Default        | Default     | Default     |  45.8137 ns |  0.1123 ns | 0.0996 ns |  74.96 |    0.74 |      - |         - |          NA |
| SendCommand_FiveBehaviors        | .NET 9.0  | .NET 9.0  | Default        | Default     | Default     | 225.9361 ns |  0.3731 ns | 0.3308 ns | 369.69 |    3.61 |      - |         - |          NA |
| PublishNotification_OneHandler   | .NET 9.0  | .NET 9.0  | Default        | Default     | Default     |  56.0461 ns |  0.2240 ns | 0.1871 ns |  91.71 |    0.93 | 0.0014 |      24 B |          NA |
| PublishNotification_FiveHandlers | .NET 9.0  | .NET 9.0  | Default        | Default     | Default     | 215.4402 ns |  0.6418 ns | 0.6003 ns | 352.51 |    3.53 | 0.0072 |     120 B |          NA |
| PublishNotification_Parallel     | .NET 9.0  | .NET 9.0  | Default        | Default     | Default     | 200.1954 ns |  1.0995 ns | 1.0284 ns | 327.57 |    3.56 | 0.0114 |     192 B |          NA |
| NestedSend                       | .NET 9.0  | .NET 9.0  | Default        | Default     | Default     |  78.3878 ns |  0.2898 ns | 0.2569 ns | 128.26 |    1.30 | 0.0014 |      24 B |          NA |
| DirectCall                       | ShortRun  | .NET 10.0 | 3              | 1           | 3           |   0.6072 ns |  0.1473 ns | 0.0081 ns |   0.99 |    0.01 |      - |         - |          NA |
| SendCommand_NoBehaviors          | ShortRun  | .NET 10.0 | 3              | 1           | 3           |  21.3537 ns |  0.5326 ns | 0.0292 ns |  34.94 |    0.34 |      - |         - |          NA |
| SendQuery_NoBehaviors            | ShortRun  | .NET 10.0 | 3              | 1           | 3           |  16.1368 ns |  1.9351 ns | 0.1061 ns |  26.40 |    0.29 |      - |         - |          NA |
| SendCommand_OneBehavior          | ShortRun  | .NET 10.0 | 3              | 1           | 3           |  47.4314 ns |  0.1918 ns | 0.0105 ns |  77.61 |    0.76 |      - |         - |          NA |
| SendCommand_FiveBehaviors        | ShortRun  | .NET 10.0 | 3              | 1           | 3           | 162.9594 ns |  7.0931 ns | 0.3888 ns | 266.64 |    2.65 |      - |         - |          NA |
| PublishNotification_OneHandler   | ShortRun  | .NET 10.0 | 3              | 1           | 3           |  37.7727 ns |  1.5257 ns | 0.0836 ns |  61.81 |    0.61 | 0.0014 |      24 B |          NA |
| PublishNotification_FiveHandlers | ShortRun  | .NET 10.0 | 3              | 1           | 3           | 198.4963 ns |  6.4914 ns | 0.3558 ns | 324.79 |    3.21 | 0.0072 |     120 B |          NA |
| PublishNotification_Parallel     | ShortRun  | .NET 10.0 | 3              | 1           | 3           | 181.6943 ns | 26.2860 ns | 1.4408 ns | 297.30 |    3.50 | 0.0114 |     192 B |          NA |
| NestedSend                       | ShortRun  | .NET 10.0 | 3              | 1           | 3           |  68.6444 ns |  2.8250 ns | 0.1548 ns | 112.32 |    1.12 | 0.0014 |      24 B |          NA |

// * Warnings *
ZeroMeasurement
  MediatorBenchmarks.DirectCall: ShortRun -> The method duration is indistinguishable from the empty method duration

// * Hints *
Outliers
  MediatorBenchmarks.DirectCall: .NET 10.0                       -> 1 outlier  was  removed (4.06 ns)
  MediatorBenchmarks.SendQuery_NoBehaviors: .NET 10.0            -> 2 outliers were removed (19.21 ns, 19.59 ns)
  MediatorBenchmarks.SendCommand_OneBehavior: .NET 10.0          -> 2 outliers were removed (50.79 ns, 50.89 ns)
  MediatorBenchmarks.SendCommand_FiveBehaviors: .NET 10.0        -> 1 outlier  was  removed (168.43 ns)
  MediatorBenchmarks.PublishNotification_OneHandler: .NET 10.0   -> 3 outliers were removed, 4 outliers were detected (39.32 ns, 39.58 ns..39.61 ns)
  MediatorBenchmarks.PublishNotification_FiveHandlers: .NET 10.0 -> 1 outlier  was  removed (203.34 ns)
  MediatorBenchmarks.NestedSend: .NET 10.0                       -> 2 outliers were removed (72.70 ns, 73.72 ns)
  MediatorBenchmarks.DirectCall: .NET 8.0                        -> 2 outliers were removed (4.28 ns, 4.35 ns)
  MediatorBenchmarks.SendCommand_NoBehaviors: .NET 8.0           -> 1 outlier  was  removed (30.83 ns)
  MediatorBenchmarks.SendQuery_NoBehaviors: .NET 8.0             -> 2 outliers were removed (29.18 ns, 29.56 ns)
  MediatorBenchmarks.SendCommand_OneBehavior: .NET 8.0           -> 2 outliers were removed (60.30 ns, 61.03 ns)
  MediatorBenchmarks.PublishNotification_FiveHandlers: .NET 8.0  -> 1 outlier  was  removed (229.21 ns)
  MediatorBenchmarks.PublishNotification_Parallel: .NET 8.0      -> 2 outliers were removed (214.85 ns, 215.51 ns)
  MediatorBenchmarks.DirectCall: .NET 9.0                        -> 2 outliers were removed (3.99 ns, 4.07 ns)
  MediatorBenchmarks.SendQuery_NoBehaviors: .NET 9.0             -> 2 outliers were removed (21.97 ns, 22.04 ns)
  MediatorBenchmarks.SendCommand_OneBehavior: .NET 9.0           -> 1 outlier  was  removed (50.21 ns)
  MediatorBenchmarks.SendCommand_FiveBehaviors: .NET 9.0         -> 1 outlier  was  removed (232.84 ns)
  MediatorBenchmarks.PublishNotification_OneHandler: .NET 9.0    -> 2 outliers were removed (56.97 ns, 57.15 ns)
  MediatorBenchmarks.PublishNotification_Parallel: .NET 9.0      -> 1 outlier  was  detected (200.46 ns)
  MediatorBenchmarks.NestedSend: .NET 9.0                        -> 1 outlier  was  removed (84.14 ns)

// * Legends *
  Mean        : Arithmetic mean of all measurements
  Error       : Half of 99.9% confidence interval
  StdDev      : Standard deviation of all measurements
  Ratio       : Mean of the ratio distribution ([Current]/[Baseline])
  RatioSD     : Standard deviation of the ratio distribution ([Current]/[Baseline])
  Gen0        : GC Generation 0 collects per 1000 operations
  Allocated   : Allocated memory per single operation (managed only, inclusive, 1KB = 1024B)
  Alloc Ratio : Allocated memory ratio distribution ([Current]/[Baseline])
  1 ns        : 1 Nanosecond (0.000000001 sec)

// * Diagnostic Output - MemoryDiagnoser *


// ***** BenchmarkRunner: End *****
Run time: 00:11:32 (692.17 sec), executed benchmarks: 36

Global total time: 00:12:09 (729.48 sec), executed benchmarks: 36
// * Artifacts cleanup *
Artifacts cleanup is finished
