// Validating benchmarks:
//    * Job(ShortRun) doesn't have a Runtime characteristic. It's recommended to specify runtime by using WithRuntime explicitly.

// ***** BenchmarkRunner: Start   *****
// ***** Found 36 benchmark(s) in total *****
// ***** Building 3 exe(s) in Parallel: Start   *****
// ***** Done, took 00:00:36 (36.34 sec)   *****
// Found 36 benchmarks:
//   MediatorBenchmarks.DirectCall: .NET 10.0(Runtime=.NET 10.0, Toolchain=net10.0)
//   MediatorBenchmarks.SendCommand_NoBehaviors: .NET 10.0(Runtime=.NET 10.0, Toolchain=net10.0)
//   MediatorBenchmarks.SendQuery_NoBehaviors: .NET 10.0(Runtime=.NET 10.0, Toolchain=net10.0)
//   MediatorBenchmarks.SendCommand_OneBehavior: .NET 10.0(Runtime=.NET 10.0, Toolchain=net10.0)
//   MediatorBenchmarks.SendCommand_FiveBehaviors: .NET 10.0(Runtime=.NET 10.0, Toolchain=net10.0)
//   MediatorBenchmarks.PublishNotification_OneHandler: .NET 10.0(Runtime=.NET 10.0, Toolchain=net10.0)
//   MediatorBenchmarks.PublishNotification_FiveHandlers: .NET 10.0(Runtime=.NET 10.0, Toolchain=net10.0)
//   MediatorBenchmarks.PublishNotification_Parallel: .NET 10.0(Runtime=.NET 10.0, Toolchain=net10.0)
//   MediatorBenchmarks.NestedSend: .NET 10.0(Runtime=.NET 10.0, Toolchain=net10.0)
//   MediatorBenchmarks.DirectCall: .NET 8.0(Runtime=.NET 8.0, Toolchain=net8.0)
//   MediatorBenchmarks.SendCommand_NoBehaviors: .NET 8.0(Runtime=.NET 8.0, Toolchain=net8.0)
//   MediatorBenchmarks.SendQuery_NoBehaviors: .NET 8.0(Runtime=.NET 8.0, Toolchain=net8.0)
//   MediatorBenchmarks.SendCommand_OneBehavior: .NET 8.0(Runtime=.NET 8.0, Toolchain=net8.0)
//   MediatorBenchmarks.SendCommand_FiveBehaviors: .NET 8.0(Runtime=.NET 8.0, Toolchain=net8.0)
//   MediatorBenchmarks.PublishNotification_OneHandler: .NET 8.0(Runtime=.NET 8.0, Toolchain=net8.0)
//   MediatorBenchmarks.PublishNotification_FiveHandlers: .NET 8.0(Runtime=.NET 8.0, Toolchain=net8.0)
//   MediatorBenchmarks.PublishNotification_Parallel: .NET 8.0(Runtime=.NET 8.0, Toolchain=net8.0)
//   MediatorBenchmarks.NestedSend: .NET 8.0(Runtime=.NET 8.0, Toolchain=net8.0)
//   MediatorBenchmarks.DirectCall: .NET 9.0(Runtime=.NET 9.0, Toolchain=net9.0)
//   MediatorBenchmarks.SendCommand_NoBehaviors: .NET 9.0(Runtime=.NET 9.0, Toolchain=net9.0)
//   MediatorBenchmarks.SendQuery_NoBehaviors: .NET 9.0(Runtime=.NET 9.0, Toolchain=net9.0)
//   MediatorBenchmarks.SendCommand_OneBehavior: .NET 9.0(Runtime=.NET 9.0, Toolchain=net9.0)
//   MediatorBenchmarks.SendCommand_FiveBehaviors: .NET 9.0(Runtime=.NET 9.0, Toolchain=net9.0)
//   MediatorBenchmarks.PublishNotification_OneHandler: .NET 9.0(Runtime=.NET 9.0, Toolchain=net9.0)
//   MediatorBenchmarks.PublishNotification_FiveHandlers: .NET 9.0(Runtime=.NET 9.0, Toolchain=net9.0)
//   MediatorBenchmarks.PublishNotification_Parallel: .NET 9.0(Runtime=.NET 9.0, Toolchain=net9.0)
//   MediatorBenchmarks.NestedSend: .NET 9.0(Runtime=.NET 9.0, Toolchain=net9.0)
//   MediatorBenchmarks.DirectCall: ShortRun(IterationCount=3, LaunchCount=1, WarmupCount=3)
//   MediatorBenchmarks.SendCommand_NoBehaviors: ShortRun(IterationCount=3, LaunchCount=1, WarmupCount=3)
//   MediatorBenchmarks.SendQuery_NoBehaviors: ShortRun(IterationCount=3, LaunchCount=1, WarmupCount=3)
//   MediatorBenchmarks.SendCommand_OneBehavior: ShortRun(IterationCount=3, LaunchCount=1, WarmupCount=3)
//   MediatorBenchmarks.SendCommand_FiveBehaviors: ShortRun(IterationCount=3, LaunchCount=1, WarmupCount=3)
//   MediatorBenchmarks.PublishNotification_OneHandler: ShortRun(IterationCount=3, LaunchCount=1, WarmupCount=3)
//   MediatorBenchmarks.PublishNotification_FiveHandlers: ShortRun(IterationCount=3, LaunchCount=1, WarmupCount=3)
//   MediatorBenchmarks.PublishNotification_Parallel: ShortRun(IterationCount=3, LaunchCount=1, WarmupCount=3)
//   MediatorBenchmarks.NestedSend: ShortRun(IterationCount=3, LaunchCount=1, WarmupCount=3)

// **************************
// Benchmark: MediatorBenchmarks.DirectCall: .NET 10.0(Runtime=.NET 10.0, Toolchain=net10.0)
// *** Execute ***
// Launch: 1 / 1
// Execute: dotnet "EricksonLopez.Mediator.Benchmarks-.NET 10.0-1.dll" --anonymousPipes 107 108 --benchmarkName EricksonLopez.Mediator.Benchmarks.MediatorBenchmarks.DirectCall --job ".NET 10.0" --benchmarkId 0 in /home/runner/work/dotnet-mediator/dotnet-mediator/benchmarks/EricksonLopez.Mediator.Benchmarks/bin/Release/net10.0/EricksonLopez.Mediator.Benchmarks-.NET 10.0-1/bin/Release/net10.0
// Failed to set up high priority (Permission denied). In order to run benchmarks with high priority, make sure you have the right permissions.
// BeforeAnythingElse

// Benchmark Process Environment Information:
// BenchmarkDotNet v0.15.8
// Runtime=.NET 10.0.11 (10.0.11, 10.0.1126.37416), X64 RyuJIT x86-64-v3
// GC=Concurrent Workstation
// HardwareIntrinsics=AVX2+BMI1+BMI2+F16C+FMA+LZCNT+MOVBE,AVX,SSE3+SSSE3+SSE4.1+SSE4.2+POPCNT,X86Base+SSE+SSE2,AES+PCLMUL VectorSize=256
// Job: .NET 10.0

OverheadJitting  1: 1 op, 214119.00 ns, 214.1190 us/op
WorkloadJitting  1: 1 op, 813415.00 ns, 813.4150 us/op

OverheadJitting  2: 16 op, 490685.00 ns, 30.6678 us/op
WorkloadJitting  2: 16 op, 428037.00 ns, 26.7523 us/op

WorkloadPilot    1: 16 op, 1813.00 ns, 113.3125 ns/op
WorkloadPilot    2: 32 op, 2515.00 ns, 78.5938 ns/op
WorkloadPilot    3: 64 op, 3767.00 ns, 58.8594 ns/op
WorkloadPilot    4: 128 op, 6001.00 ns, 46.8828 ns/op
WorkloadPilot    5: 256 op, 10650.00 ns, 41.6016 ns/op
WorkloadPilot    6: 512 op, 19677.00 ns, 38.4316 ns/op
WorkloadPilot    7: 1024 op, 38121.00 ns, 37.2275 ns/op
WorkloadPilot    8: 2048 op, 101589.00 ns, 49.6040 ns/op
WorkloadPilot    9: 4096 op, 147104.00 ns, 35.9141 ns/op
WorkloadPilot   10: 8192 op, 292605.00 ns, 35.7184 ns/op
WorkloadPilot   11: 16384 op, 586984.00 ns, 35.8267 ns/op
WorkloadPilot   12: 32768 op, 1184817.00 ns, 36.1577 ns/op
WorkloadPilot   13: 65536 op, 2367370.00 ns, 36.1232 ns/op
WorkloadPilot   14: 131072 op, 4712178.00 ns, 35.9511 ns/op
WorkloadPilot   15: 262144 op, 9448501.00 ns, 36.0432 ns/op
WorkloadPilot   16: 524288 op, 18942768.00 ns, 36.1305 ns/op
WorkloadPilot   17: 1048576 op, 37945248.00 ns, 36.1874 ns/op
WorkloadPilot   18: 2097152 op, 69289400.00 ns, 33.0398 ns/op
WorkloadPilot   19: 4194304 op, 16846233.00 ns, 4.0165 ns/op
WorkloadPilot   20: 8388608 op, 33223091.00 ns, 3.9605 ns/op
WorkloadPilot   21: 16777216 op, 65948656.00 ns, 3.9308 ns/op
WorkloadPilot   22: 33554432 op, 132972705.00 ns, 3.9629 ns/op
WorkloadPilot   23: 67108864 op, 266635235.00 ns, 3.9732 ns/op
WorkloadPilot   24: 134217728 op, 545692450.00 ns, 4.0657 ns/op

OverheadWarmup   1: 134217728 op, 600224478.00 ns, 4.4720 ns/op
OverheadWarmup   2: 134217728 op, 447173129.00 ns, 3.3317 ns/op
OverheadWarmup   3: 134217728 op, 448455812.00 ns, 3.3413 ns/op
OverheadWarmup   4: 134217728 op, 447573975.00 ns, 3.3347 ns/op
OverheadWarmup   5: 134217728 op, 447379193.00 ns, 3.3332 ns/op
OverheadWarmup   6: 134217728 op, 446472183.00 ns, 3.3265 ns/op
OverheadWarmup   7: 134217728 op, 447153212.00 ns, 3.3316 ns/op
OverheadWarmup   8: 134217728 op, 448567847.00 ns, 3.3421 ns/op
OverheadWarmup   9: 134217728 op, 458338125.00 ns, 3.4149 ns/op
OverheadWarmup  10: 134217728 op, 446975511.00 ns, 3.3302 ns/op

OverheadActual   1: 134217728 op, 447365900.00 ns, 3.3331 ns/op
OverheadActual   2: 134217728 op, 447296018.00 ns, 3.3326 ns/op
OverheadActual   3: 134217728 op, 447851933.00 ns, 3.3368 ns/op
OverheadActual   4: 134217728 op, 447832004.00 ns, 3.3366 ns/op
OverheadActual   5: 134217728 op, 446414215.00 ns, 3.3260 ns/op
OverheadActual   6: 134217728 op, 449413563.00 ns, 3.3484 ns/op
OverheadActual   7: 134217728 op, 447071690.00 ns, 3.3309 ns/op
OverheadActual   8: 134217728 op, 447392046.00 ns, 3.3333 ns/op
OverheadActual   9: 134217728 op, 446881525.00 ns, 3.3295 ns/op
OverheadActual  10: 134217728 op, 449870103.00 ns, 3.3518 ns/op
OverheadActual  11: 134217728 op, 447182306.00 ns, 3.3318 ns/op
OverheadActual  12: 134217728 op, 451961719.00 ns, 3.3674 ns/op
OverheadActual  13: 134217728 op, 447343767.00 ns, 3.3330 ns/op
OverheadActual  14: 134217728 op, 452197278.00 ns, 3.3691 ns/op
OverheadActual  15: 134217728 op, 448518154.00 ns, 3.3417 ns/op

WorkloadWarmup   1: 134217728 op, 527830576.00 ns, 3.9326 ns/op
WorkloadWarmup   2: 134217728 op, 528812685.00 ns, 3.9400 ns/op
WorkloadWarmup   3: 134217728 op, 528045115.00 ns, 3.9342 ns/op
WorkloadWarmup   4: 134217728 op, 528168825.00 ns, 3.9352 ns/op
WorkloadWarmup   5: 134217728 op, 527559573.00 ns, 3.9306 ns/op
WorkloadWarmup   6: 134217728 op, 527647715.00 ns, 3.9313 ns/op

// BeforeActualRun
WorkloadActual   1: 134217728 op, 530218814.00 ns, 3.9504 ns/op
WorkloadActual   2: 134217728 op, 528311842.00 ns, 3.9362 ns/op
WorkloadActual   3: 134217728 op, 530938294.00 ns, 3.9558 ns/op
WorkloadActual   4: 134217728 op, 528953079.00 ns, 3.9410 ns/op
WorkloadActual   5: 134217728 op, 532062105.00 ns, 3.9642 ns/op
WorkloadActual   6: 134217728 op, 528530804.00 ns, 3.9379 ns/op
WorkloadActual   7: 134217728 op, 528112969.00 ns, 3.9347 ns/op
WorkloadActual   8: 134217728 op, 528638177.00 ns, 3.9387 ns/op
WorkloadActual   9: 134217728 op, 533393750.00 ns, 3.9741 ns/op
WorkloadActual  10: 134217728 op, 528050974.00 ns, 3.9343 ns/op
WorkloadActual  11: 134217728 op, 528538030.00 ns, 3.9379 ns/op
WorkloadActual  12: 134217728 op, 527788745.00 ns, 3.9323 ns/op
WorkloadActual  13: 134217728 op, 528687864.00 ns, 3.9390 ns/op
WorkloadActual  14: 134217728 op, 527530804.00 ns, 3.9304 ns/op
WorkloadActual  15: 134217728 op, 527910923.00 ns, 3.9332 ns/op

// AfterActualRun
WorkloadResult   1: 134217728 op, 82826768.00 ns, 0.6171 ns/op
WorkloadResult   2: 134217728 op, 80919796.00 ns, 0.6029 ns/op
WorkloadResult   3: 134217728 op, 83546248.00 ns, 0.6225 ns/op
WorkloadResult   4: 134217728 op, 81561033.00 ns, 0.6077 ns/op
WorkloadResult   5: 134217728 op, 81138758.00 ns, 0.6045 ns/op
WorkloadResult   6: 134217728 op, 80720923.00 ns, 0.6014 ns/op
WorkloadResult   7: 134217728 op, 81246131.00 ns, 0.6053 ns/op
WorkloadResult   8: 134217728 op, 80658928.00 ns, 0.6010 ns/op
WorkloadResult   9: 134217728 op, 81145984.00 ns, 0.6046 ns/op
WorkloadResult  10: 134217728 op, 80396699.00 ns, 0.5990 ns/op
WorkloadResult  11: 134217728 op, 81295818.00 ns, 0.6057 ns/op
WorkloadResult  12: 134217728 op, 80138758.00 ns, 0.5971 ns/op
WorkloadResult  13: 134217728 op, 80518877.00 ns, 0.5999 ns/op
// GC:  0 0 0 32 134217728
// Threading:  0 0 134217728

// AfterAll
// Benchmark Process 4674 has exited with code 0.

Mean = 0.605 ns, StdErr = 0.002 ns (0.33%), N = 13, StdDev = 0.007 ns
Min = 0.597 ns, Q1 = 0.601 ns, Median = 0.605 ns, Q3 = 0.606 ns, Max = 0.622 ns
IQR = 0.005 ns, LowerFence = 0.594 ns, UpperFence = 0.613 ns
ConfidenceInterval = [0.597 ns; 0.614 ns] (CI 99.9%), Margin = 0.009 ns (1.42% of Mean)
Skewness = 1.18, Kurtosis = 3.33, MValue = 2

// ** Remained 35 (97.2 %) benchmark(s) to run. Estimated finish 2026-08-30 7:51 (0h 14m from now) **
// **************************
// Benchmark: MediatorBenchmarks.SendCommand_NoBehaviors: .NET 10.0(Runtime=.NET 10.0, Toolchain=net10.0)
// *** Execute ***
// Launch: 1 / 1
// Execute: dotnet "EricksonLopez.Mediator.Benchmarks-.NET 10.0-1.dll" --anonymousPipes 107 108 --benchmarkName EricksonLopez.Mediator.Benchmarks.MediatorBenchmarks.SendCommand_NoBehaviors --job ".NET 10.0" --benchmarkId 1 in /home/runner/work/dotnet-mediator/dotnet-mediator/benchmarks/EricksonLopez.Mediator.Benchmarks/bin/Release/net10.0/EricksonLopez.Mediator.Benchmarks-.NET 10.0-1/bin/Release/net10.0
// Failed to set up high priority (Permission denied). In order to run benchmarks with high priority, make sure you have the right permissions.
// BeforeAnythingElse

// Benchmark Process Environment Information:
// BenchmarkDotNet v0.15.8
// Runtime=.NET 10.0.11 (10.0.11, 10.0.1126.37416), X64 RyuJIT x86-64-v3
// GC=Concurrent Workstation
// HardwareIntrinsics=AVX2+BMI1+BMI2+F16C+FMA+LZCNT+MOVBE,AVX,SSE3+SSSE3+SSE4.1+SSE4.2+POPCNT,X86Base+SSE+SSE2,AES+PCLMUL VectorSize=256
// Job: .NET 10.0

OverheadJitting  1: 1 op, 213989.00 ns, 213.9890 us/op
WorkloadJitting  1: 1 op, 1525512.00 ns, 1.5255 ms/op

OverheadJitting  2: 16 op, 473912.00 ns, 29.6195 us/op
WorkloadJitting  2: 16 op, 463103.00 ns, 28.9439 us/op

WorkloadPilot    1: 16 op, 8816.00 ns, 551.0000 ns/op
WorkloadPilot    2: 32 op, 13957.00 ns, 436.1563 ns/op
WorkloadPilot    3: 64 op, 23865.00 ns, 372.8906 ns/op
WorkloadPilot    4: 128 op, 45144.00 ns, 352.6875 ns/op
WorkloadPilot    5: 256 op, 84707.00 ns, 330.8867 ns/op
WorkloadPilot    6: 512 op, 164336.00 ns, 320.9688 ns/op
WorkloadPilot    7: 1024 op, 329233.00 ns, 321.5166 ns/op
WorkloadPilot    8: 2048 op, 695095.00 ns, 339.4019 ns/op
WorkloadPilot    9: 4096 op, 1328634.00 ns, 324.3735 ns/op
WorkloadPilot   10: 8192 op, 2726389.00 ns, 332.8112 ns/op
WorkloadPilot   11: 16384 op, 3931894.00 ns, 239.9838 ns/op
WorkloadPilot   12: 32768 op, 7814384.00 ns, 238.4761 ns/op
WorkloadPilot   13: 65536 op, 15501492.00 ns, 236.5340 ns/op
WorkloadPilot   14: 131072 op, 31079958.00 ns, 237.1213 ns/op
WorkloadPilot   15: 262144 op, 62769279.00 ns, 239.4458 ns/op
WorkloadPilot   16: 524288 op, 123454390.00 ns, 235.4706 ns/op
WorkloadPilot   17: 1048576 op, 41157088.00 ns, 39.2505 ns/op
WorkloadPilot   18: 2097152 op, 49656218.00 ns, 23.6779 ns/op
WorkloadPilot   19: 4194304 op, 99093538.00 ns, 23.6257 ns/op
WorkloadPilot   20: 8388608 op, 198307829.00 ns, 23.6401 ns/op
WorkloadPilot   21: 16777216 op, 397590063.00 ns, 23.6982 ns/op
WorkloadPilot   22: 33554432 op, 795242600.00 ns, 23.7001 ns/op

OverheadWarmup   1: 33554432 op, 143329827.00 ns, 4.2716 ns/op
OverheadWarmup   2: 33554432 op, 149462521.00 ns, 4.4543 ns/op
OverheadWarmup   3: 33554432 op, 111602642.00 ns, 3.3260 ns/op
OverheadWarmup   4: 33554432 op, 112116159.00 ns, 3.3413 ns/op
OverheadWarmup   5: 33554432 op, 112203762.00 ns, 3.3439 ns/op
OverheadWarmup   6: 33554432 op, 111537572.00 ns, 3.3241 ns/op

OverheadActual   1: 33554432 op, 111835924.00 ns, 3.3330 ns/op
OverheadActual   2: 33554432 op, 111945081.00 ns, 3.3362 ns/op
OverheadActual   3: 33554432 op, 112435244.00 ns, 3.3508 ns/op
OverheadActual   4: 33554432 op, 111872696.00 ns, 3.3341 ns/op
OverheadActual   5: 33554432 op, 111885160.00 ns, 3.3344 ns/op
OverheadActual   6: 33554432 op, 111716956.00 ns, 3.3294 ns/op
OverheadActual   7: 33554432 op, 111970708.00 ns, 3.3370 ns/op
OverheadActual   8: 33554432 op, 111676360.00 ns, 3.3282 ns/op
OverheadActual   9: 33554432 op, 111727956.00 ns, 3.3298 ns/op
OverheadActual  10: 33554432 op, 112104387.00 ns, 3.3410 ns/op
OverheadActual  11: 33554432 op, 111829746.00 ns, 3.3328 ns/op
OverheadActual  12: 33554432 op, 114003735.00 ns, 3.3976 ns/op
OverheadActual  13: 33554432 op, 111947024.00 ns, 3.3363 ns/op
OverheadActual  14: 33554432 op, 111781847.00 ns, 3.3314 ns/op
OverheadActual  15: 33554432 op, 111832681.00 ns, 3.3329 ns/op

WorkloadWarmup   1: 33554432 op, 793554958.00 ns, 23.6498 ns/op
WorkloadWarmup   2: 33554432 op, 794025281.00 ns, 23.6638 ns/op
WorkloadWarmup   3: 33554432 op, 793256192.00 ns, 23.6409 ns/op
WorkloadWarmup   4: 33554432 op, 802511453.00 ns, 23.9167 ns/op
WorkloadWarmup   5: 33554432 op, 819924623.00 ns, 24.4357 ns/op
WorkloadWarmup   6: 33554432 op, 793247887.00 ns, 23.6406 ns/op

// BeforeActualRun
WorkloadActual   1: 33554432 op, 795312892.00 ns, 23.7022 ns/op
WorkloadActual   2: 33554432 op, 791923741.00 ns, 23.6012 ns/op
WorkloadActual   3: 33554432 op, 793688598.00 ns, 23.6538 ns/op
WorkloadActual   4: 33554432 op, 807167616.00 ns, 24.0555 ns/op
WorkloadActual   5: 33554432 op, 793937602.00 ns, 23.6612 ns/op
WorkloadActual   6: 33554432 op, 793890384.00 ns, 23.6598 ns/op
WorkloadActual   7: 33554432 op, 794833731.00 ns, 23.6879 ns/op
WorkloadActual   8: 33554432 op, 793739924.00 ns, 23.6553 ns/op
WorkloadActual   9: 33554432 op, 794112478.00 ns, 23.6664 ns/op
WorkloadActual  10: 33554432 op, 796631490.00 ns, 23.7415 ns/op
WorkloadActual  11: 33554432 op, 796218999.00 ns, 23.7292 ns/op
WorkloadActual  12: 33554432 op, 795022693.00 ns, 23.6935 ns/op
WorkloadActual  13: 33554432 op, 793481091.00 ns, 23.6476 ns/op
WorkloadActual  14: 33554432 op, 793367580.00 ns, 23.6442 ns/op
WorkloadActual  15: 33554432 op, 793456155.00 ns, 23.6468 ns/op

// AfterActualRun
WorkloadResult   1: 33554432 op, 683440196.00 ns, 20.3681 ns/op
WorkloadResult   2: 33554432 op, 680051045.00 ns, 20.2671 ns/op
WorkloadResult   3: 33554432 op, 681815902.00 ns, 20.3197 ns/op
WorkloadResult   4: 33554432 op, 682064906.00 ns, 20.3271 ns/op
WorkloadResult   5: 33554432 op, 682017688.00 ns, 20.3257 ns/op
WorkloadResult   6: 33554432 op, 682961035.00 ns, 20.3538 ns/op
WorkloadResult   7: 33554432 op, 681867228.00 ns, 20.3212 ns/op
WorkloadResult   8: 33554432 op, 682239782.00 ns, 20.3323 ns/op
WorkloadResult   9: 33554432 op, 684758794.00 ns, 20.4074 ns/op
WorkloadResult  10: 33554432 op, 684346303.00 ns, 20.3951 ns/op
WorkloadResult  11: 33554432 op, 683149997.00 ns, 20.3595 ns/op
WorkloadResult  12: 33554432 op, 681608395.00 ns, 20.3135 ns/op
WorkloadResult  13: 33554432 op, 681494884.00 ns, 20.3101 ns/op
WorkloadResult  14: 33554432 op, 681583459.00 ns, 20.3128 ns/op
// GC:  0 0 0 0 33554432
// Threading:  0 0 33554432

// AfterAll
// Benchmark Process 4703 has exited with code 0.

Mean = 20.337 ns, StdErr = 0.010 ns (0.05%), N = 14, StdDev = 0.037 ns
Min = 20.267 ns, Q1 = 20.315 ns, Median = 20.326 ns, Q3 = 20.358 ns, Max = 20.407 ns
IQR = 0.043 ns, LowerFence = 20.251 ns, UpperFence = 20.423 ns
ConfidenceInterval = [20.295 ns; 20.378 ns] (CI 99.9%), Margin = 0.042 ns (0.20% of Mean)
Skewness = 0.3, Kurtosis = 2.44, MValue = 2

// ** Remained 34 (94.4 %) benchmark(s) to run. Estimated finish 2026-08-30 7:51 (0h 13m from now) **
// **************************
// Benchmark: MediatorBenchmarks.SendQuery_NoBehaviors: .NET 10.0(Runtime=.NET 10.0, Toolchain=net10.0)
// *** Execute ***
// Launch: 1 / 1
// Execute: dotnet "EricksonLopez.Mediator.Benchmarks-.NET 10.0-1.dll" --anonymousPipes 107 108 --benchmarkName EricksonLopez.Mediator.Benchmarks.MediatorBenchmarks.SendQuery_NoBehaviors --job ".NET 10.0" --benchmarkId 2 in /home/runner/work/dotnet-mediator/dotnet-mediator/benchmarks/EricksonLopez.Mediator.Benchmarks/bin/Release/net10.0/EricksonLopez.Mediator.Benchmarks-.NET 10.0-1/bin/Release/net10.0
// Failed to set up high priority (Permission denied). In order to run benchmarks with high priority, make sure you have the right permissions.
// BeforeAnythingElse

// Benchmark Process Environment Information:
// BenchmarkDotNet v0.15.8
// Runtime=.NET 10.0.11 (10.0.11, 10.0.1126.37416), X64 RyuJIT x86-64-v3
// GC=Concurrent Workstation
// HardwareIntrinsics=AVX2+BMI1+BMI2+F16C+FMA+LZCNT+MOVBE,AVX,SSE3+SSSE3+SSE4.1+SSE4.2+POPCNT,X86Base+SSE+SSE2,AES+PCLMUL VectorSize=256
// Job: .NET 10.0

OverheadJitting  1: 1 op, 257500.00 ns, 257.5000 us/op
WorkloadJitting  1: 1 op, 1370302.00 ns, 1.3703 ms/op

OverheadJitting  2: 16 op, 478742.00 ns, 29.9214 us/op
WorkloadJitting  2: 16 op, 500041.00 ns, 31.2526 us/op

WorkloadPilot    1: 16 op, 7243.00 ns, 452.6875 ns/op
WorkloadPilot    2: 32 op, 10420.00 ns, 325.6250 ns/op
WorkloadPilot    3: 64 op, 16030.00 ns, 250.4688 ns/op
WorkloadPilot    4: 128 op, 29835.00 ns, 233.0859 ns/op
WorkloadPilot    5: 256 op, 53519.00 ns, 209.0586 ns/op
WorkloadPilot    6: 512 op, 103563.00 ns, 202.2715 ns/op
WorkloadPilot    7: 1024 op, 220060.00 ns, 214.9023 ns/op
WorkloadPilot    8: 2048 op, 424831.00 ns, 207.4370 ns/op
WorkloadPilot    9: 4096 op, 806042.00 ns, 196.7876 ns/op
WorkloadPilot   10: 8192 op, 1687644.00 ns, 206.0112 ns/op
WorkloadPilot   11: 16384 op, 3347195.00 ns, 204.2966 ns/op
WorkloadPilot   12: 32768 op, 6676688.00 ns, 203.7563 ns/op
WorkloadPilot   13: 65536 op, 13211712.00 ns, 201.5947 ns/op
WorkloadPilot   14: 131072 op, 26527206.00 ns, 202.3865 ns/op
WorkloadPilot   15: 262144 op, 52750014.00 ns, 201.2253 ns/op
WorkloadPilot   16: 524288 op, 67898775.00 ns, 129.5066 ns/op
WorkloadPilot   17: 1048576 op, 19794344.00 ns, 18.8774 ns/op
WorkloadPilot   18: 2097152 op, 39399224.00 ns, 18.7870 ns/op
WorkloadPilot   19: 4194304 op, 78601441.00 ns, 18.7400 ns/op
WorkloadPilot   20: 8388608 op, 157216178.00 ns, 18.7416 ns/op
WorkloadPilot   21: 16777216 op, 315410597.00 ns, 18.7999 ns/op
WorkloadPilot   22: 33554432 op, 629800392.00 ns, 18.7695 ns/op

OverheadWarmup   1: 33554432 op, 142320288.00 ns, 4.2415 ns/op
OverheadWarmup   2: 33554432 op, 149122390.00 ns, 4.4442 ns/op
OverheadWarmup   3: 33554432 op, 111164100.00 ns, 3.3129 ns/op
OverheadWarmup   4: 33554432 op, 111940546.00 ns, 3.3361 ns/op
OverheadWarmup   5: 33554432 op, 110969738.00 ns, 3.3072 ns/op

OverheadActual   1: 33554432 op, 111290636.00 ns, 3.3167 ns/op
OverheadActual   2: 33554432 op, 111140466.00 ns, 3.3122 ns/op
OverheadActual   3: 33554432 op, 110985527.00 ns, 3.3076 ns/op
OverheadActual   4: 33554432 op, 111147429.00 ns, 3.3125 ns/op
OverheadActual   5: 33554432 op, 110907292.00 ns, 3.3053 ns/op
OverheadActual   6: 33554432 op, 111535833.00 ns, 3.3240 ns/op
OverheadActual   7: 33554432 op, 111327385.00 ns, 3.3178 ns/op
OverheadActual   8: 33554432 op, 111507189.00 ns, 3.3232 ns/op
OverheadActual   9: 33554432 op, 111643824.00 ns, 3.3272 ns/op
OverheadActual  10: 33554432 op, 110981099.00 ns, 3.3075 ns/op
OverheadActual  11: 33554432 op, 111081496.00 ns, 3.3105 ns/op
OverheadActual  12: 33554432 op, 110969903.00 ns, 3.3072 ns/op
OverheadActual  13: 33554432 op, 110851774.00 ns, 3.3036 ns/op
OverheadActual  14: 33554432 op, 116193728.00 ns, 3.4628 ns/op
OverheadActual  15: 33554432 op, 110957019.00 ns, 3.3068 ns/op

WorkloadWarmup   1: 33554432 op, 628254644.00 ns, 18.7234 ns/op
WorkloadWarmup   2: 33554432 op, 628373321.00 ns, 18.7270 ns/op
WorkloadWarmup   3: 33554432 op, 627842595.00 ns, 18.7112 ns/op
WorkloadWarmup   4: 33554432 op, 629301041.00 ns, 18.7546 ns/op
WorkloadWarmup   5: 33554432 op, 628517753.00 ns, 18.7313 ns/op
WorkloadWarmup   6: 33554432 op, 627925861.00 ns, 18.7136 ns/op

// BeforeActualRun
WorkloadActual   1: 33554432 op, 630295956.00 ns, 18.7843 ns/op
WorkloadActual   2: 33554432 op, 627958592.00 ns, 18.7146 ns/op
WorkloadActual   3: 33554432 op, 627500437.00 ns, 18.7010 ns/op
WorkloadActual   4: 33554432 op, 629574942.00 ns, 18.7628 ns/op
WorkloadActual   5: 33554432 op, 628560322.00 ns, 18.7326 ns/op
WorkloadActual   6: 33554432 op, 629473784.00 ns, 18.7598 ns/op
WorkloadActual   7: 33554432 op, 631156910.00 ns, 18.8099 ns/op
WorkloadActual   8: 33554432 op, 628406656.00 ns, 18.7280 ns/op
WorkloadActual   9: 33554432 op, 628881241.00 ns, 18.7421 ns/op
WorkloadActual  10: 33554432 op, 629247844.00 ns, 18.7530 ns/op
WorkloadActual  11: 33554432 op, 631794669.00 ns, 18.8289 ns/op
WorkloadActual  12: 33554432 op, 631572444.00 ns, 18.8223 ns/op
WorkloadActual  13: 33554432 op, 634432092.00 ns, 18.9075 ns/op
WorkloadActual  14: 33554432 op, 629890972.00 ns, 18.7722 ns/op
WorkloadActual  15: 33554432 op, 629263252.00 ns, 18.7535 ns/op

// AfterActualRun
WorkloadResult   1: 33554432 op, 519155490.00 ns, 15.4720 ns/op
WorkloadResult   2: 33554432 op, 516818126.00 ns, 15.4024 ns/op
WorkloadResult   3: 33554432 op, 516359971.00 ns, 15.3887 ns/op
WorkloadResult   4: 33554432 op, 518434476.00 ns, 15.4506 ns/op
WorkloadResult   5: 33554432 op, 517419856.00 ns, 15.4203 ns/op
WorkloadResult   6: 33554432 op, 518333318.00 ns, 15.4475 ns/op
WorkloadResult   7: 33554432 op, 520016444.00 ns, 15.4977 ns/op
WorkloadResult   8: 33554432 op, 517266190.00 ns, 15.4157 ns/op
WorkloadResult   9: 33554432 op, 517740775.00 ns, 15.4299 ns/op
WorkloadResult  10: 33554432 op, 518107378.00 ns, 15.4408 ns/op
WorkloadResult  11: 33554432 op, 520654203.00 ns, 15.5167 ns/op
WorkloadResult  12: 33554432 op, 520431978.00 ns, 15.5101 ns/op
WorkloadResult  13: 33554432 op, 518750506.00 ns, 15.4600 ns/op
WorkloadResult  14: 33554432 op, 518122786.00 ns, 15.4413 ns/op
// GC:  0 0 0 0 33554432
// Threading:  0 0 33554432

// AfterAll
// Benchmark Process 4725 has exited with code 0.

Mean = 15.450 ns, StdErr = 0.010 ns (0.07%), N = 14, StdDev = 0.039 ns
Min = 15.389 ns, Q1 = 15.423 ns, Median = 15.444 ns, Q3 = 15.469 ns, Max = 15.517 ns
IQR = 0.046 ns, LowerFence = 15.353 ns, UpperFence = 15.538 ns
ConfidenceInterval = [15.406 ns; 15.493 ns] (CI 99.9%), Margin = 0.044 ns (0.28% of Mean)
Skewness = 0.3, Kurtosis = 1.9, MValue = 2

// ** Remained 33 (91.7 %) benchmark(s) to run. Estimated finish 2026-08-30 7:49 (0h 11m from now) **
// **************************
// Benchmark: MediatorBenchmarks.SendCommand_OneBehavior: .NET 10.0(Runtime=.NET 10.0, Toolchain=net10.0)
// *** Execute ***
// Launch: 1 / 1
// Execute: dotnet "EricksonLopez.Mediator.Benchmarks-.NET 10.0-1.dll" --anonymousPipes 107 108 --benchmarkName EricksonLopez.Mediator.Benchmarks.MediatorBenchmarks.SendCommand_OneBehavior --job ".NET 10.0" --benchmarkId 3 in /home/runner/work/dotnet-mediator/dotnet-mediator/benchmarks/EricksonLopez.Mediator.Benchmarks/bin/Release/net10.0/EricksonLopez.Mediator.Benchmarks-.NET 10.0-1/bin/Release/net10.0
// Failed to set up high priority (Permission denied). In order to run benchmarks with high priority, make sure you have the right permissions.
// BeforeAnythingElse

// Benchmark Process Environment Information:
// BenchmarkDotNet v0.15.8
// Runtime=.NET 10.0.11 (10.0.11, 10.0.1126.37416), X64 RyuJIT x86-64-v3
// GC=Concurrent Workstation
// HardwareIntrinsics=AVX2+BMI1+BMI2+F16C+FMA+LZCNT+MOVBE,AVX,SSE3+SSSE3+SSE4.1+SSE4.2+POPCNT,X86Base+SSE+SSE2,AES+PCLMUL VectorSize=256
// Job: .NET 10.0

OverheadJitting  1: 1 op, 237693.00 ns, 237.6930 us/op
WorkloadJitting  1: 1 op, 2462719.00 ns, 2.4627 ms/op

OverheadJitting  2: 16 op, 477109.00 ns, 29.8193 us/op
WorkloadJitting  2: 16 op, 485134.00 ns, 30.3209 us/op

WorkloadPilot    1: 16 op, 13345.00 ns, 834.0625 ns/op
WorkloadPilot    2: 32 op, 20698.00 ns, 646.8125 ns/op
WorkloadPilot    3: 64 op, 47569.00 ns, 743.2656 ns/op
WorkloadPilot    4: 128 op, 74679.00 ns, 583.4297 ns/op
WorkloadPilot    5: 256 op, 151984.00 ns, 593.6875 ns/op
WorkloadPilot    6: 512 op, 240758.00 ns, 470.2305 ns/op
WorkloadPilot    7: 1024 op, 507094.00 ns, 495.2090 ns/op
WorkloadPilot    8: 2048 op, 976750.00 ns, 476.9287 ns/op
WorkloadPilot    9: 4096 op, 2004614.00 ns, 489.4077 ns/op
WorkloadPilot   10: 8192 op, 3862216.00 ns, 471.4619 ns/op
WorkloadPilot   11: 16384 op, 7629443.00 ns, 465.6642 ns/op
WorkloadPilot   12: 32768 op, 15055409.00 ns, 459.4546 ns/op
WorkloadPilot   13: 65536 op, 30103303.00 ns, 459.3400 ns/op
WorkloadPilot   14: 131072 op, 59888745.00 ns, 456.9149 ns/op
WorkloadPilot   15: 262144 op, 69930502.00 ns, 266.7637 ns/op
WorkloadPilot   16: 524288 op, 26829754.00 ns, 51.1737 ns/op
WorkloadPilot   17: 1048576 op, 53813205.00 ns, 51.3203 ns/op
WorkloadPilot   18: 2097152 op, 107120698.00 ns, 51.0791 ns/op
WorkloadPilot   19: 4194304 op, 214547828.00 ns, 51.1522 ns/op
WorkloadPilot   20: 8388608 op, 431272010.00 ns, 51.4116 ns/op
WorkloadPilot   21: 16777216 op, 859800048.00 ns, 51.2481 ns/op

OverheadWarmup   1: 16777216 op, 72390418.00 ns, 4.3148 ns/op
OverheadWarmup   2: 16777216 op, 71698750.00 ns, 4.2736 ns/op
OverheadWarmup   3: 16777216 op, 72661473.00 ns, 4.3310 ns/op
OverheadWarmup   4: 16777216 op, 55592696.00 ns, 3.3136 ns/op
OverheadWarmup   5: 16777216 op, 55524408.00 ns, 3.3095 ns/op
OverheadWarmup   6: 16777216 op, 55527805.00 ns, 3.3097 ns/op
OverheadWarmup   7: 16777216 op, 57124800.00 ns, 3.4049 ns/op
OverheadWarmup   8: 16777216 op, 55523025.00 ns, 3.3094 ns/op

OverheadActual   1: 16777216 op, 55665100.00 ns, 3.3179 ns/op
OverheadActual   2: 16777216 op, 55670951.00 ns, 3.3182 ns/op
OverheadActual   3: 16777216 op, 55527765.00 ns, 3.3097 ns/op
OverheadActual   4: 16777216 op, 55590622.00 ns, 3.3135 ns/op
OverheadActual   5: 16777216 op, 55527775.00 ns, 3.3097 ns/op
OverheadActual   6: 16777216 op, 55551970.00 ns, 3.3112 ns/op
OverheadActual   7: 16777216 op, 55654280.00 ns, 3.3173 ns/op
OverheadActual   8: 16777216 op, 55905358.00 ns, 3.3322 ns/op
OverheadActual   9: 16777216 op, 55533746.00 ns, 3.3101 ns/op
OverheadActual  10: 16777216 op, 55971210.00 ns, 3.3361 ns/op
OverheadActual  11: 16777216 op, 55761780.00 ns, 3.3237 ns/op
OverheadActual  12: 16777216 op, 56312717.00 ns, 3.3565 ns/op
OverheadActual  13: 16777216 op, 55663948.00 ns, 3.3178 ns/op
OverheadActual  14: 16777216 op, 55724110.00 ns, 3.3214 ns/op
OverheadActual  15: 16777216 op, 55490795.00 ns, 3.3075 ns/op

WorkloadWarmup   1: 16777216 op, 858682947.00 ns, 51.1815 ns/op
WorkloadWarmup   2: 16777216 op, 857964739.00 ns, 51.1387 ns/op
WorkloadWarmup   3: 16777216 op, 858243739.00 ns, 51.1553 ns/op
WorkloadWarmup   4: 16777216 op, 858302187.00 ns, 51.1588 ns/op
WorkloadWarmup   5: 16777216 op, 859344509.00 ns, 51.2209 ns/op
WorkloadWarmup   6: 16777216 op, 861564916.00 ns, 51.3533 ns/op
WorkloadWarmup   7: 16777216 op, 858230795.00 ns, 51.1545 ns/op
WorkloadWarmup   8: 16777216 op, 858138058.00 ns, 51.1490 ns/op
WorkloadWarmup   9: 16777216 op, 858141242.00 ns, 51.1492 ns/op
WorkloadWarmup  10: 16777216 op, 857425029.00 ns, 51.1065 ns/op

// BeforeActualRun
WorkloadActual   1: 16777216 op, 859128231.00 ns, 51.2080 ns/op
WorkloadActual   2: 16777216 op, 858891640.00 ns, 51.1939 ns/op
WorkloadActual   3: 16777216 op, 861628659.00 ns, 51.3571 ns/op
WorkloadActual   4: 16777216 op, 867612897.00 ns, 51.7138 ns/op
WorkloadActual   5: 16777216 op, 863096563.00 ns, 51.4446 ns/op
WorkloadActual   6: 16777216 op, 858076321.00 ns, 51.1453 ns/op
WorkloadActual   7: 16777216 op, 857527706.00 ns, 51.1126 ns/op
WorkloadActual   8: 16777216 op, 859512279.00 ns, 51.2309 ns/op
WorkloadActual   9: 16777216 op, 860537239.00 ns, 51.2920 ns/op
WorkloadActual  10: 16777216 op, 860479752.00 ns, 51.2886 ns/op
WorkloadActual  11: 16777216 op, 859015594.00 ns, 51.2013 ns/op
WorkloadActual  12: 16777216 op, 859267574.00 ns, 51.2163 ns/op
WorkloadActual  13: 16777216 op, 858010131.00 ns, 51.1414 ns/op
WorkloadActual  14: 16777216 op, 858047010.00 ns, 51.1436 ns/op
WorkloadActual  15: 16777216 op, 863232840.00 ns, 51.4527 ns/op

// AfterActualRun
WorkloadResult   1: 16777216 op, 803464283.00 ns, 47.8902 ns/op
WorkloadResult   2: 16777216 op, 803227692.00 ns, 47.8761 ns/op
WorkloadResult   3: 16777216 op, 805964711.00 ns, 48.0392 ns/op
WorkloadResult   4: 16777216 op, 807432615.00 ns, 48.1267 ns/op
WorkloadResult   5: 16777216 op, 802412373.00 ns, 47.8275 ns/op
WorkloadResult   6: 16777216 op, 801863758.00 ns, 47.7948 ns/op
WorkloadResult   7: 16777216 op, 803848331.00 ns, 47.9131 ns/op
WorkloadResult   8: 16777216 op, 804873291.00 ns, 47.9742 ns/op
WorkloadResult   9: 16777216 op, 804815804.00 ns, 47.9708 ns/op
WorkloadResult  10: 16777216 op, 803351646.00 ns, 47.8835 ns/op
WorkloadResult  11: 16777216 op, 803603626.00 ns, 47.8985 ns/op
WorkloadResult  12: 16777216 op, 802346183.00 ns, 47.8236 ns/op
WorkloadResult  13: 16777216 op, 802383062.00 ns, 47.8258 ns/op
WorkloadResult  14: 16777216 op, 807568892.00 ns, 48.1349 ns/op
// GC:  0 0 0 0 16777216
// Threading:  0 0 16777216

// AfterAll
// Benchmark Process 4744 has exited with code 0.

Mean = 47.927 ns, StdErr = 0.029 ns (0.06%), N = 14, StdDev = 0.109 ns
Min = 47.795 ns, Q1 = 47.840 ns, Median = 47.894 ns, Q3 = 47.973 ns, Max = 48.135 ns
IQR = 0.134 ns, LowerFence = 47.639 ns, UpperFence = 48.174 ns
ConfidenceInterval = [47.804 ns; 48.050 ns] (CI 99.9%), Margin = 0.123 ns (0.26% of Mean)
Skewness = 0.7, Kurtosis = 2.14, MValue = 2

// ** Remained 32 (88.9 %) benchmark(s) to run. Estimated finish 2026-08-30 7:50 (0h 12m from now) **
// **************************
// Benchmark: MediatorBenchmarks.SendCommand_FiveBehaviors: .NET 10.0(Runtime=.NET 10.0, Toolchain=net10.0)
// *** Execute ***
// Launch: 1 / 1
// Execute: dotnet "EricksonLopez.Mediator.Benchmarks-.NET 10.0-1.dll" --anonymousPipes 107 108 --benchmarkName EricksonLopez.Mediator.Benchmarks.MediatorBenchmarks.SendCommand_FiveBehaviors --job ".NET 10.0" --benchmarkId 4 in /home/runner/work/dotnet-mediator/dotnet-mediator/benchmarks/EricksonLopez.Mediator.Benchmarks/bin/Release/net10.0/EricksonLopez.Mediator.Benchmarks-.NET 10.0-1/bin/Release/net10.0
// Failed to set up high priority (Permission denied). In order to run benchmarks with high priority, make sure you have the right permissions.
// BeforeAnythingElse

// Benchmark Process Environment Information:
// BenchmarkDotNet v0.15.8
// Runtime=.NET 10.0.11 (10.0.11, 10.0.1126.37416), X64 RyuJIT x86-64-v3
// GC=Concurrent Workstation
// HardwareIntrinsics=AVX2+BMI1+BMI2+F16C+FMA+LZCNT+MOVBE,AVX,SSE3+SSSE3+SSE4.1+SSE4.2+POPCNT,X86Base+SSE+SSE2,AES+PCLMUL VectorSize=256
// Job: .NET 10.0

OverheadJitting  1: 1 op, 247080.00 ns, 247.0800 us/op
WorkloadJitting  1: 1 op, 4715605.00 ns, 4.7156 ms/op

OverheadJitting  2: 16 op, 488971.00 ns, 30.5607 us/op
WorkloadJitting  2: 16 op, 480284.00 ns, 30.0178 us/op

WorkloadPilot    1: 16 op, 30106.00 ns, 1.8816 us/op
WorkloadPilot    2: 32 op, 72595.00 ns, 2.2686 us/op
WorkloadPilot    3: 64 op, 100968.00 ns, 1.5776 us/op
WorkloadPilot    4: 128 op, 194873.00 ns, 1.5224 us/op
WorkloadPilot    5: 256 op, 387151.00 ns, 1.5123 us/op
WorkloadPilot    6: 512 op, 766679.00 ns, 1.4974 us/op
WorkloadPilot    7: 1024 op, 1582919.00 ns, 1.5458 us/op
WorkloadPilot    8: 2048 op, 3173422.00 ns, 1.5495 us/op
WorkloadPilot    9: 4096 op, 6384634.00 ns, 1.5587 us/op
WorkloadPilot   10: 8192 op, 12528991.00 ns, 1.5294 us/op
WorkloadPilot   11: 16384 op, 25061116.00 ns, 1.5296 us/op
WorkloadPilot   12: 32768 op, 49970190.00 ns, 1.5250 us/op
WorkloadPilot   13: 65536 op, 97090311.00 ns, 1.4815 us/op
WorkloadPilot   14: 131072 op, 100890821.00 ns, 769.7359 ns/op
WorkloadPilot   15: 262144 op, 52190416.00 ns, 199.0906 ns/op
WorkloadPilot   16: 524288 op, 86699374.00 ns, 165.3659 ns/op
WorkloadPilot   17: 1048576 op, 175017983.00 ns, 166.9102 ns/op
WorkloadPilot   18: 2097152 op, 347343080.00 ns, 165.6261 ns/op
WorkloadPilot   19: 4194304 op, 692988138.00 ns, 165.2212 ns/op

OverheadWarmup   1: 4194304 op, 17946203.00 ns, 4.2787 ns/op
OverheadWarmup   2: 4194304 op, 17868187.00 ns, 4.2601 ns/op
OverheadWarmup   3: 4194304 op, 17803938.00 ns, 4.2448 ns/op
OverheadWarmup   4: 4194304 op, 17845113.00 ns, 4.2546 ns/op
OverheadWarmup   5: 4194304 op, 17837950.00 ns, 4.2529 ns/op
OverheadWarmup   6: 4194304 op, 17763672.00 ns, 4.2352 ns/op
OverheadWarmup   7: 4194304 op, 17791244.00 ns, 4.2418 ns/op
OverheadWarmup   8: 4194304 op, 17875731.00 ns, 4.2619 ns/op
OverheadWarmup   9: 4194304 op, 17815679.00 ns, 4.2476 ns/op

OverheadActual   1: 4194304 op, 17810349.00 ns, 4.2463 ns/op
OverheadActual   2: 4194304 op, 17858208.00 ns, 4.2577 ns/op
OverheadActual   3: 4194304 op, 18083408.00 ns, 4.3114 ns/op
OverheadActual   4: 4194304 op, 17867305.00 ns, 4.2599 ns/op
OverheadActual   5: 4194304 op, 17822853.00 ns, 4.2493 ns/op
OverheadActual   6: 4194304 op, 17862166.00 ns, 4.2587 ns/op
OverheadActual   7: 4194304 op, 17814106.00 ns, 4.2472 ns/op
OverheadActual   8: 4194304 op, 17881542.00 ns, 4.2633 ns/op
OverheadActual   9: 4194304 op, 17795932.00 ns, 4.2429 ns/op
OverheadActual  10: 4194304 op, 17857397.00 ns, 4.2575 ns/op
OverheadActual  11: 4194304 op, 17825628.00 ns, 4.2500 ns/op
OverheadActual  12: 4194304 op, 17829996.00 ns, 4.2510 ns/op
OverheadActual  13: 4194304 op, 19589574.00 ns, 4.6705 ns/op
OverheadActual  14: 4194304 op, 21645353.00 ns, 5.1607 ns/op
OverheadActual  15: 4194304 op, 14020343.00 ns, 3.3427 ns/op
OverheadActual  16: 4194304 op, 13877072.00 ns, 3.3086 ns/op
OverheadActual  17: 4194304 op, 13980755.00 ns, 3.3333 ns/op
OverheadActual  18: 4194304 op, 13989692.00 ns, 3.3354 ns/op
OverheadActual  19: 4194304 op, 14041869.00 ns, 3.3478 ns/op
OverheadActual  20: 4194304 op, 14167443.00 ns, 3.3778 ns/op

WorkloadWarmup   1: 4194304 op, 698281705.00 ns, 166.4833 ns/op
WorkloadWarmup   2: 4194304 op, 692264680.00 ns, 165.0488 ns/op
WorkloadWarmup   3: 4194304 op, 692497844.00 ns, 165.1044 ns/op
WorkloadWarmup   4: 4194304 op, 692014393.00 ns, 164.9891 ns/op
WorkloadWarmup   5: 4194304 op, 692331365.00 ns, 165.0647 ns/op
WorkloadWarmup   6: 4194304 op, 693532692.00 ns, 165.3511 ns/op
WorkloadWarmup   7: 4194304 op, 695233941.00 ns, 165.7567 ns/op
WorkloadWarmup   8: 4194304 op, 693797405.00 ns, 165.4142 ns/op

// BeforeActualRun
WorkloadActual   1: 4194304 op, 694017209.00 ns, 165.4666 ns/op
WorkloadActual   2: 4194304 op, 691841345.00 ns, 164.9478 ns/op
WorkloadActual   3: 4194304 op, 692306672.00 ns, 165.0588 ns/op
WorkloadActual   4: 4194304 op, 693343264.00 ns, 165.3059 ns/op
WorkloadActual   5: 4194304 op, 692386170.00 ns, 165.0777 ns/op
WorkloadActual   6: 4194304 op, 692224830.00 ns, 165.0393 ns/op
WorkloadActual   7: 4194304 op, 694905613.00 ns, 165.6784 ns/op
WorkloadActual   8: 4194304 op, 698787295.00 ns, 166.6039 ns/op
WorkloadActual   9: 4194304 op, 691734226.00 ns, 164.9223 ns/op
WorkloadActual  10: 4194304 op, 692498960.00 ns, 165.1046 ns/op
WorkloadActual  11: 4194304 op, 692363107.00 ns, 165.0722 ns/op
WorkloadActual  12: 4194304 op, 691959779.00 ns, 164.9761 ns/op
WorkloadActual  13: 4194304 op, 693096509.00 ns, 165.2471 ns/op
WorkloadActual  14: 4194304 op, 694020491.00 ns, 165.4674 ns/op
WorkloadActual  15: 4194304 op, 692284998.00 ns, 165.0536 ns/op

// AfterActualRun
WorkloadResult   1: 4194304 op, 676192968.50 ns, 161.2170 ns/op
WorkloadResult   2: 4194304 op, 674017104.50 ns, 160.6982 ns/op
WorkloadResult   3: 4194304 op, 674482431.50 ns, 160.8091 ns/op
WorkloadResult   4: 4194304 op, 675519023.50 ns, 161.0563 ns/op
WorkloadResult   5: 4194304 op, 674561929.50 ns, 160.8281 ns/op
WorkloadResult   6: 4194304 op, 674400589.50 ns, 160.7896 ns/op
WorkloadResult   7: 4194304 op, 677081372.50 ns, 161.4288 ns/op
WorkloadResult   8: 4194304 op, 673909985.50 ns, 160.6727 ns/op
WorkloadResult   9: 4194304 op, 674674719.50 ns, 160.8550 ns/op
WorkloadResult  10: 4194304 op, 674538866.50 ns, 160.8226 ns/op
WorkloadResult  11: 4194304 op, 674135538.50 ns, 160.7264 ns/op
WorkloadResult  12: 4194304 op, 675272268.50 ns, 160.9975 ns/op
WorkloadResult  13: 4194304 op, 676196250.50 ns, 161.2177 ns/op
WorkloadResult  14: 4194304 op, 674460757.50 ns, 160.8040 ns/op
// GC:  0 0 0 0 4194304
// Threading:  0 0 4194304

// AfterAll
// Benchmark Process 4771 has exited with code 0.

Mean = 160.923 ns, StdErr = 0.061 ns (0.04%), N = 14, StdDev = 0.228 ns
Min = 160.673 ns, Q1 = 160.793 ns, Median = 160.825 ns, Q3 = 161.042 ns, Max = 161.429 ns
IQR = 0.248 ns, LowerFence = 160.421 ns, UpperFence = 161.414 ns
ConfidenceInterval = [160.666 ns; 161.180 ns] (CI 99.9%), Margin = 0.257 ns (0.16% of Mean)
Skewness = 0.85, Kurtosis = 2.39, MValue = 2

// ** Remained 31 (86.1 %) benchmark(s) to run. Estimated finish 2026-08-30 7:50 (0h 11m from now) **
// **************************
// Benchmark: MediatorBenchmarks.PublishNotification_OneHandler: .NET 10.0(Runtime=.NET 10.0, Toolchain=net10.0)
// *** Execute ***
// Launch: 1 / 1
// Execute: dotnet "EricksonLopez.Mediator.Benchmarks-.NET 10.0-1.dll" --anonymousPipes 107 108 --benchmarkName EricksonLopez.Mediator.Benchmarks.MediatorBenchmarks.PublishNotification_OneHandler --job ".NET 10.0" --benchmarkId 5 in /home/runner/work/dotnet-mediator/dotnet-mediator/benchmarks/EricksonLopez.Mediator.Benchmarks/bin/Release/net10.0/EricksonLopez.Mediator.Benchmarks-.NET 10.0-1/bin/Release/net10.0
// Failed to set up high priority (Permission denied). In order to run benchmarks with high priority, make sure you have the right permissions.
// BeforeAnythingElse

// Benchmark Process Environment Information:
// BenchmarkDotNet v0.15.8
// Runtime=.NET 10.0.11 (10.0.11, 10.0.1126.37416), X64 RyuJIT x86-64-v3
// GC=Concurrent Workstation
// HardwareIntrinsics=AVX2+BMI1+BMI2+F16C+FMA+LZCNT+MOVBE,AVX,SSE3+SSSE3+SSE4.1+SSE4.2+POPCNT,X86Base+SSE+SSE2,AES+PCLMUL VectorSize=256
// Job: .NET 10.0

OverheadJitting  1: 1 op, 167161.00 ns, 167.1610 us/op
WorkloadJitting  1: 1 op, 2773106.00 ns, 2.7731 ms/op

OverheadJitting  2: 16 op, 182280.00 ns, 11.3925 us/op
WorkloadJitting  2: 16 op, 1592486.00 ns, 99.5304 us/op

WorkloadPilot    1: 16 op, 117629.00 ns, 7.3518 us/op
WorkloadPilot    2: 32 op, 17412.00 ns, 544.1250 ns/op
WorkloadPilot    3: 64 op, 28302.00 ns, 442.2188 ns/op
WorkloadPilot    4: 128 op, 51386.00 ns, 401.4531 ns/op
WorkloadPilot    5: 256 op, 119342.00 ns, 466.1797 ns/op
WorkloadPilot    6: 512 op, 201125.00 ns, 392.8223 ns/op
WorkloadPilot    7: 1024 op, 385698.00 ns, 376.6582 ns/op
WorkloadPilot    8: 2048 op, 763071.00 ns, 372.5933 ns/op
WorkloadPilot    9: 4096 op, 1579503.00 ns, 385.6208 ns/op
WorkloadPilot   10: 8192 op, 3154416.00 ns, 385.0605 ns/op
WorkloadPilot   11: 16384 op, 6196984.00 ns, 378.2339 ns/op
WorkloadPilot   12: 32768 op, 12297829.00 ns, 375.3000 ns/op
WorkloadPilot   13: 65536 op, 24815609.00 ns, 378.6561 ns/op
WorkloadPilot   14: 131072 op, 49576535.00 ns, 378.2389 ns/op
WorkloadPilot   15: 262144 op, 83796452.00 ns, 319.6581 ns/op
WorkloadPilot   16: 524288 op, 29574725.00 ns, 56.4093 ns/op
WorkloadPilot   17: 1048576 op, 53147098.00 ns, 50.6850 ns/op
WorkloadPilot   18: 2097152 op, 101730600.00 ns, 48.5089 ns/op
WorkloadPilot   19: 4194304 op, 201251579.00 ns, 47.9821 ns/op
WorkloadPilot   20: 8388608 op, 402773040.00 ns, 48.0143 ns/op
WorkloadPilot   21: 16777216 op, 796432272.00 ns, 47.4711 ns/op

OverheadWarmup   1: 16777216 op, 43264597.00 ns, 2.5788 ns/op
OverheadWarmup   2: 16777216 op, 43473236.00 ns, 2.5912 ns/op
OverheadWarmup   3: 16777216 op, 43319880.00 ns, 2.5821 ns/op
OverheadWarmup   4: 16777216 op, 43611183.00 ns, 2.5994 ns/op
OverheadWarmup   5: 16777216 op, 43576358.00 ns, 2.5974 ns/op

OverheadActual   1: 16777216 op, 43737799.00 ns, 2.6070 ns/op
OverheadActual   2: 16777216 op, 43505226.00 ns, 2.5931 ns/op
OverheadActual   3: 16777216 op, 43454601.00 ns, 2.5901 ns/op
OverheadActual   4: 16777216 op, 43747557.00 ns, 2.6076 ns/op
OverheadActual   5: 16777216 op, 43539860.00 ns, 2.5952 ns/op
OverheadActual   6: 16777216 op, 43311915.00 ns, 2.5816 ns/op
OverheadActual   7: 16777216 op, 43443630.00 ns, 2.5894 ns/op
OverheadActual   8: 16777216 op, 43501529.00 ns, 2.5929 ns/op
OverheadActual   9: 16777216 op, 53183474.00 ns, 3.1700 ns/op
OverheadActual  10: 16777216 op, 32670161.00 ns, 1.9473 ns/op
OverheadActual  11: 16777216 op, 32680791.00 ns, 1.9479 ns/op
OverheadActual  12: 16777216 op, 32619336.00 ns, 1.9443 ns/op
OverheadActual  13: 16777216 op, 32748356.00 ns, 1.9520 ns/op
OverheadActual  14: 16777216 op, 27481065.00 ns, 1.6380 ns/op
OverheadActual  15: 16777216 op, 27457681.00 ns, 1.6366 ns/op
OverheadActual  16: 16777216 op, 27563948.00 ns, 1.6429 ns/op
OverheadActual  17: 16777216 op, 27491664.00 ns, 1.6386 ns/op
OverheadActual  18: 16777216 op, 27505229.00 ns, 1.6394 ns/op
OverheadActual  19: 16777216 op, 27409862.00 ns, 1.6338 ns/op
OverheadActual  20: 16777216 op, 27463381.00 ns, 1.6369 ns/op

WorkloadWarmup   1: 16777216 op, 802068141.00 ns, 47.8070 ns/op
WorkloadWarmup   2: 16777216 op, 765183108.00 ns, 45.6085 ns/op
WorkloadWarmup   3: 16777216 op, 755221825.00 ns, 45.0147 ns/op
WorkloadWarmup   4: 16777216 op, 761516745.00 ns, 45.3899 ns/op
WorkloadWarmup   5: 16777216 op, 759571602.00 ns, 45.2740 ns/op
WorkloadWarmup   6: 16777216 op, 758891585.00 ns, 45.2335 ns/op
WorkloadWarmup   7: 16777216 op, 758899981.00 ns, 45.2340 ns/op
WorkloadWarmup   8: 16777216 op, 759248490.00 ns, 45.2547 ns/op
WorkloadWarmup   9: 16777216 op, 761706368.00 ns, 45.4012 ns/op
WorkloadWarmup  10: 16777216 op, 757709644.00 ns, 45.1630 ns/op

// BeforeActualRun
WorkloadActual   1: 16777216 op, 771765225.00 ns, 46.0008 ns/op
WorkloadActual   2: 16777216 op, 759768750.00 ns, 45.2857 ns/op
WorkloadActual   3: 16777216 op, 760613322.00 ns, 45.3361 ns/op
WorkloadActual   4: 16777216 op, 758347472.00 ns, 45.2010 ns/op
WorkloadActual   5: 16777216 op, 759828310.00 ns, 45.2893 ns/op
WorkloadActual   6: 16777216 op, 759838339.00 ns, 45.2899 ns/op
WorkloadActual   7: 16777216 op, 761545008.00 ns, 45.3916 ns/op
WorkloadActual   8: 16777216 op, 761032263.00 ns, 45.3611 ns/op
WorkloadActual   9: 16777216 op, 762282061.00 ns, 45.4356 ns/op
WorkloadActual  10: 16777216 op, 761898145.00 ns, 45.4127 ns/op
WorkloadActual  11: 16777216 op, 761792518.00 ns, 45.4064 ns/op
WorkloadActual  12: 16777216 op, 764579961.00 ns, 45.5725 ns/op
WorkloadActual  13: 16777216 op, 758683498.00 ns, 45.2211 ns/op
WorkloadActual  14: 16777216 op, 761197792.00 ns, 45.3709 ns/op
WorkloadActual  15: 16777216 op, 769788854.00 ns, 45.8830 ns/op

// AfterActualRun
WorkloadResult   1: 16777216 op, 727054176.50 ns, 43.3358 ns/op
WorkloadResult   2: 16777216 op, 727898748.50 ns, 43.3861 ns/op
WorkloadResult   3: 16777216 op, 725632898.50 ns, 43.2511 ns/op
WorkloadResult   4: 16777216 op, 727113736.50 ns, 43.3394 ns/op
WorkloadResult   5: 16777216 op, 727123765.50 ns, 43.3400 ns/op
WorkloadResult   6: 16777216 op, 728830434.50 ns, 43.4417 ns/op
WorkloadResult   7: 16777216 op, 728317689.50 ns, 43.4111 ns/op
WorkloadResult   8: 16777216 op, 729567487.50 ns, 43.4856 ns/op
WorkloadResult   9: 16777216 op, 729183571.50 ns, 43.4627 ns/op
WorkloadResult  10: 16777216 op, 729077944.50 ns, 43.4564 ns/op
WorkloadResult  11: 16777216 op, 731865387.50 ns, 43.6226 ns/op
WorkloadResult  12: 16777216 op, 725968924.50 ns, 43.2711 ns/op
WorkloadResult  13: 16777216 op, 728483218.50 ns, 43.4210 ns/op
// GC:  24 0 0 402653184 16777216
// Threading:  0 0 16777216

// AfterAll
// Benchmark Process 4788 has exited with code 0.

Mean = 43.402 ns, StdErr = 0.027 ns (0.06%), N = 13, StdDev = 0.099 ns
Min = 43.251 ns, Q1 = 43.339 ns, Median = 43.411 ns, Q3 = 43.456 ns, Max = 43.623 ns
IQR = 0.117 ns, LowerFence = 43.164 ns, UpperFence = 43.632 ns
ConfidenceInterval = [43.284 ns; 43.520 ns] (CI 99.9%), Margin = 0.118 ns (0.27% of Mean)
Skewness = 0.43, Kurtosis = 2.69, MValue = 2

// ** Remained 30 (83.3 %) benchmark(s) to run. Estimated finish 2026-08-30 7:50 (0h 10m from now) **
// **************************
// Benchmark: MediatorBenchmarks.PublishNotification_FiveHandlers: .NET 10.0(Runtime=.NET 10.0, Toolchain=net10.0)
// *** Execute ***
// Launch: 1 / 1
// Execute: dotnet "EricksonLopez.Mediator.Benchmarks-.NET 10.0-1.dll" --anonymousPipes 109 110 --benchmarkName EricksonLopez.Mediator.Benchmarks.MediatorBenchmarks.PublishNotification_FiveHandlers --job ".NET 10.0" --benchmarkId 6 in /home/runner/work/dotnet-mediator/dotnet-mediator/benchmarks/EricksonLopez.Mediator.Benchmarks/bin/Release/net10.0/EricksonLopez.Mediator.Benchmarks-.NET 10.0-1/bin/Release/net10.0
// Failed to set up high priority (Permission denied). In order to run benchmarks with high priority, make sure you have the right permissions.
// BeforeAnythingElse

// Benchmark Process Environment Information:
// BenchmarkDotNet v0.15.8
// Runtime=.NET 10.0.11 (10.0.11, 10.0.1126.37416), X64 RyuJIT x86-64-v3
// GC=Concurrent Workstation
// HardwareIntrinsics=AVX2+BMI1+BMI2+F16C+FMA+LZCNT+MOVBE,AVX,SSE3+SSSE3+SSE4.1+SSE4.2+POPCNT,X86Base+SSE+SSE2,AES+PCLMUL VectorSize=256
// Job: .NET 10.0

OverheadJitting  1: 1 op, 167071.00 ns, 167.0710 us/op
WorkloadJitting  1: 1 op, 3314463.00 ns, 3.3145 ms/op

OverheadJitting  2: 16 op, 191797.00 ns, 11.9873 us/op
WorkloadJitting  2: 16 op, 2139224.00 ns, 133.7015 us/op

WorkloadPilot    1: 16 op, 355632.00 ns, 22.2270 us/op
WorkloadPilot    2: 32 op, 56836.00 ns, 1.7761 us/op
WorkloadPilot    3: 64 op, 81983.00 ns, 1.2810 us/op
WorkloadPilot    4: 128 op, 181167.00 ns, 1.4154 us/op
WorkloadPilot    5: 256 op, 321329.00 ns, 1.2552 us/op
WorkloadPilot    6: 512 op, 612762.00 ns, 1.1968 us/op
WorkloadPilot    7: 1024 op, 1200466.00 ns, 1.1723 us/op
WorkloadPilot    8: 2048 op, 2399329.00 ns, 1.1715 us/op
WorkloadPilot    9: 4096 op, 4599727.00 ns, 1.1230 us/op
WorkloadPilot   10: 8192 op, 9355855.00 ns, 1.1421 us/op
WorkloadPilot   11: 16384 op, 18528929.00 ns, 1.1309 us/op
WorkloadPilot   12: 32768 op, 37054652.00 ns, 1.1308 us/op
WorkloadPilot   13: 65536 op, 85051684.00 ns, 1.2978 us/op
WorkloadPilot   14: 131072 op, 49019266.00 ns, 373.9873 ns/op
WorkloadPilot   15: 262144 op, 53736411.00 ns, 204.9881 ns/op
WorkloadPilot   16: 524288 op, 105430289.00 ns, 201.0923 ns/op
WorkloadPilot   17: 1048576 op, 211397778.00 ns, 201.6046 ns/op
WorkloadPilot   18: 2097152 op, 422055258.00 ns, 201.2516 ns/op
WorkloadPilot   19: 4194304 op, 842309541.00 ns, 200.8222 ns/op

OverheadWarmup   1: 4194304 op, 9502919.00 ns, 2.2657 ns/op
OverheadWarmup   2: 4194304 op, 9483372.00 ns, 2.2610 ns/op
OverheadWarmup   3: 4194304 op, 9480567.00 ns, 2.2603 ns/op
OverheadWarmup   4: 4194304 op, 9478573.00 ns, 2.2599 ns/op
OverheadWarmup   5: 4194304 op, 9467583.00 ns, 2.2572 ns/op
OverheadWarmup   6: 4194304 op, 9479145.00 ns, 2.2600 ns/op
OverheadWarmup   7: 4194304 op, 9469456.00 ns, 2.2577 ns/op
OverheadWarmup   8: 4194304 op, 9485136.00 ns, 2.2614 ns/op
OverheadWarmup   9: 4194304 op, 9456462.00 ns, 2.2546 ns/op

OverheadActual   1: 4194304 op, 9484624.00 ns, 2.2613 ns/op
OverheadActual   2: 4194304 op, 9487761.00 ns, 2.2621 ns/op
OverheadActual   3: 4194304 op, 9488081.00 ns, 2.2621 ns/op
OverheadActual   4: 4194304 op, 9514821.00 ns, 2.2685 ns/op
OverheadActual   5: 4194304 op, 9481759.00 ns, 2.2606 ns/op
OverheadActual   6: 4194304 op, 9470017.00 ns, 2.2578 ns/op
OverheadActual   7: 4194304 op, 9478794.00 ns, 2.2599 ns/op
OverheadActual   8: 4194304 op, 9493051.00 ns, 2.2633 ns/op
OverheadActual   9: 4194304 op, 9467323.00 ns, 2.2572 ns/op
OverheadActual  10: 4194304 op, 9487991.00 ns, 2.2621 ns/op
OverheadActual  11: 4194304 op, 9475407.00 ns, 2.2591 ns/op
OverheadActual  12: 4194304 op, 9474125.00 ns, 2.2588 ns/op
OverheadActual  13: 4194304 op, 9489925.00 ns, 2.2626 ns/op
OverheadActual  14: 4194304 op, 9472352.00 ns, 2.2584 ns/op
OverheadActual  15: 4194304 op, 9474626.00 ns, 2.2589 ns/op

WorkloadWarmup   1: 4194304 op, 856390286.00 ns, 204.1794 ns/op
WorkloadWarmup   2: 4194304 op, 851849869.00 ns, 203.0968 ns/op
WorkloadWarmup   3: 4194304 op, 843952651.00 ns, 201.2140 ns/op
WorkloadWarmup   4: 4194304 op, 842507690.00 ns, 200.8695 ns/op
WorkloadWarmup   5: 4194304 op, 842621999.00 ns, 200.8967 ns/op
WorkloadWarmup   6: 4194304 op, 844271371.00 ns, 201.2900 ns/op
WorkloadWarmup   7: 4194304 op, 838934264.00 ns, 200.0175 ns/op
WorkloadWarmup   8: 4194304 op, 839610842.00 ns, 200.1788 ns/op
WorkloadWarmup   9: 4194304 op, 837102562.00 ns, 199.5808 ns/op

// BeforeActualRun
WorkloadActual   1: 4194304 op, 838688128.00 ns, 199.9588 ns/op
WorkloadActual   2: 4194304 op, 846392878.00 ns, 201.7958 ns/op
WorkloadActual   3: 4194304 op, 838051089.00 ns, 199.8069 ns/op
WorkloadActual   4: 4194304 op, 840720833.00 ns, 200.4435 ns/op
WorkloadActual   5: 4194304 op, 838319599.00 ns, 199.8710 ns/op
WorkloadActual   6: 4194304 op, 836364541.00 ns, 199.4048 ns/op
WorkloadActual   7: 4194304 op, 839035322.00 ns, 200.0416 ns/op
WorkloadActual   8: 4194304 op, 837307857.00 ns, 199.6297 ns/op
WorkloadActual   9: 4194304 op, 835845938.00 ns, 199.2812 ns/op
WorkloadActual  10: 4194304 op, 838006318.00 ns, 199.7963 ns/op
WorkloadActual  11: 4194304 op, 837144459.00 ns, 199.5908 ns/op
WorkloadActual  12: 4194304 op, 837423048.00 ns, 199.6572 ns/op
WorkloadActual  13: 4194304 op, 838215234.00 ns, 199.8461 ns/op
WorkloadActual  14: 4194304 op, 835084231.00 ns, 199.0996 ns/op
WorkloadActual  15: 4194304 op, 833844420.00 ns, 198.8040 ns/op

// AfterActualRun
WorkloadResult   1: 4194304 op, 829206369.00 ns, 197.6982 ns/op
WorkloadResult   2: 4194304 op, 828569330.00 ns, 197.5463 ns/op
WorkloadResult   3: 4194304 op, 831239074.00 ns, 198.1828 ns/op
WorkloadResult   4: 4194304 op, 828837840.00 ns, 197.6103 ns/op
WorkloadResult   5: 4194304 op, 826882782.00 ns, 197.1442 ns/op
WorkloadResult   6: 4194304 op, 829553563.00 ns, 197.7810 ns/op
WorkloadResult   7: 4194304 op, 827826098.00 ns, 197.3691 ns/op
WorkloadResult   8: 4194304 op, 826364179.00 ns, 197.0206 ns/op
WorkloadResult   9: 4194304 op, 828524559.00 ns, 197.5356 ns/op
WorkloadResult  10: 4194304 op, 827662700.00 ns, 197.3302 ns/op
WorkloadResult  11: 4194304 op, 827941289.00 ns, 197.3966 ns/op
WorkloadResult  12: 4194304 op, 828733475.00 ns, 197.5855 ns/op
WorkloadResult  13: 4194304 op, 825602472.00 ns, 196.8390 ns/op
WorkloadResult  14: 4194304 op, 824362661.00 ns, 196.5434 ns/op
// GC:  30 0 0 503316480 4194304
// Threading:  0 0 4194304

// AfterAll
// Benchmark Process 4882 has exited with code 0.

Mean = 197.399 ns, StdErr = 0.111 ns (0.06%), N = 14, StdDev = 0.414 ns
Min = 196.543 ns, Q1 = 197.191 ns, Median = 197.466 ns, Q3 = 197.604 ns, Max = 198.183 ns
IQR = 0.413 ns, LowerFence = 196.571 ns, UpperFence = 198.224 ns
ConfidenceInterval = [196.932 ns; 197.866 ns] (CI 99.9%), Margin = 0.467 ns (0.24% of Mean)
Skewness = -0.29, Kurtosis = 2.6, MValue = 2

// ** Remained 29 (80.6 %) benchmark(s) to run. Estimated finish 2026-08-30 7:50 (0h 10m from now) **
// **************************
// Benchmark: MediatorBenchmarks.PublishNotification_Parallel: .NET 10.0(Runtime=.NET 10.0, Toolchain=net10.0)
// *** Execute ***
// Launch: 1 / 1
// Execute: dotnet "EricksonLopez.Mediator.Benchmarks-.NET 10.0-1.dll" --anonymousPipes 107 108 --benchmarkName EricksonLopez.Mediator.Benchmarks.MediatorBenchmarks.PublishNotification_Parallel --job ".NET 10.0" --benchmarkId 7 in /home/runner/work/dotnet-mediator/dotnet-mediator/benchmarks/EricksonLopez.Mediator.Benchmarks/bin/Release/net10.0/EricksonLopez.Mediator.Benchmarks-.NET 10.0-1/bin/Release/net10.0
// Failed to set up high priority (Permission denied). In order to run benchmarks with high priority, make sure you have the right permissions.
// BeforeAnythingElse

// Benchmark Process Environment Information:
// BenchmarkDotNet v0.15.8
// Runtime=.NET 10.0.11 (10.0.11, 10.0.1126.37416), X64 RyuJIT x86-64-v3
// GC=Concurrent Workstation
// HardwareIntrinsics=AVX2+BMI1+BMI2+F16C+FMA+LZCNT+MOVBE,AVX,SSE3+SSSE3+SSE4.1+SSE4.2+POPCNT,X86Base+SSE+SSE2,AES+PCLMUL VectorSize=256
// Job: .NET 10.0

OverheadJitting  1: 1 op, 162443.00 ns, 162.4430 us/op
WorkloadJitting  1: 1 op, 3228052.00 ns, 3.2281 ms/op

OverheadJitting  2: 16 op, 246819.00 ns, 15.4262 us/op
WorkloadJitting  2: 16 op, 1881264.00 ns, 117.5790 us/op

WorkloadPilot    1: 16 op, 214149.00 ns, 13.3843 us/op
WorkloadPilot    2: 32 op, 46747.00 ns, 1.4608 us/op
WorkloadPilot    3: 64 op, 81281.00 ns, 1.2700 us/op
WorkloadPilot    4: 128 op, 163845.00 ns, 1.2800 us/op
WorkloadPilot    5: 256 op, 274151.00 ns, 1.0709 us/op
WorkloadPilot    6: 512 op, 508326.00 ns, 992.8242 ns/op
WorkloadPilot    7: 1024 op, 975668.00 ns, 952.8008 ns/op
WorkloadPilot    8: 2048 op, 1859193.00 ns, 907.8091 ns/op
WorkloadPilot    9: 4096 op, 3933336.00 ns, 960.2871 ns/op
WorkloadPilot   10: 8192 op, 7632957.00 ns, 931.7574 ns/op
WorkloadPilot   11: 16384 op, 15194961.00 ns, 927.4268 ns/op
WorkloadPilot   12: 32768 op, 30460213.00 ns, 929.5719 ns/op
WorkloadPilot   13: 65536 op, 60682532.00 ns, 925.9420 ns/op
WorkloadPilot   14: 131072 op, 86688329.00 ns, 661.3795 ns/op
WorkloadPilot   15: 262144 op, 47989922.00 ns, 183.0670 ns/op
WorkloadPilot   16: 524288 op, 97323568.00 ns, 185.6300 ns/op
WorkloadPilot   17: 1048576 op, 190317961.00 ns, 181.5014 ns/op
WorkloadPilot   18: 2097152 op, 379946668.00 ns, 181.1727 ns/op
WorkloadPilot   19: 4194304 op, 757784178.00 ns, 180.6698 ns/op

OverheadWarmup   1: 4194304 op, 10218422.00 ns, 2.4363 ns/op
OverheadWarmup   2: 4194304 op, 10238850.00 ns, 2.4411 ns/op
OverheadWarmup   3: 4194304 op, 10186463.00 ns, 2.4286 ns/op
OverheadWarmup   4: 4194304 op, 10155666.00 ns, 2.4213 ns/op
OverheadWarmup   5: 4194304 op, 10218181.00 ns, 2.4362 ns/op
OverheadWarmup   6: 4194304 op, 10340610.00 ns, 2.4654 ns/op
OverheadWarmup   7: 4194304 op, 10145075.00 ns, 2.4188 ns/op

OverheadActual   1: 4194304 op, 10514654.00 ns, 2.5069 ns/op
OverheadActual   2: 4194304 op, 10315112.00 ns, 2.4593 ns/op
OverheadActual   3: 4194304 op, 10366617.00 ns, 2.4716 ns/op
OverheadActual   4: 4194304 op, 10309833.00 ns, 2.4581 ns/op
OverheadActual   5: 4194304 op, 10450173.00 ns, 2.4915 ns/op
OverheadActual   6: 4194304 op, 10592989.00 ns, 2.5256 ns/op
OverheadActual   7: 4194304 op, 10432711.00 ns, 2.4874 ns/op
OverheadActual   8: 4194304 op, 10364554.00 ns, 2.4711 ns/op
OverheadActual   9: 4194304 op, 10468157.00 ns, 2.4958 ns/op
OverheadActual  10: 4194304 op, 10756955.00 ns, 2.5647 ns/op
OverheadActual  11: 4194304 op, 10207372.00 ns, 2.4336 ns/op
OverheadActual  12: 4194304 op, 10277282.00 ns, 2.4503 ns/op
OverheadActual  13: 4194304 op, 10135648.00 ns, 2.4165 ns/op
OverheadActual  14: 4194304 op, 10681254.00 ns, 2.5466 ns/op
OverheadActual  15: 4194304 op, 10275558.00 ns, 2.4499 ns/op

WorkloadWarmup   1: 4194304 op, 766981038.00 ns, 182.8625 ns/op
WorkloadWarmup   2: 4194304 op, 763613155.00 ns, 182.0596 ns/op
WorkloadWarmup   3: 4194304 op, 759402934.00 ns, 181.0558 ns/op
WorkloadWarmup   4: 4194304 op, 756815264.00 ns, 180.4388 ns/op
WorkloadWarmup   5: 4194304 op, 758855003.00 ns, 180.9251 ns/op
WorkloadWarmup   6: 4194304 op, 757603432.00 ns, 180.6267 ns/op
WorkloadWarmup   7: 4194304 op, 757850099.00 ns, 180.6855 ns/op
WorkloadWarmup   8: 4194304 op, 758723864.00 ns, 180.8939 ns/op
WorkloadWarmup   9: 4194304 op, 755696040.00 ns, 180.1720 ns/op

// BeforeActualRun
WorkloadActual   1: 4194304 op, 759577591.00 ns, 181.0974 ns/op
WorkloadActual   2: 4194304 op, 763571400.00 ns, 182.0496 ns/op
WorkloadActual   3: 4194304 op, 760076019.00 ns, 181.2162 ns/op
WorkloadActual   4: 4194304 op, 762790295.00 ns, 181.8634 ns/op
WorkloadActual   5: 4194304 op, 763146940.00 ns, 181.9484 ns/op
WorkloadActual   6: 4194304 op, 762054936.00 ns, 181.6881 ns/op
WorkloadActual   7: 4194304 op, 762241854.00 ns, 181.7326 ns/op
WorkloadActual   8: 4194304 op, 766389322.00 ns, 182.7215 ns/op
WorkloadActual   9: 4194304 op, 761711925.00 ns, 181.6063 ns/op
WorkloadActual  10: 4194304 op, 761181446.00 ns, 181.4798 ns/op
WorkloadActual  11: 4194304 op, 760982354.00 ns, 181.4323 ns/op
WorkloadActual  12: 4194304 op, 758384671.00 ns, 180.8130 ns/op
WorkloadActual  13: 4194304 op, 760492118.00 ns, 181.3155 ns/op
WorkloadActual  14: 4194304 op, 758168957.00 ns, 180.7616 ns/op
WorkloadActual  15: 4194304 op, 763104311.00 ns, 181.9382 ns/op

// AfterActualRun
WorkloadResult   1: 4194304 op, 749210974.00 ns, 178.6258 ns/op
WorkloadResult   2: 4194304 op, 753204783.00 ns, 179.5780 ns/op
WorkloadResult   3: 4194304 op, 749709402.00 ns, 178.7447 ns/op
WorkloadResult   4: 4194304 op, 752423678.00 ns, 179.3918 ns/op
WorkloadResult   5: 4194304 op, 752780323.00 ns, 179.4768 ns/op
WorkloadResult   6: 4194304 op, 751688319.00 ns, 179.2165 ns/op
WorkloadResult   7: 4194304 op, 751875237.00 ns, 179.2610 ns/op
WorkloadResult   8: 4194304 op, 756022705.00 ns, 180.2499 ns/op
WorkloadResult   9: 4194304 op, 751345308.00 ns, 179.1347 ns/op
WorkloadResult  10: 4194304 op, 750814829.00 ns, 179.0082 ns/op
WorkloadResult  11: 4194304 op, 750615737.00 ns, 178.9607 ns/op
WorkloadResult  12: 4194304 op, 748018054.00 ns, 178.3414 ns/op
WorkloadResult  13: 4194304 op, 750125501.00 ns, 178.8439 ns/op
WorkloadResult  14: 4194304 op, 747802340.00 ns, 178.2900 ns/op
WorkloadResult  15: 4194304 op, 752737694.00 ns, 179.4667 ns/op
// GC:  48 0 0 805306368 4194304
// Threading:  0 0 4194304

// AfterAll
// Benchmark Process 4908 has exited with code 0.

Mean = 179.106 ns, StdErr = 0.131 ns (0.07%), N = 15, StdDev = 0.509 ns
Min = 178.290 ns, Q1 = 178.794 ns, Median = 179.135 ns, Q3 = 179.429 ns, Max = 180.250 ns
IQR = 0.635 ns, LowerFence = 177.842 ns, UpperFence = 180.382 ns
ConfidenceInterval = [178.562 ns; 179.650 ns] (CI 99.9%), Margin = 0.544 ns (0.30% of Mean)
Skewness = 0.28, Kurtosis = 2.65, MValue = 2

// ** Remained 28 (77.8 %) benchmark(s) to run. Estimated finish 2026-08-30 7:50 (0h 10m from now) **
// **************************
// Benchmark: MediatorBenchmarks.NestedSend: .NET 10.0(Runtime=.NET 10.0, Toolchain=net10.0)
// *** Execute ***
// Launch: 1 / 1
// Execute: dotnet "EricksonLopez.Mediator.Benchmarks-.NET 10.0-1.dll" --anonymousPipes 107 108 --benchmarkName EricksonLopez.Mediator.Benchmarks.MediatorBenchmarks.NestedSend --job ".NET 10.0" --benchmarkId 8 in /home/runner/work/dotnet-mediator/dotnet-mediator/benchmarks/EricksonLopez.Mediator.Benchmarks/bin/Release/net10.0/EricksonLopez.Mediator.Benchmarks-.NET 10.0-1/bin/Release/net10.0
// Failed to set up high priority (Permission denied). In order to run benchmarks with high priority, make sure you have the right permissions.
// BeforeAnythingElse

// Benchmark Process Environment Information:
// BenchmarkDotNet v0.15.8
// Runtime=.NET 10.0.11 (10.0.11, 10.0.1126.37416), X64 RyuJIT x86-64-v3
// GC=Concurrent Workstation
// HardwareIntrinsics=AVX2+BMI1+BMI2+F16C+FMA+LZCNT+MOVBE,AVX,SSE3+SSSE3+SSE4.1+SSE4.2+POPCNT,X86Base+SSE+SSE2,AES+PCLMUL VectorSize=256
// Job: .NET 10.0

OverheadJitting  1: 1 op, 207156.00 ns, 207.1560 us/op
WorkloadJitting  1: 1 op, 2268506.00 ns, 2.2685 ms/op

OverheadJitting  2: 16 op, 457552.00 ns, 28.5970 us/op
WorkloadJitting  2: 16 op, 499450.00 ns, 31.2156 us/op

WorkloadPilot    1: 16 op, 14947.00 ns, 934.1875 ns/op
WorkloadPilot    2: 32 op, 23233.00 ns, 726.0313 ns/op
WorkloadPilot    3: 64 op, 39063.00 ns, 610.3594 ns/op
WorkloadPilot    4: 128 op, 71984.00 ns, 562.3750 ns/op
WorkloadPilot    5: 256 op, 144880.00 ns, 565.9375 ns/op
WorkloadPilot    6: 512 op, 292345.00 ns, 570.9863 ns/op
WorkloadPilot    7: 1024 op, 560143.00 ns, 547.0146 ns/op
WorkloadPilot    8: 2048 op, 1092966.00 ns, 533.6748 ns/op
WorkloadPilot    9: 4096 op, 2267495.00 ns, 553.5876 ns/op
WorkloadPilot   10: 8192 op, 4460770.00 ns, 544.5276 ns/op
WorkloadPilot   11: 16384 op, 9369051.00 ns, 571.8415 ns/op
WorkloadPilot   12: 32768 op, 17587844.00 ns, 536.7384 ns/op
WorkloadPilot   13: 65536 op, 35152916.00 ns, 536.3909 ns/op
WorkloadPilot   14: 131072 op, 70025330.00 ns, 534.2509 ns/op
WorkloadPilot   15: 262144 op, 50891265.00 ns, 194.1348 ns/op
WorkloadPilot   16: 524288 op, 42586013.00 ns, 81.2264 ns/op
WorkloadPilot   17: 1048576 op, 79550965.00 ns, 75.8657 ns/op
WorkloadPilot   18: 2097152 op, 152828773.00 ns, 72.8744 ns/op
WorkloadPilot   19: 4194304 op, 302596935.00 ns, 72.1447 ns/op
WorkloadPilot   20: 8388608 op, 602483502.00 ns, 71.8216 ns/op

OverheadWarmup   1: 8388608 op, 35807185.00 ns, 4.2685 ns/op
OverheadWarmup   2: 8388608 op, 35743336.00 ns, 4.2609 ns/op
OverheadWarmup   3: 8388608 op, 35837562.00 ns, 4.2722 ns/op
OverheadWarmup   4: 8388608 op, 35750070.00 ns, 4.2617 ns/op
OverheadWarmup   5: 8388608 op, 35768404.00 ns, 4.2639 ns/op
OverheadWarmup   6: 8388608 op, 35739421.00 ns, 4.2605 ns/op

OverheadActual   1: 8388608 op, 35773925.00 ns, 4.2646 ns/op
OverheadActual   2: 8388608 op, 35771700.00 ns, 4.2643 ns/op
OverheadActual   3: 8388608 op, 35788051.00 ns, 4.2663 ns/op
OverheadActual   4: 8388608 op, 35895341.00 ns, 4.2791 ns/op
OverheadActual   5: 8388608 op, 35765689.00 ns, 4.2636 ns/op
OverheadActual   6: 8388608 op, 35775938.00 ns, 4.2648 ns/op
OverheadActual   7: 8388608 op, 35847692.00 ns, 4.2734 ns/op
OverheadActual   8: 8388608 op, 37270793.00 ns, 4.4430 ns/op
OverheadActual   9: 8388608 op, 28010653.00 ns, 3.3391 ns/op
OverheadActual  10: 8388608 op, 27922298.00 ns, 3.3286 ns/op
OverheadActual  11: 8388608 op, 27884377.00 ns, 3.3241 ns/op
OverheadActual  12: 8388608 op, 28504292.00 ns, 3.3980 ns/op
OverheadActual  13: 8388608 op, 30400133.00 ns, 3.6240 ns/op
OverheadActual  14: 8388608 op, 31478242.00 ns, 3.7525 ns/op
OverheadActual  15: 8388608 op, 27991276.00 ns, 3.3368 ns/op
OverheadActual  16: 8388608 op, 27919171.00 ns, 3.3282 ns/op
OverheadActual  17: 8388608 op, 27981748.00 ns, 3.3357 ns/op
OverheadActual  18: 8388608 op, 27959387.00 ns, 3.3330 ns/op
OverheadActual  19: 8388608 op, 27900336.00 ns, 3.3260 ns/op
OverheadActual  20: 8388608 op, 27894646.00 ns, 3.3253 ns/op

WorkloadWarmup   1: 8388608 op, 613485596.00 ns, 73.1332 ns/op
WorkloadWarmup   2: 8388608 op, 614097316.00 ns, 73.2061 ns/op
WorkloadWarmup   3: 8388608 op, 602760867.00 ns, 71.8547 ns/op
WorkloadWarmup   4: 8388608 op, 601633616.00 ns, 71.7203 ns/op
WorkloadWarmup   5: 8388608 op, 603982723.00 ns, 72.0004 ns/op
WorkloadWarmup   6: 8388608 op, 602881431.00 ns, 71.8691 ns/op

// BeforeActualRun
WorkloadActual   1: 8388608 op, 607467224.00 ns, 72.4157 ns/op
WorkloadActual   2: 8388608 op, 607632712.00 ns, 72.4355 ns/op
WorkloadActual   3: 8388608 op, 602045894.00 ns, 71.7695 ns/op
WorkloadActual   4: 8388608 op, 602737412.00 ns, 71.8519 ns/op
WorkloadActual   5: 8388608 op, 602775083.00 ns, 71.8564 ns/op
WorkloadActual   6: 8388608 op, 601971081.00 ns, 71.7605 ns/op
WorkloadActual   7: 8388608 op, 602948424.00 ns, 71.8771 ns/op
WorkloadActual   8: 8388608 op, 602006279.00 ns, 71.7647 ns/op
WorkloadActual   9: 8388608 op, 602510539.00 ns, 71.8249 ns/op
WorkloadActual  10: 8388608 op, 600880763.00 ns, 71.6306 ns/op
WorkloadActual  11: 8388608 op, 603337108.00 ns, 71.9234 ns/op
WorkloadActual  12: 8388608 op, 601365476.00 ns, 71.6884 ns/op
WorkloadActual  13: 8388608 op, 602829974.00 ns, 71.8629 ns/op
WorkloadActual  14: 8388608 op, 602261064.00 ns, 71.7951 ns/op
WorkloadActual  15: 8388608 op, 602521629.00 ns, 71.8262 ns/op

// AfterActualRun
WorkloadResult   1: 8388608 op, 572593681.50 ns, 68.2585 ns/op
WorkloadResult   2: 8388608 op, 573285199.50 ns, 68.3409 ns/op
WorkloadResult   3: 8388608 op, 573322870.50 ns, 68.3454 ns/op
WorkloadResult   4: 8388608 op, 572518868.50 ns, 68.2496 ns/op
WorkloadResult   5: 8388608 op, 573496211.50 ns, 68.3661 ns/op
WorkloadResult   6: 8388608 op, 572554066.50 ns, 68.2538 ns/op
WorkloadResult   7: 8388608 op, 573058326.50 ns, 68.3139 ns/op
WorkloadResult   8: 8388608 op, 571428550.50 ns, 68.1196 ns/op
WorkloadResult   9: 8388608 op, 573884895.50 ns, 68.4124 ns/op
WorkloadResult  10: 8388608 op, 571913263.50 ns, 68.1774 ns/op
WorkloadResult  11: 8388608 op, 573377761.50 ns, 68.3520 ns/op
WorkloadResult  12: 8388608 op, 572808851.50 ns, 68.2841 ns/op
WorkloadResult  13: 8388608 op, 573069416.50 ns, 68.3152 ns/op
// GC:  12 0 0 201326592 8388608
// Threading:  0 0 8388608

// AfterAll
// Benchmark Process 4936 has exited with code 0.

Mean = 68.291 ns, StdErr = 0.022 ns (0.03%), N = 13, StdDev = 0.080 ns
Min = 68.120 ns, Q1 = 68.254 ns, Median = 68.314 ns, Q3 = 68.345 ns, Max = 68.412 ns
IQR = 0.092 ns, LowerFence = 68.116 ns, UpperFence = 68.483 ns
ConfidenceInterval = [68.195 ns; 68.387 ns] (CI 99.9%), Margin = 0.096 ns (0.14% of Mean)
Skewness = -0.6, Kurtosis = 2.46, MValue = 2

// ** Remained 27 (75.0 %) benchmark(s) to run. Estimated finish 2026-08-30 7:49 (0h 9m from now) **
// **************************
// Benchmark: MediatorBenchmarks.DirectCall: .NET 8.0(Runtime=.NET 8.0, Toolchain=net8.0)
// *** Execute ***
// Launch: 1 / 1
// Execute: dotnet "EricksonLopez.Mediator.Benchmarks-.NET 8.0-2.dll" --anonymousPipes 107 108 --benchmarkName EricksonLopez.Mediator.Benchmarks.MediatorBenchmarks.DirectCall --job ".NET 8.0" --benchmarkId 0 in /home/runner/work/dotnet-mediator/dotnet-mediator/benchmarks/EricksonLopez.Mediator.Benchmarks/bin/Release/net10.0/EricksonLopez.Mediator.Benchmarks-.NET 8.0-2/bin/Release/net8.0
// Failed to set up high priority (Permission denied). In order to run benchmarks with high priority, make sure you have the right permissions.
// BeforeAnythingElse

// Benchmark Process Environment Information:
// BenchmarkDotNet v0.15.8
// Runtime=.NET 8.0.30 (8.0.30, 8.0.3026.36720), X64 RyuJIT x86-64-v3
// GC=Concurrent Workstation
// HardwareIntrinsics=AVX2+BMI1+BMI2+F16C+FMA+LZCNT+MOVBE,AVX,SSE3+SSSE3+SSE4.1+SSE4.2+POPCNT,X86Base+SSE+SSE2,AES+PCLMUL VectorSize=256
// Job: .NET 8.0

OverheadJitting  1: 1 op, 211604.00 ns, 211.6040 us/op
WorkloadJitting  1: 1 op, 4323113.00 ns, 4.3231 ms/op

OverheadJitting  2: 16 op, 428147.00 ns, 26.7592 us/op
WorkloadJitting  2: 16 op, 468573.00 ns, 29.2858 us/op

WorkloadPilot    1: 16 op, 3036.00 ns, 189.7500 ns/op
WorkloadPilot    2: 32 op, 3938.00 ns, 123.0625 ns/op
WorkloadPilot    3: 64 op, 4147.00 ns, 64.7969 ns/op
WorkloadPilot    4: 128 op, 7034.00 ns, 54.9531 ns/op
WorkloadPilot    5: 256 op, 18334.00 ns, 71.6172 ns/op
WorkloadPilot    6: 512 op, 33542.00 ns, 65.5117 ns/op
WorkloadPilot    7: 1024 op, 51887.00 ns, 50.6709 ns/op
WorkloadPilot    8: 2048 op, 90539.00 ns, 44.2085 ns/op
WorkloadPilot    9: 4096 op, 170447.00 ns, 41.6130 ns/op
WorkloadPilot   10: 8192 op, 326819.00 ns, 39.8949 ns/op
WorkloadPilot   11: 16384 op, 640432.00 ns, 39.0889 ns/op
WorkloadPilot   12: 32768 op, 1299029.00 ns, 39.6432 ns/op
WorkloadPilot   13: 65536 op, 2595555.00 ns, 39.6050 ns/op
WorkloadPilot   14: 131072 op, 5168978.00 ns, 39.4362 ns/op
WorkloadPilot   15: 262144 op, 10258519.00 ns, 39.1331 ns/op
WorkloadPilot   16: 524288 op, 20375182.00 ns, 38.8626 ns/op
WorkloadPilot   17: 1048576 op, 40670887.00 ns, 38.7868 ns/op
WorkloadPilot   18: 2097152 op, 83202881.00 ns, 39.6742 ns/op
WorkloadPilot   19: 4194304 op, 19196547.00 ns, 4.5768 ns/op
WorkloadPilot   20: 8388608 op, 33143476.00 ns, 3.9510 ns/op
WorkloadPilot   21: 16777216 op, 66207574.00 ns, 3.9463 ns/op
WorkloadPilot   22: 33554432 op, 132012368.00 ns, 3.9343 ns/op
WorkloadPilot   23: 67108864 op, 264026072.00 ns, 3.9343 ns/op
WorkloadPilot   24: 134217728 op, 528275601.00 ns, 3.9360 ns/op

OverheadWarmup   1: 134217728 op, 642151352.00 ns, 4.7844 ns/op
OverheadWarmup   2: 134217728 op, 491342289.00 ns, 3.6608 ns/op
OverheadWarmup   3: 134217728 op, 498158866.00 ns, 3.7116 ns/op
OverheadWarmup   4: 134217728 op, 489454722.00 ns, 3.6467 ns/op
OverheadWarmup   5: 134217728 op, 488523859.00 ns, 3.6398 ns/op
OverheadWarmup   6: 134217728 op, 490514242.00 ns, 3.6546 ns/op
OverheadWarmup   7: 134217728 op, 488343756.00 ns, 3.6384 ns/op

OverheadActual   1: 134217728 op, 491899221.00 ns, 3.6649 ns/op
OverheadActual   2: 134217728 op, 499516379.00 ns, 3.7217 ns/op
OverheadActual   3: 134217728 op, 489296503.00 ns, 3.6455 ns/op
OverheadActual   4: 134217728 op, 493130844.00 ns, 3.6741 ns/op
OverheadActual   5: 134217728 op, 490507572.00 ns, 3.6546 ns/op
OverheadActual   6: 134217728 op, 490126920.00 ns, 3.6517 ns/op
OverheadActual   7: 134217728 op, 489239714.00 ns, 3.6451 ns/op
OverheadActual   8: 134217728 op, 488496905.00 ns, 3.6396 ns/op
OverheadActual   9: 134217728 op, 489782165.00 ns, 3.6492 ns/op
OverheadActual  10: 134217728 op, 488167493.00 ns, 3.6371 ns/op
OverheadActual  11: 134217728 op, 488719451.00 ns, 3.6412 ns/op
OverheadActual  12: 134217728 op, 488187681.00 ns, 3.6373 ns/op
OverheadActual  13: 134217728 op, 488890660.00 ns, 3.6425 ns/op
OverheadActual  14: 134217728 op, 488606121.00 ns, 3.6404 ns/op
OverheadActual  15: 134217728 op, 489795546.00 ns, 3.6493 ns/op

WorkloadWarmup   1: 134217728 op, 527505280.00 ns, 3.9302 ns/op
WorkloadWarmup   2: 134217728 op, 529029080.00 ns, 3.9416 ns/op
WorkloadWarmup   3: 134217728 op, 528020490.00 ns, 3.9341 ns/op
WorkloadWarmup   4: 134217728 op, 528487000.00 ns, 3.9375 ns/op
WorkloadWarmup   5: 134217728 op, 527512073.00 ns, 3.9303 ns/op
WorkloadWarmup   6: 134217728 op, 528802909.00 ns, 3.9399 ns/op

// BeforeActualRun
WorkloadActual   1: 134217728 op, 527640793.00 ns, 3.9312 ns/op
WorkloadActual   2: 134217728 op, 528534458.00 ns, 3.9379 ns/op
WorkloadActual   3: 134217728 op, 528105273.00 ns, 3.9347 ns/op
WorkloadActual   4: 134217728 op, 529326423.00 ns, 3.9438 ns/op
WorkloadActual   5: 134217728 op, 528295542.00 ns, 3.9361 ns/op
WorkloadActual   6: 134217728 op, 527459221.00 ns, 3.9299 ns/op
WorkloadActual   7: 134217728 op, 536610867.00 ns, 3.9981 ns/op
WorkloadActual   8: 134217728 op, 529258076.00 ns, 3.9433 ns/op
WorkloadActual   9: 134217728 op, 529804654.00 ns, 3.9474 ns/op
WorkloadActual  10: 134217728 op, 528053201.00 ns, 3.9343 ns/op
WorkloadActual  11: 134217728 op, 527634010.00 ns, 3.9312 ns/op
WorkloadActual  12: 134217728 op, 527562897.00 ns, 3.9306 ns/op
WorkloadActual  13: 134217728 op, 527850472.00 ns, 3.9328 ns/op
WorkloadActual  14: 134217728 op, 528438719.00 ns, 3.9372 ns/op
WorkloadActual  15: 134217728 op, 528194564.00 ns, 3.9354 ns/op

// AfterActualRun
WorkloadResult   1: 134217728 op, 38344290.00 ns, 0.2857 ns/op
WorkloadResult   2: 134217728 op, 39237955.00 ns, 0.2923 ns/op
WorkloadResult   3: 134217728 op, 38808770.00 ns, 0.2891 ns/op
WorkloadResult   4: 134217728 op, 40029920.00 ns, 0.2982 ns/op
WorkloadResult   5: 134217728 op, 38999039.00 ns, 0.2906 ns/op
WorkloadResult   6: 134217728 op, 38162718.00 ns, 0.2843 ns/op
WorkloadResult   7: 134217728 op, 39961573.00 ns, 0.2977 ns/op
WorkloadResult   8: 134217728 op, 40508151.00 ns, 0.3018 ns/op
WorkloadResult   9: 134217728 op, 38756698.00 ns, 0.2888 ns/op
WorkloadResult  10: 134217728 op, 38337507.00 ns, 0.2856 ns/op
WorkloadResult  11: 134217728 op, 38266394.00 ns, 0.2851 ns/op
WorkloadResult  12: 134217728 op, 38553969.00 ns, 0.2872 ns/op
WorkloadResult  13: 134217728 op, 39142216.00 ns, 0.2916 ns/op
WorkloadResult  14: 134217728 op, 38898061.00 ns, 0.2898 ns/op
// GC:  0 0 0 0 134217728
// Threading:  0 0 134217728

// AfterAll
// Benchmark Process 4954 has exited with code 0.

Mean = 0.291 ns, StdErr = 0.001 ns (0.49%), N = 14, StdDev = 0.005 ns
Min = 0.284 ns, Q1 = 0.286 ns, Median = 0.289 ns, Q3 = 0.292 ns, Max = 0.302 ns
IQR = 0.006 ns, LowerFence = 0.277 ns, UpperFence = 0.301 ns
ConfidenceInterval = [0.285 ns; 0.297 ns] (CI 99.9%), Margin = 0.006 ns (2.08% of Mean)
Skewness = 0.72, Kurtosis = 2.21, MValue = 2

// ** Remained 26 (72.2 %) benchmark(s) to run. Estimated finish 2026-08-30 7:50 (0h 9m from now) **
// **************************
// Benchmark: MediatorBenchmarks.SendCommand_NoBehaviors: .NET 8.0(Runtime=.NET 8.0, Toolchain=net8.0)
// *** Execute ***
// Launch: 1 / 1
// Execute: dotnet "EricksonLopez.Mediator.Benchmarks-.NET 8.0-2.dll" --anonymousPipes 107 108 --benchmarkName EricksonLopez.Mediator.Benchmarks.MediatorBenchmarks.SendCommand_NoBehaviors --job ".NET 8.0" --benchmarkId 1 in /home/runner/work/dotnet-mediator/dotnet-mediator/benchmarks/EricksonLopez.Mediator.Benchmarks/bin/Release/net10.0/EricksonLopez.Mediator.Benchmarks-.NET 8.0-2/bin/Release/net8.0
// Failed to set up high priority (Permission denied). In order to run benchmarks with high priority, make sure you have the right permissions.
// BeforeAnythingElse

// Benchmark Process Environment Information:
// BenchmarkDotNet v0.15.8
// Runtime=.NET 8.0.30 (8.0.30, 8.0.3026.36720), X64 RyuJIT x86-64-v3
// GC=Concurrent Workstation
// HardwareIntrinsics=AVX2+BMI1+BMI2+F16C+FMA+LZCNT+MOVBE,AVX,SSE3+SSSE3+SSE4.1+SSE4.2+POPCNT,X86Base+SSE+SSE2,AES+PCLMUL VectorSize=256
// Job: .NET 8.0

OverheadJitting  1: 1 op, 200744.00 ns, 200.7440 us/op
WorkloadJitting  1: 1 op, 1442638.00 ns, 1.4426 ms/op

OverheadJitting  2: 16 op, 425122.00 ns, 26.5701 us/op
WorkloadJitting  2: 16 op, 438316.00 ns, 27.3948 us/op

WorkloadPilot    1: 16 op, 7664.00 ns, 479.0000 ns/op
WorkloadPilot    2: 32 op, 11441.00 ns, 357.5313 ns/op
WorkloadPilot    3: 64 op, 23965.00 ns, 374.4531 ns/op
WorkloadPilot    4: 128 op, 39434.00 ns, 308.0781 ns/op
WorkloadPilot    5: 256 op, 68598.00 ns, 267.9609 ns/op
WorkloadPilot    6: 512 op, 144199.00 ns, 281.6387 ns/op
WorkloadPilot    7: 1024 op, 261787.00 ns, 255.6514 ns/op
WorkloadPilot    8: 2048 op, 490164.00 ns, 239.3379 ns/op
WorkloadPilot    9: 4096 op, 923330.00 ns, 225.4224 ns/op
WorkloadPilot   10: 8192 op, 1962778.00 ns, 239.5969 ns/op
WorkloadPilot   11: 16384 op, 3778431.00 ns, 230.6171 ns/op
WorkloadPilot   12: 32768 op, 7621482.00 ns, 232.5892 ns/op
WorkloadPilot   13: 65536 op, 16330220.00 ns, 249.1794 ns/op
WorkloadPilot   14: 131072 op, 30841293.00 ns, 235.3004 ns/op
WorkloadPilot   15: 262144 op, 59247871.00 ns, 226.0127 ns/op
WorkloadPilot   16: 524288 op, 55245545.00 ns, 105.3725 ns/op
WorkloadPilot   17: 1048576 op, 32405956.00 ns, 30.9047 ns/op
WorkloadPilot   18: 2097152 op, 65461932.00 ns, 31.2147 ns/op
WorkloadPilot   19: 4194304 op, 129748214.00 ns, 30.9344 ns/op
WorkloadPilot   20: 8388608 op, 259296022.00 ns, 30.9105 ns/op
WorkloadPilot   21: 16777216 op, 524747324.00 ns, 31.2774 ns/op

OverheadWarmup   1: 16777216 op, 76809811.00 ns, 4.5782 ns/op
OverheadWarmup   2: 16777216 op, 76847973.00 ns, 4.5805 ns/op
OverheadWarmup   3: 16777216 op, 75546853.00 ns, 4.5029 ns/op
OverheadWarmup   4: 16777216 op, 61135672.00 ns, 3.6440 ns/op
OverheadWarmup   5: 16777216 op, 61201355.00 ns, 3.6479 ns/op
OverheadWarmup   6: 16777216 op, 60984632.00 ns, 3.6350 ns/op

OverheadActual   1: 16777216 op, 61012183.00 ns, 3.6366 ns/op
OverheadActual   2: 16777216 op, 61060673.00 ns, 3.6395 ns/op
OverheadActual   3: 16777216 op, 61067927.00 ns, 3.6399 ns/op
OverheadActual   4: 16777216 op, 61091922.00 ns, 3.6414 ns/op
OverheadActual   5: 16777216 op, 61109614.00 ns, 3.6424 ns/op
OverheadActual   6: 16777216 op, 61199281.00 ns, 3.6478 ns/op
OverheadActual   7: 16777216 op, 61269922.00 ns, 3.6520 ns/op
OverheadActual   8: 16777216 op, 61284700.00 ns, 3.6529 ns/op
OverheadActual   9: 16777216 op, 61027080.00 ns, 3.6375 ns/op
OverheadActual  10: 16777216 op, 61184353.00 ns, 3.6469 ns/op
OverheadActual  11: 16777216 op, 61007545.00 ns, 3.6363 ns/op
OverheadActual  12: 16777216 op, 61250476.00 ns, 3.6508 ns/op
OverheadActual  13: 16777216 op, 61096150.00 ns, 3.6416 ns/op
OverheadActual  14: 16777216 op, 61200093.00 ns, 3.6478 ns/op
OverheadActual  15: 16777216 op, 61169215.00 ns, 3.6460 ns/op

WorkloadWarmup   1: 16777216 op, 521224129.00 ns, 31.0674 ns/op
WorkloadWarmup   2: 16777216 op, 519661251.00 ns, 30.9742 ns/op
WorkloadWarmup   3: 16777216 op, 519530338.00 ns, 30.9664 ns/op
WorkloadWarmup   4: 16777216 op, 519865211.00 ns, 30.9864 ns/op
WorkloadWarmup   5: 16777216 op, 520849632.00 ns, 31.0451 ns/op
WorkloadWarmup   6: 16777216 op, 520489613.00 ns, 31.0236 ns/op
WorkloadWarmup   7: 16777216 op, 520895776.00 ns, 31.0478 ns/op
WorkloadWarmup   8: 16777216 op, 518931860.00 ns, 30.9307 ns/op

// BeforeActualRun
WorkloadActual   1: 16777216 op, 520820347.00 ns, 31.0433 ns/op
WorkloadActual   2: 16777216 op, 518666436.00 ns, 30.9149 ns/op
WorkloadActual   3: 16777216 op, 519584899.00 ns, 30.9697 ns/op
WorkloadActual   4: 16777216 op, 519038983.00 ns, 30.9371 ns/op
WorkloadActual   5: 16777216 op, 522637204.00 ns, 31.1516 ns/op
WorkloadActual   6: 16777216 op, 519129351.00 ns, 30.9425 ns/op
WorkloadActual   7: 16777216 op, 520423570.00 ns, 31.0197 ns/op
WorkloadActual   8: 16777216 op, 518806259.00 ns, 30.9233 ns/op
WorkloadActual   9: 16777216 op, 519666491.00 ns, 30.9745 ns/op
WorkloadActual  10: 16777216 op, 518803555.00 ns, 30.9231 ns/op
WorkloadActual  11: 16777216 op, 519873347.00 ns, 30.9869 ns/op
WorkloadActual  12: 16777216 op, 524942217.00 ns, 31.2890 ns/op
WorkloadActual  13: 16777216 op, 519551006.00 ns, 30.9677 ns/op
WorkloadActual  14: 16777216 op, 519748223.00 ns, 30.9794 ns/op
WorkloadActual  15: 16777216 op, 519818634.00 ns, 30.9836 ns/op

// AfterActualRun
WorkloadResult   1: 16777216 op, 459710733.00 ns, 27.4009 ns/op
WorkloadResult   2: 16777216 op, 457556822.00 ns, 27.2725 ns/op
WorkloadResult   3: 16777216 op, 458475285.00 ns, 27.3273 ns/op
WorkloadResult   4: 16777216 op, 457929369.00 ns, 27.2947 ns/op
WorkloadResult   5: 16777216 op, 458019737.00 ns, 27.3001 ns/op
WorkloadResult   6: 16777216 op, 459313956.00 ns, 27.3772 ns/op
WorkloadResult   7: 16777216 op, 457696645.00 ns, 27.2808 ns/op
WorkloadResult   8: 16777216 op, 458556877.00 ns, 27.3321 ns/op
WorkloadResult   9: 16777216 op, 457693941.00 ns, 27.2807 ns/op
WorkloadResult  10: 16777216 op, 458763733.00 ns, 27.3444 ns/op
WorkloadResult  11: 16777216 op, 458441392.00 ns, 27.3252 ns/op
WorkloadResult  12: 16777216 op, 458638609.00 ns, 27.3370 ns/op
WorkloadResult  13: 16777216 op, 458709020.00 ns, 27.3412 ns/op
// GC:  0 0 0 0 16777216
// Threading:  0 0 16777216

// AfterAll
// Benchmark Process 4975 has exited with code 0.

Mean = 27.324 ns, StdErr = 0.011 ns (0.04%), N = 13, StdDev = 0.038 ns
Min = 27.273 ns, Q1 = 27.295 ns, Median = 27.327 ns, Q3 = 27.341 ns, Max = 27.401 ns
IQR = 0.046 ns, LowerFence = 27.225 ns, UpperFence = 27.411 ns
ConfidenceInterval = [27.278 ns; 27.370 ns] (CI 99.9%), Margin = 0.046 ns (0.17% of Mean)
Skewness = 0.38, Kurtosis = 2.1, MValue = 2

// ** Remained 25 (69.4 %) benchmark(s) to run. Estimated finish 2026-08-30 7:49 (0h 8m from now) **
// **************************
// Benchmark: MediatorBenchmarks.SendQuery_NoBehaviors: .NET 8.0(Runtime=.NET 8.0, Toolchain=net8.0)
// *** Execute ***
// Launch: 1 / 1
// Execute: dotnet "EricksonLopez.Mediator.Benchmarks-.NET 8.0-2.dll" --anonymousPipes 107 108 --benchmarkName EricksonLopez.Mediator.Benchmarks.MediatorBenchmarks.SendQuery_NoBehaviors --job ".NET 8.0" --benchmarkId 2 in /home/runner/work/dotnet-mediator/dotnet-mediator/benchmarks/EricksonLopez.Mediator.Benchmarks/bin/Release/net10.0/EricksonLopez.Mediator.Benchmarks-.NET 8.0-2/bin/Release/net8.0
// Failed to set up high priority (Permission denied). In order to run benchmarks with high priority, make sure you have the right permissions.
// BeforeAnythingElse

// Benchmark Process Environment Information:
// BenchmarkDotNet v0.15.8
// Runtime=.NET 8.0.30 (8.0.30, 8.0.3026.36720), X64 RyuJIT x86-64-v3
// GC=Concurrent Workstation
// HardwareIntrinsics=AVX2+BMI1+BMI2+F16C+FMA+LZCNT+MOVBE,AVX,SSE3+SSSE3+SSE4.1+SSE4.2+POPCNT,X86Base+SSE+SSE2,AES+PCLMUL VectorSize=256
// Job: .NET 8.0

OverheadJitting  1: 1 op, 173644.00 ns, 173.6440 us/op
WorkloadJitting  1: 1 op, 1138560.00 ns, 1.1386 ms/op

OverheadJitting  2: 16 op, 431864.00 ns, 26.9915 us/op
WorkloadJitting  2: 16 op, 438046.00 ns, 27.3779 us/op

WorkloadPilot    1: 16 op, 7283.00 ns, 455.1875 ns/op
WorkloadPilot    2: 32 op, 10429.00 ns, 325.9063 ns/op
WorkloadPilot    3: 64 op, 16941.00 ns, 264.7031 ns/op
WorkloadPilot    4: 128 op, 29636.00 ns, 231.5313 ns/op
WorkloadPilot    5: 256 op, 54691.00 ns, 213.6367 ns/op
WorkloadPilot    6: 512 op, 108953.00 ns, 212.7988 ns/op
WorkloadPilot    7: 1024 op, 247301.00 ns, 241.5049 ns/op
WorkloadPilot    8: 2048 op, 443616.00 ns, 216.6094 ns/op
WorkloadPilot    9: 4096 op, 837650.00 ns, 204.5044 ns/op
WorkloadPilot   10: 8192 op, 1822634.00 ns, 222.4895 ns/op
WorkloadPilot   11: 16384 op, 3511520.00 ns, 214.3262 ns/op
WorkloadPilot   12: 32768 op, 6971203.00 ns, 212.7442 ns/op
WorkloadPilot   13: 65536 op, 13749536.00 ns, 209.8013 ns/op
WorkloadPilot   14: 131072 op, 27293671.00 ns, 208.2342 ns/op
WorkloadPilot   15: 262144 op, 54433156.00 ns, 207.6460 ns/op
WorkloadPilot   16: 524288 op, 66291369.00 ns, 126.4408 ns/op
WorkloadPilot   17: 1048576 op, 29869719.00 ns, 28.4860 ns/op
WorkloadPilot   18: 2097152 op, 59479965.00 ns, 28.3623 ns/op
WorkloadPilot   19: 4194304 op, 119271580.00 ns, 28.4366 ns/op
WorkloadPilot   20: 8388608 op, 237901274.00 ns, 28.3600 ns/op
WorkloadPilot   21: 16777216 op, 476270527.00 ns, 28.3879 ns/op
WorkloadPilot   22: 33554432 op, 951386869.00 ns, 28.3535 ns/op

OverheadWarmup   1: 33554432 op, 154019353.00 ns, 4.5901 ns/op
OverheadWarmup   2: 33554432 op, 160379938.00 ns, 4.7797 ns/op
OverheadWarmup   3: 33554432 op, 121387993.00 ns, 3.6176 ns/op
OverheadWarmup   4: 33554432 op, 121378856.00 ns, 3.6174 ns/op
OverheadWarmup   5: 33554432 op, 121548532.00 ns, 3.6224 ns/op
OverheadWarmup   6: 33554432 op, 121450720.00 ns, 3.6195 ns/op

OverheadActual   1: 33554432 op, 121749236.00 ns, 3.6284 ns/op
OverheadActual   2: 33554432 op, 121439719.00 ns, 3.6192 ns/op
OverheadActual   3: 33554432 op, 121609465.00 ns, 3.6242 ns/op
OverheadActual   4: 33554432 op, 121747772.00 ns, 3.6284 ns/op
OverheadActual   5: 33554432 op, 121523815.00 ns, 3.6217 ns/op
OverheadActual   6: 33554432 op, 121857267.00 ns, 3.6316 ns/op
OverheadActual   7: 33554432 op, 121672702.00 ns, 3.6261 ns/op
OverheadActual   8: 33554432 op, 123263655.00 ns, 3.6735 ns/op
OverheadActual   9: 33554432 op, 122139702.00 ns, 3.6400 ns/op
OverheadActual  10: 33554432 op, 121424060.00 ns, 3.6187 ns/op
OverheadActual  11: 33554432 op, 121665229.00 ns, 3.6259 ns/op
OverheadActual  12: 33554432 op, 121469555.00 ns, 3.6201 ns/op
OverheadActual  13: 33554432 op, 121477228.00 ns, 3.6203 ns/op
OverheadActual  14: 33554432 op, 121555425.00 ns, 3.6226 ns/op
OverheadActual  15: 33554432 op, 121790973.00 ns, 3.6297 ns/op

WorkloadWarmup   1: 33554432 op, 951591142.00 ns, 28.3596 ns/op
WorkloadWarmup   2: 33554432 op, 952180951.00 ns, 28.3772 ns/op
WorkloadWarmup   3: 33554432 op, 951341558.00 ns, 28.3522 ns/op
WorkloadWarmup   4: 33554432 op, 951757914.00 ns, 28.3646 ns/op
WorkloadWarmup   5: 33554432 op, 951113727.00 ns, 28.3454 ns/op
WorkloadWarmup   6: 33554432 op, 951314383.00 ns, 28.3514 ns/op

// BeforeActualRun
WorkloadActual   1: 33554432 op, 951149687.00 ns, 28.3465 ns/op
WorkloadActual   2: 33554432 op, 951368535.00 ns, 28.3530 ns/op
WorkloadActual   3: 33554432 op, 951117136.00 ns, 28.3455 ns/op
WorkloadActual   4: 33554432 op, 954495770.00 ns, 28.4462 ns/op
WorkloadActual   5: 33554432 op, 952578423.00 ns, 28.3890 ns/op
WorkloadActual   6: 33554432 op, 955545205.00 ns, 28.4775 ns/op
WorkloadActual   7: 33554432 op, 951558298.00 ns, 28.3586 ns/op
WorkloadActual   8: 33554432 op, 951903756.00 ns, 28.3689 ns/op
WorkloadActual   9: 33554432 op, 952724122.00 ns, 28.3934 ns/op
WorkloadActual  10: 33554432 op, 952625408.00 ns, 28.3904 ns/op
WorkloadActual  11: 33554432 op, 951304446.00 ns, 28.3511 ns/op
WorkloadActual  12: 33554432 op, 951715572.00 ns, 28.3633 ns/op
WorkloadActual  13: 33554432 op, 951787346.00 ns, 28.3655 ns/op
WorkloadActual  14: 33554432 op, 952096823.00 ns, 28.3747 ns/op
WorkloadActual  15: 33554432 op, 953489512.00 ns, 28.4162 ns/op

// AfterActualRun
WorkloadResult   1: 33554432 op, 829484458.00 ns, 24.7206 ns/op
WorkloadResult   2: 33554432 op, 829703306.00 ns, 24.7271 ns/op
WorkloadResult   3: 33554432 op, 829451907.00 ns, 24.7196 ns/op
WorkloadResult   4: 33554432 op, 830913194.00 ns, 24.7631 ns/op
WorkloadResult   5: 33554432 op, 829893069.00 ns, 24.7327 ns/op
WorkloadResult   6: 33554432 op, 830238527.00 ns, 24.7430 ns/op
WorkloadResult   7: 33554432 op, 831058893.00 ns, 24.7675 ns/op
WorkloadResult   8: 33554432 op, 830960179.00 ns, 24.7645 ns/op
WorkloadResult   9: 33554432 op, 829639217.00 ns, 24.7252 ns/op
WorkloadResult  10: 33554432 op, 830050343.00 ns, 24.7374 ns/op
WorkloadResult  11: 33554432 op, 830122117.00 ns, 24.7396 ns/op
WorkloadResult  12: 33554432 op, 830431594.00 ns, 24.7488 ns/op
WorkloadResult  13: 33554432 op, 831824283.00 ns, 24.7903 ns/op
// GC:  0 0 0 0 33554432
// Threading:  0 0 33554432

// AfterAll
// Benchmark Process 4993 has exited with code 0.

Mean = 24.745 ns, StdErr = 0.006 ns (0.02%), N = 13, StdDev = 0.021 ns
Min = 24.720 ns, Q1 = 24.727 ns, Median = 24.740 ns, Q3 = 24.763 ns, Max = 24.790 ns
IQR = 0.036 ns, LowerFence = 24.673 ns, UpperFence = 24.817 ns
ConfidenceInterval = [24.719 ns; 24.770 ns] (CI 99.9%), Margin = 0.026 ns (0.10% of Mean)
Skewness = 0.61, Kurtosis = 2.18, MValue = 2

// ** Remained 24 (66.7 %) benchmark(s) to run. Estimated finish 2026-08-30 7:50 (0h 8m from now) **
// **************************
// Benchmark: MediatorBenchmarks.SendCommand_OneBehavior: .NET 8.0(Runtime=.NET 8.0, Toolchain=net8.0)
// *** Execute ***
// Launch: 1 / 1
// Execute: dotnet "EricksonLopez.Mediator.Benchmarks-.NET 8.0-2.dll" --anonymousPipes 107 108 --benchmarkName EricksonLopez.Mediator.Benchmarks.MediatorBenchmarks.SendCommand_OneBehavior --job ".NET 8.0" --benchmarkId 3 in /home/runner/work/dotnet-mediator/dotnet-mediator/benchmarks/EricksonLopez.Mediator.Benchmarks/bin/Release/net10.0/EricksonLopez.Mediator.Benchmarks-.NET 8.0-2/bin/Release/net8.0
// Failed to set up high priority (Permission denied). In order to run benchmarks with high priority, make sure you have the right permissions.
// BeforeAnythingElse

// Benchmark Process Environment Information:
// BenchmarkDotNet v0.15.8
// Runtime=.NET 8.0.30 (8.0.30, 8.0.3026.36720), X64 RyuJIT x86-64-v3
// GC=Concurrent Workstation
// HardwareIntrinsics=AVX2+BMI1+BMI2+F16C+FMA+LZCNT+MOVBE,AVX,SSE3+SSSE3+SSE4.1+SSE4.2+POPCNT,X86Base+SSE+SSE2,AES+PCLMUL VectorSize=256
// Job: .NET 8.0

OverheadJitting  1: 1 op, 172181.00 ns, 172.1810 us/op
WorkloadJitting  1: 1 op, 2277404.00 ns, 2.2774 ms/op

OverheadJitting  2: 16 op, 452072.00 ns, 28.2545 us/op
WorkloadJitting  2: 16 op, 445681.00 ns, 27.8551 us/op

WorkloadPilot    1: 16 op, 16992.00 ns, 1.0620 us/op
WorkloadPilot    2: 32 op, 28053.00 ns, 876.6563 ns/op
WorkloadPilot    3: 64 op, 42599.00 ns, 665.6094 ns/op
WorkloadPilot    4: 128 op, 74228.00 ns, 579.9063 ns/op
WorkloadPilot    5: 256 op, 129892.00 ns, 507.3906 ns/op
WorkloadPilot    6: 512 op, 276004.00 ns, 539.0703 ns/op
WorkloadPilot    7: 1024 op, 529547.00 ns, 517.1357 ns/op
WorkloadPilot    8: 2048 op, 976671.00 ns, 476.8901 ns/op
WorkloadPilot    9: 4096 op, 2457430.00 ns, 599.9585 ns/op
WorkloadPilot   10: 8192 op, 4434735.00 ns, 541.3495 ns/op
WorkloadPilot   11: 16384 op, 7680242.00 ns, 468.7648 ns/op
WorkloadPilot   12: 32768 op, 15386824.00 ns, 469.5686 ns/op
WorkloadPilot   13: 65536 op, 30964623.00 ns, 472.4827 ns/op
WorkloadPilot   14: 131072 op, 60418390.00 ns, 460.9557 ns/op
WorkloadPilot   15: 262144 op, 62213395.00 ns, 237.3253 ns/op
WorkloadPilot   16: 524288 op, 31690866.00 ns, 60.4455 ns/op
WorkloadPilot   17: 1048576 op, 63393905.00 ns, 60.4571 ns/op
WorkloadPilot   18: 2097152 op, 126596684.00 ns, 60.3660 ns/op
WorkloadPilot   19: 4194304 op, 252306716.00 ns, 60.1546 ns/op
WorkloadPilot   20: 8388608 op, 504516590.00 ns, 60.1431 ns/op

OverheadWarmup   1: 8388608 op, 38551881.00 ns, 4.5957 ns/op
OverheadWarmup   2: 8388608 op, 38379390.00 ns, 4.5752 ns/op
OverheadWarmup   3: 8388608 op, 38368229.00 ns, 4.5738 ns/op
OverheadWarmup   4: 8388608 op, 38582495.00 ns, 4.5994 ns/op
OverheadWarmup   5: 8388608 op, 38386042.00 ns, 4.5760 ns/op
OverheadWarmup   6: 8388608 op, 38396071.00 ns, 4.5772 ns/op
OverheadWarmup   7: 8388608 op, 38361547.00 ns, 4.5731 ns/op

OverheadActual   1: 8388608 op, 38400710.00 ns, 4.5777 ns/op
OverheadActual   2: 8388608 op, 38555589.00 ns, 4.5962 ns/op
OverheadActual   3: 8388608 op, 38382286.00 ns, 4.5755 ns/op
OverheadActual   4: 8388608 op, 43659631.00 ns, 5.2046 ns/op
OverheadActual   5: 8388608 op, 39705572.00 ns, 4.7333 ns/op
OverheadActual   6: 8388608 op, 40843983.00 ns, 4.8690 ns/op
OverheadActual   7: 8388608 op, 38484696.00 ns, 4.5877 ns/op
OverheadActual   8: 8388608 op, 38920108.00 ns, 4.6396 ns/op
OverheadActual   9: 8388608 op, 38833667.00 ns, 4.6293 ns/op
OverheadActual  10: 8388608 op, 30601526.00 ns, 3.6480 ns/op
OverheadActual  11: 8388608 op, 30534802.00 ns, 3.6400 ns/op
OverheadActual  12: 8388608 op, 30528030.00 ns, 3.6392 ns/op
OverheadActual  13: 8388608 op, 30523782.00 ns, 3.6387 ns/op
OverheadActual  14: 8388608 op, 30560880.00 ns, 3.6431 ns/op
OverheadActual  15: 8388608 op, 30537997.00 ns, 3.6404 ns/op
OverheadActual  16: 8388608 op, 30706292.00 ns, 3.6605 ns/op
OverheadActual  17: 8388608 op, 30920310.00 ns, 3.6860 ns/op
OverheadActual  18: 8388608 op, 30536956.00 ns, 3.6403 ns/op
OverheadActual  19: 8388608 op, 30526447.00 ns, 3.6390 ns/op
OverheadActual  20: 8388608 op, 30551943.00 ns, 3.6421 ns/op

WorkloadWarmup   1: 8388608 op, 508592596.00 ns, 60.6290 ns/op
WorkloadWarmup   2: 8388608 op, 504029141.00 ns, 60.0850 ns/op
WorkloadWarmup   3: 8388608 op, 503210496.00 ns, 59.9874 ns/op
WorkloadWarmup   4: 8388608 op, 506435235.00 ns, 60.3718 ns/op
WorkloadWarmup   5: 8388608 op, 503106663.00 ns, 59.9750 ns/op
WorkloadWarmup   6: 8388608 op, 504100505.00 ns, 60.0935 ns/op
WorkloadWarmup   7: 8388608 op, 503067470.00 ns, 59.9703 ns/op

// BeforeActualRun
WorkloadActual   1: 8388608 op, 505213179.00 ns, 60.2261 ns/op
WorkloadActual   2: 8388608 op, 503995970.00 ns, 60.0810 ns/op
WorkloadActual   3: 8388608 op, 504610577.00 ns, 60.1543 ns/op
WorkloadActual   4: 8388608 op, 505994367.00 ns, 60.3192 ns/op
WorkloadActual   5: 8388608 op, 517157005.00 ns, 61.6499 ns/op
WorkloadActual   6: 8388608 op, 505413651.00 ns, 60.2500 ns/op
WorkloadActual   7: 8388608 op, 505076913.00 ns, 60.2099 ns/op
WorkloadActual   8: 8388608 op, 503659155.00 ns, 60.0409 ns/op
WorkloadActual   9: 8388608 op, 508276195.00 ns, 60.5912 ns/op
WorkloadActual  10: 8388608 op, 504454326.00 ns, 60.1356 ns/op
WorkloadActual  11: 8388608 op, 506467396.00 ns, 60.3756 ns/op
WorkloadActual  12: 8388608 op, 504863818.00 ns, 60.1845 ns/op
WorkloadActual  13: 8388608 op, 506428914.00 ns, 60.3710 ns/op
WorkloadActual  14: 8388608 op, 504512344.00 ns, 60.1426 ns/op
WorkloadActual  15: 8388608 op, 503741187.00 ns, 60.0506 ns/op

// AfterActualRun
WorkloadResult   1: 8388608 op, 474399878.00 ns, 56.5529 ns/op
WorkloadResult   2: 8388608 op, 473182669.00 ns, 56.4078 ns/op
WorkloadResult   3: 8388608 op, 473797276.00 ns, 56.4810 ns/op
WorkloadResult   4: 8388608 op, 475181066.00 ns, 56.6460 ns/op
WorkloadResult   5: 8388608 op, 474600350.00 ns, 56.5768 ns/op
WorkloadResult   6: 8388608 op, 474263612.00 ns, 56.5366 ns/op
WorkloadResult   7: 8388608 op, 472845854.00 ns, 56.3676 ns/op
WorkloadResult   8: 8388608 op, 477462894.00 ns, 56.9180 ns/op
WorkloadResult   9: 8388608 op, 473641025.00 ns, 56.4624 ns/op
WorkloadResult  10: 8388608 op, 475654095.00 ns, 56.7024 ns/op
WorkloadResult  11: 8388608 op, 474050517.00 ns, 56.5112 ns/op
WorkloadResult  12: 8388608 op, 475615613.00 ns, 56.6978 ns/op
WorkloadResult  13: 8388608 op, 473699043.00 ns, 56.4693 ns/op
WorkloadResult  14: 8388608 op, 472927886.00 ns, 56.3774 ns/op
// GC:  0 0 0 0 8388608
// Threading:  0 0 8388608

// AfterAll
// Benchmark Process 5014 has exited with code 0.

Mean = 56.551 ns, StdErr = 0.040 ns (0.07%), N = 14, StdDev = 0.150 ns
Min = 56.368 ns, Q1 = 56.464 ns, Median = 56.524 ns, Q3 = 56.629 ns, Max = 56.918 ns
IQR = 0.165 ns, LowerFence = 56.217 ns, UpperFence = 56.876 ns
ConfidenceInterval = [56.381 ns; 56.720 ns] (CI 99.9%), Margin = 0.170 ns (0.30% of Mean)
Skewness = 0.87, Kurtosis = 3.05, MValue = 2

// ** Remained 23 (63.9 %) benchmark(s) to run. Estimated finish 2026-08-30 7:49 (0h 8m from now) **
// **************************
// Benchmark: MediatorBenchmarks.SendCommand_FiveBehaviors: .NET 8.0(Runtime=.NET 8.0, Toolchain=net8.0)
// *** Execute ***
// Launch: 1 / 1
// Execute: dotnet "EricksonLopez.Mediator.Benchmarks-.NET 8.0-2.dll" --anonymousPipes 107 108 --benchmarkName EricksonLopez.Mediator.Benchmarks.MediatorBenchmarks.SendCommand_FiveBehaviors --job ".NET 8.0" --benchmarkId 4 in /home/runner/work/dotnet-mediator/dotnet-mediator/benchmarks/EricksonLopez.Mediator.Benchmarks/bin/Release/net10.0/EricksonLopez.Mediator.Benchmarks-.NET 8.0-2/bin/Release/net8.0
// Failed to set up high priority (Permission denied). In order to run benchmarks with high priority, make sure you have the right permissions.
// BeforeAnythingElse

// Benchmark Process Environment Information:
// BenchmarkDotNet v0.15.8
// Runtime=.NET 8.0.30 (8.0.30, 8.0.3026.36720), X64 RyuJIT x86-64-v3
// GC=Concurrent Workstation
// HardwareIntrinsics=AVX2+BMI1+BMI2+F16C+FMA+LZCNT+MOVBE,AVX,SSE3+SSSE3+SSE4.1+SSE4.2+POPCNT,X86Base+SSE+SSE2,AES+PCLMUL VectorSize=256
// Job: .NET 8.0

OverheadJitting  1: 1 op, 214580.00 ns, 214.5800 us/op
WorkloadJitting  1: 1 op, 4361735.00 ns, 4.3617 ms/op

OverheadJitting  2: 16 op, 409323.00 ns, 25.5827 us/op
WorkloadJitting  2: 16 op, 434049.00 ns, 27.1281 us/op

WorkloadPilot    1: 16 op, 41407.00 ns, 2.5879 us/op
WorkloadPilot    2: 32 op, 69019.00 ns, 2.1568 us/op
WorkloadPilot    3: 64 op, 119523.00 ns, 1.8675 us/op
WorkloadPilot    4: 128 op, 254293.00 ns, 1.9867 us/op
WorkloadPilot    5: 256 op, 490333.00 ns, 1.9154 us/op
WorkloadPilot    6: 512 op, 964848.00 ns, 1.8845 us/op
WorkloadPilot    7: 1024 op, 1872378.00 ns, 1.8285 us/op
WorkloadPilot    8: 2048 op, 3747571.00 ns, 1.8299 us/op
WorkloadPilot    9: 4096 op, 7513858.00 ns, 1.8344 us/op
WorkloadPilot   10: 8192 op, 15013879.00 ns, 1.8327 us/op
WorkloadPilot   11: 16384 op, 30164483.00 ns, 1.8411 us/op
WorkloadPilot   12: 32768 op, 59578256.00 ns, 1.8182 us/op
WorkloadPilot   13: 65536 op, 71102634.00 ns, 1.0849 us/op
WorkloadPilot   14: 131072 op, 35393333.00 ns, 270.0297 ns/op
WorkloadPilot   15: 262144 op, 71440564.00 ns, 272.5241 ns/op
WorkloadPilot   16: 524288 op, 144466781.00 ns, 275.5485 ns/op
WorkloadPilot   17: 1048576 op, 285808530.00 ns, 272.5683 ns/op
WorkloadPilot   18: 2097152 op, 571863189.00 ns, 272.6856 ns/op

OverheadWarmup   1: 2097152 op, 9615382.00 ns, 4.5850 ns/op
OverheadWarmup   2: 2097152 op, 9624059.00 ns, 4.5891 ns/op
OverheadWarmup   3: 2097152 op, 9598351.00 ns, 4.5769 ns/op
OverheadWarmup   4: 2097152 op, 9578905.00 ns, 4.5676 ns/op
OverheadWarmup   5: 2097152 op, 9601046.00 ns, 4.5781 ns/op
OverheadWarmup   6: 2097152 op, 9615142.00 ns, 4.5849 ns/op
OverheadWarmup   7: 2097152 op, 9590115.00 ns, 4.5729 ns/op

OverheadActual   1: 2097152 op, 9625230.00 ns, 4.5897 ns/op
OverheadActual   2: 2097152 op, 9595475.00 ns, 4.5755 ns/op
OverheadActual   3: 2097152 op, 9599643.00 ns, 4.5775 ns/op
OverheadActual   4: 2097152 op, 9621463.00 ns, 4.5879 ns/op
OverheadActual   5: 2097152 op, 9599803.00 ns, 4.5775 ns/op
OverheadActual   6: 2097152 op, 9578103.00 ns, 4.5672 ns/op
OverheadActual   7: 2097152 op, 9601757.00 ns, 4.5785 ns/op
OverheadActual   8: 2097152 op, 9614406.00 ns, 4.5845 ns/op
OverheadActual   9: 2097152 op, 9577687.00 ns, 4.5670 ns/op
OverheadActual  10: 2097152 op, 9599988.00 ns, 4.5776 ns/op
OverheadActual  11: 2097152 op, 9613924.00 ns, 4.5843 ns/op
OverheadActual  12: 2097152 op, 9589298.00 ns, 4.5725 ns/op
OverheadActual  13: 2097152 op, 9660421.00 ns, 4.6064 ns/op
OverheadActual  14: 2097152 op, 9602984.00 ns, 4.5791 ns/op
OverheadActual  15: 2097152 op, 9644401.00 ns, 4.5988 ns/op

WorkloadWarmup   1: 2097152 op, 571142965.00 ns, 272.3422 ns/op
WorkloadWarmup   2: 2097152 op, 571925290.00 ns, 272.7152 ns/op
WorkloadWarmup   3: 2097152 op, 572882040.00 ns, 273.1714 ns/op
WorkloadWarmup   4: 2097152 op, 571437042.00 ns, 272.4824 ns/op
WorkloadWarmup   5: 2097152 op, 573137876.00 ns, 273.2934 ns/op
WorkloadWarmup   6: 2097152 op, 572724217.00 ns, 273.0962 ns/op

// BeforeActualRun
WorkloadActual   1: 2097152 op, 571513724.00 ns, 272.5190 ns/op
WorkloadActual   2: 2097152 op, 573766695.00 ns, 273.5933 ns/op
WorkloadActual   3: 2097152 op, 571041460.00 ns, 272.2938 ns/op
WorkloadActual   4: 2097152 op, 572193978.00 ns, 272.8434 ns/op
WorkloadActual   5: 2097152 op, 571648513.00 ns, 272.5833 ns/op
WorkloadActual   6: 2097152 op, 570279983.00 ns, 271.9307 ns/op
WorkloadActual   7: 2097152 op, 571508341.00 ns, 272.5164 ns/op
WorkloadActual   8: 2097152 op, 571248976.00 ns, 272.3927 ns/op
WorkloadActual   9: 2097152 op, 572339007.00 ns, 272.9125 ns/op
WorkloadActual  10: 2097152 op, 574807004.00 ns, 274.0893 ns/op
WorkloadActual  11: 2097152 op, 571212558.00 ns, 272.3754 ns/op
WorkloadActual  12: 2097152 op, 571349954.00 ns, 272.4409 ns/op
WorkloadActual  13: 2097152 op, 572269066.00 ns, 272.8792 ns/op
WorkloadActual  14: 2097152 op, 571915738.00 ns, 272.7107 ns/op
WorkloadActual  15: 2097152 op, 570893143.00 ns, 272.2231 ns/op

// AfterActualRun
WorkloadResult   1: 2097152 op, 561911967.00 ns, 267.9405 ns/op
WorkloadResult   2: 2097152 op, 561439703.00 ns, 267.7153 ns/op
WorkloadResult   3: 2097152 op, 562592221.00 ns, 268.2649 ns/op
WorkloadResult   4: 2097152 op, 562046756.00 ns, 268.0048 ns/op
WorkloadResult   5: 2097152 op, 560678226.00 ns, 267.3522 ns/op
WorkloadResult   6: 2097152 op, 561906584.00 ns, 267.9379 ns/op
WorkloadResult   7: 2097152 op, 561647219.00 ns, 267.8143 ns/op
WorkloadResult   8: 2097152 op, 562737250.00 ns, 268.3340 ns/op
WorkloadResult   9: 2097152 op, 561610801.00 ns, 267.7969 ns/op
WorkloadResult  10: 2097152 op, 561748197.00 ns, 267.8624 ns/op
WorkloadResult  11: 2097152 op, 562667309.00 ns, 268.3007 ns/op
WorkloadResult  12: 2097152 op, 562313981.00 ns, 268.1322 ns/op
WorkloadResult  13: 2097152 op, 561291386.00 ns, 267.6446 ns/op
// GC:  0 0 0 0 2097152
// Threading:  0 0 2097152

// AfterAll
// Benchmark Process 5031 has exited with code 0.

Mean = 267.931 ns, StdErr = 0.078 ns (0.03%), N = 13, StdDev = 0.282 ns
Min = 267.352 ns, Q1 = 267.797 ns, Median = 267.938 ns, Q3 = 268.132 ns, Max = 268.334 ns
IQR = 0.335 ns, LowerFence = 267.294 ns, UpperFence = 268.635 ns
ConfidenceInterval = [267.593 ns; 268.269 ns] (CI 99.9%), Margin = 0.338 ns (0.13% of Mean)
Skewness = -0.24, Kurtosis = 2.19, MValue = 2

// ** Remained 22 (61.1 %) benchmark(s) to run. Estimated finish 2026-08-30 7:49 (0h 7m from now) **
// **************************
// Benchmark: MediatorBenchmarks.PublishNotification_OneHandler: .NET 8.0(Runtime=.NET 8.0, Toolchain=net8.0)
// *** Execute ***
// Launch: 1 / 1
// Execute: dotnet "EricksonLopez.Mediator.Benchmarks-.NET 8.0-2.dll" --anonymousPipes 107 108 --benchmarkName EricksonLopez.Mediator.Benchmarks.MediatorBenchmarks.PublishNotification_OneHandler --job ".NET 8.0" --benchmarkId 5 in /home/runner/work/dotnet-mediator/dotnet-mediator/benchmarks/EricksonLopez.Mediator.Benchmarks/bin/Release/net10.0/EricksonLopez.Mediator.Benchmarks-.NET 8.0-2/bin/Release/net8.0
// Failed to set up high priority (Permission denied). In order to run benchmarks with high priority, make sure you have the right permissions.
// BeforeAnythingElse

// Benchmark Process Environment Information:
// BenchmarkDotNet v0.15.8
// Runtime=.NET 8.0.30 (8.0.30, 8.0.3026.36720), X64 RyuJIT x86-64-v3
// GC=Concurrent Workstation
// HardwareIntrinsics=AVX2+BMI1+BMI2+F16C+FMA+LZCNT+MOVBE,AVX,SSE3+SSSE3+SSE4.1+SSE4.2+POPCNT,X86Base+SSE+SSE2,AES+PCLMUL VectorSize=256
// Job: .NET 8.0

OverheadJitting  1: 1 op, 151172.00 ns, 151.1720 us/op
WorkloadJitting  1: 1 op, 8220653.00 ns, 8.2207 ms/op

OverheadJitting  2: 16 op, 171570.00 ns, 10.7231 us/op
WorkloadJitting  2: 16 op, 1624175.00 ns, 101.5109 us/op

WorkloadPilot    1: 16 op, 42930.00 ns, 2.6831 us/op
WorkloadPilot    2: 32 op, 30506.00 ns, 953.3125 ns/op
WorkloadPilot    3: 64 op, 53369.00 ns, 833.8906 ns/op
WorkloadPilot    4: 128 op, 86271.00 ns, 673.9922 ns/op
WorkloadPilot    5: 256 op, 178653.00 ns, 697.8633 ns/op
WorkloadPilot    6: 512 op, 312822.00 ns, 610.9805 ns/op
WorkloadPilot    7: 1024 op, 603364.00 ns, 589.2227 ns/op
WorkloadPilot    8: 2048 op, 1129495.00 ns, 551.5112 ns/op
WorkloadPilot    9: 4096 op, 2248278.00 ns, 548.8960 ns/op
WorkloadPilot   10: 8192 op, 4987531.00 ns, 608.8295 ns/op
WorkloadPilot   11: 16384 op, 6064727.00 ns, 370.1616 ns/op
WorkloadPilot   12: 32768 op, 11975898.00 ns, 365.4754 ns/op
WorkloadPilot   13: 65536 op, 23771371.00 ns, 362.7223 ns/op
WorkloadPilot   14: 131072 op, 47817474.00 ns, 364.8184 ns/op
WorkloadPilot   15: 262144 op, 72247181.00 ns, 275.6011 ns/op
WorkloadPilot   16: 524288 op, 36400206.00 ns, 69.4279 ns/op
WorkloadPilot   17: 1048576 op, 64858227.00 ns, 61.8536 ns/op
WorkloadPilot   18: 2097152 op, 129680177.00 ns, 61.8363 ns/op
WorkloadPilot   19: 4194304 op, 255663778.00 ns, 60.9550 ns/op
WorkloadPilot   20: 8388608 op, 503247333.00 ns, 59.9918 ns/op

OverheadWarmup   1: 8388608 op, 18969306.00 ns, 2.2613 ns/op
OverheadWarmup   2: 8388608 op, 19007667.00 ns, 2.2659 ns/op
OverheadWarmup   3: 8388608 op, 18952715.00 ns, 2.2593 ns/op
OverheadWarmup   4: 8388608 op, 18990234.00 ns, 2.2638 ns/op
OverheadWarmup   5: 8388608 op, 18960600.00 ns, 2.2603 ns/op

OverheadActual   1: 8388608 op, 18986488.00 ns, 2.2634 ns/op
OverheadActual   2: 8388608 op, 19006565.00 ns, 2.2658 ns/op
OverheadActual   3: 8388608 op, 19007477.00 ns, 2.2659 ns/op
OverheadActual   4: 8388608 op, 19156114.00 ns, 2.2836 ns/op
OverheadActual   5: 8388608 op, 18963625.00 ns, 2.2606 ns/op
OverheadActual   6: 8388608 op, 18965258.00 ns, 2.2608 ns/op
OverheadActual   7: 8388608 op, 18965188.00 ns, 2.2608 ns/op
OverheadActual   8: 8388608 op, 18962723.00 ns, 2.2605 ns/op
OverheadActual   9: 8388608 op, 19028987.00 ns, 2.2684 ns/op
OverheadActual  10: 8388608 op, 21216312.00 ns, 2.5292 ns/op
OverheadActual  11: 8388608 op, 16495197.00 ns, 1.9664 ns/op
OverheadActual  12: 8388608 op, 16531014.00 ns, 1.9707 ns/op
OverheadActual  13: 8388608 op, 16447588.00 ns, 1.9607 ns/op
OverheadActual  14: 8388608 op, 16349375.00 ns, 1.9490 ns/op
OverheadActual  15: 8388608 op, 16362610.00 ns, 1.9506 ns/op
OverheadActual  16: 8388608 op, 16325371.00 ns, 1.9461 ns/op
OverheadActual  17: 8388608 op, 16384471.00 ns, 1.9532 ns/op
OverheadActual  18: 8388608 op, 16462486.00 ns, 1.9625 ns/op
OverheadActual  19: 8388608 op, 16351760.00 ns, 1.9493 ns/op
OverheadActual  20: 8388608 op, 20300656.00 ns, 2.4200 ns/op

WorkloadWarmup   1: 8388608 op, 514862881.00 ns, 61.3764 ns/op
WorkloadWarmup   2: 8388608 op, 510424573.00 ns, 60.8474 ns/op
WorkloadWarmup   3: 8388608 op, 503202413.00 ns, 59.9864 ns/op
WorkloadWarmup   4: 8388608 op, 508881554.00 ns, 60.6634 ns/op
WorkloadWarmup   5: 8388608 op, 503282373.00 ns, 59.9959 ns/op
WorkloadWarmup   6: 8388608 op, 508339745.00 ns, 60.5988 ns/op
WorkloadWarmup   7: 8388608 op, 502990951.00 ns, 59.9612 ns/op

// BeforeActualRun
WorkloadActual   1: 8388608 op, 507751269.00 ns, 60.5287 ns/op
WorkloadActual   2: 8388608 op, 503418898.00 ns, 60.0122 ns/op
WorkloadActual   3: 8388608 op, 506074024.00 ns, 60.3287 ns/op
WorkloadActual   4: 8388608 op, 502889743.00 ns, 59.9491 ns/op
WorkloadActual   5: 8388608 op, 505344465.00 ns, 60.2418 ns/op
WorkloadActual   6: 8388608 op, 503980453.00 ns, 60.0792 ns/op
WorkloadActual   7: 8388608 op, 506106605.00 ns, 60.3326 ns/op
WorkloadActual   8: 8388608 op, 504387622.00 ns, 60.1277 ns/op
WorkloadActual   9: 8388608 op, 507327660.00 ns, 60.4782 ns/op
WorkloadActual  10: 8388608 op, 504326468.00 ns, 60.1204 ns/op
WorkloadActual  11: 8388608 op, 505809772.00 ns, 60.2972 ns/op
WorkloadActual  12: 8388608 op, 504972677.00 ns, 60.1974 ns/op
WorkloadActual  13: 8388608 op, 508978334.00 ns, 60.6749 ns/op
WorkloadActual  14: 8388608 op, 503707067.00 ns, 60.0466 ns/op
WorkloadActual  15: 8388608 op, 505538267.00 ns, 60.2649 ns/op

// AfterActualRun
WorkloadResult   1: 8388608 op, 488788095.00 ns, 58.2681 ns/op
WorkloadResult   2: 8388608 op, 484455724.00 ns, 57.7516 ns/op
WorkloadResult   3: 8388608 op, 487110850.00 ns, 58.0681 ns/op
WorkloadResult   4: 8388608 op, 483926569.00 ns, 57.6885 ns/op
WorkloadResult   5: 8388608 op, 486381291.00 ns, 57.9812 ns/op
WorkloadResult   6: 8388608 op, 485017279.00 ns, 57.8186 ns/op
WorkloadResult   7: 8388608 op, 487143431.00 ns, 58.0720 ns/op
WorkloadResult   8: 8388608 op, 485424448.00 ns, 57.8671 ns/op
WorkloadResult   9: 8388608 op, 488364486.00 ns, 58.2176 ns/op
WorkloadResult  10: 8388608 op, 485363294.00 ns, 57.8598 ns/op
WorkloadResult  11: 8388608 op, 486846598.00 ns, 58.0366 ns/op
WorkloadResult  12: 8388608 op, 486009503.00 ns, 57.9368 ns/op
WorkloadResult  13: 8388608 op, 490015160.00 ns, 58.4144 ns/op
WorkloadResult  14: 8388608 op, 484743893.00 ns, 57.7860 ns/op
WorkloadResult  15: 8388608 op, 486575093.00 ns, 58.0043 ns/op
// GC:  12 0 0 201326592 8388608
// Threading:  0 0 8388608

// AfterAll
// Benchmark Process 5045 has exited with code 0.

Mean = 57.985 ns, StdErr = 0.052 ns (0.09%), N = 15, StdDev = 0.203 ns
Min = 57.689 ns, Q1 = 57.839 ns, Median = 57.981 ns, Q3 = 58.070 ns, Max = 58.414 ns
IQR = 0.231 ns, LowerFence = 57.493 ns, UpperFence = 58.416 ns
ConfidenceInterval = [57.768 ns; 58.202 ns] (CI 99.9%), Margin = 0.217 ns (0.37% of Mean)
Skewness = 0.49, Kurtosis = 2.23, MValue = 2

// ** Remained 21 (58.3 %) benchmark(s) to run. Estimated finish 2026-08-30 7:49 (0h 7m from now) **
// **************************
// Benchmark: MediatorBenchmarks.PublishNotification_FiveHandlers: .NET 8.0(Runtime=.NET 8.0, Toolchain=net8.0)
// *** Execute ***
// Launch: 1 / 1
// Execute: dotnet "EricksonLopez.Mediator.Benchmarks-.NET 8.0-2.dll" --anonymousPipes 107 108 --benchmarkName EricksonLopez.Mediator.Benchmarks.MediatorBenchmarks.PublishNotification_FiveHandlers --job ".NET 8.0" --benchmarkId 6 in /home/runner/work/dotnet-mediator/dotnet-mediator/benchmarks/EricksonLopez.Mediator.Benchmarks/bin/Release/net10.0/EricksonLopez.Mediator.Benchmarks-.NET 8.0-2/bin/Release/net8.0
// Failed to set up high priority (Permission denied). In order to run benchmarks with high priority, make sure you have the right permissions.
// BeforeAnythingElse

// Benchmark Process Environment Information:
// BenchmarkDotNet v0.15.8
// Runtime=.NET 8.0.30 (8.0.30, 8.0.3026.36720), X64 RyuJIT x86-64-v3
// GC=Concurrent Workstation
// HardwareIntrinsics=AVX2+BMI1+BMI2+F16C+FMA+LZCNT+MOVBE,AVX,SSE3+SSSE3+SSE4.1+SSE4.2+POPCNT,X86Base+SSE+SSE2,AES+PCLMUL VectorSize=256
// Job: .NET 8.0

OverheadJitting  1: 1 op, 129711.00 ns, 129.7110 us/op
WorkloadJitting  1: 1 op, 3045712.00 ns, 3.0457 ms/op

OverheadJitting  2: 16 op, 190956.00 ns, 11.9348 us/op
WorkloadJitting  2: 16 op, 2043806.00 ns, 127.7379 us/op

WorkloadPilot    1: 16 op, 246870.00 ns, 15.4294 us/op
WorkloadPilot    2: 32 op, 57357.00 ns, 1.7924 us/op
WorkloadPilot    3: 64 op, 99555.00 ns, 1.5555 us/op
WorkloadPilot    4: 128 op, 167913.00 ns, 1.3118 us/op
WorkloadPilot    5: 256 op, 347437.00 ns, 1.3572 us/op
WorkloadPilot    6: 512 op, 641605.00 ns, 1.2531 us/op
WorkloadPilot    7: 1024 op, 1243236.00 ns, 1.2141 us/op
WorkloadPilot    8: 2048 op, 2455083.00 ns, 1.1988 us/op
WorkloadPilot    9: 4096 op, 4784080.00 ns, 1.1680 us/op
WorkloadPilot   10: 8192 op, 9605269.00 ns, 1.1725 us/op
WorkloadPilot   11: 16384 op, 19059516.00 ns, 1.1633 us/op
WorkloadPilot   12: 32768 op, 37943404.00 ns, 1.1579 us/op
WorkloadPilot   13: 65536 op, 84000469.00 ns, 1.2817 us/op
WorkloadPilot   14: 131072 op, 47947777.00 ns, 365.8125 ns/op
WorkloadPilot   15: 262144 op, 61807599.00 ns, 235.7773 ns/op
WorkloadPilot   16: 524288 op, 120727269.00 ns, 230.2690 ns/op
WorkloadPilot   17: 1048576 op, 241950308.00 ns, 230.7418 ns/op
WorkloadPilot   18: 2097152 op, 482430082.00 ns, 230.0406 ns/op
WorkloadPilot   19: 4194304 op, 964668056.00 ns, 229.9948 ns/op

OverheadWarmup   1: 4194304 op, 9502778.00 ns, 2.2656 ns/op
OverheadWarmup   2: 4194304 op, 9568309.00 ns, 2.2813 ns/op
OverheadWarmup   3: 4194304 op, 9475817.00 ns, 2.2592 ns/op
OverheadWarmup   4: 4194304 op, 9548042.00 ns, 2.2764 ns/op
OverheadWarmup   5: 4194304 op, 9498639.00 ns, 2.2647 ns/op

OverheadActual   1: 4194304 op, 9490144.00 ns, 2.2626 ns/op
OverheadActual   2: 4194304 op, 9513608.00 ns, 2.2682 ns/op
OverheadActual   3: 4194304 op, 9499982.00 ns, 2.2650 ns/op
OverheadActual   4: 4194304 op, 9504521.00 ns, 2.2661 ns/op
OverheadActual   5: 4194304 op, 9772881.00 ns, 2.3300 ns/op
OverheadActual   6: 4194304 op, 9495334.00 ns, 2.2639 ns/op
OverheadActual   7: 4194304 op, 9647127.00 ns, 2.3001 ns/op
OverheadActual   8: 4194304 op, 9515982.00 ns, 2.2688 ns/op
OverheadActual   9: 4194304 op, 9493921.00 ns, 2.2635 ns/op
OverheadActual  10: 4194304 op, 9492118.00 ns, 2.2631 ns/op
OverheadActual  11: 4194304 op, 9514380.00 ns, 2.2684 ns/op
OverheadActual  12: 4194304 op, 9487238.00 ns, 2.2619 ns/op
OverheadActual  13: 4194304 op, 9526893.00 ns, 2.2714 ns/op
OverheadActual  14: 4194304 op, 9481849.00 ns, 2.2606 ns/op
OverheadActual  15: 4194304 op, 9569612.00 ns, 2.2816 ns/op

WorkloadWarmup   1: 4194304 op, 986800855.00 ns, 235.2717 ns/op
WorkloadWarmup   2: 4194304 op, 975275010.00 ns, 232.5237 ns/op
WorkloadWarmup   3: 4194304 op, 962886778.00 ns, 229.5701 ns/op
WorkloadWarmup   4: 4194304 op, 967625912.00 ns, 230.7000 ns/op
WorkloadWarmup   5: 4194304 op, 969913596.00 ns, 231.2454 ns/op
WorkloadWarmup   6: 4194304 op, 967004780.00 ns, 230.5519 ns/op
WorkloadWarmup   7: 4194304 op, 966182758.00 ns, 230.3559 ns/op
WorkloadWarmup   8: 4194304 op, 966064959.00 ns, 230.3278 ns/op
WorkloadWarmup   9: 4194304 op, 964785365.00 ns, 230.0228 ns/op
WorkloadWarmup  10: 4194304 op, 964558122.00 ns, 229.9686 ns/op
WorkloadWarmup  11: 4194304 op, 967315742.00 ns, 230.6260 ns/op
WorkloadWarmup  12: 4194304 op, 966573370.00 ns, 230.4490 ns/op

// BeforeActualRun
WorkloadActual   1: 4194304 op, 970284735.00 ns, 231.3339 ns/op
WorkloadActual   2: 4194304 op, 969049602.00 ns, 231.0394 ns/op
WorkloadActual   3: 4194304 op, 968666511.00 ns, 230.9481 ns/op
WorkloadActual   4: 4194304 op, 969938631.00 ns, 231.2514 ns/op
WorkloadActual   5: 4194304 op, 968176729.00 ns, 230.8313 ns/op
WorkloadActual   6: 4194304 op, 975854248.00 ns, 232.6618 ns/op
WorkloadActual   7: 4194304 op, 969257652.00 ns, 231.0890 ns/op
WorkloadActual   8: 4194304 op, 963946806.00 ns, 229.8228 ns/op
WorkloadActual   9: 4194304 op, 966097449.00 ns, 230.3356 ns/op
WorkloadActual  10: 4194304 op, 964136422.00 ns, 229.8680 ns/op
WorkloadActual  11: 4194304 op, 979038169.00 ns, 233.4209 ns/op
WorkloadActual  12: 4194304 op, 964816058.00 ns, 230.0301 ns/op
WorkloadActual  13: 4194304 op, 963406860.00 ns, 229.6941 ns/op
WorkloadActual  14: 4194304 op, 968606218.00 ns, 230.9337 ns/op
WorkloadActual  15: 4194304 op, 969188423.00 ns, 231.0725 ns/op

// AfterActualRun
WorkloadResult   1: 4194304 op, 960780214.00 ns, 229.0679 ns/op
WorkloadResult   2: 4194304 op, 959545081.00 ns, 228.7734 ns/op
WorkloadResult   3: 4194304 op, 959161990.00 ns, 228.6820 ns/op
WorkloadResult   4: 4194304 op, 960434110.00 ns, 228.9853 ns/op
WorkloadResult   5: 4194304 op, 958672208.00 ns, 228.5653 ns/op
WorkloadResult   6: 4194304 op, 959753131.00 ns, 228.8230 ns/op
WorkloadResult   7: 4194304 op, 954442285.00 ns, 227.5568 ns/op
WorkloadResult   8: 4194304 op, 956592928.00 ns, 228.0695 ns/op
WorkloadResult   9: 4194304 op, 954631901.00 ns, 227.6020 ns/op
WorkloadResult  10: 4194304 op, 955311537.00 ns, 227.7640 ns/op
WorkloadResult  11: 4194304 op, 953902339.00 ns, 227.4280 ns/op
WorkloadResult  12: 4194304 op, 959101697.00 ns, 228.6677 ns/op
WorkloadResult  13: 4194304 op, 959683902.00 ns, 228.8065 ns/op
// GC:  30 0 0 503316480 4194304
// Threading:  0 0 4194304

// AfterAll
// Benchmark Process 5060 has exited with code 0.

Mean = 228.369 ns, StdErr = 0.165 ns (0.07%), N = 13, StdDev = 0.595 ns
Min = 227.428 ns, Q1 = 227.764 ns, Median = 228.668 ns, Q3 = 228.806 ns, Max = 229.068 ns
IQR = 1.042 ns, LowerFence = 226.200 ns, UpperFence = 230.370 ns
ConfidenceInterval = [227.656 ns; 229.081 ns] (CI 99.9%), Margin = 0.712 ns (0.31% of Mean)
Skewness = -0.43, Kurtosis = 1.36, MValue = 2

// ** Remained 20 (55.6 %) benchmark(s) to run. Estimated finish 2026-08-30 7:49 (0h 6m from now) **
// **************************
// Benchmark: MediatorBenchmarks.PublishNotification_Parallel: .NET 8.0(Runtime=.NET 8.0, Toolchain=net8.0)
// *** Execute ***
// Launch: 1 / 1
// Execute: dotnet "EricksonLopez.Mediator.Benchmarks-.NET 8.0-2.dll" --anonymousPipes 107 108 --benchmarkName EricksonLopez.Mediator.Benchmarks.MediatorBenchmarks.PublishNotification_Parallel --job ".NET 8.0" --benchmarkId 7 in /home/runner/work/dotnet-mediator/dotnet-mediator/benchmarks/EricksonLopez.Mediator.Benchmarks/bin/Release/net10.0/EricksonLopez.Mediator.Benchmarks-.NET 8.0-2/bin/Release/net8.0
// Failed to set up high priority (Permission denied). In order to run benchmarks with high priority, make sure you have the right permissions.
// BeforeAnythingElse

// Benchmark Process Environment Information:
// BenchmarkDotNet v0.15.8
// Runtime=.NET 8.0.30 (8.0.30, 8.0.3026.36720), X64 RyuJIT x86-64-v3
// GC=Concurrent Workstation
// HardwareIntrinsics=AVX2+BMI1+BMI2+F16C+FMA+LZCNT+MOVBE,AVX,SSE3+SSSE3+SSE4.1+SSE4.2+POPCNT,X86Base+SSE+SSE2,AES+PCLMUL VectorSize=256
// Job: .NET 8.0

OverheadJitting  1: 1 op, 131695.00 ns, 131.6950 us/op
WorkloadJitting  1: 1 op, 2993005.00 ns, 2.9930 ms/op

OverheadJitting  2: 16 op, 179515.00 ns, 11.2197 us/op
WorkloadJitting  2: 16 op, 1776199.00 ns, 111.0124 us/op

WorkloadPilot    1: 16 op, 193180.00 ns, 12.0738 us/op
WorkloadPilot    2: 32 op, 54371.00 ns, 1.6991 us/op
WorkloadPilot    3: 64 op, 81722.00 ns, 1.2769 us/op
WorkloadPilot    4: 128 op, 139560.00 ns, 1.0903 us/op
WorkloadPilot    5: 256 op, 246239.00 ns, 961.8711 ns/op
WorkloadPilot    6: 512 op, 467370.00 ns, 912.8320 ns/op
WorkloadPilot    7: 1024 op, 940512.00 ns, 918.4688 ns/op
WorkloadPilot    8: 2048 op, 1786689.00 ns, 872.4067 ns/op
WorkloadPilot    9: 4096 op, 3655069.00 ns, 892.3508 ns/op
WorkloadPilot   10: 8192 op, 7362806.00 ns, 898.7800 ns/op
WorkloadPilot   11: 16384 op, 14643930.00 ns, 893.7946 ns/op
WorkloadPilot   12: 32768 op, 28923420.00 ns, 882.6727 ns/op
WorkloadPilot   13: 65536 op, 58059006.00 ns, 885.9101 ns/op
WorkloadPilot   14: 131072 op, 71393947.00 ns, 544.6926 ns/op
WorkloadPilot   15: 262144 op, 56075772.00 ns, 213.9121 ns/op
WorkloadPilot   16: 524288 op, 111163152.00 ns, 212.0269 ns/op
WorkloadPilot   17: 1048576 op, 223523865.00 ns, 213.1690 ns/op
WorkloadPilot   18: 2097152 op, 444273270.00 ns, 211.8460 ns/op
WorkloadPilot   19: 4194304 op, 888807258.00 ns, 211.9082 ns/op

OverheadWarmup   1: 4194304 op, 9491261.00 ns, 2.2629 ns/op
OverheadWarmup   2: 4194304 op, 9482535.00 ns, 2.2608 ns/op
OverheadWarmup   3: 4194304 op, 9511238.00 ns, 2.2677 ns/op
OverheadWarmup   4: 4194304 op, 9471153.00 ns, 2.2581 ns/op
OverheadWarmup   5: 4194304 op, 9478246.00 ns, 2.2598 ns/op
OverheadWarmup   6: 4194304 op, 9460313.00 ns, 2.2555 ns/op

OverheadActual   1: 4194304 op, 9473779.00 ns, 2.2587 ns/op
OverheadActual   2: 4194304 op, 9506940.00 ns, 2.2666 ns/op
OverheadActual   3: 4194304 op, 13885587.00 ns, 3.3106 ns/op
OverheadActual   4: 4194304 op, 9973129.00 ns, 2.3778 ns/op
OverheadActual   5: 4194304 op, 9493335.00 ns, 2.2634 ns/op
OverheadActual   6: 4194304 op, 9512009.00 ns, 2.2678 ns/op
OverheadActual   7: 4194304 op, 9474320.00 ns, 2.2589 ns/op
OverheadActual   8: 4194304 op, 9480070.00 ns, 2.2602 ns/op
OverheadActual   9: 4194304 op, 9487824.00 ns, 2.2621 ns/op
OverheadActual  10: 4194304 op, 9478087.00 ns, 2.2598 ns/op
OverheadActual  11: 4194304 op, 9721189.00 ns, 2.3177 ns/op
OverheadActual  12: 4194304 op, 9488185.00 ns, 2.2622 ns/op
OverheadActual  13: 4194304 op, 9473779.00 ns, 2.2587 ns/op
OverheadActual  14: 4194304 op, 9473137.00 ns, 2.2586 ns/op
OverheadActual  15: 4194304 op, 9852464.00 ns, 2.3490 ns/op

WorkloadWarmup   1: 4194304 op, 898435566.00 ns, 214.2037 ns/op
WorkloadWarmup   2: 4194304 op, 893657113.00 ns, 213.0645 ns/op
WorkloadWarmup   3: 4194304 op, 886360127.00 ns, 211.3247 ns/op
WorkloadWarmup   4: 4194304 op, 884077136.00 ns, 210.7804 ns/op
WorkloadWarmup   5: 4194304 op, 884382234.00 ns, 210.8532 ns/op
WorkloadWarmup   6: 4194304 op, 883862305.00 ns, 210.7292 ns/op
WorkloadWarmup   7: 4194304 op, 882586791.00 ns, 210.4251 ns/op
WorkloadWarmup   8: 4194304 op, 885619828.00 ns, 211.1482 ns/op
WorkloadWarmup   9: 4194304 op, 884880871.00 ns, 210.9720 ns/op

// BeforeActualRun
WorkloadActual   1: 4194304 op, 887148565.00 ns, 211.5127 ns/op
WorkloadActual   2: 4194304 op, 889949623.00 ns, 212.1805 ns/op
WorkloadActual   3: 4194304 op, 891186046.00 ns, 212.4753 ns/op
WorkloadActual   4: 4194304 op, 889524221.00 ns, 212.0791 ns/op
WorkloadActual   5: 4194304 op, 887786023.00 ns, 211.6647 ns/op
WorkloadActual   6: 4194304 op, 888117971.00 ns, 211.7438 ns/op
WorkloadActual   7: 4194304 op, 889152517.00 ns, 211.9905 ns/op
WorkloadActual   8: 4194304 op, 889135299.00 ns, 211.9864 ns/op
WorkloadActual   9: 4194304 op, 889604042.00 ns, 212.0981 ns/op
WorkloadActual  10: 4194304 op, 891185588.00 ns, 212.4752 ns/op
WorkloadActual  11: 4194304 op, 888666586.00 ns, 211.8746 ns/op
WorkloadActual  12: 4194304 op, 895485497.00 ns, 213.5004 ns/op
WorkloadActual  13: 4194304 op, 883389567.00 ns, 210.6165 ns/op
WorkloadActual  14: 4194304 op, 884742206.00 ns, 210.9390 ns/op
WorkloadActual  15: 4194304 op, 884466343.00 ns, 210.8732 ns/op

// AfterActualRun
WorkloadResult   1: 4194304 op, 877660380.00 ns, 209.2505 ns/op
WorkloadResult   2: 4194304 op, 880461438.00 ns, 209.9184 ns/op
WorkloadResult   3: 4194304 op, 881697861.00 ns, 210.2132 ns/op
WorkloadResult   4: 4194304 op, 880036036.00 ns, 209.8169 ns/op
WorkloadResult   5: 4194304 op, 878297838.00 ns, 209.4025 ns/op
WorkloadResult   6: 4194304 op, 878629786.00 ns, 209.4817 ns/op
WorkloadResult   7: 4194304 op, 879664332.00 ns, 209.7283 ns/op
WorkloadResult   8: 4194304 op, 879647114.00 ns, 209.7242 ns/op
WorkloadResult   9: 4194304 op, 880115857.00 ns, 209.8360 ns/op
WorkloadResult  10: 4194304 op, 881697403.00 ns, 210.2130 ns/op
WorkloadResult  11: 4194304 op, 879178401.00 ns, 209.6125 ns/op
WorkloadResult  12: 4194304 op, 873901382.00 ns, 208.3543 ns/op
WorkloadResult  13: 4194304 op, 875254021.00 ns, 208.6768 ns/op
WorkloadResult  14: 4194304 op, 874978158.00 ns, 208.6110 ns/op
// GC:  50 0 0 838860800 4194304
// Threading:  0 0 4194304

// AfterAll
// Benchmark Process 5089 has exited with code 0.

Mean = 209.489 ns, StdErr = 0.155 ns (0.07%), N = 14, StdDev = 0.580 ns
Min = 208.354 ns, Q1 = 209.289 ns, Median = 209.668 ns, Q3 = 209.831 ns, Max = 210.213 ns
IQR = 0.543 ns, LowerFence = 208.475 ns, UpperFence = 210.645 ns
ConfidenceInterval = [208.834 ns; 210.143 ns] (CI 99.9%), Margin = 0.654 ns (0.31% of Mean)
Skewness = -0.64, Kurtosis = 2.09, MValue = 2

// ** Remained 19 (52.8 %) benchmark(s) to run. Estimated finish 2026-08-30 7:49 (0h 6m from now) **
// **************************
// Benchmark: MediatorBenchmarks.NestedSend: .NET 8.0(Runtime=.NET 8.0, Toolchain=net8.0)
// *** Execute ***
// Launch: 1 / 1
// Execute: dotnet "EricksonLopez.Mediator.Benchmarks-.NET 8.0-2.dll" --anonymousPipes 107 108 --benchmarkName EricksonLopez.Mediator.Benchmarks.MediatorBenchmarks.NestedSend --job ".NET 8.0" --benchmarkId 8 in /home/runner/work/dotnet-mediator/dotnet-mediator/benchmarks/EricksonLopez.Mediator.Benchmarks/bin/Release/net10.0/EricksonLopez.Mediator.Benchmarks-.NET 8.0-2/bin/Release/net8.0
// Failed to set up high priority (Permission denied). In order to run benchmarks with high priority, make sure you have the right permissions.
// BeforeAnythingElse

// Benchmark Process Environment Information:
// BenchmarkDotNet v0.15.8
// Runtime=.NET 8.0.30 (8.0.30, 8.0.3026.36720), X64 RyuJIT x86-64-v3
// GC=Concurrent Workstation
// HardwareIntrinsics=AVX2+BMI1+BMI2+F16C+FMA+LZCNT+MOVBE,AVX,SSE3+SSSE3+SSE4.1+SSE4.2+POPCNT,X86Base+SSE+SSE2,AES+PCLMUL VectorSize=256
// Job: .NET 8.0

OverheadJitting  1: 1 op, 182590.00 ns, 182.5900 us/op
WorkloadJitting  1: 1 op, 2193616.00 ns, 2.1936 ms/op

OverheadJitting  2: 16 op, 464245.00 ns, 29.0153 us/op
WorkloadJitting  2: 16 op, 422076.00 ns, 26.3798 us/op

WorkloadPilot    1: 16 op, 16010.00 ns, 1.0006 us/op
WorkloadPilot    2: 32 op, 23954.00 ns, 748.5625 ns/op
WorkloadPilot    3: 64 op, 41177.00 ns, 643.3906 ns/op
WorkloadPilot    4: 128 op, 88946.00 ns, 694.8906 ns/op
WorkloadPilot    5: 256 op, 159807.00 ns, 624.2461 ns/op
WorkloadPilot    6: 512 op, 290552.00 ns, 567.4844 ns/op
WorkloadPilot    7: 1024 op, 572246.00 ns, 558.8340 ns/op
WorkloadPilot    8: 2048 op, 1145954.00 ns, 559.5479 ns/op
WorkloadPilot    9: 4096 op, 2264809.00 ns, 552.9319 ns/op
WorkloadPilot   10: 8192 op, 4538173.00 ns, 553.9762 ns/op
WorkloadPilot   11: 16384 op, 8810631.00 ns, 537.7582 ns/op
WorkloadPilot   12: 32768 op, 17519795.00 ns, 534.6617 ns/op
WorkloadPilot   13: 65536 op, 35038367.00 ns, 534.6431 ns/op
WorkloadPilot   14: 131072 op, 70088726.00 ns, 534.7345 ns/op
WorkloadPilot   15: 262144 op, 61580027.00 ns, 234.9092 ns/op
WorkloadPilot   16: 524288 op, 55790272.00 ns, 106.4115 ns/op
WorkloadPilot   17: 1048576 op, 105487945.00 ns, 100.6011 ns/op
WorkloadPilot   18: 2097152 op, 206917060.00 ns, 98.6657 ns/op
WorkloadPilot   19: 4194304 op, 410915886.00 ns, 97.9700 ns/op
WorkloadPilot   20: 8388608 op, 817167363.00 ns, 97.4139 ns/op

OverheadWarmup   1: 8388608 op, 38352300.00 ns, 4.5720 ns/op
OverheadWarmup   2: 8388608 op, 38189116.00 ns, 4.5525 ns/op
OverheadWarmup   3: 8388608 op, 38207671.00 ns, 4.5547 ns/op
OverheadWarmup   4: 8388608 op, 38191410.00 ns, 4.5528 ns/op
OverheadWarmup   5: 8388608 op, 38885083.00 ns, 4.6355 ns/op
OverheadWarmup   6: 8388608 op, 38258365.00 ns, 4.5608 ns/op

OverheadActual   1: 8388608 op, 38207891.00 ns, 4.5547 ns/op
OverheadActual   2: 8388608 op, 38187122.00 ns, 4.5523 ns/op
OverheadActual   3: 8388608 op, 38377807.00 ns, 4.5750 ns/op
OverheadActual   4: 8388608 op, 38252835.00 ns, 4.5601 ns/op
OverheadActual   5: 8388608 op, 38248456.00 ns, 4.5596 ns/op
OverheadActual   6: 8388608 op, 38192011.00 ns, 4.5528 ns/op
OverheadActual   7: 8388608 op, 38235272.00 ns, 4.5580 ns/op
OverheadActual   8: 8388608 op, 38170992.00 ns, 4.5503 ns/op
OverheadActual   9: 8388608 op, 38176613.00 ns, 4.5510 ns/op
OverheadActual  10: 8388608 op, 43072232.00 ns, 5.1346 ns/op
OverheadActual  11: 8388608 op, 30415766.00 ns, 3.6258 ns/op
OverheadActual  12: 8388608 op, 30342891.00 ns, 3.6172 ns/op
OverheadActual  13: 8388608 op, 30519255.00 ns, 3.6382 ns/op
OverheadActual  14: 8388608 op, 30411018.00 ns, 3.6253 ns/op
OverheadActual  15: 8388608 op, 30350375.00 ns, 3.6180 ns/op
OverheadActual  16: 8388608 op, 30333153.00 ns, 3.6160 ns/op
OverheadActual  17: 8388608 op, 30539367.00 ns, 3.6406 ns/op
OverheadActual  18: 8388608 op, 30354382.00 ns, 3.6185 ns/op
OverheadActual  19: 8388608 op, 30591393.00 ns, 3.6468 ns/op
OverheadActual  20: 8388608 op, 30326490.00 ns, 3.6152 ns/op

WorkloadWarmup   1: 8388608 op, 825565776.00 ns, 98.4151 ns/op
WorkloadWarmup   2: 8388608 op, 829794594.00 ns, 98.9192 ns/op
WorkloadWarmup   3: 8388608 op, 825000744.00 ns, 98.3478 ns/op
WorkloadWarmup   4: 8388608 op, 819857674.00 ns, 97.7347 ns/op
WorkloadWarmup   5: 8388608 op, 820376451.00 ns, 97.7965 ns/op
WorkloadWarmup   6: 8388608 op, 818269819.00 ns, 97.5454 ns/op

// BeforeActualRun
WorkloadActual   1: 8388608 op, 820764555.00 ns, 97.8428 ns/op
WorkloadActual   2: 8388608 op, 819786373.00 ns, 97.7262 ns/op
WorkloadActual   3: 8388608 op, 818483245.00 ns, 97.5708 ns/op
WorkloadActual   4: 8388608 op, 818339948.00 ns, 97.5537 ns/op
WorkloadActual   5: 8388608 op, 819222021.00 ns, 97.6589 ns/op
WorkloadActual   6: 8388608 op, 821562120.00 ns, 97.9378 ns/op
WorkloadActual   7: 8388608 op, 818899299.00 ns, 97.6204 ns/op
WorkloadActual   8: 8388608 op, 822187305.00 ns, 98.0124 ns/op
WorkloadActual   9: 8388608 op, 821387596.00 ns, 97.9170 ns/op
WorkloadActual  10: 8388608 op, 818060152.00 ns, 97.5204 ns/op
WorkloadActual  11: 8388608 op, 819121284.00 ns, 97.6469 ns/op
WorkloadActual  12: 8388608 op, 820801655.00 ns, 97.8472 ns/op
WorkloadActual  13: 8388608 op, 820681160.00 ns, 97.8328 ns/op
WorkloadActual  14: 8388608 op, 818989849.00 ns, 97.6312 ns/op
WorkloadActual  15: 8388608 op, 819019154.00 ns, 97.6347 ns/op

// AfterActualRun
WorkloadResult   1: 8388608 op, 786383362.50 ns, 93.7442 ns/op
WorkloadResult   2: 8388608 op, 785405180.50 ns, 93.6276 ns/op
WorkloadResult   3: 8388608 op, 784102052.50 ns, 93.4722 ns/op
WorkloadResult   4: 8388608 op, 783958755.50 ns, 93.4552 ns/op
WorkloadResult   5: 8388608 op, 784840828.50 ns, 93.5603 ns/op
WorkloadResult   6: 8388608 op, 787180927.50 ns, 93.8393 ns/op
WorkloadResult   7: 8388608 op, 784518106.50 ns, 93.5218 ns/op
WorkloadResult   8: 8388608 op, 787806112.50 ns, 93.9138 ns/op
WorkloadResult   9: 8388608 op, 787006403.50 ns, 93.8185 ns/op
WorkloadResult  10: 8388608 op, 783678959.50 ns, 93.4218 ns/op
WorkloadResult  11: 8388608 op, 784740091.50 ns, 93.5483 ns/op
WorkloadResult  12: 8388608 op, 786420462.50 ns, 93.7486 ns/op
WorkloadResult  13: 8388608 op, 786299967.50 ns, 93.7343 ns/op
WorkloadResult  14: 8388608 op, 784608656.50 ns, 93.5326 ns/op
WorkloadResult  15: 8388608 op, 784637961.50 ns, 93.5361 ns/op
// GC:  12 0 0 201326592 8388608
// Threading:  0 0 8388608

// AfterAll
// Benchmark Process 5112 has exited with code 0.

Mean = 93.632 ns, StdErr = 0.040 ns (0.04%), N = 15, StdDev = 0.155 ns
Min = 93.422 ns, Q1 = 93.527 ns, Median = 93.560 ns, Q3 = 93.746 ns, Max = 93.914 ns
IQR = 0.219 ns, LowerFence = 93.198 ns, UpperFence = 94.075 ns
ConfidenceInterval = [93.466 ns; 93.798 ns] (CI 99.9%), Margin = 0.166 ns (0.18% of Mean)
Skewness = 0.34, Kurtosis = 1.58, MValue = 2

// ** Remained 18 (50.0 %) benchmark(s) to run. Estimated finish 2026-08-30 7:49 (0h 6m from now) **
// **************************
// Benchmark: MediatorBenchmarks.DirectCall: .NET 9.0(Runtime=.NET 9.0, Toolchain=net9.0)
// *** Execute ***
// Launch: 1 / 1
// Execute: dotnet "EricksonLopez.Mediator.Benchmarks-.NET 9.0-3.dll" --anonymousPipes 107 108 --benchmarkName EricksonLopez.Mediator.Benchmarks.MediatorBenchmarks.DirectCall --job ".NET 9.0" --benchmarkId 0 in /home/runner/work/dotnet-mediator/dotnet-mediator/benchmarks/EricksonLopez.Mediator.Benchmarks/bin/Release/net10.0/EricksonLopez.Mediator.Benchmarks-.NET 9.0-3/bin/Release/net9.0
// Failed to set up high priority (Permission denied). In order to run benchmarks with high priority, make sure you have the right permissions.
// BeforeAnythingElse

// Benchmark Process Environment Information:
// BenchmarkDotNet v0.15.8
// Runtime=.NET 9.0.19 (9.0.19, 9.0.1926.36724), X64 RyuJIT x86-64-v3
// GC=Concurrent Workstation
// HardwareIntrinsics=AVX2+BMI1+BMI2+F16C+FMA+LZCNT+MOVBE,AVX,SSE3+SSSE3+SSE4.1+SSE4.2+POPCNT,X86Base+SSE+SSE2,AES+PCLMUL VectorSize=256
// Job: .NET 9.0

OverheadJitting  1: 1 op, 259253.00 ns, 259.2530 us/op
WorkloadJitting  1: 1 op, 738156.00 ns, 738.1560 us/op

OverheadJitting  2: 16 op, 441783.00 ns, 27.6114 us/op
WorkloadJitting  2: 16 op, 441973.00 ns, 27.6233 us/op

WorkloadPilot    1: 16 op, 1964.00 ns, 122.7500 ns/op
WorkloadPilot    2: 32 op, 2605.00 ns, 81.4063 ns/op
WorkloadPilot    3: 64 op, 3977.00 ns, 62.1406 ns/op
WorkloadPilot    4: 128 op, 6573.00 ns, 51.3516 ns/op
WorkloadPilot    5: 256 op, 14477.00 ns, 56.5508 ns/op
WorkloadPilot    6: 512 op, 24726.00 ns, 48.2930 ns/op
WorkloadPilot    7: 1024 op, 47338.00 ns, 46.2285 ns/op
WorkloadPilot    8: 2048 op, 80510.00 ns, 39.3115 ns/op
WorkloadPilot    9: 4096 op, 160550.00 ns, 39.1968 ns/op
WorkloadPilot   10: 8192 op, 348028.00 ns, 42.4839 ns/op
WorkloadPilot   11: 16384 op, 652956.00 ns, 39.8533 ns/op
WorkloadPilot   12: 32768 op, 1293480.00 ns, 39.4739 ns/op
WorkloadPilot   13: 65536 op, 2574746.00 ns, 39.2875 ns/op
WorkloadPilot   14: 131072 op, 5141238.00 ns, 39.2245 ns/op
WorkloadPilot   15: 262144 op, 10262059.00 ns, 39.1466 ns/op
WorkloadPilot   16: 524288 op, 20570059.00 ns, 39.2343 ns/op
WorkloadPilot   17: 1048576 op, 40984638.00 ns, 39.0860 ns/op
WorkloadPilot   18: 2097152 op, 48895716.00 ns, 23.3153 ns/op
WorkloadPilot   19: 4194304 op, 16695866.00 ns, 3.9806 ns/op
WorkloadPilot   20: 8388608 op, 33220943.00 ns, 3.9602 ns/op
WorkloadPilot   21: 16777216 op, 66363150.00 ns, 3.9556 ns/op
WorkloadPilot   22: 33554432 op, 133123633.00 ns, 3.9674 ns/op
WorkloadPilot   23: 67108864 op, 265114538.00 ns, 3.9505 ns/op
WorkloadPilot   24: 134217728 op, 530464857.00 ns, 3.9523 ns/op

OverheadWarmup   1: 134217728 op, 625522082.00 ns, 4.6605 ns/op
OverheadWarmup   2: 134217728 op, 487100222.00 ns, 3.6292 ns/op
OverheadWarmup   3: 134217728 op, 486188764.00 ns, 3.6224 ns/op
OverheadWarmup   4: 134217728 op, 489698943.00 ns, 3.6485 ns/op
OverheadWarmup   5: 134217728 op, 486363019.00 ns, 3.6237 ns/op
OverheadWarmup   6: 134217728 op, 485720011.00 ns, 3.6189 ns/op
OverheadWarmup   7: 134217728 op, 486329566.00 ns, 3.6234 ns/op
OverheadWarmup   8: 134217728 op, 485914062.00 ns, 3.6203 ns/op

OverheadActual   1: 134217728 op, 486738809.00 ns, 3.6265 ns/op
OverheadActual   2: 134217728 op, 485485083.00 ns, 3.6171 ns/op
OverheadActual   3: 134217728 op, 486344504.00 ns, 3.6235 ns/op
OverheadActual   4: 134217728 op, 485382041.00 ns, 3.6164 ns/op
OverheadActual   5: 134217728 op, 485836392.00 ns, 3.6198 ns/op
OverheadActual   6: 134217728 op, 487545933.00 ns, 3.6325 ns/op
OverheadActual   7: 134217728 op, 485881197.00 ns, 3.6201 ns/op
OverheadActual   8: 134217728 op, 486524220.00 ns, 3.6249 ns/op
OverheadActual   9: 134217728 op, 485855564.00 ns, 3.6199 ns/op
OverheadActual  10: 134217728 op, 486088208.00 ns, 3.6216 ns/op
OverheadActual  11: 134217728 op, 486261180.00 ns, 3.6229 ns/op
OverheadActual  12: 134217728 op, 486045077.00 ns, 3.6213 ns/op
OverheadActual  13: 134217728 op, 487785400.00 ns, 3.6343 ns/op
OverheadActual  14: 134217728 op, 486482522.00 ns, 3.6246 ns/op
OverheadActual  15: 134217728 op, 486718782.00 ns, 3.6263 ns/op

WorkloadWarmup   1: 134217728 op, 540114799.00 ns, 4.0242 ns/op
WorkloadWarmup   2: 134217728 op, 530566731.00 ns, 3.9530 ns/op
WorkloadWarmup   3: 134217728 op, 532474996.00 ns, 3.9672 ns/op
WorkloadWarmup   4: 134217728 op, 530203905.00 ns, 3.9503 ns/op
WorkloadWarmup   5: 134217728 op, 534898060.00 ns, 3.9853 ns/op
WorkloadWarmup   6: 134217728 op, 532154719.00 ns, 3.9649 ns/op

// BeforeActualRun
WorkloadActual   1: 134217728 op, 530192845.00 ns, 3.9502 ns/op
WorkloadActual   2: 134217728 op, 531048348.00 ns, 3.9566 ns/op
WorkloadActual   3: 134217728 op, 530166222.00 ns, 3.9500 ns/op
WorkloadActual   4: 134217728 op, 533136972.00 ns, 3.9722 ns/op
WorkloadActual   5: 134217728 op, 530114311.00 ns, 3.9497 ns/op
WorkloadActual   6: 134217728 op, 531164959.00 ns, 3.9575 ns/op
WorkloadActual   7: 134217728 op, 531051177.00 ns, 3.9566 ns/op
WorkloadActual   8: 134217728 op, 532404317.00 ns, 3.9667 ns/op
WorkloadActual   9: 134217728 op, 531120054.00 ns, 3.9572 ns/op
WorkloadActual  10: 134217728 op, 530709159.00 ns, 3.9541 ns/op
WorkloadActual  11: 134217728 op, 531906830.00 ns, 3.9630 ns/op
WorkloadActual  12: 134217728 op, 530953765.00 ns, 3.9559 ns/op
WorkloadActual  13: 134217728 op, 530753893.00 ns, 3.9544 ns/op
WorkloadActual  14: 134217728 op, 531835668.00 ns, 3.9625 ns/op
WorkloadActual  15: 134217728 op, 530478510.00 ns, 3.9524 ns/op

// AfterActualRun
WorkloadResult   1: 134217728 op, 43931665.00 ns, 0.3273 ns/op
WorkloadResult   2: 134217728 op, 44787168.00 ns, 0.3337 ns/op
WorkloadResult   3: 134217728 op, 43905042.00 ns, 0.3271 ns/op
WorkloadResult   4: 134217728 op, 43853131.00 ns, 0.3267 ns/op
WorkloadResult   5: 134217728 op, 44903779.00 ns, 0.3346 ns/op
WorkloadResult   6: 134217728 op, 44789997.00 ns, 0.3337 ns/op
WorkloadResult   7: 134217728 op, 46143137.00 ns, 0.3438 ns/op
WorkloadResult   8: 134217728 op, 44858874.00 ns, 0.3342 ns/op
WorkloadResult   9: 134217728 op, 44447979.00 ns, 0.3312 ns/op
WorkloadResult  10: 134217728 op, 45645650.00 ns, 0.3401 ns/op
WorkloadResult  11: 134217728 op, 44692585.00 ns, 0.3330 ns/op
WorkloadResult  12: 134217728 op, 44492713.00 ns, 0.3315 ns/op
WorkloadResult  13: 134217728 op, 45574488.00 ns, 0.3396 ns/op
WorkloadResult  14: 134217728 op, 44217330.00 ns, 0.3294 ns/op
// GC:  0 0 0 0 134217728
// Threading:  0 0 134217728

// AfterAll
// Benchmark Process 5130 has exited with code 0.

Mean = 0.333 ns, StdErr = 0.001 ns (0.41%), N = 14, StdDev = 0.005 ns
Min = 0.327 ns, Q1 = 0.330 ns, Median = 0.333 ns, Q3 = 0.334 ns, Max = 0.344 ns
IQR = 0.005 ns, LowerFence = 0.323 ns, UpperFence = 0.341 ns
ConfidenceInterval = [0.328 ns; 0.339 ns] (CI 99.9%), Margin = 0.006 ns (1.73% of Mean)
Skewness = 0.5, Kurtosis = 2.19, MValue = 2

// ** Remained 17 (47.2 %) benchmark(s) to run. Estimated finish 2026-08-30 7:49 (0h 5m from now) **
// **************************
// Benchmark: MediatorBenchmarks.SendCommand_NoBehaviors: .NET 9.0(Runtime=.NET 9.0, Toolchain=net9.0)
// *** Execute ***
// Launch: 1 / 1
// Execute: dotnet "EricksonLopez.Mediator.Benchmarks-.NET 9.0-3.dll" --anonymousPipes 107 108 --benchmarkName EricksonLopez.Mediator.Benchmarks.MediatorBenchmarks.SendCommand_NoBehaviors --job ".NET 9.0" --benchmarkId 1 in /home/runner/work/dotnet-mediator/dotnet-mediator/benchmarks/EricksonLopez.Mediator.Benchmarks/bin/Release/net10.0/EricksonLopez.Mediator.Benchmarks-.NET 9.0-3/bin/Release/net9.0
// Failed to set up high priority (Permission denied). In order to run benchmarks with high priority, make sure you have the right permissions.
// BeforeAnythingElse

// Benchmark Process Environment Information:
// BenchmarkDotNet v0.15.8
// Runtime=.NET 9.0.19 (9.0.19, 9.0.1926.36724), X64 RyuJIT x86-64-v3
// GC=Concurrent Workstation
// HardwareIntrinsics=AVX2+BMI1+BMI2+F16C+FMA+LZCNT+MOVBE,AVX,SSE3+SSSE3+SSE4.1+SSE4.2+POPCNT,X86Base+SSE+SSE2,AES+PCLMUL VectorSize=256
// Job: .NET 9.0

OverheadJitting  1: 1 op, 177100.00 ns, 177.1000 us/op
WorkloadJitting  1: 1 op, 1395650.00 ns, 1.3957 ms/op

OverheadJitting  2: 16 op, 414242.00 ns, 25.8901 us/op
WorkloadJitting  2: 16 op, 454166.00 ns, 28.3854 us/op

WorkloadPilot    1: 16 op, 9197.00 ns, 574.8125 ns/op
WorkloadPilot    2: 32 op, 13896.00 ns, 434.2500 ns/op
WorkloadPilot    3: 64 op, 24115.00 ns, 376.7969 ns/op
WorkloadPilot    4: 128 op, 39373.00 ns, 307.6016 ns/op
WorkloadPilot    5: 256 op, 70953.00 ns, 277.1602 ns/op
WorkloadPilot    6: 512 op, 127407.00 ns, 248.8418 ns/op
WorkloadPilot    7: 1024 op, 270264.00 ns, 263.9297 ns/op
WorkloadPilot    8: 2048 op, 501855.00 ns, 245.0464 ns/op
WorkloadPilot    9: 4096 op, 987479.00 ns, 241.0837 ns/op
WorkloadPilot   10: 8192 op, 1963969.00 ns, 239.7423 ns/op
WorkloadPilot   11: 16384 op, 3935933.00 ns, 240.2303 ns/op
WorkloadPilot   12: 32768 op, 7798708.00 ns, 237.9977 ns/op
WorkloadPilot   13: 65536 op, 15494906.00 ns, 236.4335 ns/op
WorkloadPilot   14: 131072 op, 30900414.00 ns, 235.7514 ns/op
WorkloadPilot   15: 262144 op, 61759260.00 ns, 235.5929 ns/op
WorkloadPilot   16: 524288 op, 35582096.00 ns, 67.8675 ns/op
WorkloadPilot   17: 1048576 op, 31477389.00 ns, 30.0192 ns/op
WorkloadPilot   18: 2097152 op, 63462433.00 ns, 30.2612 ns/op
WorkloadPilot   19: 4194304 op, 125651532.00 ns, 29.9577 ns/op
WorkloadPilot   20: 8388608 op, 251524227.00 ns, 29.9840 ns/op
WorkloadPilot   21: 16777216 op, 503166347.00 ns, 29.9911 ns/op

OverheadWarmup   1: 16777216 op, 73480292.00 ns, 4.3798 ns/op
OverheadWarmup   2: 16777216 op, 73122976.00 ns, 4.3585 ns/op
OverheadWarmup   3: 16777216 op, 75718201.00 ns, 4.5132 ns/op
OverheadWarmup   4: 16777216 op, 60642748.00 ns, 3.6146 ns/op
OverheadWarmup   5: 16777216 op, 60723778.00 ns, 3.6194 ns/op
OverheadWarmup   6: 16777216 op, 60815429.00 ns, 3.6249 ns/op
OverheadWarmup   7: 16777216 op, 60733065.00 ns, 3.6200 ns/op

OverheadActual   1: 16777216 op, 60823184.00 ns, 3.6253 ns/op
OverheadActual   2: 16777216 op, 60853821.00 ns, 3.6272 ns/op
OverheadActual   3: 16777216 op, 60819788.00 ns, 3.6251 ns/op
OverheadActual   4: 16777216 op, 60728477.00 ns, 3.6197 ns/op
OverheadActual   5: 16777216 op, 60631576.00 ns, 3.6139 ns/op
OverheadActual   6: 16777216 op, 60811863.00 ns, 3.6247 ns/op
OverheadActual   7: 16777216 op, 60826420.00 ns, 3.6255 ns/op
OverheadActual   8: 16777216 op, 60761359.00 ns, 3.6217 ns/op
OverheadActual   9: 16777216 op, 60708761.00 ns, 3.6185 ns/op
OverheadActual  10: 16777216 op, 61242424.00 ns, 3.6503 ns/op
OverheadActual  11: 16777216 op, 60810961.00 ns, 3.6246 ns/op
OverheadActual  12: 16777216 op, 60799729.00 ns, 3.6239 ns/op
OverheadActual  13: 16777216 op, 60693522.00 ns, 3.6176 ns/op
OverheadActual  14: 16777216 op, 60681089.00 ns, 3.6169 ns/op
OverheadActual  15: 16777216 op, 60641204.00 ns, 3.6145 ns/op

WorkloadWarmup   1: 16777216 op, 501240730.00 ns, 29.8763 ns/op
WorkloadWarmup   2: 16777216 op, 500909964.00 ns, 29.8566 ns/op
WorkloadWarmup   3: 16777216 op, 502638043.00 ns, 29.9596 ns/op
WorkloadWarmup   4: 16777216 op, 501251490.00 ns, 29.8769 ns/op
WorkloadWarmup   5: 16777216 op, 501272619.00 ns, 29.8782 ns/op
WorkloadWarmup   6: 16777216 op, 501623574.00 ns, 29.8991 ns/op
WorkloadWarmup   7: 16777216 op, 501979266.00 ns, 29.9203 ns/op
WorkloadWarmup   8: 16777216 op, 500391648.00 ns, 29.8257 ns/op

// BeforeActualRun
WorkloadActual   1: 16777216 op, 505262772.00 ns, 30.1160 ns/op
WorkloadActual   2: 16777216 op, 502414487.00 ns, 29.9462 ns/op
WorkloadActual   3: 16777216 op, 501936166.00 ns, 29.9177 ns/op
WorkloadActual   4: 16777216 op, 509000285.00 ns, 30.3388 ns/op
WorkloadActual   5: 16777216 op, 501233641.00 ns, 29.8759 ns/op
WorkloadActual   6: 16777216 op, 501691274.00 ns, 29.9031 ns/op
WorkloadActual   7: 16777216 op, 501255031.00 ns, 29.8771 ns/op
WorkloadActual   8: 16777216 op, 503163166.00 ns, 29.9909 ns/op
WorkloadActual   9: 16777216 op, 504477130.00 ns, 30.0692 ns/op
WorkloadActual  10: 16777216 op, 502269190.00 ns, 29.9376 ns/op
WorkloadActual  11: 16777216 op, 501479820.00 ns, 29.8905 ns/op
WorkloadActual  12: 16777216 op, 501922535.00 ns, 29.9169 ns/op
WorkloadActual  13: 16777216 op, 501410521.00 ns, 29.8864 ns/op
WorkloadActual  14: 16777216 op, 501675224.00 ns, 29.9022 ns/op
WorkloadActual  15: 16777216 op, 502495832.00 ns, 29.9511 ns/op

// AfterActualRun
WorkloadResult   1: 16777216 op, 441614758.00 ns, 26.3223 ns/op
WorkloadResult   2: 16777216 op, 441136437.00 ns, 26.2938 ns/op
WorkloadResult   3: 16777216 op, 440433912.00 ns, 26.2519 ns/op
WorkloadResult   4: 16777216 op, 440891545.00 ns, 26.2792 ns/op
WorkloadResult   5: 16777216 op, 440455302.00 ns, 26.2532 ns/op
WorkloadResult   6: 16777216 op, 442363437.00 ns, 26.3669 ns/op
WorkloadResult   7: 16777216 op, 443677401.00 ns, 26.4452 ns/op
WorkloadResult   8: 16777216 op, 441469461.00 ns, 26.3136 ns/op
WorkloadResult   9: 16777216 op, 440680091.00 ns, 26.2666 ns/op
WorkloadResult  10: 16777216 op, 441122806.00 ns, 26.2930 ns/op
WorkloadResult  11: 16777216 op, 440610792.00 ns, 26.2624 ns/op
WorkloadResult  12: 16777216 op, 440875495.00 ns, 26.2782 ns/op
WorkloadResult  13: 16777216 op, 441696103.00 ns, 26.3271 ns/op
// GC:  0 0 0 0 16777216
// Threading:  0 0 16777216

// AfterAll
// Benchmark Process 5151 has exited with code 0.

Mean = 26.304 ns, StdErr = 0.015 ns (0.06%), N = 13, StdDev = 0.054 ns
Min = 26.252 ns, Q1 = 26.267 ns, Median = 26.293 ns, Q3 = 26.322 ns, Max = 26.445 ns
IQR = 0.056 ns, LowerFence = 26.183 ns, UpperFence = 26.406 ns
ConfidenceInterval = [26.240 ns; 26.369 ns] (CI 99.9%), Margin = 0.064 ns (0.25% of Mean)
Skewness = 1.3, Kurtosis = 3.96, MValue = 2

// ** Remained 16 (44.4 %) benchmark(s) to run. Estimated finish 2026-08-30 7:49 (0h 5m from now) **
// **************************
// Benchmark: MediatorBenchmarks.SendQuery_NoBehaviors: .NET 9.0(Runtime=.NET 9.0, Toolchain=net9.0)
// *** Execute ***
// Launch: 1 / 1
// Execute: dotnet "EricksonLopez.Mediator.Benchmarks-.NET 9.0-3.dll" --anonymousPipes 107 108 --benchmarkName EricksonLopez.Mediator.Benchmarks.MediatorBenchmarks.SendQuery_NoBehaviors --job ".NET 9.0" --benchmarkId 2 in /home/runner/work/dotnet-mediator/dotnet-mediator/benchmarks/EricksonLopez.Mediator.Benchmarks/bin/Release/net10.0/EricksonLopez.Mediator.Benchmarks-.NET 9.0-3/bin/Release/net9.0
// Failed to set up high priority (Permission denied). In order to run benchmarks with high priority, make sure you have the right permissions.
// BeforeAnythingElse

// Benchmark Process Environment Information:
// BenchmarkDotNet v0.15.8
// Runtime=.NET 9.0.19 (9.0.19, 9.0.1926.36724), X64 RyuJIT x86-64-v3
// GC=Concurrent Workstation
// HardwareIntrinsics=AVX2+BMI1+BMI2+F16C+FMA+LZCNT+MOVBE,AVX,SSE3+SSSE3+SSE4.1+SSE4.2+POPCNT,X86Base+SSE+SSE2,AES+PCLMUL VectorSize=256
// Job: .NET 9.0

OverheadJitting  1: 1 op, 180697.00 ns, 180.6970 us/op
WorkloadJitting  1: 1 op, 1197260.00 ns, 1.1973 ms/op

OverheadJitting  2: 16 op, 459616.00 ns, 28.7260 us/op
WorkloadJitting  2: 16 op, 489472.00 ns, 30.5920 us/op

WorkloadPilot    1: 16 op, 8656.00 ns, 541.0000 ns/op
WorkloadPilot    2: 32 op, 12884.00 ns, 402.6250 ns/op
WorkloadPilot    3: 64 op, 22121.00 ns, 345.6406 ns/op
WorkloadPilot    4: 128 op, 37169.00 ns, 290.3828 ns/op
WorkloadPilot    5: 256 op, 61705.00 ns, 241.0352 ns/op
WorkloadPilot    6: 512 op, 102812.00 ns, 200.8047 ns/op
WorkloadPilot    7: 1024 op, 238374.00 ns, 232.7871 ns/op
WorkloadPilot    8: 2048 op, 444128.00 ns, 216.8594 ns/op
WorkloadPilot    9: 4096 op, 851305.00 ns, 207.8381 ns/op
WorkloadPilot   10: 8192 op, 1698864.00 ns, 207.3809 ns/op
WorkloadPilot   11: 16384 op, 3372142.00 ns, 205.8192 ns/op
WorkloadPilot   12: 32768 op, 6655478.00 ns, 203.1091 ns/op
WorkloadPilot   13: 65536 op, 13226689.00 ns, 201.8233 ns/op
WorkloadPilot   14: 131072 op, 26299831.00 ns, 200.6518 ns/op
WorkloadPilot   15: 262144 op, 52361058.00 ns, 199.7416 ns/op
WorkloadPilot   16: 524288 op, 46150409.00 ns, 88.0249 ns/op
WorkloadPilot   17: 1048576 op, 23763196.00 ns, 22.6623 ns/op
WorkloadPilot   18: 2097152 op, 47285343.00 ns, 22.5474 ns/op
WorkloadPilot   19: 4194304 op, 94610802.00 ns, 22.5570 ns/op
WorkloadPilot   20: 8388608 op, 189522554.00 ns, 22.5928 ns/op
WorkloadPilot   21: 16777216 op, 378379818.00 ns, 22.5532 ns/op
WorkloadPilot   22: 33554432 op, 757581847.00 ns, 22.5777 ns/op

OverheadWarmup   1: 33554432 op, 143069496.00 ns, 4.2638 ns/op
OverheadWarmup   2: 33554432 op, 156004868.00 ns, 4.6493 ns/op
OverheadWarmup   3: 33554432 op, 122289074.00 ns, 3.6445 ns/op
OverheadWarmup   4: 33554432 op, 122213624.00 ns, 3.6422 ns/op
OverheadWarmup   5: 33554432 op, 122432771.00 ns, 3.6488 ns/op
OverheadWarmup   6: 33554432 op, 122076679.00 ns, 3.6382 ns/op

OverheadActual   1: 33554432 op, 122761034.00 ns, 3.6586 ns/op
OverheadActual   2: 33554432 op, 122069626.00 ns, 3.6380 ns/op
OverheadActual   3: 33554432 op, 122057413.00 ns, 3.6376 ns/op
OverheadActual   4: 33554432 op, 122240386.00 ns, 3.6430 ns/op
OverheadActual   5: 33554432 op, 122335801.00 ns, 3.6459 ns/op
OverheadActual   6: 33554432 op, 122453500.00 ns, 3.6494 ns/op
OverheadActual   7: 33554432 op, 124257080.00 ns, 3.7031 ns/op
OverheadActual   8: 33554432 op, 122825343.00 ns, 3.6605 ns/op
OverheadActual   9: 33554432 op, 122275740.00 ns, 3.6441 ns/op
OverheadActual  10: 33554432 op, 122094542.00 ns, 3.6387 ns/op
OverheadActual  11: 33554432 op, 122150295.00 ns, 3.6404 ns/op
OverheadActual  12: 33554432 op, 122368993.00 ns, 3.6469 ns/op
OverheadActual  13: 33554432 op, 122194899.00 ns, 3.6417 ns/op
OverheadActual  14: 33554432 op, 122088550.00 ns, 3.6385 ns/op
OverheadActual  15: 33554432 op, 122381346.00 ns, 3.6472 ns/op

WorkloadWarmup   1: 33554432 op, 757964860.00 ns, 22.5891 ns/op
WorkloadWarmup   2: 33554432 op, 756945851.00 ns, 22.5587 ns/op
WorkloadWarmup   3: 33554432 op, 757151963.00 ns, 22.5649 ns/op
WorkloadWarmup   4: 33554432 op, 755949986.00 ns, 22.5291 ns/op
WorkloadWarmup   5: 33554432 op, 755772305.00 ns, 22.5238 ns/op
WorkloadWarmup   6: 33554432 op, 756571213.00 ns, 22.5476 ns/op
WorkloadWarmup   7: 33554432 op, 756169095.00 ns, 22.5356 ns/op

// BeforeActualRun
WorkloadActual   1: 33554432 op, 756548749.00 ns, 22.5469 ns/op
WorkloadActual   2: 33554432 op, 757448875.00 ns, 22.5737 ns/op
WorkloadActual   3: 33554432 op, 756048427.00 ns, 22.5320 ns/op
WorkloadActual   4: 33554432 op, 760020004.00 ns, 22.6504 ns/op
WorkloadActual   5: 33554432 op, 756866280.00 ns, 22.5564 ns/op
WorkloadActual   6: 33554432 op, 757052567.00 ns, 22.5619 ns/op
WorkloadActual   7: 33554432 op, 756389932.00 ns, 22.5422 ns/op
WorkloadActual   8: 33554432 op, 758448867.00 ns, 22.6035 ns/op
WorkloadActual   9: 33554432 op, 756838238.00 ns, 22.5555 ns/op
WorkloadActual  10: 33554432 op, 756580217.00 ns, 22.5478 ns/op
WorkloadActual  11: 33554432 op, 756449756.00 ns, 22.5440 ns/op
WorkloadActual  12: 33554432 op, 757151164.00 ns, 22.5649 ns/op
WorkloadActual  13: 33554432 op, 757186861.00 ns, 22.5659 ns/op
WorkloadActual  14: 33554432 op, 756877133.00 ns, 22.5567 ns/op
WorkloadActual  15: 33554432 op, 756683442.00 ns, 22.5509 ns/op

// AfterActualRun
WorkloadResult   1: 33554432 op, 634273009.00 ns, 18.9028 ns/op
WorkloadResult   2: 33554432 op, 635173135.00 ns, 18.9296 ns/op
WorkloadResult   3: 33554432 op, 633772687.00 ns, 18.8879 ns/op
WorkloadResult   4: 33554432 op, 634590540.00 ns, 18.9123 ns/op
WorkloadResult   5: 33554432 op, 634776827.00 ns, 18.9178 ns/op
WorkloadResult   6: 33554432 op, 634114192.00 ns, 18.8981 ns/op
WorkloadResult   7: 33554432 op, 634562498.00 ns, 18.9114 ns/op
WorkloadResult   8: 33554432 op, 634304477.00 ns, 18.9037 ns/op
WorkloadResult   9: 33554432 op, 634174016.00 ns, 18.8999 ns/op
WorkloadResult  10: 33554432 op, 634875424.00 ns, 18.9208 ns/op
WorkloadResult  11: 33554432 op, 634911121.00 ns, 18.9218 ns/op
WorkloadResult  12: 33554432 op, 634601393.00 ns, 18.9126 ns/op
WorkloadResult  13: 33554432 op, 634407702.00 ns, 18.9068 ns/op
// GC:  0 0 0 0 33554432
// Threading:  0 0 33554432

// AfterAll
// Benchmark Process 5167 has exited with code 0.

Mean = 18.910 ns, StdErr = 0.003 ns (0.02%), N = 13, StdDev = 0.011 ns
Min = 18.888 ns, Q1 = 18.903 ns, Median = 18.911 ns, Q3 = 18.918 ns, Max = 18.930 ns
IQR = 0.015 ns, LowerFence = 18.880 ns, UpperFence = 18.940 ns
ConfidenceInterval = [18.896 ns; 18.923 ns] (CI 99.9%), Margin = 0.014 ns (0.07% of Mean)
Skewness = -0.08, Kurtosis = 2.1, MValue = 2

// ** Remained 15 (41.7 %) benchmark(s) to run. Estimated finish 2026-08-30 7:49 (0h 5m from now) **
// **************************
// Benchmark: MediatorBenchmarks.SendCommand_OneBehavior: .NET 9.0(Runtime=.NET 9.0, Toolchain=net9.0)
// *** Execute ***
// Launch: 1 / 1
// Execute: dotnet "EricksonLopez.Mediator.Benchmarks-.NET 9.0-3.dll" --anonymousPipes 107 108 --benchmarkName EricksonLopez.Mediator.Benchmarks.MediatorBenchmarks.SendCommand_OneBehavior --job ".NET 9.0" --benchmarkId 3 in /home/runner/work/dotnet-mediator/dotnet-mediator/benchmarks/EricksonLopez.Mediator.Benchmarks/bin/Release/net10.0/EricksonLopez.Mediator.Benchmarks-.NET 9.0-3/bin/Release/net9.0
// Failed to set up high priority (Permission denied). In order to run benchmarks with high priority, make sure you have the right permissions.
// BeforeAnythingElse

// Benchmark Process Environment Information:
// BenchmarkDotNet v0.15.8
// Runtime=.NET 9.0.19 (9.0.19, 9.0.1926.36724), X64 RyuJIT x86-64-v3
// GC=Concurrent Workstation
// HardwareIntrinsics=AVX2+BMI1+BMI2+F16C+FMA+LZCNT+MOVBE,AVX,SSE3+SSSE3+SSE4.1+SSE4.2+POPCNT,X86Base+SSE+SSE2,AES+PCLMUL VectorSize=256
// Job: .NET 9.0

OverheadJitting  1: 1 op, 239366.00 ns, 239.3660 us/op
WorkloadJitting  1: 1 op, 2206880.00 ns, 2.2069 ms/op

OverheadJitting  2: 16 op, 431774.00 ns, 26.9859 us/op
WorkloadJitting  2: 16 op, 439658.00 ns, 27.4786 us/op

WorkloadPilot    1: 16 op, 16030.00 ns, 1.0019 us/op
WorkloadPilot    2: 32 op, 27211.00 ns, 850.3438 ns/op
WorkloadPilot    3: 64 op, 35546.00 ns, 555.4063 ns/op
WorkloadPilot    4: 128 op, 64831.00 ns, 506.4922 ns/op
WorkloadPilot    5: 256 op, 155469.00 ns, 607.3008 ns/op
WorkloadPilot    6: 512 op, 246068.00 ns, 480.6016 ns/op
WorkloadPilot    7: 1024 op, 490624.00 ns, 479.1250 ns/op
WorkloadPilot    8: 2048 op, 997738.00 ns, 487.1768 ns/op
WorkloadPilot    9: 4096 op, 2001868.00 ns, 488.7373 ns/op
WorkloadPilot   10: 8192 op, 4018965.00 ns, 490.5963 ns/op
WorkloadPilot   11: 16384 op, 7943023.00 ns, 484.8036 ns/op
WorkloadPilot   12: 32768 op, 15701724.00 ns, 479.1786 ns/op
WorkloadPilot   13: 65536 op, 31257466.00 ns, 476.9511 ns/op
WorkloadPilot   14: 131072 op, 62419043.00 ns, 476.2195 ns/op
WorkloadPilot   15: 262144 op, 51637914.00 ns, 196.9830 ns/op
WorkloadPilot   16: 524288 op, 25742054.00 ns, 49.0991 ns/op
WorkloadPilot   17: 1048576 op, 51991572.00 ns, 49.5830 ns/op
WorkloadPilot   18: 2097152 op, 108335260.00 ns, 51.6583 ns/op
WorkloadPilot   19: 4194304 op, 206995661.00 ns, 49.3516 ns/op
WorkloadPilot   20: 8388608 op, 412618576.00 ns, 49.1880 ns/op
WorkloadPilot   21: 16777216 op, 829783250.00 ns, 49.4589 ns/op

OverheadWarmup   1: 16777216 op, 72262015.00 ns, 4.3072 ns/op
OverheadWarmup   2: 16777216 op, 71581728.00 ns, 4.2666 ns/op
OverheadWarmup   3: 16777216 op, 74308868.00 ns, 4.4292 ns/op
OverheadWarmup   4: 16777216 op, 61233054.00 ns, 3.6498 ns/op
OverheadWarmup   5: 16777216 op, 61388433.00 ns, 3.6590 ns/op
OverheadWarmup   6: 16777216 op, 61059301.00 ns, 3.6394 ns/op

OverheadActual   1: 16777216 op, 61266032.00 ns, 3.6517 ns/op
OverheadActual   2: 16777216 op, 61126586.00 ns, 3.6434 ns/op
OverheadActual   3: 16777216 op, 61219920.00 ns, 3.6490 ns/op
OverheadActual   4: 16777216 op, 61078737.00 ns, 3.6406 ns/op
OverheadActual   5: 16777216 op, 61619674.00 ns, 3.6728 ns/op
OverheadActual   6: 16777216 op, 61091851.00 ns, 3.6414 ns/op
OverheadActual   7: 16777216 op, 66057269.00 ns, 3.9373 ns/op
OverheadActual   8: 16777216 op, 61223957.00 ns, 3.6492 ns/op
OverheadActual   9: 16777216 op, 61007754.00 ns, 3.6363 ns/op
OverheadActual  10: 16777216 op, 63029490.00 ns, 3.7569 ns/op
OverheadActual  11: 16777216 op, 61326568.00 ns, 3.6553 ns/op
OverheadActual  12: 16777216 op, 61058749.00 ns, 3.6394 ns/op
OverheadActual  13: 16777216 op, 61104474.00 ns, 3.6421 ns/op
OverheadActual  14: 16777216 op, 61188301.00 ns, 3.6471 ns/op
OverheadActual  15: 16777216 op, 61038301.00 ns, 3.6382 ns/op

WorkloadWarmup   1: 16777216 op, 825490999.00 ns, 49.2031 ns/op
WorkloadWarmup   2: 16777216 op, 825941801.00 ns, 49.2300 ns/op
WorkloadWarmup   3: 16777216 op, 835042903.00 ns, 49.7724 ns/op
WorkloadWarmup   4: 16777216 op, 824942490.00 ns, 49.1704 ns/op
WorkloadWarmup   5: 16777216 op, 825579747.00 ns, 49.2084 ns/op
WorkloadWarmup   6: 16777216 op, 826957563.00 ns, 49.2905 ns/op
WorkloadWarmup   7: 16777216 op, 826405145.00 ns, 49.2576 ns/op

// BeforeActualRun
WorkloadActual   1: 16777216 op, 825905476.00 ns, 49.2278 ns/op
WorkloadActual   2: 16777216 op, 827811593.00 ns, 49.3414 ns/op
WorkloadActual   3: 16777216 op, 826253542.00 ns, 49.2485 ns/op
WorkloadActual   4: 16777216 op, 826239711.00 ns, 49.2477 ns/op
WorkloadActual   5: 16777216 op, 826612616.00 ns, 49.2700 ns/op
WorkloadActual   6: 16777216 op, 826484211.00 ns, 49.2623 ns/op
WorkloadActual   7: 16777216 op, 836945400.00 ns, 49.8858 ns/op
WorkloadActual   8: 16777216 op, 825867372.00 ns, 49.2255 ns/op
WorkloadActual   9: 16777216 op, 825005256.00 ns, 49.1741 ns/op
WorkloadActual  10: 16777216 op, 827575313.00 ns, 49.3273 ns/op
WorkloadActual  11: 16777216 op, 825921382.00 ns, 49.2288 ns/op
WorkloadActual  12: 16777216 op, 827398992.00 ns, 49.3168 ns/op
WorkloadActual  13: 16777216 op, 826671790.00 ns, 49.2735 ns/op
WorkloadActual  14: 16777216 op, 830945965.00 ns, 49.5282 ns/op
WorkloadActual  15: 16777216 op, 825908729.00 ns, 49.2280 ns/op

// AfterActualRun
WorkloadResult   1: 16777216 op, 764717175.00 ns, 45.5807 ns/op
WorkloadResult   2: 16777216 op, 766623292.00 ns, 45.6943 ns/op
WorkloadResult   3: 16777216 op, 765065241.00 ns, 45.6014 ns/op
WorkloadResult   4: 16777216 op, 765051410.00 ns, 45.6006 ns/op
WorkloadResult   5: 16777216 op, 765424315.00 ns, 45.6228 ns/op
WorkloadResult   6: 16777216 op, 765295910.00 ns, 45.6152 ns/op
WorkloadResult   7: 16777216 op, 764679071.00 ns, 45.5784 ns/op
WorkloadResult   8: 16777216 op, 763816955.00 ns, 45.5270 ns/op
WorkloadResult   9: 16777216 op, 766387012.00 ns, 45.6802 ns/op
WorkloadResult  10: 16777216 op, 764733081.00 ns, 45.5816 ns/op
WorkloadResult  11: 16777216 op, 766210691.00 ns, 45.6697 ns/op
WorkloadResult  12: 16777216 op, 765483489.00 ns, 45.6264 ns/op
WorkloadResult  13: 16777216 op, 764720428.00 ns, 45.5809 ns/op
// GC:  0 0 0 0 16777216
// Threading:  0 0 16777216

// AfterAll
// Benchmark Process 5192 has exited with code 0.

Mean = 45.612 ns, StdErr = 0.013 ns (0.03%), N = 13, StdDev = 0.047 ns
Min = 45.527 ns, Q1 = 45.581 ns, Median = 45.601 ns, Q3 = 45.626 ns, Max = 45.694 ns
IQR = 0.045 ns, LowerFence = 45.513 ns, UpperFence = 45.695 ns
ConfidenceInterval = [45.556 ns; 45.669 ns] (CI 99.9%), Margin = 0.056 ns (0.12% of Mean)
Skewness = 0.23, Kurtosis = 2.11, MValue = 2

// ** Remained 14 (38.9 %) benchmark(s) to run. Estimated finish 2026-08-30 7:49 (0h 4m from now) **
// **************************
// Benchmark: MediatorBenchmarks.SendCommand_FiveBehaviors: .NET 9.0(Runtime=.NET 9.0, Toolchain=net9.0)
// *** Execute ***
// Launch: 1 / 1
// Execute: dotnet "EricksonLopez.Mediator.Benchmarks-.NET 9.0-3.dll" --anonymousPipes 107 108 --benchmarkName EricksonLopez.Mediator.Benchmarks.MediatorBenchmarks.SendCommand_FiveBehaviors --job ".NET 9.0" --benchmarkId 4 in /home/runner/work/dotnet-mediator/dotnet-mediator/benchmarks/EricksonLopez.Mediator.Benchmarks/bin/Release/net10.0/EricksonLopez.Mediator.Benchmarks-.NET 9.0-3/bin/Release/net9.0
// Failed to set up high priority (Permission denied). In order to run benchmarks with high priority, make sure you have the right permissions.
// BeforeAnythingElse

// Benchmark Process Environment Information:
// BenchmarkDotNet v0.15.8
// Runtime=.NET 9.0.19 (9.0.19, 9.0.1926.36724), X64 RyuJIT x86-64-v3
// GC=Concurrent Workstation
// HardwareIntrinsics=AVX2+BMI1+BMI2+F16C+FMA+LZCNT+MOVBE,AVX,SSE3+SSSE3+SSE4.1+SSE4.2+POPCNT,X86Base+SSE+SSE2,AES+PCLMUL VectorSize=256
// Job: .NET 9.0

OverheadJitting  1: 1 op, 179183.00 ns, 179.1830 us/op
WorkloadJitting  1: 1 op, 4076884.00 ns, 4.0769 ms/op

OverheadJitting  2: 16 op, 411917.00 ns, 25.7448 us/op
WorkloadJitting  2: 16 op, 429150.00 ns, 26.8219 us/op

WorkloadPilot    1: 16 op, 31980.00 ns, 1.9988 us/op
WorkloadPilot    2: 32 op, 56996.00 ns, 1.7811 us/op
WorkloadPilot    3: 64 op, 125533.00 ns, 1.9615 us/op
WorkloadPilot    4: 128 op, 208799.00 ns, 1.6312 us/op
WorkloadPilot    5: 256 op, 418910.00 ns, 1.6364 us/op
WorkloadPilot    6: 512 op, 830697.00 ns, 1.6225 us/op
WorkloadPilot    7: 1024 op, 1683476.00 ns, 1.6440 us/op
WorkloadPilot    8: 2048 op, 3395685.00 ns, 1.6580 us/op
WorkloadPilot    9: 4096 op, 6721792.00 ns, 1.6411 us/op
WorkloadPilot   10: 8192 op, 13417624.00 ns, 1.6379 us/op
WorkloadPilot   11: 16384 op, 26652377.00 ns, 1.6267 us/op
WorkloadPilot   12: 32768 op, 53117346.00 ns, 1.6210 us/op
WorkloadPilot   13: 65536 op, 87200425.00 ns, 1.3306 us/op
WorkloadPilot   14: 131072 op, 91167885.00 ns, 695.5558 ns/op
WorkloadPilot   15: 262144 op, 60380906.00 ns, 230.3349 ns/op
WorkloadPilot   16: 524288 op, 120918163.00 ns, 230.6331 ns/op
WorkloadPilot   17: 1048576 op, 241759803.00 ns, 230.5601 ns/op
WorkloadPilot   18: 2097152 op, 483250876.00 ns, 230.4320 ns/op
WorkloadPilot   19: 4194304 op, 966391606.00 ns, 230.4057 ns/op

OverheadWarmup   1: 4194304 op, 17794627.00 ns, 4.2426 ns/op
OverheadWarmup   2: 4194304 op, 17836465.00 ns, 4.2525 ns/op
OverheadWarmup   3: 4194304 op, 17789698.00 ns, 4.2414 ns/op
OverheadWarmup   4: 4194304 op, 17839160.00 ns, 4.2532 ns/op
OverheadWarmup   5: 4194304 op, 17786873.00 ns, 4.2407 ns/op

OverheadActual   1: 4194304 op, 17824462.00 ns, 4.2497 ns/op
OverheadActual   2: 4194304 op, 17794437.00 ns, 4.2425 ns/op
OverheadActual   3: 4194304 op, 17859238.00 ns, 4.2580 ns/op
OverheadActual   4: 4194304 op, 17785480.00 ns, 4.2404 ns/op
OverheadActual   5: 4194304 op, 17843489.00 ns, 4.2542 ns/op
OverheadActual   6: 4194304 op, 17784197.00 ns, 4.2401 ns/op
OverheadActual   7: 4194304 op, 17785631.00 ns, 4.2404 ns/op
OverheadActual   8: 4194304 op, 17797453.00 ns, 4.2432 ns/op
OverheadActual   9: 4194304 op, 17807531.00 ns, 4.2456 ns/op
OverheadActual  10: 4194304 op, 18041517.00 ns, 4.3014 ns/op
OverheadActual  11: 4194304 op, 18409002.00 ns, 4.3890 ns/op
OverheadActual  12: 4194304 op, 16680912.00 ns, 3.9770 ns/op
OverheadActual  13: 4194304 op, 16471623.00 ns, 3.9271 ns/op
OverheadActual  14: 4194304 op, 16521446.00 ns, 3.9390 ns/op
OverheadActual  15: 4194304 op, 16528719.00 ns, 3.9408 ns/op

WorkloadWarmup   1: 4194304 op, 965311825.00 ns, 230.1483 ns/op
WorkloadWarmup   2: 4194304 op, 965411742.00 ns, 230.1721 ns/op
WorkloadWarmup   3: 4194304 op, 965597748.00 ns, 230.2164 ns/op
WorkloadWarmup   4: 4194304 op, 966876785.00 ns, 230.5214 ns/op
WorkloadWarmup   5: 4194304 op, 965279711.00 ns, 230.1406 ns/op
WorkloadWarmup   6: 4194304 op, 966141997.00 ns, 230.3462 ns/op
WorkloadWarmup   7: 4194304 op, 966064422.00 ns, 230.3277 ns/op

// BeforeActualRun
WorkloadActual   1: 4194304 op, 968600065.00 ns, 230.9323 ns/op
WorkloadActual   2: 4194304 op, 964763499.00 ns, 230.0175 ns/op
WorkloadActual   3: 4194304 op, 965636575.00 ns, 230.2257 ns/op
WorkloadActual   4: 4194304 op, 964516208.00 ns, 229.9586 ns/op
WorkloadActual   5: 4194304 op, 964514399.00 ns, 229.9582 ns/op
WorkloadActual   6: 4194304 op, 965001915.00 ns, 230.0744 ns/op
WorkloadActual   7: 4194304 op, 965622572.00 ns, 230.2224 ns/op
WorkloadActual   8: 4194304 op, 966112634.00 ns, 230.3392 ns/op
WorkloadActual   9: 4194304 op, 966535862.00 ns, 230.4401 ns/op
WorkloadActual  10: 4194304 op, 965266177.00 ns, 230.1374 ns/op
WorkloadActual  11: 4194304 op, 965088226.00 ns, 230.0950 ns/op
WorkloadActual  12: 4194304 op, 965465709.00 ns, 230.1850 ns/op
WorkloadActual  13: 4194304 op, 966033981.00 ns, 230.3204 ns/op
WorkloadActual  14: 4194304 op, 965097257.00 ns, 230.0971 ns/op
WorkloadActual  15: 4194304 op, 964649643.00 ns, 229.9904 ns/op

// AfterActualRun
WorkloadResult   1: 4194304 op, 946969062.00 ns, 225.7750 ns/op
WorkloadResult   2: 4194304 op, 947842138.00 ns, 225.9832 ns/op
WorkloadResult   3: 4194304 op, 946721771.00 ns, 225.7161 ns/op
WorkloadResult   4: 4194304 op, 946719962.00 ns, 225.7156 ns/op
WorkloadResult   5: 4194304 op, 947207478.00 ns, 225.8319 ns/op
WorkloadResult   6: 4194304 op, 947828135.00 ns, 225.9798 ns/op
WorkloadResult   7: 4194304 op, 948318197.00 ns, 226.0967 ns/op
WorkloadResult   8: 4194304 op, 948741425.00 ns, 226.1976 ns/op
WorkloadResult   9: 4194304 op, 947471740.00 ns, 225.8949 ns/op
WorkloadResult  10: 4194304 op, 947293789.00 ns, 225.8524 ns/op
WorkloadResult  11: 4194304 op, 947671272.00 ns, 225.9424 ns/op
WorkloadResult  12: 4194304 op, 948239544.00 ns, 226.0779 ns/op
WorkloadResult  13: 4194304 op, 947302820.00 ns, 225.8546 ns/op
WorkloadResult  14: 4194304 op, 946855206.00 ns, 225.7479 ns/op
// GC:  0 0 0 0 4194304
// Threading:  0 0 4194304

// AfterAll
// Benchmark Process 5210 has exited with code 0.

Mean = 225.905 ns, StdErr = 0.040 ns (0.02%), N = 14, StdDev = 0.149 ns
Min = 225.716 ns, Q1 = 225.789 ns, Median = 225.875 ns, Q3 = 225.982 ns, Max = 226.198 ns
IQR = 0.193 ns, LowerFence = 225.500 ns, UpperFence = 226.272 ns
ConfidenceInterval = [225.736 ns; 226.073 ns] (CI 99.9%), Margin = 0.168 ns (0.07% of Mean)
Skewness = 0.39, Kurtosis = 1.9, MValue = 2

// ** Remained 13 (36.1 %) benchmark(s) to run. Estimated finish 2026-08-30 7:49 (0h 4m from now) **
// **************************
// Benchmark: MediatorBenchmarks.PublishNotification_OneHandler: .NET 9.0(Runtime=.NET 9.0, Toolchain=net9.0)
// *** Execute ***
// Launch: 1 / 1
// Execute: dotnet "EricksonLopez.Mediator.Benchmarks-.NET 9.0-3.dll" --anonymousPipes 107 108 --benchmarkName EricksonLopez.Mediator.Benchmarks.MediatorBenchmarks.PublishNotification_OneHandler --job ".NET 9.0" --benchmarkId 5 in /home/runner/work/dotnet-mediator/dotnet-mediator/benchmarks/EricksonLopez.Mediator.Benchmarks/bin/Release/net10.0/EricksonLopez.Mediator.Benchmarks-.NET 9.0-3/bin/Release/net9.0
// Failed to set up high priority (Permission denied). In order to run benchmarks with high priority, make sure you have the right permissions.
// BeforeAnythingElse

// Benchmark Process Environment Information:
// BenchmarkDotNet v0.15.8
// Runtime=.NET 9.0.19 (9.0.19, 9.0.1926.36724), X64 RyuJIT x86-64-v3
// GC=Concurrent Workstation
// HardwareIntrinsics=AVX2+BMI1+BMI2+F16C+FMA+LZCNT+MOVBE,AVX,SSE3+SSSE3+SSE4.1+SSE4.2+POPCNT,X86Base+SSE+SSE2,AES+PCLMUL VectorSize=256
// Job: .NET 9.0

OverheadJitting  1: 1 op, 137135.00 ns, 137.1350 us/op
WorkloadJitting  1: 1 op, 10113770.00 ns, 10.1138 ms/op

OverheadJitting  2: 16 op, 180537.00 ns, 11.2836 us/op
WorkloadJitting  2: 16 op, 1597706.00 ns, 99.8566 us/op

WorkloadPilot    1: 16 op, 37340.00 ns, 2.3338 us/op
WorkloadPilot    2: 32 op, 23784.00 ns, 743.2500 ns/op
WorkloadPilot    3: 64 op, 54461.00 ns, 850.9531 ns/op
WorkloadPilot    4: 128 op, 88735.00 ns, 693.2422 ns/op
WorkloadPilot    5: 256 op, 170788.00 ns, 667.1406 ns/op
WorkloadPilot    6: 512 op, 309256.00 ns, 604.0156 ns/op
WorkloadPilot    7: 1024 op, 594267.00 ns, 580.3389 ns/op
WorkloadPilot    8: 2048 op, 901800.00 ns, 440.3320 ns/op
WorkloadPilot    9: 4096 op, 1568732.00 ns, 382.9912 ns/op
WorkloadPilot   10: 8192 op, 3146832.00 ns, 384.1348 ns/op
WorkloadPilot   11: 16384 op, 6141229.00 ns, 374.8309 ns/op
WorkloadPilot   12: 32768 op, 12338704.00 ns, 376.5474 ns/op
WorkloadPilot   13: 65536 op, 24644576.00 ns, 376.0464 ns/op
WorkloadPilot   14: 131072 op, 49391725.00 ns, 376.8290 ns/op
WorkloadPilot   15: 262144 op, 59994054.00 ns, 228.8592 ns/op
WorkloadPilot   16: 524288 op, 34726446.00 ns, 66.2354 ns/op
WorkloadPilot   17: 1048576 op, 61889454.00 ns, 59.0224 ns/op
WorkloadPilot   18: 2097152 op, 118698415.00 ns, 56.5998 ns/op
WorkloadPilot   19: 4194304 op, 235653538.00 ns, 56.1842 ns/op
WorkloadPilot   20: 8388608 op, 465358292.00 ns, 55.4750 ns/op
WorkloadPilot   21: 16777216 op, 929413878.00 ns, 55.3974 ns/op

OverheadWarmup   1: 16777216 op, 43201032.00 ns, 2.5750 ns/op
OverheadWarmup   2: 16777216 op, 43087331.00 ns, 2.5682 ns/op
OverheadWarmup   3: 16777216 op, 43155518.00 ns, 2.5723 ns/op
OverheadWarmup   4: 16777216 op, 43579338.00 ns, 2.5975 ns/op
OverheadWarmup   5: 16777216 op, 43230978.00 ns, 2.5768 ns/op
OverheadWarmup   6: 16777216 op, 43080759.00 ns, 2.5678 ns/op
OverheadWarmup   7: 16777216 op, 44492969.00 ns, 2.6520 ns/op
OverheadWarmup   8: 16777216 op, 27489305.00 ns, 1.6385 ns/op

OverheadActual   1: 16777216 op, 27435495.00 ns, 1.6353 ns/op
OverheadActual   2: 16777216 op, 27414426.00 ns, 1.6340 ns/op
OverheadActual   3: 16777216 op, 27430245.00 ns, 1.6350 ns/op
OverheadActual   4: 16777216 op, 27577530.00 ns, 1.6437 ns/op
OverheadActual   5: 16777216 op, 27502430.00 ns, 1.6393 ns/op
OverheadActual   6: 16777216 op, 27421470.00 ns, 1.6344 ns/op
OverheadActual   7: 16777216 op, 27527546.00 ns, 1.6408 ns/op
OverheadActual   8: 16777216 op, 27520163.00 ns, 1.6403 ns/op
OverheadActual   9: 16777216 op, 27416450.00 ns, 1.6341 ns/op
OverheadActual  10: 16777216 op, 27520954.00 ns, 1.6404 ns/op
OverheadActual  11: 16777216 op, 27620530.00 ns, 1.6463 ns/op
OverheadActual  12: 16777216 op, 27425286.00 ns, 1.6347 ns/op
OverheadActual  13: 16777216 op, 27449502.00 ns, 1.6361 ns/op
OverheadActual  14: 16777216 op, 27497321.00 ns, 1.6390 ns/op
OverheadActual  15: 16777216 op, 27466553.00 ns, 1.6371 ns/op

WorkloadWarmup   1: 16777216 op, 943660857.00 ns, 56.2466 ns/op
WorkloadWarmup   2: 16777216 op, 958294646.00 ns, 57.1188 ns/op
WorkloadWarmup   3: 16777216 op, 947065079.00 ns, 56.4495 ns/op
WorkloadWarmup   4: 16777216 op, 949780356.00 ns, 56.6113 ns/op
WorkloadWarmup   5: 16777216 op, 951505410.00 ns, 56.7141 ns/op
WorkloadWarmup   6: 16777216 op, 945611150.00 ns, 56.3628 ns/op

// BeforeActualRun
WorkloadActual   1: 16777216 op, 952513538.00 ns, 56.7742 ns/op
WorkloadActual   2: 16777216 op, 946829731.00 ns, 56.4354 ns/op
WorkloadActual   3: 16777216 op, 948012514.00 ns, 56.5059 ns/op
WorkloadActual   4: 16777216 op, 954847696.00 ns, 56.9134 ns/op
WorkloadActual   5: 16777216 op, 950877062.00 ns, 56.6767 ns/op
WorkloadActual   6: 16777216 op, 958240240.00 ns, 57.1156 ns/op
WorkloadActual   7: 16777216 op, 950339002.00 ns, 56.6446 ns/op
WorkloadActual   8: 16777216 op, 946966911.00 ns, 56.4436 ns/op
WorkloadActual   9: 16777216 op, 948229994.00 ns, 56.5189 ns/op
WorkloadActual  10: 16777216 op, 954125756.00 ns, 56.8703 ns/op
WorkloadActual  11: 16777216 op, 945935239.00 ns, 56.3821 ns/op
WorkloadActual  12: 16777216 op, 945065850.00 ns, 56.3303 ns/op
WorkloadActual  13: 16777216 op, 946874571.00 ns, 56.4381 ns/op
WorkloadActual  14: 16777216 op, 949016095.00 ns, 56.5658 ns/op
WorkloadActual  15: 16777216 op, 944545066.00 ns, 56.2993 ns/op

// AfterActualRun
WorkloadResult   1: 16777216 op, 925046985.00 ns, 55.1371 ns/op
WorkloadResult   2: 16777216 op, 919363178.00 ns, 54.7983 ns/op
WorkloadResult   3: 16777216 op, 920545961.00 ns, 54.8688 ns/op
WorkloadResult   4: 16777216 op, 927381143.00 ns, 55.2762 ns/op
WorkloadResult   5: 16777216 op, 923410509.00 ns, 55.0396 ns/op
WorkloadResult   6: 16777216 op, 930773687.00 ns, 55.4784 ns/op
WorkloadResult   7: 16777216 op, 922872449.00 ns, 55.0075 ns/op
WorkloadResult   8: 16777216 op, 919500358.00 ns, 54.8065 ns/op
WorkloadResult   9: 16777216 op, 920763441.00 ns, 54.8818 ns/op
WorkloadResult  10: 16777216 op, 926659203.00 ns, 55.2332 ns/op
WorkloadResult  11: 16777216 op, 918468686.00 ns, 54.7450 ns/op
WorkloadResult  12: 16777216 op, 917599297.00 ns, 54.6932 ns/op
WorkloadResult  13: 16777216 op, 919408018.00 ns, 54.8010 ns/op
WorkloadResult  14: 16777216 op, 921549542.00 ns, 54.9286 ns/op
WorkloadResult  15: 16777216 op, 917078513.00 ns, 54.6621 ns/op
// GC:  24 0 0 402653184 16777216
// Threading:  0 0 16777216

// AfterAll
// Benchmark Process 5232 has exited with code 0.

Mean = 54.957 ns, StdErr = 0.061 ns (0.11%), N = 15, StdDev = 0.236 ns
Min = 54.662 ns, Q1 = 54.800 ns, Median = 54.882 ns, Q3 = 55.088 ns, Max = 55.478 ns
IQR = 0.289 ns, LowerFence = 54.367 ns, UpperFence = 55.521 ns
ConfidenceInterval = [54.705 ns; 55.209 ns] (CI 99.9%), Margin = 0.252 ns (0.46% of Mean)
Skewness = 0.69, Kurtosis = 2.31, MValue = 2

// ** Remained 12 (33.3 %) benchmark(s) to run. Estimated finish 2026-08-30 7:49 (0h 4m from now) **
// **************************
// Benchmark: MediatorBenchmarks.PublishNotification_FiveHandlers: .NET 9.0(Runtime=.NET 9.0, Toolchain=net9.0)
// *** Execute ***
// Launch: 1 / 1
// Execute: dotnet "EricksonLopez.Mediator.Benchmarks-.NET 9.0-3.dll" --anonymousPipes 107 108 --benchmarkName EricksonLopez.Mediator.Benchmarks.MediatorBenchmarks.PublishNotification_FiveHandlers --job ".NET 9.0" --benchmarkId 6 in /home/runner/work/dotnet-mediator/dotnet-mediator/benchmarks/EricksonLopez.Mediator.Benchmarks/bin/Release/net10.0/EricksonLopez.Mediator.Benchmarks-.NET 9.0-3/bin/Release/net9.0
// Failed to set up high priority (Permission denied). In order to run benchmarks with high priority, make sure you have the right permissions.
// BeforeAnythingElse

// Benchmark Process Environment Information:
// BenchmarkDotNet v0.15.8
// Runtime=.NET 9.0.19 (9.0.19, 9.0.1926.36724), X64 RyuJIT x86-64-v3
// GC=Concurrent Workstation
// HardwareIntrinsics=AVX2+BMI1+BMI2+F16C+FMA+LZCNT+MOVBE,AVX,SSE3+SSSE3+SSE4.1+SSE4.2+POPCNT,X86Base+SSE+SSE2,AES+PCLMUL VectorSize=256
// Job: .NET 9.0

OverheadJitting  1: 1 op, 140331.00 ns, 140.3310 us/op
WorkloadJitting  1: 1 op, 2965334.00 ns, 2.9653 ms/op

OverheadJitting  2: 16 op, 161070.00 ns, 10.0669 us/op
WorkloadJitting  2: 16 op, 2001318.00 ns, 125.0824 us/op

WorkloadPilot    1: 16 op, 256047.00 ns, 16.0029 us/op
WorkloadPilot    2: 32 op, 57727.00 ns, 1.8040 us/op
WorkloadPilot    3: 64 op, 96069.00 ns, 1.5011 us/op
WorkloadPilot    4: 128 op, 170608.00 ns, 1.3329 us/op
WorkloadPilot    5: 256 op, 323342.00 ns, 1.2631 us/op
WorkloadPilot    6: 512 op, 641495.00 ns, 1.2529 us/op
WorkloadPilot    7: 1024 op, 1289622.00 ns, 1.2594 us/op
WorkloadPilot    8: 2048 op, 2509705.00 ns, 1.2254 us/op
WorkloadPilot    9: 4096 op, 4848803.00 ns, 1.1838 us/op
WorkloadPilot   10: 8192 op, 9697214.00 ns, 1.1837 us/op
WorkloadPilot   11: 16384 op, 19200987.00 ns, 1.1719 us/op
WorkloadPilot   12: 32768 op, 38369804.00 ns, 1.1710 us/op
WorkloadPilot   13: 65536 op, 71733052.00 ns, 1.0946 us/op
WorkloadPilot   14: 131072 op, 38854928.00 ns, 296.4396 ns/op
WorkloadPilot   15: 262144 op, 56817889.00 ns, 216.7430 ns/op
WorkloadPilot   16: 524288 op, 112802030.00 ns, 215.1528 ns/op
WorkloadPilot   17: 1048576 op, 225539387.00 ns, 215.0911 ns/op
WorkloadPilot   18: 2097152 op, 448394805.00 ns, 213.8113 ns/op
WorkloadPilot   19: 4194304 op, 896036737.00 ns, 213.6318 ns/op

OverheadWarmup   1: 4194304 op, 10834752.00 ns, 2.5832 ns/op
OverheadWarmup   2: 4194304 op, 10842618.00 ns, 2.5851 ns/op
OverheadWarmup   3: 4194304 op, 10811299.00 ns, 2.5776 ns/op
OverheadWarmup   4: 4194304 op, 10761125.00 ns, 2.5657 ns/op
OverheadWarmup   5: 4194304 op, 10849590.00 ns, 2.5867 ns/op
OverheadWarmup   6: 4194304 op, 10791131.00 ns, 2.5728 ns/op

OverheadActual   1: 4194304 op, 10832348.00 ns, 2.5826 ns/op
OverheadActual   2: 4194304 op, 10828180.00 ns, 2.5816 ns/op
OverheadActual   3: 4194304 op, 10842688.00 ns, 2.5851 ns/op
OverheadActual   4: 4194304 op, 10852145.00 ns, 2.5874 ns/op
OverheadActual   5: 4194304 op, 10843529.00 ns, 2.5853 ns/op
OverheadActual   6: 4194304 op, 10759963.00 ns, 2.5654 ns/op
OverheadActual   7: 4194304 op, 10793856.00 ns, 2.5735 ns/op
OverheadActual   8: 4194304 op, 10761777.00 ns, 2.5658 ns/op
OverheadActual   9: 4194304 op, 10782755.00 ns, 2.5708 ns/op
OverheadActual  10: 4194304 op, 10773179.00 ns, 2.5685 ns/op
OverheadActual  11: 4194304 op, 10813253.00 ns, 2.5781 ns/op
OverheadActual  12: 4194304 op, 10776574.00 ns, 2.5693 ns/op
OverheadActual  13: 4194304 op, 10797082.00 ns, 2.5742 ns/op
OverheadActual  14: 4194304 op, 10772196.00 ns, 2.5683 ns/op
OverheadActual  15: 4194304 op, 10780903.00 ns, 2.5704 ns/op

WorkloadWarmup   1: 4194304 op, 909232397.00 ns, 216.7779 ns/op
WorkloadWarmup   2: 4194304 op, 905814610.00 ns, 215.9630 ns/op
WorkloadWarmup   3: 4194304 op, 897908392.00 ns, 214.0780 ns/op
WorkloadWarmup   4: 4194304 op, 896746803.00 ns, 213.8011 ns/op
WorkloadWarmup   5: 4194304 op, 895588835.00 ns, 213.5250 ns/op
WorkloadWarmup   6: 4194304 op, 894946629.00 ns, 213.3719 ns/op
WorkloadWarmup   7: 4194304 op, 894306406.00 ns, 213.2193 ns/op
WorkloadWarmup   8: 4194304 op, 895759924.00 ns, 213.5658 ns/op
WorkloadWarmup   9: 4194304 op, 902658986.00 ns, 215.2107 ns/op
WorkloadWarmup  10: 4194304 op, 894699028.00 ns, 213.3129 ns/op
WorkloadWarmup  11: 4194304 op, 895079346.00 ns, 213.4035 ns/op
WorkloadWarmup  12: 4194304 op, 896193325.00 ns, 213.6691 ns/op
WorkloadWarmup  13: 4194304 op, 898276759.00 ns, 214.1659 ns/op
WorkloadWarmup  14: 4194304 op, 896704150.00 ns, 213.7909 ns/op

// BeforeActualRun
WorkloadActual   1: 4194304 op, 898144784.00 ns, 214.1344 ns/op
WorkloadActual   2: 4194304 op, 895740344.00 ns, 213.5611 ns/op
WorkloadActual   3: 4194304 op, 894596333.00 ns, 213.2884 ns/op
WorkloadActual   4: 4194304 op, 895752236.00 ns, 213.5640 ns/op
WorkloadActual   5: 4194304 op, 896752513.00 ns, 213.8025 ns/op
WorkloadActual   6: 4194304 op, 895553925.00 ns, 213.5167 ns/op
WorkloadActual   7: 4194304 op, 903245375.00 ns, 215.3505 ns/op
WorkloadActual   8: 4194304 op, 895771911.00 ns, 213.5687 ns/op
WorkloadActual   9: 4194304 op, 896397546.00 ns, 213.7178 ns/op
WorkloadActual  10: 4194304 op, 896358563.00 ns, 213.7085 ns/op
WorkloadActual  11: 4194304 op, 896390443.00 ns, 213.7161 ns/op
WorkloadActual  12: 4194304 op, 896371617.00 ns, 213.7116 ns/op
WorkloadActual  13: 4194304 op, 896137912.00 ns, 213.6559 ns/op
WorkloadActual  14: 4194304 op, 898469806.00 ns, 214.2119 ns/op
WorkloadActual  15: 4194304 op, 896211559.00 ns, 213.6735 ns/op

// AfterActualRun
WorkloadResult   1: 4194304 op, 884946488.00 ns, 210.9877 ns/op
WorkloadResult   2: 4194304 op, 883802477.00 ns, 210.7149 ns/op
WorkloadResult   3: 4194304 op, 884958380.00 ns, 210.9905 ns/op
WorkloadResult   4: 4194304 op, 885958657.00 ns, 211.2290 ns/op
WorkloadResult   5: 4194304 op, 884760069.00 ns, 210.9432 ns/op
WorkloadResult   6: 4194304 op, 884978055.00 ns, 210.9952 ns/op
WorkloadResult   7: 4194304 op, 885603690.00 ns, 211.1444 ns/op
WorkloadResult   8: 4194304 op, 885564707.00 ns, 211.1351 ns/op
WorkloadResult   9: 4194304 op, 885596587.00 ns, 211.1427 ns/op
WorkloadResult  10: 4194304 op, 885577761.00 ns, 211.1382 ns/op
WorkloadResult  11: 4194304 op, 885344056.00 ns, 211.0825 ns/op
WorkloadResult  12: 4194304 op, 885417703.00 ns, 211.1000 ns/op
// GC:  30 0 0 503316480 4194304
// Threading:  0 0 4194304

// AfterAll
// Benchmark Process 5254 has exited with code 0.

Mean = 211.050 ns, StdErr = 0.039 ns (0.02%), N = 12, StdDev = 0.136 ns
Min = 210.715 ns, Q1 = 210.990 ns, Median = 211.091 ns, Q3 = 211.139 ns, Max = 211.229 ns
IQR = 0.150 ns, LowerFence = 210.766 ns, UpperFence = 211.364 ns
ConfidenceInterval = [210.877 ns; 211.224 ns] (CI 99.9%), Margin = 0.174 ns (0.08% of Mean)
Skewness = -1.03, Kurtosis = 3.48, MValue = 2

// ** Remained 11 (30.6 %) benchmark(s) to run. Estimated finish 2026-08-30 7:50 (0h 3m from now) **
// **************************
// Benchmark: MediatorBenchmarks.PublishNotification_Parallel: .NET 9.0(Runtime=.NET 9.0, Toolchain=net9.0)
// *** Execute ***
// Launch: 1 / 1
// Execute: dotnet "EricksonLopez.Mediator.Benchmarks-.NET 9.0-3.dll" --anonymousPipes 107 108 --benchmarkName EricksonLopez.Mediator.Benchmarks.MediatorBenchmarks.PublishNotification_Parallel --job ".NET 9.0" --benchmarkId 7 in /home/runner/work/dotnet-mediator/dotnet-mediator/benchmarks/EricksonLopez.Mediator.Benchmarks/bin/Release/net10.0/EricksonLopez.Mediator.Benchmarks-.NET 9.0-3/bin/Release/net9.0
// Failed to set up high priority (Permission denied). In order to run benchmarks with high priority, make sure you have the right permissions.
// BeforeAnythingElse

// Benchmark Process Environment Information:
// BenchmarkDotNet v0.15.8
// Runtime=.NET 9.0.19 (9.0.19, 9.0.1926.36724), X64 RyuJIT x86-64-v3
// GC=Concurrent Workstation
// HardwareIntrinsics=AVX2+BMI1+BMI2+F16C+FMA+LZCNT+MOVBE,AVX,SSE3+SSSE3+SSE4.1+SSE4.2+POPCNT,X86Base+SSE+SSE2,AES+PCLMUL VectorSize=256
// Job: .NET 9.0

OverheadJitting  1: 1 op, 140081.00 ns, 140.0810 us/op
WorkloadJitting  1: 1 op, 3328169.00 ns, 3.3282 ms/op

OverheadJitting  2: 16 op, 161240.00 ns, 10.0775 us/op
WorkloadJitting  2: 16 op, 1771129.00 ns, 110.6956 us/op

WorkloadPilot    1: 16 op, 192929.00 ns, 12.0581 us/op
WorkloadPilot    2: 32 op, 53589.00 ns, 1.6747 us/op
WorkloadPilot    3: 64 op, 86181.00 ns, 1.3466 us/op
WorkloadPilot    4: 128 op, 136935.00 ns, 1.0698 us/op
WorkloadPilot    5: 256 op, 279230.00 ns, 1.0907 us/op
WorkloadPilot    6: 512 op, 522293.00 ns, 1.0201 us/op
WorkloadPilot    7: 1024 op, 977661.00 ns, 954.7471 ns/op
WorkloadPilot    8: 2048 op, 1847421.00 ns, 902.0610 ns/op
WorkloadPilot    9: 4096 op, 4009108.00 ns, 978.7861 ns/op
WorkloadPilot   10: 8192 op, 7603344.00 ns, 928.1426 ns/op
WorkloadPilot   11: 16384 op, 15100760.00 ns, 921.6772 ns/op
WorkloadPilot   12: 32768 op, 29890660.00 ns, 912.1906 ns/op
WorkloadPilot   13: 65536 op, 60207765.00 ns, 918.6976 ns/op
WorkloadPilot   14: 131072 op, 119022957.00 ns, 908.0731 ns/op
WorkloadPilot   15: 262144 op, 70646551.00 ns, 269.4952 ns/op
WorkloadPilot   16: 524288 op, 106907398.00 ns, 203.9097 ns/op
WorkloadPilot   17: 1048576 op, 209850371.00 ns, 200.1289 ns/op
WorkloadPilot   18: 2097152 op, 418121029.00 ns, 199.3756 ns/op
WorkloadPilot   19: 4194304 op, 831180709.00 ns, 198.1689 ns/op

OverheadWarmup   1: 4194304 op, 10797032.00 ns, 2.5742 ns/op
OverheadWarmup   2: 4194304 op, 10881560.00 ns, 2.5944 ns/op
OverheadWarmup   3: 4194304 op, 10800319.00 ns, 2.5750 ns/op
OverheadWarmup   4: 4194304 op, 10803405.00 ns, 2.5757 ns/op
OverheadWarmup   5: 4194304 op, 10786062.00 ns, 2.5716 ns/op

OverheadActual   1: 4194304 op, 10852345.00 ns, 2.5874 ns/op
OverheadActual   2: 4194304 op, 10807933.00 ns, 2.5768 ns/op
OverheadActual   3: 4194304 op, 10810718.00 ns, 2.5775 ns/op
OverheadActual   4: 4194304 op, 10818122.00 ns, 2.5792 ns/op
OverheadActual   5: 4194304 op, 11261447.00 ns, 2.6849 ns/op
OverheadActual   6: 4194304 op, 10792574.00 ns, 2.5732 ns/op
OverheadActual   7: 4194304 op, 10849090.00 ns, 2.5866 ns/op
OverheadActual   8: 4194304 op, 10791843.00 ns, 2.5730 ns/op
OverheadActual   9: 4194304 op, 10791843.00 ns, 2.5730 ns/op
OverheadActual  10: 4194304 op, 10793235.00 ns, 2.5733 ns/op
OverheadActual  11: 4194304 op, 10781764.00 ns, 2.5706 ns/op
OverheadActual  12: 4194304 op, 10835705.00 ns, 2.5834 ns/op
OverheadActual  13: 4194304 op, 10867614.00 ns, 2.5910 ns/op
OverheadActual  14: 4194304 op, 10797694.00 ns, 2.5744 ns/op
OverheadActual  15: 4194304 op, 10803655.00 ns, 2.5758 ns/op

WorkloadWarmup   1: 4194304 op, 845148518.00 ns, 201.4991 ns/op
WorkloadWarmup   2: 4194304 op, 843188667.00 ns, 201.0318 ns/op
WorkloadWarmup   3: 4194304 op, 835830901.00 ns, 199.2776 ns/op
WorkloadWarmup   4: 4194304 op, 835394840.00 ns, 199.1737 ns/op
WorkloadWarmup   5: 4194304 op, 834066935.00 ns, 198.8571 ns/op
WorkloadWarmup   6: 4194304 op, 832166365.00 ns, 198.4039 ns/op
WorkloadWarmup   7: 4194304 op, 832653823.00 ns, 198.5201 ns/op
WorkloadWarmup   8: 4194304 op, 831943019.00 ns, 198.3507 ns/op
WorkloadWarmup   9: 4194304 op, 831804641.00 ns, 198.3177 ns/op
WorkloadWarmup  10: 4194304 op, 833528142.00 ns, 198.7286 ns/op
WorkloadWarmup  11: 4194304 op, 832038964.00 ns, 198.3735 ns/op

// BeforeActualRun
WorkloadActual   1: 4194304 op, 834782569.00 ns, 199.0277 ns/op
WorkloadActual   2: 4194304 op, 838281137.00 ns, 199.8618 ns/op
WorkloadActual   3: 4194304 op, 835457977.00 ns, 199.1887 ns/op
WorkloadActual   4: 4194304 op, 835492124.00 ns, 199.1968 ns/op
WorkloadActual   5: 4194304 op, 836415180.00 ns, 199.4169 ns/op
WorkloadActual   6: 4194304 op, 836230771.00 ns, 199.3730 ns/op
WorkloadActual   7: 4194304 op, 833097964.00 ns, 198.6260 ns/op
WorkloadActual   8: 4194304 op, 834372609.00 ns, 198.9299 ns/op
WorkloadActual   9: 4194304 op, 842458863.00 ns, 200.8578 ns/op
WorkloadActual  10: 4194304 op, 846860942.00 ns, 201.9074 ns/op
WorkloadActual  11: 4194304 op, 835390956.00 ns, 199.1727 ns/op
WorkloadActual  12: 4194304 op, 844137249.00 ns, 201.2580 ns/op
WorkloadActual  13: 4194304 op, 830790536.00 ns, 198.0759 ns/op
WorkloadActual  14: 4194304 op, 830979598.00 ns, 198.1210 ns/op
WorkloadActual  15: 4194304 op, 831898897.00 ns, 198.3402 ns/op

// AfterActualRun
WorkloadResult   1: 4194304 op, 823974636.00 ns, 196.4509 ns/op
WorkloadResult   2: 4194304 op, 827473204.00 ns, 197.2850 ns/op
WorkloadResult   3: 4194304 op, 824650044.00 ns, 196.6119 ns/op
WorkloadResult   4: 4194304 op, 824684191.00 ns, 196.6200 ns/op
WorkloadResult   5: 4194304 op, 825607247.00 ns, 196.8401 ns/op
WorkloadResult   6: 4194304 op, 825422838.00 ns, 196.7961 ns/op
WorkloadResult   7: 4194304 op, 822290031.00 ns, 196.0492 ns/op
WorkloadResult   8: 4194304 op, 823564676.00 ns, 196.3531 ns/op
WorkloadResult   9: 4194304 op, 831650930.00 ns, 198.2810 ns/op
WorkloadResult  10: 4194304 op, 824583023.00 ns, 196.5959 ns/op
WorkloadResult  11: 4194304 op, 819982603.00 ns, 195.4991 ns/op
WorkloadResult  12: 4194304 op, 820171665.00 ns, 195.5442 ns/op
WorkloadResult  13: 4194304 op, 821090964.00 ns, 195.7633 ns/op
// GC:  48 0 0 805306368 4194304
// Threading:  0 0 4194304

// AfterAll
// Benchmark Process 5281 has exited with code 0.

Mean = 196.515 ns, StdErr = 0.207 ns (0.11%), N = 13, StdDev = 0.748 ns
Min = 195.499 ns, Q1 = 196.049 ns, Median = 196.596 ns, Q3 = 196.796 ns, Max = 198.281 ns
IQR = 0.747 ns, LowerFence = 194.929 ns, UpperFence = 197.917 ns
ConfidenceInterval = [195.619 ns; 197.410 ns] (CI 99.9%), Margin = 0.896 ns (0.46% of Mean)
Skewness = 0.65, Kurtosis = 3.06, MValue = 2

// ** Remained 10 (27.8 %) benchmark(s) to run. Estimated finish 2026-08-30 7:50 (0h 3m from now) **
// **************************
// Benchmark: MediatorBenchmarks.NestedSend: .NET 9.0(Runtime=.NET 9.0, Toolchain=net9.0)
// *** Execute ***
// Launch: 1 / 1
// Execute: dotnet "EricksonLopez.Mediator.Benchmarks-.NET 9.0-3.dll" --anonymousPipes 107 108 --benchmarkName EricksonLopez.Mediator.Benchmarks.MediatorBenchmarks.NestedSend --job ".NET 9.0" --benchmarkId 8 in /home/runner/work/dotnet-mediator/dotnet-mediator/benchmarks/EricksonLopez.Mediator.Benchmarks/bin/Release/net10.0/EricksonLopez.Mediator.Benchmarks-.NET 9.0-3/bin/Release/net9.0
// Failed to set up high priority (Permission denied). In order to run benchmarks with high priority, make sure you have the right permissions.
// BeforeAnythingElse

// Benchmark Process Environment Information:
// BenchmarkDotNet v0.15.8
// Runtime=.NET 9.0.19 (9.0.19, 9.0.1926.36724), X64 RyuJIT x86-64-v3
// GC=Concurrent Workstation
// HardwareIntrinsics=AVX2+BMI1+BMI2+F16C+FMA+LZCNT+MOVBE,AVX,SSE3+SSSE3+SSE4.1+SSE4.2+POPCNT,X86Base+SSE+SSE2,AES+PCLMUL VectorSize=256
// Job: .NET 9.0

OverheadJitting  1: 1 op, 177110.00 ns, 177.1100 us/op
WorkloadJitting  1: 1 op, 2060077.00 ns, 2.0601 ms/op

OverheadJitting  2: 16 op, 427867.00 ns, 26.7417 us/op
WorkloadJitting  2: 16 op, 479193.00 ns, 29.9496 us/op

WorkloadPilot    1: 16 op, 17332.00 ns, 1.0833 us/op
WorkloadPilot    2: 32 op, 28242.00 ns, 882.5625 ns/op
WorkloadPilot    3: 64 op, 49472.00 ns, 773.0000 ns/op
WorkloadPilot    4: 128 op, 71583.00 ns, 559.2422 ns/op
WorkloadPilot    5: 256 op, 149478.00 ns, 583.8984 ns/op
WorkloadPilot    6: 512 op, 308114.00 ns, 601.7852 ns/op
WorkloadPilot    7: 1024 op, 548572.00 ns, 535.7148 ns/op
WorkloadPilot    8: 2048 op, 1174608.00 ns, 573.5391 ns/op
WorkloadPilot    9: 4096 op, 2374984.00 ns, 579.8301 ns/op
WorkloadPilot   10: 8192 op, 4617242.00 ns, 563.6282 ns/op
WorkloadPilot   11: 16384 op, 9066229.00 ns, 553.3587 ns/op
WorkloadPilot   12: 32768 op, 18040167.00 ns, 550.5422 ns/op
WorkloadPilot   13: 65536 op, 35822873.00 ns, 546.6137 ns/op
WorkloadPilot   14: 131072 op, 81174587.00 ns, 619.3130 ns/op
WorkloadPilot   15: 262144 op, 33427772.00 ns, 127.5168 ns/op
WorkloadPilot   16: 524288 op, 47973839.00 ns, 91.5028 ns/op
WorkloadPilot   17: 1048576 op, 89023438.00 ns, 84.8994 ns/op
WorkloadPilot   18: 2097152 op, 173852984.00 ns, 82.8996 ns/op
WorkloadPilot   19: 4194304 op, 344065026.00 ns, 82.0315 ns/op
WorkloadPilot   20: 8388608 op, 683285467.00 ns, 81.4540 ns/op

OverheadWarmup   1: 8388608 op, 35719521.00 ns, 4.2581 ns/op
OverheadWarmup   2: 8388608 op, 35818925.00 ns, 4.2699 ns/op
OverheadWarmup   3: 8388608 op, 35742954.00 ns, 4.2609 ns/op
OverheadWarmup   4: 8388608 op, 35731543.00 ns, 4.2595 ns/op
OverheadWarmup   5: 8388608 op, 35907691.00 ns, 4.2805 ns/op
OverheadWarmup   6: 8388608 op, 35809067.00 ns, 4.2688 ns/op

OverheadActual   1: 8388608 op, 35770715.00 ns, 4.2642 ns/op
OverheadActual   2: 8388608 op, 35783760.00 ns, 4.2658 ns/op
OverheadActual   3: 8388608 op, 35769124.00 ns, 4.2640 ns/op
OverheadActual   4: 8388608 op, 35876763.00 ns, 4.2768 ns/op
OverheadActual   5: 8388608 op, 35818926.00 ns, 4.2699 ns/op
OverheadActual   6: 8388608 op, 35849122.00 ns, 4.2735 ns/op
OverheadActual   7: 8388608 op, 35889818.00 ns, 4.2784 ns/op
OverheadActual   8: 8388608 op, 38581842.00 ns, 4.5993 ns/op
OverheadActual   9: 8388608 op, 30717272.00 ns, 3.6618 ns/op
OverheadActual  10: 8388608 op, 31008314.00 ns, 3.6965 ns/op
OverheadActual  11: 8388608 op, 30515166.00 ns, 3.6377 ns/op
OverheadActual  12: 8388608 op, 30496210.00 ns, 3.6354 ns/op
OverheadActual  13: 8388608 op, 30498404.00 ns, 3.6357 ns/op
OverheadActual  14: 8388608 op, 30955087.00 ns, 3.6901 ns/op
OverheadActual  15: 8388608 op, 30696072.00 ns, 3.6593 ns/op
OverheadActual  16: 8388608 op, 30515657.00 ns, 3.6377 ns/op
OverheadActual  17: 8388608 op, 30502613.00 ns, 3.6362 ns/op
OverheadActual  18: 8388608 op, 30488225.00 ns, 3.6345 ns/op
OverheadActual  19: 8388608 op, 30487605.00 ns, 3.6344 ns/op
OverheadActual  20: 8388608 op, 30496832.00 ns, 3.6355 ns/op

WorkloadWarmup   1: 8388608 op, 701084652.00 ns, 83.5758 ns/op
WorkloadWarmup   2: 8388608 op, 711679441.00 ns, 84.8388 ns/op
WorkloadWarmup   3: 8388608 op, 701923677.00 ns, 83.6758 ns/op
WorkloadWarmup   4: 8388608 op, 714905290.00 ns, 85.2234 ns/op
WorkloadWarmup   5: 8388608 op, 703270206.00 ns, 83.8363 ns/op
WorkloadWarmup   6: 8388608 op, 702265474.00 ns, 83.7166 ns/op

// BeforeActualRun
WorkloadActual   1: 8388608 op, 705381652.00 ns, 84.0880 ns/op
WorkloadActual   2: 8388608 op, 700882810.00 ns, 83.5517 ns/op
WorkloadActual   3: 8388608 op, 712478383.00 ns, 84.9340 ns/op
WorkloadActual   4: 8388608 op, 703332454.00 ns, 83.8438 ns/op
WorkloadActual   5: 8388608 op, 704663042.00 ns, 84.0024 ns/op
WorkloadActual   6: 8388608 op, 702455750.00 ns, 83.7393 ns/op
WorkloadActual   7: 8388608 op, 702069691.00 ns, 83.6932 ns/op
WorkloadActual   8: 8388608 op, 705087053.00 ns, 84.0529 ns/op
WorkloadActual   9: 8388608 op, 701931984.00 ns, 83.6768 ns/op
WorkloadActual  10: 8388608 op, 702000993.00 ns, 83.6850 ns/op
WorkloadActual  11: 8388608 op, 701248735.00 ns, 83.5954 ns/op
WorkloadActual  12: 8388608 op, 704480450.00 ns, 83.9806 ns/op
WorkloadActual  13: 8388608 op, 701413958.00 ns, 83.6151 ns/op
WorkloadActual  14: 8388608 op, 702829204.00 ns, 83.7838 ns/op
WorkloadActual  15: 8388608 op, 701542778.00 ns, 83.6304 ns/op

// AfterActualRun
WorkloadResult   1: 8388608 op, 674545472.50 ns, 80.4121 ns/op
WorkloadResult   2: 8388608 op, 670046630.50 ns, 79.8758 ns/op
WorkloadResult   3: 8388608 op, 672496274.50 ns, 80.1678 ns/op
WorkloadResult   4: 8388608 op, 673826862.50 ns, 80.3264 ns/op
WorkloadResult   5: 8388608 op, 671619570.50 ns, 80.0633 ns/op
WorkloadResult   6: 8388608 op, 671233511.50 ns, 80.0173 ns/op
WorkloadResult   7: 8388608 op, 674250873.50 ns, 80.3770 ns/op
WorkloadResult   8: 8388608 op, 671095804.50 ns, 80.0009 ns/op
WorkloadResult   9: 8388608 op, 671164813.50 ns, 80.0091 ns/op
WorkloadResult  10: 8388608 op, 670412555.50 ns, 79.9194 ns/op
WorkloadResult  11: 8388608 op, 673644270.50 ns, 80.3047 ns/op
WorkloadResult  12: 8388608 op, 670577778.50 ns, 79.9391 ns/op
WorkloadResult  13: 8388608 op, 671993024.50 ns, 80.1078 ns/op
WorkloadResult  14: 8388608 op, 670706598.50 ns, 79.9545 ns/op
// GC:  12 0 0 201326592 8388608
// Threading:  0 0 8388608

// AfterAll
// Benchmark Process 5307 has exited with code 0.

Mean = 80.105 ns, StdErr = 0.048 ns (0.06%), N = 14, StdDev = 0.181 ns
Min = 79.876 ns, Q1 = 79.966 ns, Median = 80.040 ns, Q3 = 80.270 ns, Max = 80.412 ns
IQR = 0.304 ns, LowerFence = 79.509 ns, UpperFence = 80.727 ns
ConfidenceInterval = [79.901 ns; 80.310 ns] (CI 99.9%), Margin = 0.205 ns (0.26% of Mean)
Skewness = 0.46, Kurtosis = 1.57, MValue = 2

// ** Remained 9 (25.0 %) benchmark(s) to run. Estimated finish 2026-08-30 7:50 (0h 3m from now) **
// **************************
// Benchmark: MediatorBenchmarks.DirectCall: ShortRun(IterationCount=3, LaunchCount=1, WarmupCount=3)
// *** Execute ***
// Launch: 1 / 1
// Execute: dotnet "EricksonLopez.Mediator.Benchmarks-.NET 10.0-1.dll" --anonymousPipes 107 108 --benchmarkName EricksonLopez.Mediator.Benchmarks.MediatorBenchmarks.DirectCall --job ShortRun --benchmarkId 9 in /home/runner/work/dotnet-mediator/dotnet-mediator/benchmarks/EricksonLopez.Mediator.Benchmarks/bin/Release/net10.0/EricksonLopez.Mediator.Benchmarks-.NET 10.0-1/bin/Release/net10.0
// Failed to set up high priority (Permission denied). In order to run benchmarks with high priority, make sure you have the right permissions.
// BeforeAnythingElse

// Benchmark Process Environment Information:
// BenchmarkDotNet v0.15.8
// Runtime=.NET 10.0.11 (10.0.11, 10.0.1126.37416), X64 RyuJIT x86-64-v3
// GC=Concurrent Workstation
// HardwareIntrinsics=AVX2+BMI1+BMI2+F16C+FMA+LZCNT+MOVBE,AVX,SSE3+SSSE3+SSE4.1+SSE4.2+POPCNT,X86Base+SSE+SSE2,AES+PCLMUL VectorSize=256
// Job: ShortRun(IterationCount=3, LaunchCount=1, WarmupCount=3)

OverheadJitting  1: 1 op, 212916.00 ns, 212.9160 us/op
WorkloadJitting  1: 1 op, 923941.00 ns, 923.9410 us/op

OverheadJitting  2: 16 op, 491836.00 ns, 30.7398 us/op
WorkloadJitting  2: 16 op, 426535.00 ns, 26.6584 us/op

WorkloadPilot    1: 16 op, 1854.00 ns, 115.8750 ns/op
WorkloadPilot    2: 32 op, 2494.00 ns, 77.9375 ns/op
WorkloadPilot    3: 64 op, 3717.00 ns, 58.0781 ns/op
WorkloadPilot    4: 128 op, 6041.00 ns, 47.1953 ns/op
WorkloadPilot    5: 256 op, 10990.00 ns, 42.9297 ns/op
WorkloadPilot    6: 512 op, 20408.00 ns, 39.8594 ns/op
WorkloadPilot    7: 1024 op, 39303.00 ns, 38.3818 ns/op
WorkloadPilot    8: 2048 op, 80389.00 ns, 39.2524 ns/op
WorkloadPilot    9: 4096 op, 154949.00 ns, 37.8293 ns/op
WorkloadPilot   10: 8192 op, 306100.00 ns, 37.3657 ns/op
WorkloadPilot   11: 16384 op, 772980.00 ns, 47.1790 ns/op
WorkloadPilot   12: 32768 op, 1233659.00 ns, 37.6483 ns/op
WorkloadPilot   13: 65536 op, 2467546.00 ns, 37.6518 ns/op
WorkloadPilot   14: 131072 op, 4950862.00 ns, 37.7721 ns/op
WorkloadPilot   15: 262144 op, 9889732.00 ns, 37.7263 ns/op
WorkloadPilot   16: 524288 op, 19739811.00 ns, 37.6507 ns/op
WorkloadPilot   17: 1048576 op, 39320625.00 ns, 37.4991 ns/op
WorkloadPilot   18: 2097152 op, 79509709.00 ns, 37.9132 ns/op
WorkloadPilot   19: 4194304 op, 22314487.00 ns, 5.3202 ns/op
WorkloadPilot   20: 8388608 op, 30496018.00 ns, 3.6354 ns/op
WorkloadPilot   21: 16777216 op, 60988217.00 ns, 3.6352 ns/op
WorkloadPilot   22: 33554432 op, 122275461.00 ns, 3.6441 ns/op
WorkloadPilot   23: 67108864 op, 244009612.00 ns, 3.6360 ns/op
WorkloadPilot   24: 134217728 op, 486160999.00 ns, 3.6222 ns/op
WorkloadPilot   25: 268435456 op, 971854869.00 ns, 3.6204 ns/op

OverheadWarmup   1: 268435456 op, 1212575648.00 ns, 4.5172 ns/op
OverheadWarmup   2: 268435456 op, 894613155.00 ns, 3.3327 ns/op
OverheadWarmup   3: 268435456 op, 894958491.00 ns, 3.3340 ns/op
OverheadWarmup   4: 268435456 op, 894602621.00 ns, 3.3327 ns/op
OverheadWarmup   5: 268435456 op, 894017417.00 ns, 3.3305 ns/op
OverheadWarmup   6: 268435456 op, 893547121.00 ns, 3.3287 ns/op
OverheadWarmup   7: 268435456 op, 893430734.00 ns, 3.3283 ns/op
OverheadWarmup   8: 268435456 op, 893613485.00 ns, 3.3290 ns/op
OverheadWarmup   9: 268435456 op, 894888019.00 ns, 3.3337 ns/op
OverheadWarmup  10: 268435456 op, 893500715.00 ns, 3.3285 ns/op

OverheadActual   1: 268435456 op, 894591657.00 ns, 3.3326 ns/op
OverheadActual   2: 268435456 op, 894056114.00 ns, 3.3306 ns/op
OverheadActual   3: 268435456 op, 893568696.00 ns, 3.3288 ns/op
OverheadActual   4: 268435456 op, 894409092.00 ns, 3.3319 ns/op
OverheadActual   5: 268435456 op, 894873484.00 ns, 3.3337 ns/op
OverheadActual   6: 268435456 op, 895373428.00 ns, 3.3355 ns/op
OverheadActual   7: 268435456 op, 894065812.00 ns, 3.3307 ns/op
OverheadActual   8: 268435456 op, 893886468.00 ns, 3.3300 ns/op
OverheadActual   9: 268435456 op, 894605337.00 ns, 3.3327 ns/op
OverheadActual  10: 268435456 op, 894809609.00 ns, 3.3334 ns/op
OverheadActual  11: 268435456 op, 899215250.00 ns, 3.3498 ns/op
OverheadActual  12: 268435456 op, 893617592.00 ns, 3.3290 ns/op
OverheadActual  13: 268435456 op, 894037234.00 ns, 3.3305 ns/op
OverheadActual  14: 268435456 op, 893442055.00 ns, 3.3283 ns/op
OverheadActual  15: 268435456 op, 894420938.00 ns, 3.3320 ns/op

WorkloadWarmup   1: 268435456 op, 972803543.00 ns, 3.6240 ns/op
WorkloadWarmup   2: 268435456 op, 974968966.00 ns, 3.6320 ns/op
WorkloadWarmup   3: 268435456 op, 973391558.00 ns, 3.6262 ns/op

// BeforeActualRun
WorkloadActual   1: 268435456 op, 971840181.00 ns, 3.6204 ns/op
WorkloadActual   2: 268435456 op, 974145931.00 ns, 3.6290 ns/op
WorkloadActual   3: 268435456 op, 973300106.00 ns, 3.6258 ns/op

// AfterActualRun
WorkloadResult   1: 268435456 op, 77431089.00 ns, 0.2885 ns/op
WorkloadResult   2: 268435456 op, 79736839.00 ns, 0.2970 ns/op
WorkloadResult   3: 268435456 op, 78891014.00 ns, 0.2939 ns/op
// GC:  0 0 0 0 268435456
// Threading:  0 0 268435456

// AfterAll
// Benchmark Process 5320 has exited with code 0.

Mean = 0.293 ns, StdErr = 0.003 ns (0.86%), N = 3, StdDev = 0.004 ns
Min = 0.288 ns, Q1 = 0.291 ns, Median = 0.294 ns, Q3 = 0.295 ns, Max = 0.297 ns
IQR = 0.004 ns, LowerFence = 0.285 ns, UpperFence = 0.302 ns
ConfidenceInterval = [0.214 ns; 0.372 ns] (CI 99.9%), Margin = 0.079 ns (27.04% of Mean)
Skewness = -0.17, Kurtosis = 0.67, MValue = 2

// ** Remained 8 (22.2 %) benchmark(s) to run. Estimated finish 2026-08-30 7:50 (0h 2m from now) **
// **************************
// Benchmark: MediatorBenchmarks.SendCommand_NoBehaviors: ShortRun(IterationCount=3, LaunchCount=1, WarmupCount=3)
// *** Execute ***
// Launch: 1 / 1
// Execute: dotnet "EricksonLopez.Mediator.Benchmarks-.NET 10.0-1.dll" --anonymousPipes 107 108 --benchmarkName EricksonLopez.Mediator.Benchmarks.MediatorBenchmarks.SendCommand_NoBehaviors --job ShortRun --benchmarkId 10 in /home/runner/work/dotnet-mediator/dotnet-mediator/benchmarks/EricksonLopez.Mediator.Benchmarks/bin/Release/net10.0/EricksonLopez.Mediator.Benchmarks-.NET 10.0-1/bin/Release/net10.0
// Failed to set up high priority (Permission denied). In order to run benchmarks with high priority, make sure you have the right permissions.
// BeforeAnythingElse

// Benchmark Process Environment Information:
// BenchmarkDotNet v0.15.8
// Runtime=.NET 10.0.11 (10.0.11, 10.0.1126.37416), X64 RyuJIT x86-64-v3
// GC=Concurrent Workstation
// HardwareIntrinsics=AVX2+BMI1+BMI2+F16C+FMA+LZCNT+MOVBE,AVX,SSE3+SSSE3+SSE4.1+SSE4.2+POPCNT,X86Base+SSE+SSE2,AES+PCLMUL VectorSize=256
// Job: ShortRun(IterationCount=3, LaunchCount=1, WarmupCount=3)

OverheadJitting  1: 1 op, 207016.00 ns, 207.0160 us/op
WorkloadJitting  1: 1 op, 1486679.00 ns, 1.4867 ms/op

OverheadJitting  2: 16 op, 506573.00 ns, 31.6608 us/op
WorkloadJitting  2: 16 op, 502246.00 ns, 31.3904 us/op

WorkloadPilot    1: 16 op, 7163.00 ns, 447.6875 ns/op
WorkloadPilot    2: 32 op, 11050.00 ns, 345.3125 ns/op
WorkloadPilot    3: 64 op, 18164.00 ns, 283.8125 ns/op
WorkloadPilot    4: 128 op, 32661.00 ns, 255.1641 ns/op
WorkloadPilot    5: 256 op, 61694.00 ns, 240.9922 ns/op
WorkloadPilot    6: 512 op, 117278.00 ns, 229.0586 ns/op
WorkloadPilot    7: 1024 op, 231541.00 ns, 226.1143 ns/op
WorkloadPilot    8: 2048 op, 494551.00 ns, 241.4800 ns/op
WorkloadPilot    9: 4096 op, 953967.00 ns, 232.9021 ns/op
WorkloadPilot   10: 8192 op, 1966343.00 ns, 240.0321 ns/op
WorkloadPilot   11: 16384 op, 3870120.00 ns, 236.2134 ns/op
WorkloadPilot   12: 32768 op, 7740339.00 ns, 236.2164 ns/op
WorkloadPilot   13: 65536 op, 15318977.00 ns, 233.7490 ns/op
WorkloadPilot   14: 131072 op, 30404970.00 ns, 231.9715 ns/op
WorkloadPilot   15: 262144 op, 60983936.00 ns, 232.6353 ns/op
WorkloadPilot   16: 524288 op, 122688003.00 ns, 234.0088 ns/op
WorkloadPilot   17: 1048576 op, 54054086.00 ns, 51.5500 ns/op
WorkloadPilot   18: 2097152 op, 51978109.00 ns, 24.7851 ns/op
WorkloadPilot   19: 4194304 op, 103917454.00 ns, 24.7759 ns/op
WorkloadPilot   20: 8388608 op, 208239386.00 ns, 24.8241 ns/op
WorkloadPilot   21: 16777216 op, 415711443.00 ns, 24.7783 ns/op
WorkloadPilot   22: 33554432 op, 832136925.00 ns, 24.7996 ns/op

OverheadWarmup   1: 33554432 op, 143087606.00 ns, 4.2643 ns/op
OverheadWarmup   2: 33554432 op, 149541418.00 ns, 4.4567 ns/op
OverheadWarmup   3: 33554432 op, 112034157.00 ns, 3.3389 ns/op
OverheadWarmup   4: 33554432 op, 111665430.00 ns, 3.3279 ns/op
OverheadWarmup   5: 33554432 op, 111766679.00 ns, 3.3309 ns/op
OverheadWarmup   6: 33554432 op, 111597183.00 ns, 3.3259 ns/op

OverheadActual   1: 33554432 op, 111591722.00 ns, 3.3257 ns/op
OverheadActual   2: 33554432 op, 111900177.00 ns, 3.3349 ns/op
OverheadActual   3: 33554432 op, 111698441.00 ns, 3.3289 ns/op
OverheadActual   4: 33554432 op, 111797957.00 ns, 3.3318 ns/op
OverheadActual   5: 33554432 op, 112061498.00 ns, 3.3397 ns/op
OverheadActual   6: 33554432 op, 111916517.00 ns, 3.3354 ns/op
OverheadActual   7: 33554432 op, 111655571.00 ns, 3.3276 ns/op
OverheadActual   8: 33554432 op, 112018979.00 ns, 3.3384 ns/op
OverheadActual   9: 33554432 op, 111548803.00 ns, 3.3244 ns/op
OverheadActual  10: 33554432 op, 113701654.00 ns, 3.3886 ns/op
OverheadActual  11: 33554432 op, 111771778.00 ns, 3.3311 ns/op
OverheadActual  12: 33554432 op, 111710263.00 ns, 3.3292 ns/op
OverheadActual  13: 33554432 op, 112046510.00 ns, 3.3392 ns/op
OverheadActual  14: 33554432 op, 111987690.00 ns, 3.3375 ns/op
OverheadActual  15: 33554432 op, 111708320.00 ns, 3.3292 ns/op

WorkloadWarmup   1: 33554432 op, 847892845.00 ns, 25.2692 ns/op
WorkloadWarmup   2: 33554432 op, 831076618.00 ns, 24.7680 ns/op
WorkloadWarmup   3: 33554432 op, 831561622.00 ns, 24.7825 ns/op

// BeforeActualRun
WorkloadActual   1: 33554432 op, 842574473.00 ns, 25.1107 ns/op
WorkloadActual   2: 33554432 op, 833810335.00 ns, 24.8495 ns/op
WorkloadActual   3: 33554432 op, 848784542.00 ns, 25.2958 ns/op

// AfterActualRun
WorkloadResult   1: 33554432 op, 730776516.00 ns, 21.7788 ns/op
WorkloadResult   2: 33554432 op, 722012378.00 ns, 21.5176 ns/op
WorkloadResult   3: 33554432 op, 736986585.00 ns, 21.9639 ns/op
// GC:  0 0 0 0 33554432
// Threading:  0 0 33554432

// AfterAll
// Benchmark Process 5338 has exited with code 0.

Mean = 21.753 ns, StdErr = 0.129 ns (0.60%), N = 3, StdDev = 0.224 ns
Min = 21.518 ns, Q1 = 21.648 ns, Median = 21.779 ns, Q3 = 21.871 ns, Max = 21.964 ns
IQR = 0.223 ns, LowerFence = 21.314 ns, UpperFence = 22.206 ns
ConfidenceInterval = [17.663 ns; 25.844 ns] (CI 99.9%), Margin = 4.090 ns (18.80% of Mean)
Skewness = -0.11, Kurtosis = 0.67, MValue = 2

// ** Remained 7 (19.4 %) benchmark(s) to run. Estimated finish 2026-08-30 7:49 (0h 2m from now) **
// **************************
// Benchmark: MediatorBenchmarks.SendQuery_NoBehaviors: ShortRun(IterationCount=3, LaunchCount=1, WarmupCount=3)
// *** Execute ***
// Launch: 1 / 1
// Execute: dotnet "EricksonLopez.Mediator.Benchmarks-.NET 10.0-1.dll" --anonymousPipes 107 108 --benchmarkName EricksonLopez.Mediator.Benchmarks.MediatorBenchmarks.SendQuery_NoBehaviors --job ShortRun --benchmarkId 11 in /home/runner/work/dotnet-mediator/dotnet-mediator/benchmarks/EricksonLopez.Mediator.Benchmarks/bin/Release/net10.0/EricksonLopez.Mediator.Benchmarks-.NET 10.0-1/bin/Release/net10.0
// Failed to set up high priority (Permission denied). In order to run benchmarks with high priority, make sure you have the right permissions.
// BeforeAnythingElse

// Benchmark Process Environment Information:
// BenchmarkDotNet v0.15.8
// Runtime=.NET 10.0.11 (10.0.11, 10.0.1126.37416), X64 RyuJIT x86-64-v3
// GC=Concurrent Workstation
// HardwareIntrinsics=AVX2+BMI1+BMI2+F16C+FMA+LZCNT+MOVBE,AVX,SSE3+SSSE3+SSE4.1+SSE4.2+POPCNT,X86Base+SSE+SSE2,AES+PCLMUL VectorSize=256
// Job: ShortRun(IterationCount=3, LaunchCount=1, WarmupCount=3)

OverheadJitting  1: 1 op, 210182.00 ns, 210.1820 us/op
WorkloadJitting  1: 1 op, 1242064.00 ns, 1.2421 ms/op

OverheadJitting  2: 16 op, 467632.00 ns, 29.2270 us/op
WorkloadJitting  2: 16 op, 482148.00 ns, 30.1343 us/op

WorkloadPilot    1: 16 op, 7624.00 ns, 476.5000 ns/op
WorkloadPilot    2: 32 op, 10900.00 ns, 340.6250 ns/op
WorkloadPilot    3: 64 op, 17702.00 ns, 276.5938 ns/op
WorkloadPilot    4: 128 op, 32571.00 ns, 254.4609 ns/op
WorkloadPilot    5: 256 op, 59912.00 ns, 234.0313 ns/op
WorkloadPilot    6: 512 op, 114303.00 ns, 223.2480 ns/op
WorkloadPilot    7: 1024 op, 244426.00 ns, 238.6973 ns/op
WorkloadPilot    8: 2048 op, 460367.00 ns, 224.7886 ns/op
WorkloadPilot    9: 4096 op, 904445.00 ns, 220.8118 ns/op
WorkloadPilot   10: 8192 op, 1863842.00 ns, 227.5198 ns/op
WorkloadPilot   11: 16384 op, 3663384.00 ns, 223.5952 ns/op
WorkloadPilot   12: 32768 op, 7365891.00 ns, 224.7892 ns/op
WorkloadPilot   13: 65536 op, 14529265.00 ns, 221.6990 ns/op
WorkloadPilot   14: 131072 op, 33216468.00 ns, 253.4215 ns/op
WorkloadPilot   15: 262144 op, 57982157.00 ns, 221.1844 ns/op
WorkloadPilot   16: 524288 op, 115194268.00 ns, 219.7156 ns/op
WorkloadPilot   17: 1048576 op, 145215462.00 ns, 138.4883 ns/op
WorkloadPilot   18: 2097152 op, 39544224.00 ns, 18.8562 ns/op
WorkloadPilot   19: 4194304 op, 78878788.00 ns, 18.8062 ns/op
WorkloadPilot   20: 8388608 op, 158483037.00 ns, 18.8927 ns/op
WorkloadPilot   21: 16777216 op, 316693447.00 ns, 18.8764 ns/op
WorkloadPilot   22: 33554432 op, 632086363.00 ns, 18.8376 ns/op

OverheadWarmup   1: 33554432 op, 142546901.00 ns, 4.2482 ns/op
OverheadWarmup   2: 33554432 op, 149159449.00 ns, 4.4453 ns/op
OverheadWarmup   3: 33554432 op, 110919044.00 ns, 3.3056 ns/op
OverheadWarmup   4: 33554432 op, 110988614.00 ns, 3.3077 ns/op
OverheadWarmup   5: 33554432 op, 110975360.00 ns, 3.3073 ns/op

OverheadActual   1: 33554432 op, 110968036.00 ns, 3.3071 ns/op
OverheadActual   2: 33554432 op, 111057412.00 ns, 3.3098 ns/op
OverheadActual   3: 33554432 op, 111061179.00 ns, 3.3099 ns/op
OverheadActual   4: 33554432 op, 111183778.00 ns, 3.3135 ns/op
OverheadActual   5: 33554432 op, 111376447.00 ns, 3.3193 ns/op
OverheadActual   6: 33554432 op, 111372560.00 ns, 3.3192 ns/op
OverheadActual   7: 33554432 op, 110979097.00 ns, 3.3074 ns/op
OverheadActual   8: 33554432 op, 111426490.00 ns, 3.3208 ns/op
OverheadActual   9: 33554432 op, 110913174.00 ns, 3.3055 ns/op
OverheadActual  10: 33554432 op, 111078712.00 ns, 3.3104 ns/op
OverheadActual  11: 33554432 op, 111060899.00 ns, 3.3099 ns/op
OverheadActual  12: 33554432 op, 111145226.00 ns, 3.3124 ns/op
OverheadActual  13: 33554432 op, 111202683.00 ns, 3.3141 ns/op
OverheadActual  14: 33554432 op, 111273665.00 ns, 3.3162 ns/op
OverheadActual  15: 33554432 op, 111230185.00 ns, 3.3149 ns/op

WorkloadWarmup   1: 33554432 op, 637352837.00 ns, 18.9946 ns/op
WorkloadWarmup   2: 33554432 op, 634864041.00 ns, 18.9204 ns/op
WorkloadWarmup   3: 33554432 op, 633367854.00 ns, 18.8758 ns/op

// BeforeActualRun
WorkloadActual   1: 33554432 op, 632485680.00 ns, 18.8495 ns/op
WorkloadActual   2: 33554432 op, 633106497.00 ns, 18.8680 ns/op
WorkloadActual   3: 33554432 op, 632980362.00 ns, 18.8643 ns/op

// AfterActualRun
WorkloadResult   1: 33554432 op, 521340454.00 ns, 15.5372 ns/op
WorkloadResult   2: 33554432 op, 521961271.00 ns, 15.5557 ns/op
WorkloadResult   3: 33554432 op, 521835136.00 ns, 15.5519 ns/op
// GC:  0 0 0 0 33554432
// Threading:  0 0 33554432

// AfterAll
// Benchmark Process 5348 has exited with code 0.

Mean = 15.548 ns, StdErr = 0.006 ns (0.04%), N = 3, StdDev = 0.010 ns
Min = 15.537 ns, Q1 = 15.545 ns, Median = 15.552 ns, Q3 = 15.554 ns, Max = 15.556 ns
IQR = 0.009 ns, LowerFence = 15.531 ns, UpperFence = 15.568 ns
ConfidenceInterval = [15.370 ns; 15.727 ns] (CI 99.9%), Margin = 0.178 ns (1.15% of Mean)
Skewness = -0.32, Kurtosis = 0.67, MValue = 2

// ** Remained 6 (16.7 %) benchmark(s) to run. Estimated finish 2026-08-30 7:49 (0h 2m from now) **
// **************************
// Benchmark: MediatorBenchmarks.SendCommand_OneBehavior: ShortRun(IterationCount=3, LaunchCount=1, WarmupCount=3)
// *** Execute ***
// Launch: 1 / 1
// Execute: dotnet "EricksonLopez.Mediator.Benchmarks-.NET 10.0-1.dll" --anonymousPipes 107 108 --benchmarkName EricksonLopez.Mediator.Benchmarks.MediatorBenchmarks.SendCommand_OneBehavior --job ShortRun --benchmarkId 12 in /home/runner/work/dotnet-mediator/dotnet-mediator/benchmarks/EricksonLopez.Mediator.Benchmarks/bin/Release/net10.0/EricksonLopez.Mediator.Benchmarks-.NET 10.0-1/bin/Release/net10.0
// Failed to set up high priority (Permission denied). In order to run benchmarks with high priority, make sure you have the right permissions.
// BeforeAnythingElse

// Benchmark Process Environment Information:
// BenchmarkDotNet v0.15.8
// Runtime=.NET 10.0.11 (10.0.11, 10.0.1126.37416), X64 RyuJIT x86-64-v3
// GC=Concurrent Workstation
// HardwareIntrinsics=AVX2+BMI1+BMI2+F16C+FMA+LZCNT+MOVBE,AVX,SSE3+SSSE3+SSE4.1+SSE4.2+POPCNT,X86Base+SSE+SSE2,AES+PCLMUL VectorSize=256
// Job: ShortRun(IterationCount=3, LaunchCount=1, WarmupCount=3)

OverheadJitting  1: 1 op, 237683.00 ns, 237.6830 us/op
WorkloadJitting  1: 1 op, 2357863.00 ns, 2.3579 ms/op

OverheadJitting  2: 16 op, 461540.00 ns, 28.8463 us/op
WorkloadJitting  2: 16 op, 435281.00 ns, 27.2051 us/op

WorkloadPilot    1: 16 op, 12012.00 ns, 750.7500 ns/op
WorkloadPilot    2: 32 op, 19185.00 ns, 599.5313 ns/op
WorkloadPilot    3: 64 op, 32851.00 ns, 513.2969 ns/op
WorkloadPilot    4: 128 op, 61314.00 ns, 479.0156 ns/op
WorkloadPilot    5: 256 op, 113592.00 ns, 443.7188 ns/op
WorkloadPilot    6: 512 op, 224569.00 ns, 438.6113 ns/op
WorkloadPilot    7: 1024 op, 441844.00 ns, 431.4883 ns/op
WorkloadPilot    8: 2048 op, 896200.00 ns, 437.5977 ns/op
WorkloadPilot    9: 4096 op, 1847552.00 ns, 451.0625 ns/op
WorkloadPilot   10: 8192 op, 3649338.00 ns, 445.4758 ns/op
WorkloadPilot   11: 16384 op, 7247160.00 ns, 442.3315 ns/op
WorkloadPilot   12: 32768 op, 14511613.00 ns, 442.8593 ns/op
WorkloadPilot   13: 65536 op, 33672137.00 ns, 513.7960 ns/op
WorkloadPilot   14: 131072 op, 57637660.00 ns, 439.7404 ns/op
WorkloadPilot   15: 262144 op, 115235071.00 ns, 439.5869 ns/op
WorkloadPilot   16: 524288 op, 72224383.00 ns, 137.7571 ns/op
WorkloadPilot   17: 1048576 op, 53305931.00 ns, 50.8365 ns/op
WorkloadPilot   18: 2097152 op, 106156363.00 ns, 50.6193 ns/op
WorkloadPilot   19: 4194304 op, 212665121.00 ns, 50.7033 ns/op
WorkloadPilot   20: 8388608 op, 424871708.00 ns, 50.6487 ns/op
WorkloadPilot   21: 16777216 op, 850175299.00 ns, 50.6744 ns/op

OverheadWarmup   1: 16777216 op, 71327032.00 ns, 4.2514 ns/op
OverheadWarmup   2: 16777216 op, 71172885.00 ns, 4.2422 ns/op
OverheadWarmup   3: 16777216 op, 72401694.00 ns, 4.3155 ns/op
OverheadWarmup   4: 16777216 op, 56041176.00 ns, 3.3403 ns/op
OverheadWarmup   5: 16777216 op, 55559550.00 ns, 3.3116 ns/op
OverheadWarmup   6: 16777216 op, 55492705.00 ns, 3.3076 ns/op
OverheadWarmup   7: 16777216 op, 55558257.00 ns, 3.3115 ns/op
OverheadWarmup   8: 16777216 op, 55574828.00 ns, 3.3125 ns/op
OverheadWarmup   9: 16777216 op, 55473720.00 ns, 3.3065 ns/op

OverheadActual   1: 16777216 op, 55683501.00 ns, 3.3190 ns/op
OverheadActual   2: 16777216 op, 55599654.00 ns, 3.3140 ns/op
OverheadActual   3: 16777216 op, 55520527.00 ns, 3.3093 ns/op
OverheadActual   4: 16777216 op, 55798104.00 ns, 3.3258 ns/op
OverheadActual   5: 16777216 op, 55893401.00 ns, 3.3315 ns/op
OverheadActual   6: 16777216 op, 55473098.00 ns, 3.3065 ns/op
OverheadActual   7: 16777216 op, 55526337.00 ns, 3.3096 ns/op
OverheadActual   8: 16777216 op, 55754292.00 ns, 3.3232 ns/op
OverheadActual   9: 16777216 op, 55665506.00 ns, 3.3179 ns/op
OverheadActual  10: 16777216 op, 55559800.00 ns, 3.3116 ns/op
OverheadActual  11: 16777216 op, 55528451.00 ns, 3.3098 ns/op
OverheadActual  12: 16777216 op, 55529824.00 ns, 3.3098 ns/op
OverheadActual  13: 16777216 op, 56356313.00 ns, 3.3591 ns/op
OverheadActual  14: 16777216 op, 55663202.00 ns, 3.3178 ns/op
OverheadActual  15: 16777216 op, 55549090.00 ns, 3.3110 ns/op

WorkloadWarmup   1: 16777216 op, 850483236.00 ns, 50.6928 ns/op
WorkloadWarmup   2: 16777216 op, 851029725.00 ns, 50.7253 ns/op
WorkloadWarmup   3: 16777216 op, 855780163.00 ns, 51.0085 ns/op

// BeforeActualRun
WorkloadActual   1: 16777216 op, 850484297.00 ns, 50.6928 ns/op
WorkloadActual   2: 16777216 op, 850798814.00 ns, 50.7116 ns/op
WorkloadActual   3: 16777216 op, 851017251.00 ns, 50.7246 ns/op

// AfterActualRun
WorkloadResult   1: 16777216 op, 794884643.00 ns, 47.3788 ns/op
WorkloadResult   2: 16777216 op, 795199160.00 ns, 47.3976 ns/op
WorkloadResult   3: 16777216 op, 795417597.00 ns, 47.4106 ns/op
// GC:  0 0 0 0 16777216
// Threading:  0 0 16777216

// AfterAll
// Benchmark Process 5359 has exited with code 0.

Mean = 47.396 ns, StdErr = 0.009 ns (0.02%), N = 3, StdDev = 0.016 ns
Min = 47.379 ns, Q1 = 47.388 ns, Median = 47.398 ns, Q3 = 47.404 ns, Max = 47.411 ns
IQR = 0.016 ns, LowerFence = 47.364 ns, UpperFence = 47.428 ns
ConfidenceInterval = [47.104 ns; 47.687 ns] (CI 99.9%), Margin = 0.291 ns (0.61% of Mean)
Skewness = -0.12, Kurtosis = 0.67, MValue = 2

// ** Remained 5 (13.9 %) benchmark(s) to run. Estimated finish 2026-08-30 7:49 (0h 1m from now) **
// **************************
// Benchmark: MediatorBenchmarks.SendCommand_FiveBehaviors: ShortRun(IterationCount=3, LaunchCount=1, WarmupCount=3)
// *** Execute ***
// Launch: 1 / 1
// Execute: dotnet "EricksonLopez.Mediator.Benchmarks-.NET 10.0-1.dll" --anonymousPipes 107 108 --benchmarkName EricksonLopez.Mediator.Benchmarks.MediatorBenchmarks.SendCommand_FiveBehaviors --job ShortRun --benchmarkId 13 in /home/runner/work/dotnet-mediator/dotnet-mediator/benchmarks/EricksonLopez.Mediator.Benchmarks/bin/Release/net10.0/EricksonLopez.Mediator.Benchmarks-.NET 10.0-1/bin/Release/net10.0
// Failed to set up high priority (Permission denied). In order to run benchmarks with high priority, make sure you have the right permissions.
// BeforeAnythingElse

// Benchmark Process Environment Information:
// BenchmarkDotNet v0.15.8
// Runtime=.NET 10.0.11 (10.0.11, 10.0.1126.37416), X64 RyuJIT x86-64-v3
// GC=Concurrent Workstation
// HardwareIntrinsics=AVX2+BMI1+BMI2+F16C+FMA+LZCNT+MOVBE,AVX,SSE3+SSSE3+SSE4.1+SSE4.2+POPCNT,X86Base+SSE+SSE2,AES+PCLMUL VectorSize=256
// Job: ShortRun(IterationCount=3, LaunchCount=1, WarmupCount=3)

OverheadJitting  1: 1 op, 261267.00 ns, 261.2670 us/op
WorkloadJitting  1: 1 op, 4563191.00 ns, 4.5632 ms/op

OverheadJitting  2: 16 op, 441102.00 ns, 27.5689 us/op
WorkloadJitting  2: 16 op, 503949.00 ns, 31.4968 us/op

WorkloadPilot    1: 16 op, 31309.00 ns, 1.9568 us/op
WorkloadPilot    2: 32 op, 54672.00 ns, 1.7085 us/op
WorkloadPilot    3: 64 op, 111578.00 ns, 1.7434 us/op
WorkloadPilot    4: 128 op, 207346.00 ns, 1.6199 us/op
WorkloadPilot    5: 256 op, 400596.00 ns, 1.5648 us/op
WorkloadPilot    6: 512 op, 809699.00 ns, 1.5814 us/op
WorkloadPilot    7: 1024 op, 1628153.00 ns, 1.5900 us/op
WorkloadPilot    8: 2048 op, 3284789.00 ns, 1.6039 us/op
WorkloadPilot    9: 4096 op, 6423566.00 ns, 1.5683 us/op
WorkloadPilot   10: 8192 op, 12803361.00 ns, 1.5629 us/op
WorkloadPilot   11: 16384 op, 25389817.00 ns, 1.5497 us/op
WorkloadPilot   12: 32768 op, 50477783.00 ns, 1.5405 us/op
WorkloadPilot   13: 65536 op, 85822524.00 ns, 1.3095 us/op
WorkloadPilot   14: 131072 op, 29066296.00 ns, 221.7582 ns/op
WorkloadPilot   15: 262144 op, 42478582.00 ns, 162.0429 ns/op
WorkloadPilot   16: 524288 op, 84607852.00 ns, 161.3767 ns/op
WorkloadPilot   17: 1048576 op, 169419001.00 ns, 161.5705 ns/op
WorkloadPilot   18: 2097152 op, 339420917.00 ns, 161.8485 ns/op
WorkloadPilot   19: 4194304 op, 676964937.00 ns, 161.4010 ns/op

OverheadWarmup   1: 4194304 op, 17801261.00 ns, 4.2442 ns/op
OverheadWarmup   2: 4194304 op, 17866643.00 ns, 4.2597 ns/op
OverheadWarmup   3: 4194304 op, 17787085.00 ns, 4.2408 ns/op
OverheadWarmup   4: 4194304 op, 17772127.00 ns, 4.2372 ns/op
OverheadWarmup   5: 4194304 op, 17809797.00 ns, 4.2462 ns/op
OverheadWarmup   6: 4194304 op, 17821329.00 ns, 4.2489 ns/op
OverheadWarmup   7: 4194304 op, 17781744.00 ns, 4.2395 ns/op

OverheadActual   1: 4194304 op, 18131426.00 ns, 4.3229 ns/op
OverheadActual   2: 4194304 op, 17890477.00 ns, 4.2654 ns/op
OverheadActual   3: 4194304 op, 17790561.00 ns, 4.2416 ns/op
OverheadActual   4: 4194304 op, 17821929.00 ns, 4.2491 ns/op
OverheadActual   5: 4194304 op, 17801562.00 ns, 4.2442 ns/op
OverheadActual   6: 4194304 op, 17768880.00 ns, 4.2364 ns/op
OverheadActual   7: 4194304 op, 17856143.00 ns, 4.2572 ns/op
OverheadActual   8: 4194304 op, 17884927.00 ns, 4.2641 ns/op
OverheadActual   9: 4194304 op, 17790430.00 ns, 4.2416 ns/op
OverheadActual  10: 4194304 op, 17777046.00 ns, 4.2384 ns/op
OverheadActual  11: 4194304 op, 17875099.00 ns, 4.2618 ns/op
OverheadActual  12: 4194304 op, 17851635.00 ns, 4.2562 ns/op
OverheadActual  13: 4194304 op, 17806250.00 ns, 4.2453 ns/op
OverheadActual  14: 4194304 op, 17812582.00 ns, 4.2469 ns/op
OverheadActual  15: 4194304 op, 20069737.00 ns, 4.7850 ns/op

WorkloadWarmup   1: 4194304 op, 677558425.00 ns, 161.5425 ns/op
WorkloadWarmup   2: 4194304 op, 677434244.00 ns, 161.5129 ns/op
WorkloadWarmup   3: 4194304 op, 678124579.00 ns, 161.6775 ns/op

// BeforeActualRun
WorkloadActual   1: 4194304 op, 677550830.00 ns, 161.5407 ns/op
WorkloadActual   2: 4194304 op, 679921968.00 ns, 162.1060 ns/op
WorkloadActual   3: 4194304 op, 677687796.00 ns, 161.5734 ns/op

// AfterActualRun
WorkloadResult   1: 4194304 op, 659728901.00 ns, 157.2916 ns/op
WorkloadResult   2: 4194304 op, 662100039.00 ns, 157.8570 ns/op
WorkloadResult   3: 4194304 op, 659865867.00 ns, 157.3243 ns/op
// GC:  0 0 0 0 4194304
// Threading:  0 0 4194304

// AfterAll
// Benchmark Process 5370 has exited with code 0.

Mean = 157.491 ns, StdErr = 0.183 ns (0.12%), N = 3, StdDev = 0.317 ns
Min = 157.292 ns, Q1 = 157.308 ns, Median = 157.324 ns, Q3 = 157.591 ns, Max = 157.857 ns
IQR = 0.283 ns, LowerFence = 156.884 ns, UpperFence = 158.015 ns
ConfidenceInterval = [151.701 ns; 163.281 ns] (CI 99.9%), Margin = 5.790 ns (3.68% of Mean)
Skewness = 0.38, Kurtosis = 0.67, MValue = 2

// ** Remained 4 (11.1 %) benchmark(s) to run. Estimated finish 2026-08-30 7:49 (0h 1m from now) **
// **************************
// Benchmark: MediatorBenchmarks.PublishNotification_OneHandler: ShortRun(IterationCount=3, LaunchCount=1, WarmupCount=3)
// *** Execute ***
// Launch: 1 / 1
// Execute: dotnet "EricksonLopez.Mediator.Benchmarks-.NET 10.0-1.dll" --anonymousPipes 107 108 --benchmarkName EricksonLopez.Mediator.Benchmarks.MediatorBenchmarks.PublishNotification_OneHandler --job ShortRun --benchmarkId 14 in /home/runner/work/dotnet-mediator/dotnet-mediator/benchmarks/EricksonLopez.Mediator.Benchmarks/bin/Release/net10.0/EricksonLopez.Mediator.Benchmarks-.NET 10.0-1/bin/Release/net10.0
// Failed to set up high priority (Permission denied). In order to run benchmarks with high priority, make sure you have the right permissions.
// BeforeAnythingElse

// Benchmark Process Environment Information:
// BenchmarkDotNet v0.15.8
// Runtime=.NET 10.0.11 (10.0.11, 10.0.1126.37416), X64 RyuJIT x86-64-v3
// GC=Concurrent Workstation
// HardwareIntrinsics=AVX2+BMI1+BMI2+F16C+FMA+LZCNT+MOVBE,AVX,SSE3+SSSE3+SSE4.1+SSE4.2+POPCNT,X86Base+SSE+SSE2,AES+PCLMUL VectorSize=256
// Job: ShortRun(IterationCount=3, LaunchCount=1, WarmupCount=3)

OverheadJitting  1: 1 op, 192228.00 ns, 192.2280 us/op
WorkloadJitting  1: 1 op, 2729565.00 ns, 2.7296 ms/op

OverheadJitting  2: 16 op, 190545.00 ns, 11.9091 us/op
WorkloadJitting  2: 16 op, 1567340.00 ns, 97.9588 us/op

WorkloadPilot    1: 16 op, 119122.00 ns, 7.4451 us/op
WorkloadPilot    2: 32 op, 17172.00 ns, 536.6250 ns/op
WorkloadPilot    3: 64 op, 35957.00 ns, 561.8281 ns/op
WorkloadPilot    4: 128 op, 62337.00 ns, 487.0078 ns/op
WorkloadPilot    5: 256 op, 112570.00 ns, 439.7266 ns/op
WorkloadPilot    6: 512 op, 195053.00 ns, 380.9629 ns/op
WorkloadPilot    7: 1024 op, 402981.00 ns, 393.5361 ns/op
WorkloadPilot    8: 2048 op, 747042.00 ns, 364.7666 ns/op
WorkloadPilot    9: 4096 op, 1516155.00 ns, 370.1550 ns/op
WorkloadPilot   10: 8192 op, 3103381.00 ns, 378.8307 ns/op
WorkloadPilot   11: 16384 op, 6037667.00 ns, 368.5099 ns/op
WorkloadPilot   12: 32768 op, 12083620.00 ns, 368.7628 ns/op
WorkloadPilot   13: 65536 op, 23975092.00 ns, 365.8309 ns/op
WorkloadPilot   14: 131072 op, 48133956.00 ns, 367.2329 ns/op
WorkloadPilot   15: 262144 op, 86418543.00 ns, 329.6606 ns/op
WorkloadPilot   16: 524288 op, 25454278.00 ns, 48.5502 ns/op
WorkloadPilot   17: 1048576 op, 41901415.00 ns, 39.9603 ns/op
WorkloadPilot   18: 2097152 op, 83319148.00 ns, 39.7297 ns/op
WorkloadPilot   19: 4194304 op, 163885453.00 ns, 39.0733 ns/op
WorkloadPilot   20: 8388608 op, 325714023.00 ns, 38.8281 ns/op
WorkloadPilot   21: 16777216 op, 646348989.00 ns, 38.5254 ns/op

OverheadWarmup   1: 16777216 op, 37939985.00 ns, 2.2614 ns/op
OverheadWarmup   2: 16777216 op, 37958670.00 ns, 2.2625 ns/op
OverheadWarmup   3: 16777216 op, 42745047.00 ns, 2.5478 ns/op
OverheadWarmup   4: 16777216 op, 37922193.00 ns, 2.2603 ns/op
OverheadWarmup   5: 16777216 op, 37867100.00 ns, 2.2571 ns/op
OverheadWarmup   6: 16777216 op, 37851691.00 ns, 2.2561 ns/op
OverheadWarmup   7: 16777216 op, 37992734.00 ns, 2.2645 ns/op
OverheadWarmup   8: 16777216 op, 42591350.00 ns, 2.5386 ns/op
OverheadWarmup   9: 16777216 op, 27500448.00 ns, 1.6392 ns/op

OverheadActual   1: 16777216 op, 27421031.00 ns, 1.6344 ns/op
OverheadActual   2: 16777216 op, 27477406.00 ns, 1.6378 ns/op
OverheadActual   3: 16777216 op, 27454814.00 ns, 1.6364 ns/op
OverheadActual   4: 16777216 op, 27443643.00 ns, 1.6358 ns/op
OverheadActual   5: 16777216 op, 27386957.00 ns, 1.6324 ns/op
OverheadActual   6: 16777216 op, 27436409.00 ns, 1.6353 ns/op
OverheadActual   7: 16777216 op, 27388770.00 ns, 1.6325 ns/op
OverheadActual   8: 16777216 op, 27442741.00 ns, 1.6357 ns/op
OverheadActual   9: 16777216 op, 28957603.00 ns, 1.7260 ns/op
OverheadActual  10: 16777216 op, 34720528.00 ns, 2.0695 ns/op
OverheadActual  11: 16777216 op, 32251089.00 ns, 1.9223 ns/op
OverheadActual  12: 16777216 op, 27379383.00 ns, 1.6319 ns/op
OverheadActual  13: 16777216 op, 27400492.00 ns, 1.6332 ns/op
OverheadActual  14: 16777216 op, 27424688.00 ns, 1.6346 ns/op
OverheadActual  15: 16777216 op, 27422874.00 ns, 1.6345 ns/op

WorkloadWarmup   1: 16777216 op, 656549868.00 ns, 39.1334 ns/op
WorkloadWarmup   2: 16777216 op, 654443886.00 ns, 39.0079 ns/op
WorkloadWarmup   3: 16777216 op, 647791724.00 ns, 38.6114 ns/op

// BeforeActualRun
WorkloadActual   1: 16777216 op, 651935523.00 ns, 38.8584 ns/op
WorkloadActual   2: 16777216 op, 646589184.00 ns, 38.5397 ns/op
WorkloadActual   3: 16777216 op, 647312982.00 ns, 38.5829 ns/op

// AfterActualRun
WorkloadResult   1: 16777216 op, 624499114.00 ns, 37.2230 ns/op
WorkloadResult   2: 16777216 op, 619152775.00 ns, 36.9044 ns/op
WorkloadResult   3: 16777216 op, 619876573.00 ns, 36.9475 ns/op
// GC:  24 0 0 402653184 16777216
// Threading:  0 0 16777216

// AfterAll
// Benchmark Process 5381 has exited with code 0.

Mean = 37.025 ns, StdErr = 0.100 ns (0.27%), N = 3, StdDev = 0.173 ns
Min = 36.904 ns, Q1 = 36.926 ns, Median = 36.948 ns, Q3 = 37.085 ns, Max = 37.223 ns
IQR = 0.159 ns, LowerFence = 36.687 ns, UpperFence = 37.324 ns
ConfidenceInterval = [33.871 ns; 40.179 ns] (CI 99.9%), Margin = 3.154 ns (8.52% of Mean)
Skewness = 0.36, Kurtosis = 0.67, MValue = 2

// ** Remained 3 (8.3 %) benchmark(s) to run. Estimated finish 2026-08-30 7:49 (0h 0m from now) **
// **************************
// Benchmark: MediatorBenchmarks.PublishNotification_FiveHandlers: ShortRun(IterationCount=3, LaunchCount=1, WarmupCount=3)
// *** Execute ***
// Launch: 1 / 1
// Execute: dotnet "EricksonLopez.Mediator.Benchmarks-.NET 10.0-1.dll" --anonymousPipes 107 108 --benchmarkName EricksonLopez.Mediator.Benchmarks.MediatorBenchmarks.PublishNotification_FiveHandlers --job ShortRun --benchmarkId 15 in /home/runner/work/dotnet-mediator/dotnet-mediator/benchmarks/EricksonLopez.Mediator.Benchmarks/bin/Release/net10.0/EricksonLopez.Mediator.Benchmarks-.NET 10.0-1/bin/Release/net10.0
// Failed to set up high priority (Permission denied). In order to run benchmarks with high priority, make sure you have the right permissions.
// BeforeAnythingElse

// Benchmark Process Environment Information:
// BenchmarkDotNet v0.15.8
// Runtime=.NET 10.0.11 (10.0.11, 10.0.1126.37416), X64 RyuJIT x86-64-v3
// GC=Concurrent Workstation
// HardwareIntrinsics=AVX2+BMI1+BMI2+F16C+FMA+LZCNT+MOVBE,AVX,SSE3+SSSE3+SSE4.1+SSE4.2+POPCNT,X86Base+SSE+SSE2,AES+PCLMUL VectorSize=256
// Job: ShortRun(IterationCount=3, LaunchCount=1, WarmupCount=3)

OverheadJitting  1: 1 op, 192087.00 ns, 192.0870 us/op
WorkloadJitting  1: 1 op, 3162732.00 ns, 3.1627 ms/op

OverheadJitting  2: 16 op, 190494.00 ns, 11.9059 us/op
WorkloadJitting  2: 16 op, 2396535.00 ns, 149.7834 us/op

WorkloadPilot    1: 16 op, 299127.00 ns, 18.6954 us/op
WorkloadPilot    2: 32 op, 40065.00 ns, 1.2520 us/op
WorkloadPilot    3: 64 op, 81652.00 ns, 1.2758 us/op
WorkloadPilot    4: 128 op, 153045.00 ns, 1.1957 us/op
WorkloadPilot    5: 256 op, 289660.00 ns, 1.1315 us/op
WorkloadPilot    6: 512 op, 581714.00 ns, 1.1362 us/op
WorkloadPilot    7: 1024 op, 1170190.00 ns, 1.1428 us/op
WorkloadPilot    8: 2048 op, 2332174.00 ns, 1.1388 us/op
WorkloadPilot    9: 4096 op, 4523277.00 ns, 1.1043 us/op
WorkloadPilot   10: 8192 op, 9061380.00 ns, 1.1061 us/op
WorkloadPilot   11: 16384 op, 18175780.00 ns, 1.1094 us/op
WorkloadPilot   12: 32768 op, 36125255.00 ns, 1.1025 us/op
WorkloadPilot   13: 65536 op, 72117402.00 ns, 1.1004 us/op
WorkloadPilot   14: 131072 op, 62946418.00 ns, 480.2431 ns/op
WorkloadPilot   15: 262144 op, 52818782.00 ns, 201.4877 ns/op
WorkloadPilot   16: 524288 op, 103675880.00 ns, 197.7460 ns/op
WorkloadPilot   17: 1048576 op, 207795156.00 ns, 198.1689 ns/op
WorkloadPilot   18: 2097152 op, 413918779.00 ns, 197.3719 ns/op
WorkloadPilot   19: 4194304 op, 828626147.00 ns, 197.5599 ns/op

OverheadWarmup   1: 4194304 op, 9571170.00 ns, 2.2819 ns/op
OverheadWarmup   2: 4194304 op, 9538479.00 ns, 2.2742 ns/op
OverheadWarmup   3: 4194304 op, 9459671.00 ns, 2.2554 ns/op
OverheadWarmup   4: 4194304 op, 9467226.00 ns, 2.2572 ns/op
OverheadWarmup   5: 4194304 op, 9515286.00 ns, 2.2686 ns/op
OverheadWarmup   6: 4194304 op, 9477946.00 ns, 2.2597 ns/op
OverheadWarmup   7: 4194304 op, 9477415.00 ns, 2.2596 ns/op
OverheadWarmup   8: 4194304 op, 9465342.00 ns, 2.2567 ns/op
OverheadWarmup   9: 4194304 op, 9499756.00 ns, 2.2649 ns/op
OverheadWarmup  10: 4194304 op, 9475511.00 ns, 2.2591 ns/op

OverheadActual   1: 4194304 op, 9513071.00 ns, 2.2681 ns/op
OverheadActual   2: 4194304 op, 9523040.00 ns, 2.2705 ns/op
OverheadActual   3: 4194304 op, 9529973.00 ns, 2.2721 ns/op
OverheadActual   4: 4194304 op, 9489286.00 ns, 2.2624 ns/op
OverheadActual   5: 4194304 op, 9532637.00 ns, 2.2728 ns/op
OverheadActual   6: 4194304 op, 9498494.00 ns, 2.2646 ns/op
OverheadActual   7: 4194304 op, 9485209.00 ns, 2.2615 ns/op
OverheadActual   8: 4194304 op, 9473748.00 ns, 2.2587 ns/op
OverheadActual   9: 4194304 op, 9476052.00 ns, 2.2593 ns/op
OverheadActual  10: 4194304 op, 9553456.00 ns, 2.2777 ns/op
OverheadActual  11: 4194304 op, 9467556.00 ns, 2.2572 ns/op
OverheadActual  12: 4194304 op, 9477274.00 ns, 2.2596 ns/op
OverheadActual  13: 4194304 op, 9476372.00 ns, 2.2593 ns/op
OverheadActual  14: 4194304 op, 9465623.00 ns, 2.2568 ns/op
OverheadActual  15: 4194304 op, 9487503.00 ns, 2.2620 ns/op

WorkloadWarmup   1: 4194304 op, 837182957.00 ns, 199.6000 ns/op
WorkloadWarmup   2: 4194304 op, 842821902.00 ns, 200.9444 ns/op
WorkloadWarmup   3: 4194304 op, 834072362.00 ns, 198.8583 ns/op

// BeforeActualRun
WorkloadActual   1: 4194304 op, 837268927.00 ns, 199.6205 ns/op
WorkloadActual   2: 4194304 op, 838361140.00 ns, 199.8809 ns/op
WorkloadActual   3: 4194304 op, 837947083.00 ns, 199.7822 ns/op

// AfterActualRun
WorkloadResult   1: 4194304 op, 827781424.00 ns, 197.3585 ns/op
WorkloadResult   2: 4194304 op, 828873637.00 ns, 197.6189 ns/op
WorkloadResult   3: 4194304 op, 828459580.00 ns, 197.5202 ns/op
// GC:  30 0 0 503316480 4194304
// Threading:  0 0 4194304

// AfterAll
// Benchmark Process 5393 has exited with code 0.

Mean = 197.499 ns, StdErr = 0.076 ns (0.04%), N = 3, StdDev = 0.131 ns
Min = 197.358 ns, Q1 = 197.439 ns, Median = 197.520 ns, Q3 = 197.570 ns, Max = 197.619 ns
IQR = 0.130 ns, LowerFence = 197.244 ns, UpperFence = 197.765 ns
ConfidenceInterval = [195.101 ns; 199.898 ns] (CI 99.9%), Margin = 2.398 ns (1.21% of Mean)
Skewness = -0.16, Kurtosis = 0.67, MValue = 2

// ** Remained 2 (5.6 %) benchmark(s) to run. Estimated finish 2026-08-30 7:48 (0h 0m from now) **
// **************************
// Benchmark: MediatorBenchmarks.PublishNotification_Parallel: ShortRun(IterationCount=3, LaunchCount=1, WarmupCount=3)
// *** Execute ***
// Launch: 1 / 1
// Execute: dotnet "EricksonLopez.Mediator.Benchmarks-.NET 10.0-1.dll" --anonymousPipes 107 108 --benchmarkName EricksonLopez.Mediator.Benchmarks.MediatorBenchmarks.PublishNotification_Parallel --job ShortRun --benchmarkId 16 in /home/runner/work/dotnet-mediator/dotnet-mediator/benchmarks/EricksonLopez.Mediator.Benchmarks/bin/Release/net10.0/EricksonLopez.Mediator.Benchmarks-.NET 10.0-1/bin/Release/net10.0
// Failed to set up high priority (Permission denied). In order to run benchmarks with high priority, make sure you have the right permissions.
// BeforeAnythingElse

// Benchmark Process Environment Information:
// BenchmarkDotNet v0.15.8
// Runtime=.NET 10.0.11 (10.0.11, 10.0.1126.37416), X64 RyuJIT x86-64-v3
// GC=Concurrent Workstation
// HardwareIntrinsics=AVX2+BMI1+BMI2+F16C+FMA+LZCNT+MOVBE,AVX,SSE3+SSSE3+SSE4.1+SSE4.2+POPCNT,X86Base+SSE+SSE2,AES+PCLMUL VectorSize=256
// Job: ShortRun(IterationCount=3, LaunchCount=1, WarmupCount=3)

OverheadJitting  1: 1 op, 164867.00 ns, 164.8670 us/op
WorkloadJitting  1: 1 op, 3172169.00 ns, 3.1722 ms/op

OverheadJitting  2: 16 op, 191536.00 ns, 11.9710 us/op
WorkloadJitting  2: 16 op, 1933552.00 ns, 120.8470 us/op

WorkloadPilot    1: 16 op, 209019.00 ns, 13.0637 us/op
WorkloadPilot    2: 32 op, 41507.00 ns, 1.2971 us/op
WorkloadPilot    3: 64 op, 69700.00 ns, 1.0891 us/op
WorkloadPilot    4: 128 op, 120505.00 ns, 941.4453 ns/op
WorkloadPilot    5: 256 op, 233576.00 ns, 912.4063 ns/op
WorkloadPilot    6: 512 op, 448496.00 ns, 875.9688 ns/op
WorkloadPilot    7: 1024 op, 913582.00 ns, 892.1699 ns/op
WorkloadPilot    8: 2048 op, 1731265.00 ns, 845.3442 ns/op
WorkloadPilot    9: 4096 op, 3634050.00 ns, 887.2192 ns/op
WorkloadPilot   10: 8192 op, 7101629.00 ns, 866.8981 ns/op
WorkloadPilot   11: 16384 op, 14224257.00 ns, 868.1797 ns/op
WorkloadPilot   12: 32768 op, 28414912.00 ns, 867.1543 ns/op
WorkloadPilot   13: 65536 op, 57190746.00 ns, 872.6615 ns/op
WorkloadPilot   14: 131072 op, 87670575.00 ns, 668.8734 ns/op
WorkloadPilot   15: 262144 op, 50914585.00 ns, 194.2237 ns/op
WorkloadPilot   16: 524288 op, 103025308.00 ns, 196.5052 ns/op
WorkloadPilot   17: 1048576 op, 201120040.00 ns, 191.8030 ns/op
WorkloadPilot   18: 2097152 op, 404120622.00 ns, 192.6997 ns/op
WorkloadPilot   19: 4194304 op, 804307797.00 ns, 191.7619 ns/op

OverheadWarmup   1: 4194304 op, 9587390.00 ns, 2.2858 ns/op
OverheadWarmup   2: 4194304 op, 9516678.00 ns, 2.2690 ns/op
OverheadWarmup   3: 4194304 op, 9495849.00 ns, 2.2640 ns/op
OverheadWarmup   4: 4194304 op, 9484287.00 ns, 2.2612 ns/op
OverheadWarmup   5: 4194304 op, 9493194.00 ns, 2.2634 ns/op
OverheadWarmup   6: 4194304 op, 9531405.00 ns, 2.2725 ns/op
OverheadWarmup   7: 4194304 op, 9689830.00 ns, 2.3102 ns/op
OverheadWarmup   8: 4194304 op, 9504736.00 ns, 2.2661 ns/op
OverheadWarmup   9: 4194304 op, 9492292.00 ns, 2.2631 ns/op
OverheadWarmup  10: 4194304 op, 9489487.00 ns, 2.2625 ns/op

OverheadActual   1: 4194304 op, 9545441.00 ns, 2.2758 ns/op
OverheadActual   2: 4194304 op, 9498694.00 ns, 2.2647 ns/op
OverheadActual   3: 4194304 op, 9535663.00 ns, 2.2735 ns/op
OverheadActual   4: 4194304 op, 9637493.00 ns, 2.2978 ns/op
OverheadActual   5: 4194304 op, 9545782.00 ns, 2.2759 ns/op
OverheadActual   6: 4194304 op, 9493123.00 ns, 2.2633 ns/op
OverheadActual   7: 4194304 op, 9525163.00 ns, 2.2710 ns/op
OverheadActual   8: 4194304 op, 9475762.00 ns, 2.2592 ns/op
OverheadActual   9: 4194304 op, 9502201.00 ns, 2.2655 ns/op
OverheadActual  10: 4194304 op, 9487975.00 ns, 2.2621 ns/op
OverheadActual  11: 4194304 op, 9488395.00 ns, 2.2622 ns/op
OverheadActual  12: 4194304 op, 9495298.00 ns, 2.2639 ns/op
OverheadActual  13: 4194304 op, 9485209.00 ns, 2.2615 ns/op
OverheadActual  14: 4194304 op, 9483025.00 ns, 2.2609 ns/op
OverheadActual  15: 4194304 op, 9503794.00 ns, 2.2659 ns/op

WorkloadWarmup   1: 4194304 op, 814656573.00 ns, 194.2293 ns/op
WorkloadWarmup   2: 4194304 op, 810062786.00 ns, 193.1340 ns/op
WorkloadWarmup   3: 4194304 op, 804205956.00 ns, 191.7376 ns/op

// BeforeActualRun
WorkloadActual   1: 4194304 op, 806107448.00 ns, 192.1910 ns/op
WorkloadActual   2: 4194304 op, 807439179.00 ns, 192.5085 ns/op
WorkloadActual   3: 4194304 op, 808322123.00 ns, 192.7190 ns/op

// AfterActualRun
WorkloadResult   1: 4194304 op, 796608754.00 ns, 189.9263 ns/op
WorkloadResult   2: 4194304 op, 797940485.00 ns, 190.2438 ns/op
WorkloadResult   3: 4194304 op, 798823429.00 ns, 190.4543 ns/op
// GC:  48 0 0 805306368 4194304
// Threading:  0 0 4194304

// AfterAll
// Benchmark Process 5407 has exited with code 0.

Mean = 190.208 ns, StdErr = 0.153 ns (0.08%), N = 3, StdDev = 0.266 ns
Min = 189.926 ns, Q1 = 190.085 ns, Median = 190.244 ns, Q3 = 190.349 ns, Max = 190.454 ns
IQR = 0.264 ns, LowerFence = 189.689 ns, UpperFence = 190.745 ns
ConfidenceInterval = [185.359 ns; 195.058 ns] (CI 99.9%), Margin = 4.849 ns (2.55% of Mean)
Skewness = -0.13, Kurtosis = 0.67, MValue = 2

// ** Remained 1 (2.8 %) benchmark(s) to run. Estimated finish 2026-08-30 7:48 (0h 0m from now) **
// **************************
// Benchmark: MediatorBenchmarks.NestedSend: ShortRun(IterationCount=3, LaunchCount=1, WarmupCount=3)
// *** Execute ***
// Launch: 1 / 1
// Execute: dotnet "EricksonLopez.Mediator.Benchmarks-.NET 10.0-1.dll" --anonymousPipes 107 108 --benchmarkName EricksonLopez.Mediator.Benchmarks.MediatorBenchmarks.NestedSend --job ShortRun --benchmarkId 17 in /home/runner/work/dotnet-mediator/dotnet-mediator/benchmarks/EricksonLopez.Mediator.Benchmarks/bin/Release/net10.0/EricksonLopez.Mediator.Benchmarks-.NET 10.0-1/bin/Release/net10.0
// Failed to set up high priority (Permission denied). In order to run benchmarks with high priority, make sure you have the right permissions.
// BeforeAnythingElse

// Benchmark Process Environment Information:
// BenchmarkDotNet v0.15.8
// Runtime=.NET 10.0.11 (10.0.11, 10.0.1126.37416), X64 RyuJIT x86-64-v3
// GC=Concurrent Workstation
// HardwareIntrinsics=AVX2+BMI1+BMI2+F16C+FMA+LZCNT+MOVBE,AVX,SSE3+SSSE3+SSE4.1+SSE4.2+POPCNT,X86Base+SSE+SSE2,AES+PCLMUL VectorSize=256
// Job: ShortRun(IterationCount=3, LaunchCount=1, WarmupCount=3)

OverheadJitting  1: 1 op, 210442.00 ns, 210.4420 us/op
WorkloadJitting  1: 1 op, 2300696.00 ns, 2.3007 ms/op

OverheadJitting  2: 16 op, 486166.00 ns, 30.3854 us/op
WorkloadJitting  2: 16 op, 494542.00 ns, 30.9089 us/op

WorkloadPilot    1: 16 op, 22251.00 ns, 1.3907 us/op
WorkloadPilot    2: 32 op, 28954.00 ns, 904.8125 ns/op
WorkloadPilot    3: 64 op, 37670.00 ns, 588.5938 ns/op
WorkloadPilot    4: 128 op, 69840.00 ns, 545.6250 ns/op
WorkloadPilot    5: 256 op, 139580.00 ns, 545.2344 ns/op
WorkloadPilot    6: 512 op, 266236.00 ns, 519.9922 ns/op
WorkloadPilot    7: 1024 op, 559612.00 ns, 546.4961 ns/op
WorkloadPilot    8: 2048 op, 1097374.00 ns, 535.8271 ns/op
WorkloadPilot    9: 4096 op, 2139175.00 ns, 522.2595 ns/op
WorkloadPilot   10: 8192 op, 4258182.00 ns, 519.7976 ns/op
WorkloadPilot   11: 16384 op, 8320339.00 ns, 507.8332 ns/op
WorkloadPilot   12: 32768 op, 16759530.00 ns, 511.4603 ns/op
WorkloadPilot   13: 65536 op, 33559896.00 ns, 512.0834 ns/op
WorkloadPilot   14: 131072 op, 66787553.00 ns, 509.5486 ns/op
WorkloadPilot   15: 262144 op, 67961640.00 ns, 259.2531 ns/op
WorkloadPilot   16: 524288 op, 42229656.00 ns, 80.5467 ns/op
WorkloadPilot   17: 1048576 op, 77554350.00 ns, 73.9616 ns/op
WorkloadPilot   18: 2097152 op, 149869529.00 ns, 71.4634 ns/op
WorkloadPilot   19: 4194304 op, 299846678.00 ns, 71.4890 ns/op
WorkloadPilot   20: 8388608 op, 592539591.00 ns, 70.6362 ns/op

OverheadWarmup   1: 8388608 op, 35768250.00 ns, 4.2639 ns/op
OverheadWarmup   2: 8388608 op, 35755957.00 ns, 4.2624 ns/op
OverheadWarmup   3: 8388608 op, 35807352.00 ns, 4.2686 ns/op
OverheadWarmup   4: 8388608 op, 35765975.00 ns, 4.2636 ns/op
OverheadWarmup   5: 8388608 op, 35777596.00 ns, 4.2650 ns/op
OverheadWarmup   6: 8388608 op, 35862154.00 ns, 4.2751 ns/op
OverheadWarmup   7: 8388608 op, 35735749.00 ns, 4.2600 ns/op

OverheadActual   1: 8388608 op, 35769532.00 ns, 4.2641 ns/op
OverheadActual   2: 8388608 op, 35861864.00 ns, 4.2751 ns/op
OverheadActual   3: 8388608 op, 36253904.00 ns, 4.3218 ns/op
OverheadActual   4: 8388608 op, 35897880.00 ns, 4.2794 ns/op
OverheadActual   5: 8388608 op, 35848489.00 ns, 4.2735 ns/op
OverheadActual   6: 8388608 op, 35782476.00 ns, 4.2656 ns/op
OverheadActual   7: 8388608 op, 35743603.00 ns, 4.2610 ns/op
OverheadActual   8: 8388608 op, 35736671.00 ns, 4.2601 ns/op
OverheadActual   9: 8388608 op, 35850091.00 ns, 4.2737 ns/op
OverheadActual  10: 8388608 op, 38143554.00 ns, 4.5471 ns/op
OverheadActual  11: 8388608 op, 28053869.00 ns, 3.3443 ns/op
OverheadActual  12: 8388608 op, 27983037.00 ns, 3.3358 ns/op
OverheadActual  13: 8388608 op, 27940047.00 ns, 3.3307 ns/op
OverheadActual  14: 8388608 op, 28682280.00 ns, 3.4192 ns/op
OverheadActual  15: 8388608 op, 27959103.00 ns, 3.3330 ns/op
OverheadActual  16: 8388608 op, 27899561.00 ns, 3.3259 ns/op
OverheadActual  17: 8388608 op, 27920621.00 ns, 3.3284 ns/op
OverheadActual  18: 8388608 op, 27934376.00 ns, 3.3300 ns/op
OverheadActual  19: 8388608 op, 27898019.00 ns, 3.3257 ns/op
OverheadActual  20: 8388608 op, 28017622.00 ns, 3.3400 ns/op

WorkloadWarmup   1: 8388608 op, 601137883.00 ns, 71.6612 ns/op
WorkloadWarmup   2: 8388608 op, 598749806.00 ns, 71.3765 ns/op
WorkloadWarmup   3: 8388608 op, 590844258.00 ns, 70.4341 ns/op

// BeforeActualRun
WorkloadActual   1: 8388608 op, 593027674.00 ns, 70.6944 ns/op
WorkloadActual   2: 8388608 op, 598733274.00 ns, 71.3746 ns/op
WorkloadActual   3: 8388608 op, 590460554.00 ns, 70.3884 ns/op

// AfterActualRun
WorkloadResult   1: 8388608 op, 560818198.50 ns, 66.8547 ns/op
WorkloadResult   2: 8388608 op, 566523798.50 ns, 67.5349 ns/op
WorkloadResult   3: 8388608 op, 558251078.50 ns, 66.5487 ns/op
// GC:  12 0 0 201326592 8388608
// Threading:  0 0 8388608

// AfterAll
// Benchmark Process 5425 has exited with code 0.

Mean = 66.979 ns, StdErr = 0.291 ns (0.44%), N = 3, StdDev = 0.505 ns
Min = 66.549 ns, Q1 = 66.702 ns, Median = 66.855 ns, Q3 = 67.195 ns, Max = 67.535 ns
IQR = 0.493 ns, LowerFence = 65.962 ns, UpperFence = 67.934 ns
ConfidenceInterval = [57.770 ns; 76.189 ns] (CI 99.9%), Margin = 9.209 ns (13.75% of Mean)
Skewness = 0.23, Kurtosis = 0.67, MValue = 2

// ** Remained 0 (0.0 %) benchmark(s) to run. Estimated finish 2026-08-30 7:48 (0h 0m from now) **
// ***** BenchmarkRunner: Finish  *****

// * Export *
  benchmarks/results/results/EricksonLopez.Mediator.Benchmarks.MediatorBenchmarks-report.csv
  benchmarks/results/results/EricksonLopez.Mediator.Benchmarks.MediatorBenchmarks-report-github.md
  benchmarks/results/results/EricksonLopez.Mediator.Benchmarks.MediatorBenchmarks-report.html
  benchmarks/results/results/EricksonLopez.Mediator.Benchmarks.MediatorBenchmarks-report-full-compressed.json
  benchmarks/results/results/EricksonLopez.Mediator.Benchmarks.MediatorBenchmarks-report-default.md

// * Detailed results *
MediatorBenchmarks.DirectCall: .NET 10.0(Runtime=.NET 10.0, Toolchain=net10.0)
Runtime = .NET 10.0.11 (10.0.11, 10.0.1126.37416), X64 RyuJIT x86-64-v3; GC = Concurrent Workstation
Mean = 0.605 ns, StdErr = 0.002 ns (0.33%), N = 13, StdDev = 0.007 ns
Min = 0.597 ns, Q1 = 0.601 ns, Median = 0.605 ns, Q3 = 0.606 ns, Max = 0.622 ns
IQR = 0.005 ns, LowerFence = 0.594 ns, UpperFence = 0.613 ns
ConfidenceInterval = [0.597 ns; 0.614 ns] (CI 99.9%), Margin = 0.009 ns (1.42% of Mean)
Skewness = 1.18, Kurtosis = 3.33, MValue = 2
-------------------- Histogram --------------------
[0.596 ns ; 0.614 ns) | @@@@@@@@@@@
[0.614 ns ; 0.627 ns) | @@
---------------------------------------------------

MediatorBenchmarks.SendCommand_NoBehaviors: .NET 10.0(Runtime=.NET 10.0, Toolchain=net10.0)
Runtime = .NET 10.0.11 (10.0.11, 10.0.1126.37416), X64 RyuJIT x86-64-v3; GC = Concurrent Workstation
Mean = 20.337 ns, StdErr = 0.010 ns (0.05%), N = 14, StdDev = 0.037 ns
Min = 20.267 ns, Q1 = 20.315 ns, Median = 20.326 ns, Q3 = 20.358 ns, Max = 20.407 ns
IQR = 0.043 ns, LowerFence = 20.251 ns, UpperFence = 20.423 ns
ConfidenceInterval = [20.295 ns; 20.378 ns] (CI 99.9%), Margin = 0.042 ns (0.20% of Mean)
Skewness = 0.3, Kurtosis = 2.44, MValue = 2
-------------------- Histogram --------------------
[20.247 ns ; 20.428 ns) | @@@@@@@@@@@@@@
---------------------------------------------------

MediatorBenchmarks.SendQuery_NoBehaviors: .NET 10.0(Runtime=.NET 10.0, Toolchain=net10.0)
Runtime = .NET 10.0.11 (10.0.11, 10.0.1126.37416), X64 RyuJIT x86-64-v3; GC = Concurrent Workstation
Mean = 15.450 ns, StdErr = 0.010 ns (0.07%), N = 14, StdDev = 0.039 ns
Min = 15.389 ns, Q1 = 15.423 ns, Median = 15.444 ns, Q3 = 15.469 ns, Max = 15.517 ns
IQR = 0.046 ns, LowerFence = 15.353 ns, UpperFence = 15.538 ns
ConfidenceInterval = [15.406 ns; 15.493 ns] (CI 99.9%), Margin = 0.044 ns (0.28% of Mean)
Skewness = 0.3, Kurtosis = 1.9, MValue = 2
-------------------- Histogram --------------------
[15.368 ns ; 15.538 ns) | @@@@@@@@@@@@@@
---------------------------------------------------

MediatorBenchmarks.SendCommand_OneBehavior: .NET 10.0(Runtime=.NET 10.0, Toolchain=net10.0)
Runtime = .NET 10.0.11 (10.0.11, 10.0.1126.37416), X64 RyuJIT x86-64-v3; GC = Concurrent Workstation
Mean = 47.927 ns, StdErr = 0.029 ns (0.06%), N = 14, StdDev = 0.109 ns
Min = 47.795 ns, Q1 = 47.840 ns, Median = 47.894 ns, Q3 = 47.973 ns, Max = 48.135 ns
IQR = 0.134 ns, LowerFence = 47.639 ns, UpperFence = 48.174 ns
ConfidenceInterval = [47.804 ns; 48.050 ns] (CI 99.9%), Margin = 0.123 ns (0.26% of Mean)
Skewness = 0.7, Kurtosis = 2.14, MValue = 2
-------------------- Histogram --------------------
[47.735 ns ; 48.194 ns) | @@@@@@@@@@@@@@
---------------------------------------------------

MediatorBenchmarks.SendCommand_FiveBehaviors: .NET 10.0(Runtime=.NET 10.0, Toolchain=net10.0)
Runtime = .NET 10.0.11 (10.0.11, 10.0.1126.37416), X64 RyuJIT x86-64-v3; GC = Concurrent Workstation
Mean = 160.923 ns, StdErr = 0.061 ns (0.04%), N = 14, StdDev = 0.228 ns
Min = 160.673 ns, Q1 = 160.793 ns, Median = 160.825 ns, Q3 = 161.042 ns, Max = 161.429 ns
IQR = 0.248 ns, LowerFence = 160.421 ns, UpperFence = 161.414 ns
ConfidenceInterval = [160.666 ns; 161.180 ns] (CI 99.9%), Margin = 0.257 ns (0.16% of Mean)
Skewness = 0.85, Kurtosis = 2.39, MValue = 2
-------------------- Histogram --------------------
[160.549 ns ; 161.553 ns) | @@@@@@@@@@@@@@
---------------------------------------------------

MediatorBenchmarks.PublishNotification_OneHandler: .NET 10.0(Runtime=.NET 10.0, Toolchain=net10.0)
Runtime = .NET 10.0.11 (10.0.11, 10.0.1126.37416), X64 RyuJIT x86-64-v3; GC = Concurrent Workstation
Mean = 43.402 ns, StdErr = 0.027 ns (0.06%), N = 13, StdDev = 0.099 ns
Min = 43.251 ns, Q1 = 43.339 ns, Median = 43.411 ns, Q3 = 43.456 ns, Max = 43.623 ns
IQR = 0.117 ns, LowerFence = 43.164 ns, UpperFence = 43.632 ns
ConfidenceInterval = [43.284 ns; 43.520 ns] (CI 99.9%), Margin = 0.118 ns (0.27% of Mean)
Skewness = 0.43, Kurtosis = 2.69, MValue = 2
-------------------- Histogram --------------------
[43.196 ns ; 43.678 ns) | @@@@@@@@@@@@@
---------------------------------------------------

MediatorBenchmarks.PublishNotification_FiveHandlers: .NET 10.0(Runtime=.NET 10.0, Toolchain=net10.0)
Runtime = .NET 10.0.11 (10.0.11, 10.0.1126.37416), X64 RyuJIT x86-64-v3; GC = Concurrent Workstation
Mean = 197.399 ns, StdErr = 0.111 ns (0.06%), N = 14, StdDev = 0.414 ns
Min = 196.543 ns, Q1 = 197.191 ns, Median = 197.466 ns, Q3 = 197.604 ns, Max = 198.183 ns
IQR = 0.413 ns, LowerFence = 196.571 ns, UpperFence = 198.224 ns
ConfidenceInterval = [196.932 ns; 197.866 ns] (CI 99.9%), Margin = 0.467 ns (0.24% of Mean)
Skewness = -0.29, Kurtosis = 2.6, MValue = 2
-------------------- Histogram --------------------
[196.318 ns ; 198.408 ns) | @@@@@@@@@@@@@@
---------------------------------------------------

MediatorBenchmarks.PublishNotification_Parallel: .NET 10.0(Runtime=.NET 10.0, Toolchain=net10.0)
Runtime = .NET 10.0.11 (10.0.11, 10.0.1126.37416), X64 RyuJIT x86-64-v3; GC = Concurrent Workstation
Mean = 179.106 ns, StdErr = 0.131 ns (0.07%), N = 15, StdDev = 0.509 ns
Min = 178.290 ns, Q1 = 178.794 ns, Median = 179.135 ns, Q3 = 179.429 ns, Max = 180.250 ns
IQR = 0.635 ns, LowerFence = 177.842 ns, UpperFence = 180.382 ns
ConfidenceInterval = [178.562 ns; 179.650 ns] (CI 99.9%), Margin = 0.544 ns (0.30% of Mean)
Skewness = 0.28, Kurtosis = 2.65, MValue = 2
-------------------- Histogram --------------------
[178.019 ns ; 180.521 ns) | @@@@@@@@@@@@@@@
---------------------------------------------------

MediatorBenchmarks.NestedSend: .NET 10.0(Runtime=.NET 10.0, Toolchain=net10.0)
Runtime = .NET 10.0.11 (10.0.11, 10.0.1126.37416), X64 RyuJIT x86-64-v3; GC = Concurrent Workstation
Mean = 68.291 ns, StdErr = 0.022 ns (0.03%), N = 13, StdDev = 0.080 ns
Min = 68.120 ns, Q1 = 68.254 ns, Median = 68.314 ns, Q3 = 68.345 ns, Max = 68.412 ns
IQR = 0.092 ns, LowerFence = 68.116 ns, UpperFence = 68.483 ns
ConfidenceInterval = [68.195 ns; 68.387 ns] (CI 99.9%), Margin = 0.096 ns (0.14% of Mean)
Skewness = -0.6, Kurtosis = 2.46, MValue = 2
-------------------- Histogram --------------------
[68.075 ns ; 68.457 ns) | @@@@@@@@@@@@@
---------------------------------------------------

MediatorBenchmarks.DirectCall: .NET 8.0(Runtime=.NET 8.0, Toolchain=net8.0)
Runtime = .NET 8.0.30 (8.0.30, 8.0.3026.36720), X64 RyuJIT x86-64-v3; GC = Concurrent Workstation
Mean = 0.291 ns, StdErr = 0.001 ns (0.49%), N = 14, StdDev = 0.005 ns
Min = 0.284 ns, Q1 = 0.286 ns, Median = 0.289 ns, Q3 = 0.292 ns, Max = 0.302 ns
IQR = 0.006 ns, LowerFence = 0.277 ns, UpperFence = 0.301 ns
ConfidenceInterval = [0.285 ns; 0.297 ns] (CI 99.9%), Margin = 0.006 ns (2.08% of Mean)
Skewness = 0.72, Kurtosis = 2.21, MValue = 2
-------------------- Histogram --------------------
[0.281 ns ; 0.291 ns) | @@@@@@@@@
[0.291 ns ; 0.303 ns) | @@@@@
---------------------------------------------------

MediatorBenchmarks.SendCommand_NoBehaviors: .NET 8.0(Runtime=.NET 8.0, Toolchain=net8.0)
Runtime = .NET 8.0.30 (8.0.30, 8.0.3026.36720), X64 RyuJIT x86-64-v3; GC = Concurrent Workstation
Mean = 27.324 ns, StdErr = 0.011 ns (0.04%), N = 13, StdDev = 0.038 ns
Min = 27.273 ns, Q1 = 27.295 ns, Median = 27.327 ns, Q3 = 27.341 ns, Max = 27.401 ns
IQR = 0.046 ns, LowerFence = 27.225 ns, UpperFence = 27.411 ns
ConfidenceInterval = [27.278 ns; 27.370 ns] (CI 99.9%), Margin = 0.046 ns (0.17% of Mean)
Skewness = 0.38, Kurtosis = 2.1, MValue = 2
-------------------- Histogram --------------------
[27.251 ns ; 27.422 ns) | @@@@@@@@@@@@@
---------------------------------------------------

MediatorBenchmarks.SendQuery_NoBehaviors: .NET 8.0(Runtime=.NET 8.0, Toolchain=net8.0)
Runtime = .NET 8.0.30 (8.0.30, 8.0.3026.36720), X64 RyuJIT x86-64-v3; GC = Concurrent Workstation
Mean = 24.745 ns, StdErr = 0.006 ns (0.02%), N = 13, StdDev = 0.021 ns
Min = 24.720 ns, Q1 = 24.727 ns, Median = 24.740 ns, Q3 = 24.763 ns, Max = 24.790 ns
IQR = 0.036 ns, LowerFence = 24.673 ns, UpperFence = 24.817 ns
ConfidenceInterval = [24.719 ns; 24.770 ns] (CI 99.9%), Margin = 0.026 ns (0.10% of Mean)
Skewness = 0.61, Kurtosis = 2.18, MValue = 2
-------------------- Histogram --------------------
[24.708 ns ; 24.802 ns) | @@@@@@@@@@@@@
---------------------------------------------------

MediatorBenchmarks.SendCommand_OneBehavior: .NET 8.0(Runtime=.NET 8.0, Toolchain=net8.0)
Runtime = .NET 8.0.30 (8.0.30, 8.0.3026.36720), X64 RyuJIT x86-64-v3; GC = Concurrent Workstation
Mean = 56.551 ns, StdErr = 0.040 ns (0.07%), N = 14, StdDev = 0.150 ns
Min = 56.368 ns, Q1 = 56.464 ns, Median = 56.524 ns, Q3 = 56.629 ns, Max = 56.918 ns
IQR = 0.165 ns, LowerFence = 56.217 ns, UpperFence = 56.876 ns
ConfidenceInterval = [56.381 ns; 56.720 ns] (CI 99.9%), Margin = 0.170 ns (0.30% of Mean)
Skewness = 0.87, Kurtosis = 3.05, MValue = 2
-------------------- Histogram --------------------
[56.286 ns ; 57.000 ns) | @@@@@@@@@@@@@@
---------------------------------------------------

MediatorBenchmarks.SendCommand_FiveBehaviors: .NET 8.0(Runtime=.NET 8.0, Toolchain=net8.0)
Runtime = .NET 8.0.30 (8.0.30, 8.0.3026.36720), X64 RyuJIT x86-64-v3; GC = Concurrent Workstation
Mean = 267.931 ns, StdErr = 0.078 ns (0.03%), N = 13, StdDev = 0.282 ns
Min = 267.352 ns, Q1 = 267.797 ns, Median = 267.938 ns, Q3 = 268.132 ns, Max = 268.334 ns
IQR = 0.335 ns, LowerFence = 267.294 ns, UpperFence = 268.635 ns
ConfidenceInterval = [267.593 ns; 268.269 ns] (CI 99.9%), Margin = 0.338 ns (0.13% of Mean)
Skewness = -0.24, Kurtosis = 2.19, MValue = 2
-------------------- Histogram --------------------
[267.195 ns ; 268.492 ns) | @@@@@@@@@@@@@
---------------------------------------------------

MediatorBenchmarks.PublishNotification_OneHandler: .NET 8.0(Runtime=.NET 8.0, Toolchain=net8.0)
Runtime = .NET 8.0.30 (8.0.30, 8.0.3026.36720), X64 RyuJIT x86-64-v3; GC = Concurrent Workstation
Mean = 57.985 ns, StdErr = 0.052 ns (0.09%), N = 15, StdDev = 0.203 ns
Min = 57.689 ns, Q1 = 57.839 ns, Median = 57.981 ns, Q3 = 58.070 ns, Max = 58.414 ns
IQR = 0.231 ns, LowerFence = 57.493 ns, UpperFence = 58.416 ns
ConfidenceInterval = [57.768 ns; 58.202 ns] (CI 99.9%), Margin = 0.217 ns (0.37% of Mean)
Skewness = 0.49, Kurtosis = 2.23, MValue = 2
-------------------- Histogram --------------------
[57.580 ns ; 58.523 ns) | @@@@@@@@@@@@@@@
---------------------------------------------------

MediatorBenchmarks.PublishNotification_FiveHandlers: .NET 8.0(Runtime=.NET 8.0, Toolchain=net8.0)
Runtime = .NET 8.0.30 (8.0.30, 8.0.3026.36720), X64 RyuJIT x86-64-v3; GC = Concurrent Workstation
Mean = 228.369 ns, StdErr = 0.165 ns (0.07%), N = 13, StdDev = 0.595 ns
Min = 227.428 ns, Q1 = 227.764 ns, Median = 228.668 ns, Q3 = 228.806 ns, Max = 229.068 ns
IQR = 1.042 ns, LowerFence = 226.200 ns, UpperFence = 230.370 ns
ConfidenceInterval = [227.656 ns; 229.081 ns] (CI 99.9%), Margin = 0.712 ns (0.31% of Mean)
Skewness = -0.43, Kurtosis = 1.36, MValue = 2
-------------------- Histogram --------------------
[227.096 ns ; 229.400 ns) | @@@@@@@@@@@@@
---------------------------------------------------

MediatorBenchmarks.PublishNotification_Parallel: .NET 8.0(Runtime=.NET 8.0, Toolchain=net8.0)
Runtime = .NET 8.0.30 (8.0.30, 8.0.3026.36720), X64 RyuJIT x86-64-v3; GC = Concurrent Workstation
Mean = 209.489 ns, StdErr = 0.155 ns (0.07%), N = 14, StdDev = 0.580 ns
Min = 208.354 ns, Q1 = 209.289 ns, Median = 209.668 ns, Q3 = 209.831 ns, Max = 210.213 ns
IQR = 0.543 ns, LowerFence = 208.475 ns, UpperFence = 210.645 ns
ConfidenceInterval = [208.834 ns; 210.143 ns] (CI 99.9%), Margin = 0.654 ns (0.31% of Mean)
Skewness = -0.64, Kurtosis = 2.09, MValue = 2
-------------------- Histogram --------------------
[208.038 ns ; 210.529 ns) | @@@@@@@@@@@@@@
---------------------------------------------------

MediatorBenchmarks.NestedSend: .NET 8.0(Runtime=.NET 8.0, Toolchain=net8.0)
Runtime = .NET 8.0.30 (8.0.30, 8.0.3026.36720), X64 RyuJIT x86-64-v3; GC = Concurrent Workstation
Mean = 93.632 ns, StdErr = 0.040 ns (0.04%), N = 15, StdDev = 0.155 ns
Min = 93.422 ns, Q1 = 93.527 ns, Median = 93.560 ns, Q3 = 93.746 ns, Max = 93.914 ns
IQR = 0.219 ns, LowerFence = 93.198 ns, UpperFence = 94.075 ns
ConfidenceInterval = [93.466 ns; 93.798 ns] (CI 99.9%), Margin = 0.166 ns (0.18% of Mean)
Skewness = 0.34, Kurtosis = 1.58, MValue = 2
-------------------- Histogram --------------------
[93.339 ns ; 93.997 ns) | @@@@@@@@@@@@@@@
---------------------------------------------------

MediatorBenchmarks.DirectCall: .NET 9.0(Runtime=.NET 9.0, Toolchain=net9.0)
Runtime = .NET 9.0.19 (9.0.19, 9.0.1926.36724), X64 RyuJIT x86-64-v3; GC = Concurrent Workstation
Mean = 0.333 ns, StdErr = 0.001 ns (0.41%), N = 14, StdDev = 0.005 ns
Min = 0.327 ns, Q1 = 0.330 ns, Median = 0.333 ns, Q3 = 0.334 ns, Max = 0.344 ns
IQR = 0.005 ns, LowerFence = 0.323 ns, UpperFence = 0.341 ns
ConfidenceInterval = [0.328 ns; 0.339 ns] (CI 99.9%), Margin = 0.006 ns (1.73% of Mean)
Skewness = 0.5, Kurtosis = 2.19, MValue = 2
-------------------- Histogram --------------------
[0.324 ns ; 0.335 ns) | @@@@@@@@@@@
[0.335 ns ; 0.345 ns) | @@@
---------------------------------------------------

MediatorBenchmarks.SendCommand_NoBehaviors: .NET 9.0(Runtime=.NET 9.0, Toolchain=net9.0)
Runtime = .NET 9.0.19 (9.0.19, 9.0.1926.36724), X64 RyuJIT x86-64-v3; GC = Concurrent Workstation
Mean = 26.304 ns, StdErr = 0.015 ns (0.06%), N = 13, StdDev = 0.054 ns
Min = 26.252 ns, Q1 = 26.267 ns, Median = 26.293 ns, Q3 = 26.322 ns, Max = 26.445 ns
IQR = 0.056 ns, LowerFence = 26.183 ns, UpperFence = 26.406 ns
ConfidenceInterval = [26.240 ns; 26.369 ns] (CI 99.9%), Margin = 0.064 ns (0.25% of Mean)
Skewness = 1.3, Kurtosis = 3.96, MValue = 2
-------------------- Histogram --------------------
[26.222 ns ; 26.475 ns) | @@@@@@@@@@@@@
---------------------------------------------------

MediatorBenchmarks.SendQuery_NoBehaviors: .NET 9.0(Runtime=.NET 9.0, Toolchain=net9.0)
Runtime = .NET 9.0.19 (9.0.19, 9.0.1926.36724), X64 RyuJIT x86-64-v3; GC = Concurrent Workstation
Mean = 18.910 ns, StdErr = 0.003 ns (0.02%), N = 13, StdDev = 0.011 ns
Min = 18.888 ns, Q1 = 18.903 ns, Median = 18.911 ns, Q3 = 18.918 ns, Max = 18.930 ns
IQR = 0.015 ns, LowerFence = 18.880 ns, UpperFence = 18.940 ns
ConfidenceInterval = [18.896 ns; 18.923 ns] (CI 99.9%), Margin = 0.014 ns (0.07% of Mean)
Skewness = -0.08, Kurtosis = 2.1, MValue = 2
-------------------- Histogram --------------------
[18.882 ns ; 18.936 ns) | @@@@@@@@@@@@@
---------------------------------------------------

MediatorBenchmarks.SendCommand_OneBehavior: .NET 9.0(Runtime=.NET 9.0, Toolchain=net9.0)
Runtime = .NET 9.0.19 (9.0.19, 9.0.1926.36724), X64 RyuJIT x86-64-v3; GC = Concurrent Workstation
Mean = 45.612 ns, StdErr = 0.013 ns (0.03%), N = 13, StdDev = 0.047 ns
Min = 45.527 ns, Q1 = 45.581 ns, Median = 45.601 ns, Q3 = 45.626 ns, Max = 45.694 ns
IQR = 0.045 ns, LowerFence = 45.513 ns, UpperFence = 45.695 ns
ConfidenceInterval = [45.556 ns; 45.669 ns] (CI 99.9%), Margin = 0.056 ns (0.12% of Mean)
Skewness = 0.23, Kurtosis = 2.11, MValue = 2
-------------------- Histogram --------------------
[45.501 ns ; 45.721 ns) | @@@@@@@@@@@@@
---------------------------------------------------

MediatorBenchmarks.SendCommand_FiveBehaviors: .NET 9.0(Runtime=.NET 9.0, Toolchain=net9.0)
Runtime = .NET 9.0.19 (9.0.19, 9.0.1926.36724), X64 RyuJIT x86-64-v3; GC = Concurrent Workstation
Mean = 225.905 ns, StdErr = 0.040 ns (0.02%), N = 14, StdDev = 0.149 ns
Min = 225.716 ns, Q1 = 225.789 ns, Median = 225.875 ns, Q3 = 225.982 ns, Max = 226.198 ns
IQR = 0.193 ns, LowerFence = 225.500 ns, UpperFence = 226.272 ns
ConfidenceInterval = [225.736 ns; 226.073 ns] (CI 99.9%), Margin = 0.168 ns (0.07% of Mean)
Skewness = 0.39, Kurtosis = 1.9, MValue = 2
-------------------- Histogram --------------------
[225.634 ns ; 226.279 ns) | @@@@@@@@@@@@@@
---------------------------------------------------

MediatorBenchmarks.PublishNotification_OneHandler: .NET 9.0(Runtime=.NET 9.0, Toolchain=net9.0)
Runtime = .NET 9.0.19 (9.0.19, 9.0.1926.36724), X64 RyuJIT x86-64-v3; GC = Concurrent Workstation
Mean = 54.957 ns, StdErr = 0.061 ns (0.11%), N = 15, StdDev = 0.236 ns
Min = 54.662 ns, Q1 = 54.800 ns, Median = 54.882 ns, Q3 = 55.088 ns, Max = 55.478 ns
IQR = 0.289 ns, LowerFence = 54.367 ns, UpperFence = 55.521 ns
ConfidenceInterval = [54.705 ns; 55.209 ns] (CI 99.9%), Margin = 0.252 ns (0.46% of Mean)
Skewness = 0.69, Kurtosis = 2.31, MValue = 2
-------------------- Histogram --------------------
[54.536 ns ; 55.604 ns) | @@@@@@@@@@@@@@@
---------------------------------------------------

MediatorBenchmarks.PublishNotification_FiveHandlers: .NET 9.0(Runtime=.NET 9.0, Toolchain=net9.0)
Runtime = .NET 9.0.19 (9.0.19, 9.0.1926.36724), X64 RyuJIT x86-64-v3; GC = Concurrent Workstation
Mean = 211.050 ns, StdErr = 0.039 ns (0.02%), N = 12, StdDev = 0.136 ns
Min = 210.715 ns, Q1 = 210.990 ns, Median = 211.091 ns, Q3 = 211.139 ns, Max = 211.229 ns
IQR = 0.150 ns, LowerFence = 210.766 ns, UpperFence = 211.364 ns
ConfidenceInterval = [210.877 ns; 211.224 ns] (CI 99.9%), Margin = 0.174 ns (0.08% of Mean)
Skewness = -1.03, Kurtosis = 3.48, MValue = 2
-------------------- Histogram --------------------
[210.637 ns ; 211.307 ns) | @@@@@@@@@@@@
---------------------------------------------------

MediatorBenchmarks.PublishNotification_Parallel: .NET 9.0(Runtime=.NET 9.0, Toolchain=net9.0)
Runtime = .NET 9.0.19 (9.0.19, 9.0.1926.36724), X64 RyuJIT x86-64-v3; GC = Concurrent Workstation
Mean = 196.515 ns, StdErr = 0.207 ns (0.11%), N = 13, StdDev = 0.748 ns
Min = 195.499 ns, Q1 = 196.049 ns, Median = 196.596 ns, Q3 = 196.796 ns, Max = 198.281 ns
IQR = 0.747 ns, LowerFence = 194.929 ns, UpperFence = 197.917 ns
ConfidenceInterval = [195.619 ns; 197.410 ns] (CI 99.9%), Margin = 0.896 ns (0.46% of Mean)
Skewness = 0.65, Kurtosis = 3.06, MValue = 2
-------------------- Histogram --------------------
[195.082 ns ; 198.698 ns) | @@@@@@@@@@@@@
---------------------------------------------------

MediatorBenchmarks.NestedSend: .NET 9.0(Runtime=.NET 9.0, Toolchain=net9.0)
Runtime = .NET 9.0.19 (9.0.19, 9.0.1926.36724), X64 RyuJIT x86-64-v3; GC = Concurrent Workstation
Mean = 80.105 ns, StdErr = 0.048 ns (0.06%), N = 14, StdDev = 0.181 ns
Min = 79.876 ns, Q1 = 79.966 ns, Median = 80.040 ns, Q3 = 80.270 ns, Max = 80.412 ns
IQR = 0.304 ns, LowerFence = 79.509 ns, UpperFence = 80.727 ns
ConfidenceInterval = [79.901 ns; 80.310 ns] (CI 99.9%), Margin = 0.205 ns (0.26% of Mean)
Skewness = 0.46, Kurtosis = 1.57, MValue = 2
-------------------- Histogram --------------------
[79.777 ns ; 80.511 ns) | @@@@@@@@@@@@@@
---------------------------------------------------

MediatorBenchmarks.DirectCall: ShortRun(IterationCount=3, LaunchCount=1, WarmupCount=3)
Runtime = .NET 10.0.11 (10.0.11, 10.0.1126.37416), X64 RyuJIT x86-64-v3; GC = Concurrent Workstation
Mean = 0.293 ns, StdErr = 0.003 ns (0.86%), N = 3, StdDev = 0.004 ns
Min = 0.288 ns, Q1 = 0.291 ns, Median = 0.294 ns, Q3 = 0.295 ns, Max = 0.297 ns
IQR = 0.004 ns, LowerFence = 0.285 ns, UpperFence = 0.302 ns
ConfidenceInterval = [0.214 ns; 0.372 ns] (CI 99.9%), Margin = 0.079 ns (27.04% of Mean)
Skewness = -0.17, Kurtosis = 0.67, MValue = 2
-------------------- Histogram --------------------
[0.284 ns ; 0.291 ns) | @
[0.291 ns ; 0.299 ns) | @@
---------------------------------------------------

MediatorBenchmarks.SendCommand_NoBehaviors: ShortRun(IterationCount=3, LaunchCount=1, WarmupCount=3)
Runtime = .NET 10.0.11 (10.0.11, 10.0.1126.37416), X64 RyuJIT x86-64-v3; GC = Concurrent Workstation
Mean = 21.753 ns, StdErr = 0.129 ns (0.60%), N = 3, StdDev = 0.224 ns
Min = 21.518 ns, Q1 = 21.648 ns, Median = 21.779 ns, Q3 = 21.871 ns, Max = 21.964 ns
IQR = 0.223 ns, LowerFence = 21.314 ns, UpperFence = 22.206 ns
ConfidenceInterval = [17.663 ns; 25.844 ns] (CI 99.9%), Margin = 4.090 ns (18.80% of Mean)
Skewness = -0.11, Kurtosis = 0.67, MValue = 2
-------------------- Histogram --------------------
[21.314 ns ; 22.090 ns) | @@@
---------------------------------------------------

MediatorBenchmarks.SendQuery_NoBehaviors: ShortRun(IterationCount=3, LaunchCount=1, WarmupCount=3)
Runtime = .NET 10.0.11 (10.0.11, 10.0.1126.37416), X64 RyuJIT x86-64-v3; GC = Concurrent Workstation
Mean = 15.548 ns, StdErr = 0.006 ns (0.04%), N = 3, StdDev = 0.010 ns
Min = 15.537 ns, Q1 = 15.545 ns, Median = 15.552 ns, Q3 = 15.554 ns, Max = 15.556 ns
IQR = 0.009 ns, LowerFence = 15.531 ns, UpperFence = 15.568 ns
ConfidenceInterval = [15.370 ns; 15.727 ns] (CI 99.9%), Margin = 0.178 ns (1.15% of Mean)
Skewness = -0.32, Kurtosis = 0.67, MValue = 2
-------------------- Histogram --------------------
[15.528 ns ; 15.565 ns) | @@@
---------------------------------------------------

MediatorBenchmarks.SendCommand_OneBehavior: ShortRun(IterationCount=3, LaunchCount=1, WarmupCount=3)
Runtime = .NET 10.0.11 (10.0.11, 10.0.1126.37416), X64 RyuJIT x86-64-v3; GC = Concurrent Workstation
Mean = 47.396 ns, StdErr = 0.009 ns (0.02%), N = 3, StdDev = 0.016 ns
Min = 47.379 ns, Q1 = 47.388 ns, Median = 47.398 ns, Q3 = 47.404 ns, Max = 47.411 ns
IQR = 0.016 ns, LowerFence = 47.364 ns, UpperFence = 47.428 ns
ConfidenceInterval = [47.104 ns; 47.687 ns] (CI 99.9%), Margin = 0.291 ns (0.61% of Mean)
Skewness = -0.12, Kurtosis = 0.67, MValue = 2
-------------------- Histogram --------------------
[47.364 ns ; 47.425 ns) | @@@
---------------------------------------------------

MediatorBenchmarks.SendCommand_FiveBehaviors: ShortRun(IterationCount=3, LaunchCount=1, WarmupCount=3)
Runtime = .NET 10.0.11 (10.0.11, 10.0.1126.37416), X64 RyuJIT x86-64-v3; GC = Concurrent Workstation
Mean = 157.491 ns, StdErr = 0.183 ns (0.12%), N = 3, StdDev = 0.317 ns
Min = 157.292 ns, Q1 = 157.308 ns, Median = 157.324 ns, Q3 = 157.591 ns, Max = 157.857 ns
IQR = 0.283 ns, LowerFence = 156.884 ns, UpperFence = 158.015 ns
ConfidenceInterval = [151.701 ns; 163.281 ns] (CI 99.9%), Margin = 5.790 ns (3.68% of Mean)
Skewness = 0.38, Kurtosis = 0.67, MValue = 2
-------------------- Histogram --------------------
[157.285 ns ; 157.863 ns) | @@@
---------------------------------------------------

MediatorBenchmarks.PublishNotification_OneHandler: ShortRun(IterationCount=3, LaunchCount=1, WarmupCount=3)
Runtime = .NET 10.0.11 (10.0.11, 10.0.1126.37416), X64 RyuJIT x86-64-v3; GC = Concurrent Workstation
Mean = 37.025 ns, StdErr = 0.100 ns (0.27%), N = 3, StdDev = 0.173 ns
Min = 36.904 ns, Q1 = 36.926 ns, Median = 36.948 ns, Q3 = 37.085 ns, Max = 37.223 ns
IQR = 0.159 ns, LowerFence = 36.687 ns, UpperFence = 37.324 ns
ConfidenceInterval = [33.871 ns; 40.179 ns] (CI 99.9%), Margin = 3.154 ns (8.52% of Mean)
Skewness = 0.36, Kurtosis = 0.67, MValue = 2
-------------------- Histogram --------------------
[36.747 ns ; 37.380 ns) | @@@
---------------------------------------------------

MediatorBenchmarks.PublishNotification_FiveHandlers: ShortRun(IterationCount=3, LaunchCount=1, WarmupCount=3)
Runtime = .NET 10.0.11 (10.0.11, 10.0.1126.37416), X64 RyuJIT x86-64-v3; GC = Concurrent Workstation
Mean = 197.499 ns, StdErr = 0.076 ns (0.04%), N = 3, StdDev = 0.131 ns
Min = 197.358 ns, Q1 = 197.439 ns, Median = 197.520 ns, Q3 = 197.570 ns, Max = 197.619 ns
IQR = 0.130 ns, LowerFence = 197.244 ns, UpperFence = 197.765 ns
ConfidenceInterval = [195.101 ns; 199.898 ns] (CI 99.9%), Margin = 2.398 ns (1.21% of Mean)
Skewness = -0.16, Kurtosis = 0.67, MValue = 2
-------------------- Histogram --------------------
[197.239 ns ; 197.739 ns) | @@@
---------------------------------------------------

MediatorBenchmarks.PublishNotification_Parallel: ShortRun(IterationCount=3, LaunchCount=1, WarmupCount=3)
Runtime = .NET 10.0.11 (10.0.11, 10.0.1126.37416), X64 RyuJIT x86-64-v3; GC = Concurrent Workstation
Mean = 190.208 ns, StdErr = 0.153 ns (0.08%), N = 3, StdDev = 0.266 ns
Min = 189.926 ns, Q1 = 190.085 ns, Median = 190.244 ns, Q3 = 190.349 ns, Max = 190.454 ns
IQR = 0.264 ns, LowerFence = 189.689 ns, UpperFence = 190.745 ns
ConfidenceInterval = [185.359 ns; 195.058 ns] (CI 99.9%), Margin = 4.849 ns (2.55% of Mean)
Skewness = -0.13, Kurtosis = 0.67, MValue = 2
-------------------- Histogram --------------------
[189.684 ns ; 190.696 ns) | @@@
---------------------------------------------------

MediatorBenchmarks.NestedSend: ShortRun(IterationCount=3, LaunchCount=1, WarmupCount=3)
Runtime = .NET 10.0.11 (10.0.11, 10.0.1126.37416), X64 RyuJIT x86-64-v3; GC = Concurrent Workstation
Mean = 66.979 ns, StdErr = 0.291 ns (0.44%), N = 3, StdDev = 0.505 ns
Min = 66.549 ns, Q1 = 66.702 ns, Median = 66.855 ns, Q3 = 67.195 ns, Max = 67.535 ns
IQR = 0.493 ns, LowerFence = 65.962 ns, UpperFence = 67.934 ns
ConfidenceInterval = [57.770 ns; 76.189 ns] (CI 99.9%), Margin = 9.209 ns (13.75% of Mean)
Skewness = 0.23, Kurtosis = 0.67, MValue = 2
-------------------- Histogram --------------------
[66.089 ns ; 67.994 ns) | @@@
---------------------------------------------------

// * Summary *

BenchmarkDotNet v0.15.8, Linux Ubuntu 24.04.4 LTS (Noble Numbat)
AMD EPYC 7763 2.45GHz, 1 CPU, 4 logical and 2 physical cores
.NET SDK 10.0.400
  [Host]    : .NET 10.0.11 (10.0.11, 10.0.1126.37416), X64 RyuJIT x86-64-v3
  .NET 10.0 : .NET 10.0.11 (10.0.11, 10.0.1126.37416), X64 RyuJIT x86-64-v3
  .NET 8.0  : .NET 8.0.30 (8.0.30, 8.0.3026.36720), X64 RyuJIT x86-64-v3
  .NET 9.0  : .NET 9.0.19 (9.0.19, 9.0.1926.36724), X64 RyuJIT x86-64-v3
  ShortRun  : .NET 10.0.11 (10.0.11, 10.0.1126.37416), X64 RyuJIT x86-64-v3


| Method                           | Job       | Runtime   | IterationCount | LaunchCount | WarmupCount | Mean        | Error     | StdDev    | Ratio  | RatioSD | Gen0   | Allocated | Alloc Ratio |
|--------------------------------- |---------- |---------- |--------------- |------------ |------------ |------------:|----------:|----------:|-------:|--------:|-------:|----------:|------------:|
| DirectCall                       | .NET 10.0 | .NET 10.0 | Default        | Default     | Default     |   0.6053 ns | 0.0086 ns | 0.0072 ns |   2.08 |    0.04 |      - |         - |          NA |
| SendCommand_NoBehaviors          | .NET 10.0 | .NET 10.0 | Default        | Default     | Default     |  20.3367 ns | 0.0415 ns | 0.0368 ns |  70.01 |    1.24 |      - |         - |          NA |
| SendQuery_NoBehaviors            | .NET 10.0 | .NET 10.0 | Default        | Default     | Default     |  15.4495 ns | 0.0438 ns | 0.0388 ns |  53.19 |    0.95 |      - |         - |          NA |
| SendCommand_OneBehavior          | .NET 10.0 | .NET 10.0 | Default        | Default     | Default     |  47.9271 ns | 0.1232 ns | 0.1092 ns | 164.99 |    2.93 |      - |         - |          NA |
| SendCommand_FiveBehaviors        | .NET 10.0 | .NET 10.0 | Default        | Default     | Default     | 160.9231 ns | 0.2566 ns | 0.2275 ns | 553.98 |    9.78 |      - |         - |          NA |
| PublishNotification_OneHandler   | .NET 10.0 | .NET 10.0 | Default        | Default     | Default     |  43.4019 ns | 0.1181 ns | 0.0986 ns | 149.41 |    2.65 | 0.0014 |      24 B |          NA |
| PublishNotification_FiveHandlers | .NET 10.0 | .NET 10.0 | Default        | Default     | Default     | 197.3988 ns | 0.4671 ns | 0.4141 ns | 679.55 |   12.04 | 0.0072 |     120 B |          NA |
| PublishNotification_Parallel     | .NET 10.0 | .NET 10.0 | Default        | Default     | Default     | 179.1060 ns | 0.5443 ns | 0.5091 ns | 616.57 |   10.99 | 0.0114 |     192 B |          NA |
| NestedSend                       | .NET 10.0 | .NET 10.0 | Default        | Default     | Default     |  68.2914 ns | 0.0960 ns | 0.0802 ns | 235.09 |    4.15 | 0.0014 |      24 B |          NA |
| DirectCall                       | .NET 8.0  | .NET 8.0  | Default        | Default     | Default     |   0.2906 ns | 0.0061 ns | 0.0054 ns |   1.00 |    0.03 |      - |         - |          NA |
| SendCommand_NoBehaviors          | .NET 8.0  | .NET 8.0  | Default        | Default     | Default     |  27.3242 ns | 0.0458 ns | 0.0382 ns |  94.06 |    1.66 |      - |         - |          NA |
| SendQuery_NoBehaviors            | .NET 8.0  | .NET 8.0  | Default        | Default     | Default     |  24.7446 ns | 0.0256 ns | 0.0214 ns |  85.18 |    1.50 |      - |         - |          NA |
| SendCommand_OneBehavior          | .NET 8.0  | .NET 8.0  | Default        | Default     | Default     |  56.5505 ns | 0.1697 ns | 0.1505 ns | 194.68 |    3.46 |      - |         - |          NA |
| SendCommand_FiveBehaviors        | .NET 8.0  | .NET 8.0  | Default        | Default     | Default     | 267.9308 ns | 0.3381 ns | 0.2823 ns | 922.35 |   16.27 |      - |         - |          NA |
| PublishNotification_OneHandler   | .NET 8.0  | .NET 8.0  | Default        | Default     | Default     |  57.9847 ns | 0.2172 ns | 0.2031 ns | 199.61 |    3.58 | 0.0014 |      24 B |          NA |
| PublishNotification_FiveHandlers | .NET 8.0  | .NET 8.0  | Default        | Default     | Default     | 228.3686 ns | 0.7122 ns | 0.5947 ns | 786.16 |   13.98 | 0.0072 |     120 B |          NA |
| PublishNotification_Parallel     | .NET 8.0  | .NET 8.0  | Default        | Default     | Default     | 209.4885 ns | 0.6541 ns | 0.5799 ns | 721.17 |   12.84 | 0.0119 |     200 B |          NA |
| NestedSend                       | .NET 8.0  | .NET 8.0  | Default        | Default     | Default     |  93.6316 ns | 0.1661 ns | 0.1554 ns | 322.33 |    5.70 | 0.0014 |      24 B |          NA |
| DirectCall                       | .NET 9.0  | .NET 9.0  | Default        | Default     | Default     |   0.3333 ns | 0.0058 ns | 0.0051 ns |   1.15 |    0.03 |      - |         - |          NA |
| SendCommand_NoBehaviors          | .NET 9.0  | .NET 9.0  | Default        | Default     | Default     |  26.3041 ns | 0.0645 ns | 0.0538 ns |  90.55 |    1.60 |      - |         - |          NA |
| SendQuery_NoBehaviors            | .NET 9.0  | .NET 9.0  | Default        | Default     | Default     |  18.9097 ns | 0.0136 ns | 0.0114 ns |  65.10 |    1.15 |      - |         - |          NA |
| SendCommand_OneBehavior          | .NET 9.0  | .NET 9.0  | Default        | Default     | Default     |  45.6123 ns | 0.0563 ns | 0.0470 ns | 157.02 |    2.77 |      - |         - |          NA |
| SendCommand_FiveBehaviors        | .NET 9.0  | .NET 9.0  | Default        | Default     | Default     | 225.9047 ns | 0.1683 ns | 0.1492 ns | 777.68 |   13.70 |      - |         - |          NA |
| PublishNotification_OneHandler   | .NET 9.0  | .NET 9.0  | Default        | Default     | Default     |  54.9572 ns | 0.2523 ns | 0.2360 ns | 189.19 |    3.42 | 0.0014 |      24 B |          NA |
| PublishNotification_FiveHandlers | .NET 9.0  | .NET 9.0  | Default        | Default     | Default     | 211.0503 ns | 0.1737 ns | 0.1356 ns | 726.54 |   12.80 | 0.0072 |     120 B |          NA |
| PublishNotification_Parallel     | .NET 9.0  | .NET 9.0  | Default        | Default     | Default     | 196.5146 ns | 0.8955 ns | 0.7478 ns | 676.50 |   12.17 | 0.0114 |     192 B |          NA |
| NestedSend                       | .NET 9.0  | .NET 9.0  | Default        | Default     | Default     |  80.1054 ns | 0.2046 ns | 0.1814 ns | 275.76 |    4.89 | 0.0014 |      24 B |          NA |
| DirectCall                       | ShortRun  | .NET 10.0 | 3              | 1           | 3           |   0.2931 ns | 0.0793 ns | 0.0043 ns |   1.01 |    0.02 |      - |         - |          NA |
| SendCommand_NoBehaviors          | ShortRun  | .NET 10.0 | 3              | 1           | 3           |  21.7535 ns | 4.0905 ns | 0.2242 ns |  74.89 |    1.48 |      - |         - |          NA |
| SendQuery_NoBehaviors            | ShortRun  | .NET 10.0 | 3              | 1           | 3           |  15.5482 ns | 0.1784 ns | 0.0098 ns |  53.52 |    0.95 |      - |         - |          NA |
| SendCommand_OneBehavior          | ShortRun  | .NET 10.0 | 3              | 1           | 3           |  47.3957 ns | 0.2913 ns | 0.0160 ns | 163.16 |    2.90 |      - |         - |          NA |
| SendCommand_FiveBehaviors        | ShortRun  | .NET 10.0 | 3              | 1           | 3           | 157.4910 ns | 5.7902 ns | 0.3174 ns | 542.16 |    9.68 |      - |         - |          NA |
| PublishNotification_OneHandler   | ShortRun  | .NET 10.0 | 3              | 1           | 3           |  37.0250 ns | 3.1540 ns | 0.1729 ns | 127.46 |    2.32 | 0.0014 |      24 B |          NA |
| PublishNotification_FiveHandlers | ShortRun  | .NET 10.0 | 3              | 1           | 3           | 197.4992 ns | 2.3984 ns | 0.1315 ns | 679.89 |   12.09 | 0.0072 |     120 B |          NA |
| PublishNotification_Parallel     | ShortRun  | .NET 10.0 | 3              | 1           | 3           | 190.2082 ns | 4.8494 ns | 0.2658 ns | 654.79 |   11.66 | 0.0114 |     192 B |          NA |
| NestedSend                       | ShortRun  | .NET 10.0 | 3              | 1           | 3           |  66.9795 ns | 9.2091 ns | 0.5048 ns | 230.58 |    4.34 | 0.0014 |      24 B |          NA |

// * Warnings *
ZeroMeasurement
  MediatorBenchmarks.DirectCall: ShortRun -> The method duration is indistinguishable from the empty method duration

// * Hints *
Outliers
  MediatorBenchmarks.DirectCall: .NET 10.0                       -> 2 outliers were removed (3.96 ns, 3.97 ns)
  MediatorBenchmarks.SendCommand_NoBehaviors: .NET 10.0          -> 1 outlier  was  removed (24.06 ns)
  MediatorBenchmarks.SendQuery_NoBehaviors: .NET 10.0            -> 1 outlier  was  removed (18.91 ns)
  MediatorBenchmarks.SendCommand_OneBehavior: .NET 10.0          -> 1 outlier  was  removed (51.71 ns)
  MediatorBenchmarks.SendCommand_FiveBehaviors: .NET 10.0        -> 1 outlier  was  removed (166.60 ns)
  MediatorBenchmarks.PublishNotification_OneHandler: .NET 10.0   -> 2 outliers were removed (45.88 ns, 46.00 ns)
  MediatorBenchmarks.PublishNotification_FiveHandlers: .NET 10.0 -> 1 outlier  was  removed, 2 outliers were detected (198.80 ns, 201.80 ns)
  MediatorBenchmarks.NestedSend: .NET 10.0                       -> 2 outliers were removed (72.42 ns, 72.44 ns)
  MediatorBenchmarks.DirectCall: .NET 8.0                        -> 1 outlier  was  removed (4.00 ns)
  MediatorBenchmarks.SendCommand_NoBehaviors: .NET 8.0           -> 2 outliers were removed (31.15 ns, 31.29 ns)
  MediatorBenchmarks.SendQuery_NoBehaviors: .NET 8.0             -> 2 outliers were removed (28.45 ns, 28.48 ns)
  MediatorBenchmarks.SendCommand_OneBehavior: .NET 8.0           -> 1 outlier  was  removed (61.65 ns)
  MediatorBenchmarks.SendCommand_FiveBehaviors: .NET 8.0         -> 2 outliers were removed (273.59 ns, 274.09 ns)
  MediatorBenchmarks.PublishNotification_FiveHandlers: .NET 8.0  -> 2 outliers were removed (232.66 ns, 233.42 ns)
  MediatorBenchmarks.PublishNotification_Parallel: .NET 8.0      -> 1 outlier  was  removed, 2 outliers were detected (210.62 ns, 213.50 ns)
  MediatorBenchmarks.DirectCall: .NET 9.0                        -> 1 outlier  was  removed (3.97 ns)
  MediatorBenchmarks.SendCommand_NoBehaviors: .NET 9.0           -> 2 outliers were removed (30.12 ns, 30.34 ns)
  MediatorBenchmarks.SendQuery_NoBehaviors: .NET 9.0             -> 2 outliers were removed (22.60 ns, 22.65 ns)
  MediatorBenchmarks.SendCommand_OneBehavior: .NET 9.0           -> 2 outliers were removed (49.53 ns, 49.89 ns)
  MediatorBenchmarks.SendCommand_FiveBehaviors: .NET 9.0         -> 1 outlier  was  removed (230.93 ns)
  MediatorBenchmarks.PublishNotification_FiveHandlers: .NET 9.0  -> 3 outliers were removed (214.13 ns..215.35 ns)
  MediatorBenchmarks.PublishNotification_Parallel: .NET 9.0      -> 2 outliers were removed (201.26 ns, 201.91 ns)
  MediatorBenchmarks.NestedSend: .NET 9.0                        -> 1 outlier  was  removed (84.93 ns)

// * Legends *
  Mean        : Arithmetic mean of all measurements
  Error       : Half of 99.9% confidence interval
  StdDev      : Standard deviation of all measurements
  Ratio       : Mean of the ratio distribution ([Current]/[Baseline])
  RatioSD     : Standard deviation of the ratio distribution ([Current]/[Baseline])
  Gen0        : GC Generation 0 collects per 1000 operations
  Allocated   : Allocated memory per single operation (managed only, inclusive, 1KB = 1024B)
  Alloc Ratio : Allocated memory ratio distribution ([Current]/[Baseline])
  1 ns        : 1 Nanosecond (0.000000001 sec)

// * Diagnostic Output - MemoryDiagnoser *


// ***** BenchmarkRunner: End *****
Run time: 00:11:19 (679.48 sec), executed benchmarks: 36

Global total time: 00:11:56 (716.23 sec), executed benchmarks: 36
// * Artifacts cleanup *
Artifacts cleanup is finished
