// Validating benchmarks:
//    * Job(ShortRun) doesn't have a Runtime characteristic. It's recommended to specify runtime by using WithRuntime explicitly.

// ***** BenchmarkRunner: Start   *****
// ***** Found 36 benchmark(s) in total *****
// ***** Building 3 exe(s) in Parallel: Start   *****
// ***** Done, took 00:00:32 (32.65 sec)   *****
// Found 36 benchmarks:
//   MediatorBenchmarks.DirectCall: .NET 10.0(Runtime=.NET 10.0, Toolchain=net10.0)
//   MediatorBenchmarks.SendCommand_NoBehaviors: .NET 10.0(Runtime=.NET 10.0, Toolchain=net10.0)
//   MediatorBenchmarks.SendQuery_NoBehaviors: .NET 10.0(Runtime=.NET 10.0, Toolchain=net10.0)
//   MediatorBenchmarks.SendCommand_OneBehavior: .NET 10.0(Runtime=.NET 10.0, Toolchain=net10.0)
//   MediatorBenchmarks.SendCommand_FiveBehaviors: .NET 10.0(Runtime=.NET 10.0, Toolchain=net10.0)
//   MediatorBenchmarks.PublishNotification_OneHandler: .NET 10.0(Runtime=.NET 10.0, Toolchain=net10.0)
//   MediatorBenchmarks.PublishNotification_FiveHandlers: .NET 10.0(Runtime=.NET 10.0, Toolchain=net10.0)
//   MediatorBenchmarks.PublishNotification_Parallel: .NET 10.0(Runtime=.NET 10.0, Toolchain=net10.0)
//   MediatorBenchmarks.NestedSend: .NET 10.0(Runtime=.NET 10.0, Toolchain=net10.0)
//   MediatorBenchmarks.DirectCall: .NET 8.0(Runtime=.NET 8.0, Toolchain=net8.0)
//   MediatorBenchmarks.SendCommand_NoBehaviors: .NET 8.0(Runtime=.NET 8.0, Toolchain=net8.0)
//   MediatorBenchmarks.SendQuery_NoBehaviors: .NET 8.0(Runtime=.NET 8.0, Toolchain=net8.0)
//   MediatorBenchmarks.SendCommand_OneBehavior: .NET 8.0(Runtime=.NET 8.0, Toolchain=net8.0)
//   MediatorBenchmarks.SendCommand_FiveBehaviors: .NET 8.0(Runtime=.NET 8.0, Toolchain=net8.0)
//   MediatorBenchmarks.PublishNotification_OneHandler: .NET 8.0(Runtime=.NET 8.0, Toolchain=net8.0)
//   MediatorBenchmarks.PublishNotification_FiveHandlers: .NET 8.0(Runtime=.NET 8.0, Toolchain=net8.0)
//   MediatorBenchmarks.PublishNotification_Parallel: .NET 8.0(Runtime=.NET 8.0, Toolchain=net8.0)
//   MediatorBenchmarks.NestedSend: .NET 8.0(Runtime=.NET 8.0, Toolchain=net8.0)
//   MediatorBenchmarks.DirectCall: .NET 9.0(Runtime=.NET 9.0, Toolchain=net9.0)
//   MediatorBenchmarks.SendCommand_NoBehaviors: .NET 9.0(Runtime=.NET 9.0, Toolchain=net9.0)
//   MediatorBenchmarks.SendQuery_NoBehaviors: .NET 9.0(Runtime=.NET 9.0, Toolchain=net9.0)
//   MediatorBenchmarks.SendCommand_OneBehavior: .NET 9.0(Runtime=.NET 9.0, Toolchain=net9.0)
//   MediatorBenchmarks.SendCommand_FiveBehaviors: .NET 9.0(Runtime=.NET 9.0, Toolchain=net9.0)
//   MediatorBenchmarks.PublishNotification_OneHandler: .NET 9.0(Runtime=.NET 9.0, Toolchain=net9.0)
//   MediatorBenchmarks.PublishNotification_FiveHandlers: .NET 9.0(Runtime=.NET 9.0, Toolchain=net9.0)
//   MediatorBenchmarks.PublishNotification_Parallel: .NET 9.0(Runtime=.NET 9.0, Toolchain=net9.0)
//   MediatorBenchmarks.NestedSend: .NET 9.0(Runtime=.NET 9.0, Toolchain=net9.0)
//   MediatorBenchmarks.DirectCall: ShortRun(IterationCount=3, LaunchCount=1, WarmupCount=3)
//   MediatorBenchmarks.SendCommand_NoBehaviors: ShortRun(IterationCount=3, LaunchCount=1, WarmupCount=3)
//   MediatorBenchmarks.SendQuery_NoBehaviors: ShortRun(IterationCount=3, LaunchCount=1, WarmupCount=3)
//   MediatorBenchmarks.SendCommand_OneBehavior: ShortRun(IterationCount=3, LaunchCount=1, WarmupCount=3)
//   MediatorBenchmarks.SendCommand_FiveBehaviors: ShortRun(IterationCount=3, LaunchCount=1, WarmupCount=3)
//   MediatorBenchmarks.PublishNotification_OneHandler: ShortRun(IterationCount=3, LaunchCount=1, WarmupCount=3)
//   MediatorBenchmarks.PublishNotification_FiveHandlers: ShortRun(IterationCount=3, LaunchCount=1, WarmupCount=3)
//   MediatorBenchmarks.PublishNotification_Parallel: ShortRun(IterationCount=3, LaunchCount=1, WarmupCount=3)
//   MediatorBenchmarks.NestedSend: ShortRun(IterationCount=3, LaunchCount=1, WarmupCount=3)

// **************************
// Benchmark: MediatorBenchmarks.DirectCall: .NET 10.0(Runtime=.NET 10.0, Toolchain=net10.0)
// *** Execute ***
// Launch: 1 / 1
// Execute: dotnet "EricksonLopez.Mediator.Benchmarks-.NET 10.0-1.dll" --anonymousPipes 167 169 --benchmarkName EricksonLopez.Mediator.Benchmarks.MediatorBenchmarks.DirectCall --job ".NET 10.0" --benchmarkId 0 in /home/runner/work/dotnet-mediator/dotnet-mediator/benchmarks/EricksonLopez.Mediator.Benchmarks/bin/Release/net10.0/EricksonLopez.Mediator.Benchmarks-.NET 10.0-1/bin/Release/net10.0
// Failed to set up high priority (Permission denied). In order to run benchmarks with high priority, make sure you have the right permissions.
// BeforeAnythingElse

// Benchmark Process Environment Information:
// BenchmarkDotNet v0.15.8
// Runtime=.NET 10.0.12 (10.0.12, 10.0.1226.42308), X64 RyuJIT x86-64-v4
// GC=Concurrent Workstation
// HardwareIntrinsics=AVX512 BITALG+VBMI2+VNNI+VPOPCNTDQ,AVX512 IFMA+VBMI,AVX512 F+BW+CD+DQ+VL,AVX2+BMI1+BMI2+F16C+FMA+LZCNT+MOVBE,AVX,SSE3+SSSE3+SSE4.1+SSE4.2+POPCNT,X86Base+SSE+SSE2,AES+PCLMUL VectorSize=256
// Job: .NET 10.0

OverheadJitting  1: 1 op, 239518.00 ns, 239.5180 us/op
WorkloadJitting  1: 1 op, 832417.00 ns, 832.4170 us/op

OverheadJitting  2: 16 op, 450205.00 ns, 28.1378 us/op
WorkloadJitting  2: 16 op, 486633.00 ns, 30.4146 us/op

WorkloadPilot    1: 16 op, 4394.00 ns, 274.6250 ns/op
WorkloadPilot    2: 32 op, 4263.00 ns, 133.2188 ns/op
WorkloadPilot    3: 64 op, 2796.00 ns, 43.6875 ns/op
WorkloadPilot    4: 128 op, 4653.00 ns, 36.3516 ns/op
WorkloadPilot    5: 256 op, 8524.00 ns, 33.2969 ns/op
WorkloadPilot    6: 512 op, 16167.00 ns, 31.5762 ns/op
WorkloadPilot    7: 1024 op, 31632.00 ns, 30.8906 ns/op
WorkloadPilot    8: 2048 op, 61741.00 ns, 30.1470 ns/op
WorkloadPilot    9: 4096 op, 123682.00 ns, 30.1958 ns/op
WorkloadPilot   10: 8192 op, 263597.00 ns, 32.1774 ns/op
WorkloadPilot   11: 16384 op, 501904.00 ns, 30.6338 ns/op
WorkloadPilot   12: 32768 op, 988144.00 ns, 30.1558 ns/op
WorkloadPilot   13: 65536 op, 1973121.00 ns, 30.1074 ns/op
WorkloadPilot   14: 131072 op, 3940214.00 ns, 30.0614 ns/op
WorkloadPilot   15: 262144 op, 7877769.00 ns, 30.0513 ns/op
WorkloadPilot   16: 524288 op, 15816821.00 ns, 30.1682 ns/op
WorkloadPilot   17: 1048576 op, 31479633.00 ns, 30.0213 ns/op
WorkloadPilot   18: 2097152 op, 65838965.00 ns, 31.3945 ns/op
WorkloadPilot   19: 4194304 op, 57724306.00 ns, 13.7625 ns/op
WorkloadPilot   20: 8388608 op, 42307760.00 ns, 5.0435 ns/op
WorkloadPilot   21: 16777216 op, 83800202.00 ns, 4.9949 ns/op
WorkloadPilot   22: 33554432 op, 167641903.00 ns, 4.9961 ns/op
WorkloadPilot   23: 67108864 op, 333188399.00 ns, 4.9649 ns/op
WorkloadPilot   24: 134217728 op, 658000167.00 ns, 4.9025 ns/op

OverheadWarmup   1: 134217728 op, 646128659.00 ns, 4.8140 ns/op
OverheadWarmup   2: 134217728 op, 626013809.00 ns, 4.6642 ns/op
OverheadWarmup   3: 134217728 op, 631578977.00 ns, 4.7056 ns/op
OverheadWarmup   4: 134217728 op, 622444192.00 ns, 4.6376 ns/op
OverheadWarmup   5: 134217728 op, 629389256.00 ns, 4.6893 ns/op
OverheadWarmup   6: 134217728 op, 623339770.00 ns, 4.6442 ns/op

OverheadActual   1: 134217728 op, 626963624.00 ns, 4.6712 ns/op
OverheadActual   2: 134217728 op, 626808706.00 ns, 4.6701 ns/op
OverheadActual   3: 134217728 op, 625262690.00 ns, 4.6586 ns/op
OverheadActual   4: 134217728 op, 628789595.00 ns, 4.6848 ns/op
OverheadActual   5: 134217728 op, 624158346.00 ns, 4.6503 ns/op
OverheadActual   6: 134217728 op, 625929319.00 ns, 4.6635 ns/op
OverheadActual   7: 134217728 op, 634709758.00 ns, 4.7290 ns/op
OverheadActual   8: 134217728 op, 632944681.00 ns, 4.7158 ns/op
OverheadActual   9: 134217728 op, 633567032.00 ns, 4.7204 ns/op
OverheadActual  10: 134217728 op, 622368464.00 ns, 4.6370 ns/op
OverheadActual  11: 134217728 op, 618787482.00 ns, 4.6103 ns/op
OverheadActual  12: 134217728 op, 619212261.00 ns, 4.6135 ns/op
OverheadActual  13: 134217728 op, 625107171.00 ns, 4.6574 ns/op
OverheadActual  14: 134217728 op, 627475795.00 ns, 4.6751 ns/op
OverheadActual  15: 134217728 op, 624005564.00 ns, 4.6492 ns/op

WorkloadWarmup   1: 134217728 op, 659829795.00 ns, 4.9161 ns/op
WorkloadWarmup   2: 134217728 op, 655494488.00 ns, 4.8838 ns/op
WorkloadWarmup   3: 134217728 op, 657969353.00 ns, 4.9023 ns/op
WorkloadWarmup   4: 134217728 op, 663980233.00 ns, 4.9470 ns/op
WorkloadWarmup   5: 134217728 op, 658872744.00 ns, 4.9090 ns/op
WorkloadWarmup   6: 134217728 op, 658332065.00 ns, 4.9050 ns/op
WorkloadWarmup   7: 134217728 op, 659668180.00 ns, 4.9149 ns/op
WorkloadWarmup   8: 134217728 op, 657254871.00 ns, 4.8969 ns/op

// BeforeActualRun
WorkloadActual   1: 134217728 op, 657422389.00 ns, 4.8982 ns/op
WorkloadActual   2: 134217728 op, 657111299.00 ns, 4.8959 ns/op
WorkloadActual   3: 134217728 op, 656780301.00 ns, 4.8934 ns/op
WorkloadActual   4: 134217728 op, 659430275.00 ns, 4.9131 ns/op
WorkloadActual   5: 134217728 op, 656615011.00 ns, 4.8922 ns/op
WorkloadActual   6: 134217728 op, 675220183.00 ns, 5.0308 ns/op
WorkloadActual   7: 134217728 op, 654788160.00 ns, 4.8786 ns/op
WorkloadActual   8: 134217728 op, 654594268.00 ns, 4.8771 ns/op
WorkloadActual   9: 134217728 op, 655989307.00 ns, 4.8875 ns/op
WorkloadActual  10: 134217728 op, 652851122.00 ns, 4.8641 ns/op
WorkloadActual  11: 134217728 op, 655736951.00 ns, 4.8856 ns/op
WorkloadActual  12: 134217728 op, 660093202.00 ns, 4.9181 ns/op
WorkloadActual  13: 134217728 op, 655129151.00 ns, 4.8811 ns/op
WorkloadActual  14: 134217728 op, 657084894.00 ns, 4.8957 ns/op
WorkloadActual  15: 134217728 op, 656258870.00 ns, 4.8895 ns/op

// AfterActualRun
WorkloadResult   1: 134217728 op, 31493070.00 ns, 0.2346 ns/op
WorkloadResult   2: 134217728 op, 31181980.00 ns, 0.2323 ns/op
WorkloadResult   3: 134217728 op, 30850982.00 ns, 0.2299 ns/op
WorkloadResult   4: 134217728 op, 33500956.00 ns, 0.2496 ns/op
WorkloadResult   5: 134217728 op, 30685692.00 ns, 0.2286 ns/op
WorkloadResult   6: 134217728 op, 28858841.00 ns, 0.2150 ns/op
WorkloadResult   7: 134217728 op, 28664949.00 ns, 0.2136 ns/op
WorkloadResult   8: 134217728 op, 30059988.00 ns, 0.2240 ns/op
WorkloadResult   9: 134217728 op, 26921803.00 ns, 0.2006 ns/op
WorkloadResult  10: 134217728 op, 29807632.00 ns, 0.2221 ns/op
WorkloadResult  11: 134217728 op, 29199832.00 ns, 0.2176 ns/op
WorkloadResult  12: 134217728 op, 31155575.00 ns, 0.2321 ns/op
WorkloadResult  13: 134217728 op, 30329551.00 ns, 0.2260 ns/op
// GC:  0 0 0 0 134217728
// Threading:  0 0 134217728

// AfterAll
// Benchmark Process 4564 has exited with code 0.

Mean = 0.225 ns, StdErr = 0.003 ns (1.48%), N = 13, StdDev = 0.012 ns
Min = 0.201 ns, Q1 = 0.218 ns, Median = 0.226 ns, Q3 = 0.232 ns, Max = 0.250 ns
IQR = 0.015 ns, LowerFence = 0.196 ns, UpperFence = 0.254 ns
ConfidenceInterval = [0.211 ns; 0.239 ns] (CI 99.9%), Margin = 0.014 ns (6.39% of Mean)
Skewness = -0.05, Kurtosis = 2.83, MValue = 2.25

// ** Remained 35 (97.2 %) benchmark(s) to run. Estimated finish 2026-10-04 7:50 (0h 17m from now) **
// **************************
// Benchmark: MediatorBenchmarks.SendCommand_NoBehaviors: .NET 10.0(Runtime=.NET 10.0, Toolchain=net10.0)
// *** Execute ***
// Launch: 1 / 1
// Execute: dotnet "EricksonLopez.Mediator.Benchmarks-.NET 10.0-1.dll" --anonymousPipes 167 169 --benchmarkName EricksonLopez.Mediator.Benchmarks.MediatorBenchmarks.SendCommand_NoBehaviors --job ".NET 10.0" --benchmarkId 1 in /home/runner/work/dotnet-mediator/dotnet-mediator/benchmarks/EricksonLopez.Mediator.Benchmarks/bin/Release/net10.0/EricksonLopez.Mediator.Benchmarks-.NET 10.0-1/bin/Release/net10.0
// Failed to set up high priority (Permission denied). In order to run benchmarks with high priority, make sure you have the right permissions.
// BeforeAnythingElse

// Benchmark Process Environment Information:
// BenchmarkDotNet v0.15.8
// Runtime=.NET 10.0.12 (10.0.12, 10.0.1226.42308), X64 RyuJIT x86-64-v4
// GC=Concurrent Workstation
// HardwareIntrinsics=AVX512 BITALG+VBMI2+VNNI+VPOPCNTDQ,AVX512 IFMA+VBMI,AVX512 F+BW+CD+DQ+VL,AVX2+BMI1+BMI2+F16C+FMA+LZCNT+MOVBE,AVX,SSE3+SSSE3+SSE4.1+SSE4.2+POPCNT,X86Base+SSE+SSE2,AES+PCLMUL VectorSize=256
// Job: .NET 10.0

OverheadJitting  1: 1 op, 259576.00 ns, 259.5760 us/op
WorkloadJitting  1: 1 op, 1453008.00 ns, 1.4530 ms/op

OverheadJitting  2: 16 op, 560030.00 ns, 35.0019 us/op
WorkloadJitting  2: 16 op, 524451.00 ns, 32.7782 us/op

WorkloadPilot    1: 16 op, 10421.00 ns, 651.3125 ns/op
WorkloadPilot    2: 32 op, 14170.00 ns, 442.8125 ns/op
WorkloadPilot    3: 64 op, 12198.00 ns, 190.5938 ns/op
WorkloadPilot    4: 128 op, 19795.00 ns, 154.6484 ns/op
WorkloadPilot    5: 256 op, 36812.00 ns, 143.7969 ns/op
WorkloadPilot    6: 512 op, 69456.00 ns, 135.6563 ns/op
WorkloadPilot    7: 1024 op, 144622.00 ns, 141.2324 ns/op
WorkloadPilot    8: 2048 op, 313336.00 ns, 152.9961 ns/op
WorkloadPilot    9: 4096 op, 595629.00 ns, 145.4172 ns/op
WorkloadPilot   10: 8192 op, 1215405.00 ns, 148.3649 ns/op
WorkloadPilot   11: 16384 op, 2377047.00 ns, 145.0834 ns/op
WorkloadPilot   12: 32768 op, 4610709.00 ns, 140.7077 ns/op
WorkloadPilot   13: 65536 op, 8893458.00 ns, 135.7034 ns/op
WorkloadPilot   14: 131072 op, 17763938.00 ns, 135.5281 ns/op
WorkloadPilot   15: 262144 op, 35704813.00 ns, 136.2031 ns/op
WorkloadPilot   16: 524288 op, 71253996.00 ns, 135.9062 ns/op
WorkloadPilot   17: 1048576 op, 69468835.00 ns, 66.2506 ns/op
WorkloadPilot   18: 2097152 op, 51319496.00 ns, 24.4710 ns/op
WorkloadPilot   19: 4194304 op, 104222467.00 ns, 24.8486 ns/op
WorkloadPilot   20: 8388608 op, 207460975.00 ns, 24.7313 ns/op
WorkloadPilot   21: 16777216 op, 414215907.00 ns, 24.6892 ns/op
WorkloadPilot   22: 33554432 op, 831406009.00 ns, 24.7778 ns/op

OverheadWarmup   1: 33554432 op, 173880021.00 ns, 5.1820 ns/op
OverheadWarmup   2: 33554432 op, 156702265.00 ns, 4.6701 ns/op
OverheadWarmup   3: 33554432 op, 155835378.00 ns, 4.6443 ns/op
OverheadWarmup   4: 33554432 op, 152409836.00 ns, 4.5422 ns/op
OverheadWarmup   5: 33554432 op, 155006995.00 ns, 4.6196 ns/op
OverheadWarmup   6: 33554432 op, 154204005.00 ns, 4.5956 ns/op
OverheadWarmup   7: 33554432 op, 153723494.00 ns, 4.5813 ns/op
OverheadWarmup   8: 33554432 op, 153087347.00 ns, 4.5624 ns/op
OverheadWarmup   9: 33554432 op, 155607318.00 ns, 4.6375 ns/op
OverheadWarmup  10: 33554432 op, 153042955.00 ns, 4.5610 ns/op

OverheadActual   1: 33554432 op, 152960349.00 ns, 4.5586 ns/op
OverheadActual   2: 33554432 op, 152244806.00 ns, 4.5372 ns/op
OverheadActual   3: 33554432 op, 153829508.00 ns, 4.5845 ns/op
OverheadActual   4: 33554432 op, 154464118.00 ns, 4.6034 ns/op
OverheadActual   5: 33554432 op, 152808899.00 ns, 4.5541 ns/op
OverheadActual   6: 33554432 op, 152811191.00 ns, 4.5541 ns/op
OverheadActual   7: 33554432 op, 153976180.00 ns, 4.5888 ns/op
OverheadActual   8: 33554432 op, 153956149.00 ns, 4.5883 ns/op
OverheadActual   9: 33554432 op, 154013943.00 ns, 4.5900 ns/op
OverheadActual  10: 33554432 op, 154061449.00 ns, 4.5914 ns/op
OverheadActual  11: 33554432 op, 154322676.00 ns, 4.5992 ns/op
OverheadActual  12: 33554432 op, 154707855.00 ns, 4.6107 ns/op
OverheadActual  13: 33554432 op, 156215701.00 ns, 4.6556 ns/op
OverheadActual  14: 33554432 op, 155285166.00 ns, 4.6279 ns/op
OverheadActual  15: 33554432 op, 155430098.00 ns, 4.6322 ns/op

WorkloadWarmup   1: 33554432 op, 828394469.00 ns, 24.6881 ns/op
WorkloadWarmup   2: 33554432 op, 824439261.00 ns, 24.5702 ns/op
WorkloadWarmup   3: 33554432 op, 837803904.00 ns, 24.9685 ns/op
WorkloadWarmup   4: 33554432 op, 832155916.00 ns, 24.8002 ns/op
WorkloadWarmup   5: 33554432 op, 837917867.00 ns, 24.9719 ns/op
WorkloadWarmup   6: 33554432 op, 838111487.00 ns, 24.9777 ns/op
WorkloadWarmup   7: 33554432 op, 836948847.00 ns, 24.9430 ns/op

// BeforeActualRun
WorkloadActual   1: 33554432 op, 835288504.00 ns, 24.8935 ns/op
WorkloadActual   2: 33554432 op, 838821770.00 ns, 24.9988 ns/op
WorkloadActual   3: 33554432 op, 837699866.00 ns, 24.9654 ns/op
WorkloadActual   4: 33554432 op, 835089452.00 ns, 24.8876 ns/op
WorkloadActual   5: 33554432 op, 836192389.00 ns, 24.9205 ns/op
WorkloadActual   6: 33554432 op, 834882447.00 ns, 24.8814 ns/op
WorkloadActual   7: 33554432 op, 831256545.00 ns, 24.7734 ns/op
WorkloadActual   8: 33554432 op, 830539140.00 ns, 24.7520 ns/op
WorkloadActual   9: 33554432 op, 829251231.00 ns, 24.7136 ns/op
WorkloadActual  10: 33554432 op, 830699072.00 ns, 24.7568 ns/op
WorkloadActual  11: 33554432 op, 831497981.00 ns, 24.7806 ns/op
WorkloadActual  12: 33554432 op, 831291517.00 ns, 24.7744 ns/op
WorkloadActual  13: 33554432 op, 830615796.00 ns, 24.7543 ns/op
WorkloadActual  14: 33554432 op, 838144565.00 ns, 24.9787 ns/op
WorkloadActual  15: 33554432 op, 829260257.00 ns, 24.7139 ns/op

// AfterActualRun
WorkloadResult   1: 33554432 op, 681274561.00 ns, 20.3036 ns/op
WorkloadResult   2: 33554432 op, 684807827.00 ns, 20.4089 ns/op
WorkloadResult   3: 33554432 op, 683685923.00 ns, 20.3754 ns/op
WorkloadResult   4: 33554432 op, 681075509.00 ns, 20.2976 ns/op
WorkloadResult   5: 33554432 op, 682178446.00 ns, 20.3305 ns/op
WorkloadResult   6: 33554432 op, 680868504.00 ns, 20.2915 ns/op
WorkloadResult   7: 33554432 op, 677242602.00 ns, 20.1834 ns/op
WorkloadResult   8: 33554432 op, 676525197.00 ns, 20.1620 ns/op
WorkloadResult   9: 33554432 op, 675237288.00 ns, 20.1236 ns/op
WorkloadResult  10: 33554432 op, 676685129.00 ns, 20.1668 ns/op
WorkloadResult  11: 33554432 op, 677484038.00 ns, 20.1906 ns/op
WorkloadResult  12: 33554432 op, 677277574.00 ns, 20.1844 ns/op
WorkloadResult  13: 33554432 op, 676601853.00 ns, 20.1643 ns/op
WorkloadResult  14: 33554432 op, 684130622.00 ns, 20.3887 ns/op
WorkloadResult  15: 33554432 op, 675246314.00 ns, 20.1239 ns/op
// GC:  0 0 0 32 33554432
// Threading:  0 0 33554432

// AfterAll
// Benchmark Process 4592 has exited with code 0.

Mean = 20.246 ns, StdErr = 0.026 ns (0.13%), N = 15, StdDev = 0.100 ns
Min = 20.124 ns, Q1 = 20.166 ns, Median = 20.191 ns, Q3 = 20.317 ns, Max = 20.409 ns
IQR = 0.151 ns, LowerFence = 19.938 ns, UpperFence = 20.544 ns
ConfidenceInterval = [20.140 ns; 20.353 ns] (CI 99.9%), Margin = 0.107 ns (0.53% of Mean)
Skewness = 0.29, Kurtosis = 1.4, MValue = 2

// ** Remained 34 (94.4 %) benchmark(s) to run. Estimated finish 2026-10-04 7:49 (0h 15m from now) **
// **************************
// Benchmark: MediatorBenchmarks.SendQuery_NoBehaviors: .NET 10.0(Runtime=.NET 10.0, Toolchain=net10.0)
// *** Execute ***
// Launch: 1 / 1
// Execute: dotnet "EricksonLopez.Mediator.Benchmarks-.NET 10.0-1.dll" --anonymousPipes 167 169 --benchmarkName EricksonLopez.Mediator.Benchmarks.MediatorBenchmarks.SendQuery_NoBehaviors --job ".NET 10.0" --benchmarkId 2 in /home/runner/work/dotnet-mediator/dotnet-mediator/benchmarks/EricksonLopez.Mediator.Benchmarks/bin/Release/net10.0/EricksonLopez.Mediator.Benchmarks-.NET 10.0-1/bin/Release/net10.0
// Failed to set up high priority (Permission denied). In order to run benchmarks with high priority, make sure you have the right permissions.
// BeforeAnythingElse

// Benchmark Process Environment Information:
// BenchmarkDotNet v0.15.8
// Runtime=.NET 10.0.12 (10.0.12, 10.0.1226.42308), X64 RyuJIT x86-64-v4
// GC=Concurrent Workstation
// HardwareIntrinsics=AVX512 BITALG+VBMI2+VNNI+VPOPCNTDQ,AVX512 IFMA+VBMI,AVX512 F+BW+CD+DQ+VL,AVX2+BMI1+BMI2+F16C+FMA+LZCNT+MOVBE,AVX,SSE3+SSSE3+SSE4.1+SSE4.2+POPCNT,X86Base+SSE+SSE2,AES+PCLMUL VectorSize=256
// Job: .NET 10.0

OverheadJitting  1: 1 op, 213910.00 ns, 213.9100 us/op
WorkloadJitting  1: 1 op, 1284972.00 ns, 1.2850 ms/op

OverheadJitting  2: 16 op, 477886.00 ns, 29.8679 us/op
WorkloadJitting  2: 16 op, 524222.00 ns, 32.7639 us/op

WorkloadPilot    1: 16 op, 7826.00 ns, 489.1250 ns/op
WorkloadPilot    2: 32 op, 9541.00 ns, 298.1563 ns/op
WorkloadPilot    3: 64 op, 12222.00 ns, 190.9688 ns/op
WorkloadPilot    4: 128 op, 19775.00 ns, 154.4922 ns/op
WorkloadPilot    5: 256 op, 36309.00 ns, 141.8320 ns/op
WorkloadPilot    6: 512 op, 67640.00 ns, 132.1094 ns/op
WorkloadPilot    7: 1024 op, 133641.00 ns, 130.5088 ns/op
WorkloadPilot    8: 2048 op, 266018.00 ns, 129.8916 ns/op
WorkloadPilot    9: 4096 op, 507954.00 ns, 124.0122 ns/op
WorkloadPilot   10: 8192 op, 1101990.00 ns, 134.5203 ns/op
WorkloadPilot   11: 16384 op, 2091338.00 ns, 127.6451 ns/op
WorkloadPilot   12: 32768 op, 4118978.00 ns, 125.7012 ns/op
WorkloadPilot   13: 65536 op, 8337218.00 ns, 127.2159 ns/op
WorkloadPilot   14: 131072 op, 16570148.00 ns, 126.4202 ns/op
WorkloadPilot   15: 262144 op, 32550791.00 ns, 124.1714 ns/op
WorkloadPilot   16: 524288 op, 65924572.00 ns, 125.7411 ns/op
WorkloadPilot   17: 1048576 op, 72444691.00 ns, 69.0886 ns/op
WorkloadPilot   18: 2097152 op, 36480319.00 ns, 17.3952 ns/op
WorkloadPilot   19: 4194304 op, 71853434.00 ns, 17.1312 ns/op
WorkloadPilot   20: 8388608 op, 143665359.00 ns, 17.1262 ns/op
WorkloadPilot   21: 16777216 op, 289384239.00 ns, 17.2486 ns/op
WorkloadPilot   22: 33554432 op, 574836898.00 ns, 17.1315 ns/op

OverheadWarmup   1: 33554432 op, 176193960.00 ns, 5.2510 ns/op
OverheadWarmup   2: 33554432 op, 157712449.00 ns, 4.7002 ns/op
OverheadWarmup   3: 33554432 op, 155078058.00 ns, 4.6217 ns/op
OverheadWarmup   4: 33554432 op, 154871529.00 ns, 4.6155 ns/op
OverheadWarmup   5: 33554432 op, 155481260.00 ns, 4.6337 ns/op
OverheadWarmup   6: 33554432 op, 164643796.00 ns, 4.9068 ns/op
OverheadWarmup   7: 33554432 op, 154501158.00 ns, 4.6045 ns/op
OverheadWarmup   8: 33554432 op, 155800931.00 ns, 4.6432 ns/op
OverheadWarmup   9: 33554432 op, 156983676.00 ns, 4.6785 ns/op
OverheadWarmup  10: 33554432 op, 155823702.00 ns, 4.6439 ns/op

OverheadActual   1: 33554432 op, 156081174.00 ns, 4.6516 ns/op
OverheadActual   2: 33554432 op, 155782697.00 ns, 4.6427 ns/op
OverheadActual   3: 33554432 op, 156439855.00 ns, 4.6623 ns/op
OverheadActual   4: 33554432 op, 156487691.00 ns, 4.6637 ns/op
OverheadActual   5: 33554432 op, 155818940.00 ns, 4.6438 ns/op
OverheadActual   6: 33554432 op, 156817883.00 ns, 4.6735 ns/op
OverheadActual   7: 33554432 op, 157447265.00 ns, 4.6923 ns/op
OverheadActual   8: 33554432 op, 152831073.00 ns, 4.5547 ns/op
OverheadActual   9: 33554432 op, 154081284.00 ns, 4.5920 ns/op
OverheadActual  10: 33554432 op, 155380769.00 ns, 4.6307 ns/op
OverheadActual  11: 33554432 op, 154858511.00 ns, 4.6151 ns/op
OverheadActual  12: 33554432 op, 157772648.00 ns, 4.7020 ns/op
OverheadActual  13: 33554432 op, 155744375.00 ns, 4.6415 ns/op
OverheadActual  14: 33554432 op, 155706099.00 ns, 4.6404 ns/op
OverheadActual  15: 33554432 op, 156765713.00 ns, 4.6720 ns/op

WorkloadWarmup   1: 33554432 op, 574683320.00 ns, 17.1269 ns/op
WorkloadWarmup   2: 33554432 op, 582668406.00 ns, 17.3649 ns/op
WorkloadWarmup   3: 33554432 op, 573805368.00 ns, 17.1007 ns/op
WorkloadWarmup   4: 33554432 op, 571744653.00 ns, 17.0393 ns/op
WorkloadWarmup   5: 33554432 op, 573044142.00 ns, 17.0780 ns/op
WorkloadWarmup   6: 33554432 op, 574157810.00 ns, 17.1112 ns/op
WorkloadWarmup   7: 33554432 op, 573702476.00 ns, 17.0977 ns/op

// BeforeActualRun
WorkloadActual   1: 33554432 op, 579345657.00 ns, 17.2658 ns/op
WorkloadActual   2: 33554432 op, 575801586.00 ns, 17.1602 ns/op
WorkloadActual   3: 33554432 op, 576102593.00 ns, 17.1692 ns/op
WorkloadActual   4: 33554432 op, 575171646.00 ns, 17.1415 ns/op
WorkloadActual   5: 33554432 op, 572374558.00 ns, 17.0581 ns/op
WorkloadActual   6: 33554432 op, 574707305.00 ns, 17.1276 ns/op
WorkloadActual   7: 33554432 op, 580749606.00 ns, 17.3077 ns/op
WorkloadActual   8: 33554432 op, 574845277.00 ns, 17.1317 ns/op
WorkloadActual   9: 33554432 op, 576339565.00 ns, 17.1763 ns/op
WorkloadActual  10: 33554432 op, 573609568.00 ns, 17.0949 ns/op
WorkloadActual  11: 33554432 op, 577300352.00 ns, 17.2049 ns/op
WorkloadActual  12: 33554432 op, 576357721.00 ns, 17.1768 ns/op
WorkloadActual  13: 33554432 op, 571467280.00 ns, 17.0311 ns/op
WorkloadActual  14: 33554432 op, 572866892.00 ns, 17.0728 ns/op
WorkloadActual  15: 33554432 op, 573474080.00 ns, 17.0909 ns/op

// AfterActualRun
WorkloadResult   1: 33554432 op, 423526717.00 ns, 12.6221 ns/op
WorkloadResult   2: 33554432 op, 419982646.00 ns, 12.5165 ns/op
WorkloadResult   3: 33554432 op, 420283653.00 ns, 12.5254 ns/op
WorkloadResult   4: 33554432 op, 419352706.00 ns, 12.4977 ns/op
WorkloadResult   5: 33554432 op, 416555618.00 ns, 12.4143 ns/op
WorkloadResult   6: 33554432 op, 418888365.00 ns, 12.4838 ns/op
WorkloadResult   7: 33554432 op, 419026337.00 ns, 12.4880 ns/op
WorkloadResult   8: 33554432 op, 420520625.00 ns, 12.5325 ns/op
WorkloadResult   9: 33554432 op, 417790628.00 ns, 12.4511 ns/op
WorkloadResult  10: 33554432 op, 421481412.00 ns, 12.5611 ns/op
WorkloadResult  11: 33554432 op, 420538781.00 ns, 12.5330 ns/op
WorkloadResult  12: 33554432 op, 415648340.00 ns, 12.3873 ns/op
WorkloadResult  13: 33554432 op, 417047952.00 ns, 12.4290 ns/op
WorkloadResult  14: 33554432 op, 417655140.00 ns, 12.4471 ns/op
// GC:  0 0 0 32 33554432
// Threading:  0 0 33554432

// AfterAll
// Benchmark Process 4620 has exited with code 0.

Mean = 12.492 ns, StdErr = 0.017 ns (0.13%), N = 14, StdDev = 0.063 ns
Min = 12.387 ns, Q1 = 12.448 ns, Median = 12.493 ns, Q3 = 12.531 ns, Max = 12.622 ns
IQR = 0.083 ns, LowerFence = 12.324 ns, UpperFence = 12.655 ns
ConfidenceInterval = [12.421 ns; 12.563 ns] (CI 99.9%), Margin = 0.071 ns (0.57% of Mean)
Skewness = 0.2, Kurtosis = 2.25, MValue = 2

// ** Remained 33 (91.7 %) benchmark(s) to run. Estimated finish 2026-10-04 7:47 (0h 13m from now) **
// **************************
// Benchmark: MediatorBenchmarks.SendCommand_OneBehavior: .NET 10.0(Runtime=.NET 10.0, Toolchain=net10.0)
// *** Execute ***
// Launch: 1 / 1
// Execute: dotnet "EricksonLopez.Mediator.Benchmarks-.NET 10.0-1.dll" --anonymousPipes 167 169 --benchmarkName EricksonLopez.Mediator.Benchmarks.MediatorBenchmarks.SendCommand_OneBehavior --job ".NET 10.0" --benchmarkId 3 in /home/runner/work/dotnet-mediator/dotnet-mediator/benchmarks/EricksonLopez.Mediator.Benchmarks/bin/Release/net10.0/EricksonLopez.Mediator.Benchmarks-.NET 10.0-1/bin/Release/net10.0
// Failed to set up high priority (Permission denied). In order to run benchmarks with high priority, make sure you have the right permissions.
// BeforeAnythingElse

// Benchmark Process Environment Information:
// BenchmarkDotNet v0.15.8
// Runtime=.NET 10.0.12 (10.0.12, 10.0.1226.42308), X64 RyuJIT x86-64-v4
// GC=Concurrent Workstation
// HardwareIntrinsics=AVX512 BITALG+VBMI2+VNNI+VPOPCNTDQ,AVX512 IFMA+VBMI,AVX512 F+BW+CD+DQ+VL,AVX2+BMI1+BMI2+F16C+FMA+LZCNT+MOVBE,AVX,SSE3+SSSE3+SSE4.1+SSE4.2+POPCNT,X86Base+SSE+SSE2,AES+PCLMUL VectorSize=256
// Job: .NET 10.0

OverheadJitting  1: 1 op, 237156.00 ns, 237.1560 us/op
WorkloadJitting  1: 1 op, 2175084.00 ns, 2.1751 ms/op

OverheadJitting  2: 16 op, 849308.00 ns, 53.0818 us/op
WorkloadJitting  2: 16 op, 494337.00 ns, 30.8961 us/op

WorkloadPilot    1: 16 op, 15920.00 ns, 995.0000 ns/op
WorkloadPilot    2: 32 op, 21486.00 ns, 671.4375 ns/op
WorkloadPilot    3: 64 op, 50254.00 ns, 785.2188 ns/op
WorkloadPilot    4: 128 op, 76868.00 ns, 600.5313 ns/op
WorkloadPilot    5: 256 op, 130501.00 ns, 509.7695 ns/op
WorkloadPilot    6: 512 op, 294196.00 ns, 574.6016 ns/op
WorkloadPilot    7: 1024 op, 498259.00 ns, 486.5811 ns/op
WorkloadPilot    8: 2048 op, 947593.00 ns, 462.6919 ns/op
WorkloadPilot    9: 4096 op, 2001573.00 ns, 488.6653 ns/op
WorkloadPilot   10: 8192 op, 3924621.00 ns, 479.0797 ns/op
WorkloadPilot   11: 16384 op, 7654188.00 ns, 467.1746 ns/op
WorkloadPilot   12: 32768 op, 15229192.00 ns, 464.7581 ns/op
WorkloadPilot   13: 65536 op, 34648991.00 ns, 528.7016 ns/op
WorkloadPilot   14: 131072 op, 61453217.00 ns, 468.8508 ns/op
WorkloadPilot   15: 262144 op, 76221468.00 ns, 290.7618 ns/op
WorkloadPilot   16: 524288 op, 22290159.00 ns, 42.5151 ns/op
WorkloadPilot   17: 1048576 op, 44502205.00 ns, 42.4406 ns/op
WorkloadPilot   18: 2097152 op, 87743734.00 ns, 41.8395 ns/op
WorkloadPilot   19: 4194304 op, 179335640.00 ns, 42.7569 ns/op
WorkloadPilot   20: 8388608 op, 358325790.00 ns, 42.7158 ns/op
WorkloadPilot   21: 16777216 op, 711526491.00 ns, 42.4103 ns/op

OverheadWarmup   1: 16777216 op, 88401790.00 ns, 5.2692 ns/op
OverheadWarmup   2: 16777216 op, 87154418.00 ns, 5.1948 ns/op
OverheadWarmup   3: 16777216 op, 81018627.00 ns, 4.8291 ns/op
OverheadWarmup   4: 16777216 op, 76902808.00 ns, 4.5838 ns/op
OverheadWarmup   5: 16777216 op, 76261252.00 ns, 4.5455 ns/op
OverheadWarmup   6: 16777216 op, 76678502.00 ns, 4.5704 ns/op
OverheadWarmup   7: 16777216 op, 76381599.00 ns, 4.5527 ns/op
OverheadWarmup   8: 16777216 op, 76095919.00 ns, 4.5357 ns/op
OverheadWarmup   9: 16777216 op, 79592751.00 ns, 4.7441 ns/op
OverheadWarmup  10: 16777216 op, 76627220.00 ns, 4.5673 ns/op

OverheadActual   1: 16777216 op, 76472597.00 ns, 4.5581 ns/op
OverheadActual   2: 16777216 op, 76709801.00 ns, 4.5723 ns/op
OverheadActual   3: 16777216 op, 76162258.00 ns, 4.5396 ns/op
OverheadActual   4: 16777216 op, 77375166.00 ns, 4.6119 ns/op
OverheadActual   5: 16777216 op, 77056499.00 ns, 4.5929 ns/op
OverheadActual   6: 16777216 op, 77844765.00 ns, 4.6399 ns/op
OverheadActual   7: 16777216 op, 76552676.00 ns, 4.5629 ns/op
OverheadActual   8: 16777216 op, 76525114.00 ns, 4.5613 ns/op
OverheadActual   9: 16777216 op, 77918521.00 ns, 4.6443 ns/op
OverheadActual  10: 16777216 op, 76934993.00 ns, 4.5857 ns/op
OverheadActual  11: 16777216 op, 77129269.00 ns, 4.5973 ns/op
OverheadActual  12: 16777216 op, 76349126.00 ns, 4.5508 ns/op
OverheadActual  13: 16777216 op, 76418785.00 ns, 4.5549 ns/op
OverheadActual  14: 16777216 op, 75755874.00 ns, 4.5154 ns/op
OverheadActual  15: 16777216 op, 76448102.00 ns, 4.5567 ns/op

WorkloadWarmup   1: 16777216 op, 709115423.00 ns, 42.2666 ns/op
WorkloadWarmup   2: 16777216 op, 708233992.00 ns, 42.2140 ns/op
WorkloadWarmup   3: 16777216 op, 710869854.00 ns, 42.3711 ns/op
WorkloadWarmup   4: 16777216 op, 710177154.00 ns, 42.3299 ns/op
WorkloadWarmup   5: 16777216 op, 710578222.00 ns, 42.3538 ns/op
WorkloadWarmup   6: 16777216 op, 715779015.00 ns, 42.6638 ns/op
WorkloadWarmup   7: 16777216 op, 708030895.00 ns, 42.2019 ns/op

// BeforeActualRun
WorkloadActual   1: 16777216 op, 715208874.00 ns, 42.6298 ns/op
WorkloadActual   2: 16777216 op, 708302877.00 ns, 42.2181 ns/op
WorkloadActual   3: 16777216 op, 713662210.00 ns, 42.5376 ns/op
WorkloadActual   4: 16777216 op, 710087604.00 ns, 42.3245 ns/op
WorkloadActual   5: 16777216 op, 713032054.00 ns, 42.5000 ns/op
WorkloadActual   6: 16777216 op, 709528637.00 ns, 42.2912 ns/op
WorkloadActual   7: 16777216 op, 706556722.00 ns, 42.1141 ns/op
WorkloadActual   8: 16777216 op, 707668950.00 ns, 42.1804 ns/op
WorkloadActual   9: 16777216 op, 709891975.00 ns, 42.3129 ns/op
WorkloadActual  10: 16777216 op, 707862184.00 ns, 42.1919 ns/op
WorkloadActual  11: 16777216 op, 711812208.00 ns, 42.4273 ns/op
WorkloadActual  12: 16777216 op, 709821049.00 ns, 42.3086 ns/op
WorkloadActual  13: 16777216 op, 708657868.00 ns, 42.2393 ns/op
WorkloadActual  14: 16777216 op, 707254173.00 ns, 42.1556 ns/op
WorkloadActual  15: 16777216 op, 718555872.00 ns, 42.8293 ns/op

// AfterActualRun
WorkloadResult   1: 16777216 op, 638656198.00 ns, 38.0669 ns/op
WorkloadResult   2: 16777216 op, 631750201.00 ns, 37.6552 ns/op
WorkloadResult   3: 16777216 op, 637109534.00 ns, 37.9747 ns/op
WorkloadResult   4: 16777216 op, 633534928.00 ns, 37.7616 ns/op
WorkloadResult   5: 16777216 op, 636479378.00 ns, 37.9371 ns/op
WorkloadResult   6: 16777216 op, 632975961.00 ns, 37.7283 ns/op
WorkloadResult   7: 16777216 op, 630004046.00 ns, 37.5512 ns/op
WorkloadResult   8: 16777216 op, 631116274.00 ns, 37.6175 ns/op
WorkloadResult   9: 16777216 op, 633339299.00 ns, 37.7500 ns/op
WorkloadResult  10: 16777216 op, 631309508.00 ns, 37.6290 ns/op
WorkloadResult  11: 16777216 op, 635259532.00 ns, 37.8644 ns/op
WorkloadResult  12: 16777216 op, 633268373.00 ns, 37.7457 ns/op
WorkloadResult  13: 16777216 op, 632105192.00 ns, 37.6764 ns/op
WorkloadResult  14: 16777216 op, 630701497.00 ns, 37.5927 ns/op
WorkloadResult  15: 16777216 op, 642003196.00 ns, 38.2664 ns/op
// GC:  0 0 0 32 16777216
// Threading:  0 0 16777216

// AfterAll
// Benchmark Process 4637 has exited with code 0.

Mean = 37.788 ns, StdErr = 0.051 ns (0.14%), N = 15, StdDev = 0.199 ns
Min = 37.551 ns, Q1 = 37.642 ns, Median = 37.746 ns, Q3 = 37.901 ns, Max = 38.266 ns
IQR = 0.259 ns, LowerFence = 37.254 ns, UpperFence = 38.289 ns
ConfidenceInterval = [37.575 ns; 38.001 ns] (CI 99.9%), Margin = 0.213 ns (0.56% of Mean)
Skewness = 0.91, Kurtosis = 2.83, MValue = 2

// ** Remained 32 (88.9 %) benchmark(s) to run. Estimated finish 2026-10-04 7:46 (0h 12m from now) **
// **************************
// Benchmark: MediatorBenchmarks.SendCommand_FiveBehaviors: .NET 10.0(Runtime=.NET 10.0, Toolchain=net10.0)
// *** Execute ***
// Launch: 1 / 1
// Execute: dotnet "EricksonLopez.Mediator.Benchmarks-.NET 10.0-1.dll" --anonymousPipes 167 169 --benchmarkName EricksonLopez.Mediator.Benchmarks.MediatorBenchmarks.SendCommand_FiveBehaviors --job ".NET 10.0" --benchmarkId 4 in /home/runner/work/dotnet-mediator/dotnet-mediator/benchmarks/EricksonLopez.Mediator.Benchmarks/bin/Release/net10.0/EricksonLopez.Mediator.Benchmarks-.NET 10.0-1/bin/Release/net10.0
// Failed to set up high priority (Permission denied). In order to run benchmarks with high priority, make sure you have the right permissions.
// BeforeAnythingElse

// Benchmark Process Environment Information:
// BenchmarkDotNet v0.15.8
// Runtime=.NET 10.0.12 (10.0.12, 10.0.1226.42308), X64 RyuJIT x86-64-v4
// GC=Concurrent Workstation
// HardwareIntrinsics=AVX512 BITALG+VBMI2+VNNI+VPOPCNTDQ,AVX512 IFMA+VBMI,AVX512 F+BW+CD+DQ+VL,AVX2+BMI1+BMI2+F16C+FMA+LZCNT+MOVBE,AVX,SSE3+SSSE3+SSE4.1+SSE4.2+POPCNT,X86Base+SSE+SSE2,AES+PCLMUL VectorSize=256
// Job: .NET 10.0

OverheadJitting  1: 1 op, 223593.00 ns, 223.5930 us/op
WorkloadJitting  1: 1 op, 3887068.00 ns, 3.8871 ms/op

OverheadJitting  2: 16 op, 508932.00 ns, 31.8083 us/op
WorkloadJitting  2: 16 op, 513337.00 ns, 32.0836 us/op

WorkloadPilot    1: 16 op, 28213.00 ns, 1.7633 us/op
WorkloadPilot    2: 32 op, 46152.00 ns, 1.4423 us/op
WorkloadPilot    3: 64 op, 78557.00 ns, 1.2275 us/op
WorkloadPilot    4: 128 op, 181540.00 ns, 1.4183 us/op
WorkloadPilot    5: 256 op, 293469.00 ns, 1.1464 us/op
WorkloadPilot    6: 512 op, 571211.00 ns, 1.1156 us/op
WorkloadPilot    7: 1024 op, 1224818.00 ns, 1.1961 us/op
WorkloadPilot    8: 2048 op, 2527307.00 ns, 1.2340 us/op
WorkloadPilot    9: 4096 op, 4775793.00 ns, 1.1660 us/op
WorkloadPilot   10: 8192 op, 9444393.00 ns, 1.1529 us/op
WorkloadPilot   11: 16384 op, 18780698.00 ns, 1.1463 us/op
WorkloadPilot   12: 32768 op, 37915231.00 ns, 1.1571 us/op
WorkloadPilot   13: 65536 op, 74642075.00 ns, 1.1389 us/op
WorkloadPilot   14: 131072 op, 98191192.00 ns, 749.1393 ns/op
WorkloadPilot   15: 262144 op, 87246218.00 ns, 332.8179 ns/op
WorkloadPilot   16: 524288 op, 60170367.00 ns, 114.7659 ns/op
WorkloadPilot   17: 1048576 op, 120386855.00 ns, 114.8099 ns/op
WorkloadPilot   18: 2097152 op, 240856554.00 ns, 114.8494 ns/op
WorkloadPilot   19: 4194304 op, 483519750.00 ns, 115.2801 ns/op
WorkloadPilot   20: 8388608 op, 960847750.00 ns, 114.5420 ns/op

OverheadWarmup   1: 8388608 op, 43475084.00 ns, 5.1826 ns/op
OverheadWarmup   2: 8388608 op, 43835560.00 ns, 5.2256 ns/op
OverheadWarmup   3: 8388608 op, 43483891.00 ns, 5.1837 ns/op
OverheadWarmup   4: 8388608 op, 43794135.00 ns, 5.2207 ns/op
OverheadWarmup   5: 8388608 op, 43446940.00 ns, 5.1793 ns/op

OverheadActual   1: 8388608 op, 45969634.00 ns, 5.4800 ns/op
OverheadActual   2: 8388608 op, 44170149.00 ns, 5.2655 ns/op
OverheadActual   3: 8388608 op, 43277187.00 ns, 5.1590 ns/op
OverheadActual   4: 8388608 op, 44663937.00 ns, 5.3244 ns/op
OverheadActual   5: 8388608 op, 43332829.00 ns, 5.1657 ns/op
OverheadActual   6: 8388608 op, 44592134.00 ns, 5.3158 ns/op
OverheadActual   7: 8388608 op, 44044614.00 ns, 5.2505 ns/op
OverheadActual   8: 8388608 op, 43817682.00 ns, 5.2235 ns/op
OverheadActual   9: 8388608 op, 39924368.00 ns, 4.7594 ns/op
OverheadActual  10: 8388608 op, 38105323.00 ns, 4.5425 ns/op
OverheadActual  11: 8388608 op, 38471765.00 ns, 4.5862 ns/op
OverheadActual  12: 8388608 op, 38293407.00 ns, 4.5649 ns/op
OverheadActual  13: 8388608 op, 38488560.00 ns, 4.5882 ns/op
OverheadActual  14: 8388608 op, 38454963.00 ns, 4.5842 ns/op
OverheadActual  15: 8388608 op, 38934513.00 ns, 4.6414 ns/op
OverheadActual  16: 8388608 op, 38262759.00 ns, 4.5613 ns/op
OverheadActual  17: 8388608 op, 38376990.00 ns, 4.5749 ns/op
OverheadActual  18: 8388608 op, 38823905.00 ns, 4.6282 ns/op
OverheadActual  19: 8388608 op, 38285004.00 ns, 4.5639 ns/op
OverheadActual  20: 8388608 op, 38780211.00 ns, 4.6230 ns/op

WorkloadWarmup   1: 8388608 op, 968188925.00 ns, 115.4171 ns/op
WorkloadWarmup   2: 8388608 op, 966991271.00 ns, 115.2743 ns/op
WorkloadWarmup   3: 8388608 op, 969435249.00 ns, 115.5657 ns/op
WorkloadWarmup   4: 8388608 op, 972098576.00 ns, 115.8832 ns/op
WorkloadWarmup   5: 8388608 op, 972676844.00 ns, 115.9521 ns/op
WorkloadWarmup   6: 8388608 op, 964075893.00 ns, 114.9268 ns/op
WorkloadWarmup   7: 8388608 op, 965045815.00 ns, 115.0424 ns/op
WorkloadWarmup   8: 8388608 op, 969811911.00 ns, 115.6106 ns/op
WorkloadWarmup   9: 8388608 op, 966100551.00 ns, 115.1682 ns/op

// BeforeActualRun
WorkloadActual   1: 8388608 op, 970187148.00 ns, 115.6553 ns/op
WorkloadActual   2: 8388608 op, 969015068.00 ns, 115.5156 ns/op
WorkloadActual   3: 8388608 op, 967966831.00 ns, 115.3906 ns/op
WorkloadActual   4: 8388608 op, 970835956.00 ns, 115.7327 ns/op
WorkloadActual   5: 8388608 op, 970147377.00 ns, 115.6506 ns/op
WorkloadActual   6: 8388608 op, 970246064.00 ns, 115.6623 ns/op
WorkloadActual   7: 8388608 op, 969681186.00 ns, 115.5950 ns/op
WorkloadActual   8: 8388608 op, 979709780.00 ns, 116.7905 ns/op
WorkloadActual   9: 8388608 op, 979160329.00 ns, 116.7250 ns/op
WorkloadActual  10: 8388608 op, 972049404.00 ns, 115.8773 ns/op
WorkloadActual  11: 8388608 op, 968847444.00 ns, 115.4956 ns/op
WorkloadActual  12: 8388608 op, 968465004.00 ns, 115.4500 ns/op
WorkloadActual  13: 8388608 op, 969223907.00 ns, 115.5405 ns/op
WorkloadActual  14: 8388608 op, 972176001.00 ns, 115.8924 ns/op
WorkloadActual  15: 8388608 op, 979773174.00 ns, 116.7981 ns/op

// AfterActualRun
WorkloadResult   1: 8388608 op, 931307939.00 ns, 111.0206 ns/op
WorkloadResult   2: 8388608 op, 930135859.00 ns, 110.8808 ns/op
WorkloadResult   3: 8388608 op, 929087622.00 ns, 110.7559 ns/op
WorkloadResult   4: 8388608 op, 931956747.00 ns, 111.0979 ns/op
WorkloadResult   5: 8388608 op, 931268168.00 ns, 111.0158 ns/op
WorkloadResult   6: 8388608 op, 931366855.00 ns, 111.0276 ns/op
WorkloadResult   7: 8388608 op, 930801977.00 ns, 110.9602 ns/op
WorkloadResult   8: 8388608 op, 933170195.00 ns, 111.2426 ns/op
WorkloadResult   9: 8388608 op, 929968235.00 ns, 110.8609 ns/op
WorkloadResult  10: 8388608 op, 929585795.00 ns, 110.8153 ns/op
WorkloadResult  11: 8388608 op, 930344698.00 ns, 110.9057 ns/op
WorkloadResult  12: 8388608 op, 933296792.00 ns, 111.2576 ns/op
// GC:  0 0 0 0 8388608
// Threading:  0 0 8388608

// AfterAll
// Benchmark Process 4656 has exited with code 0.

Mean = 110.987 ns, StdErr = 0.045 ns (0.04%), N = 12, StdDev = 0.157 ns
Min = 110.756 ns, Q1 = 110.876 ns, Median = 110.988 ns, Q3 = 111.045 ns, Max = 111.258 ns
IQR = 0.169 ns, LowerFence = 110.622 ns, UpperFence = 111.299 ns
ConfidenceInterval = [110.785 ns; 111.188 ns] (CI 99.9%), Margin = 0.201 ns (0.18% of Mean)
Skewness = 0.37, Kurtosis = 1.9, MValue = 2

// ** Remained 31 (86.1 %) benchmark(s) to run. Estimated finish 2026-10-04 7:47 (0h 12m from now) **
// **************************
// Benchmark: MediatorBenchmarks.PublishNotification_OneHandler: .NET 10.0(Runtime=.NET 10.0, Toolchain=net10.0)
// *** Execute ***
// Launch: 1 / 1
// Execute: dotnet "EricksonLopez.Mediator.Benchmarks-.NET 10.0-1.dll" --anonymousPipes 167 169 --benchmarkName EricksonLopez.Mediator.Benchmarks.MediatorBenchmarks.PublishNotification_OneHandler --job ".NET 10.0" --benchmarkId 5 in /home/runner/work/dotnet-mediator/dotnet-mediator/benchmarks/EricksonLopez.Mediator.Benchmarks/bin/Release/net10.0/EricksonLopez.Mediator.Benchmarks-.NET 10.0-1/bin/Release/net10.0
// Failed to set up high priority (Permission denied). In order to run benchmarks with high priority, make sure you have the right permissions.
// BeforeAnythingElse

// Benchmark Process Environment Information:
// BenchmarkDotNet v0.15.8
// Runtime=.NET 10.0.12 (10.0.12, 10.0.1226.42308), X64 RyuJIT x86-64-v4
// GC=Concurrent Workstation
// HardwareIntrinsics=AVX512 BITALG+VBMI2+VNNI+VPOPCNTDQ,AVX512 IFMA+VBMI,AVX512 F+BW+CD+DQ+VL,AVX2+BMI1+BMI2+F16C+FMA+LZCNT+MOVBE,AVX,SSE3+SSSE3+SSE4.1+SSE4.2+POPCNT,X86Base+SSE+SSE2,AES+PCLMUL VectorSize=256
// Job: .NET 10.0

OverheadJitting  1: 1 op, 196414.00 ns, 196.4140 us/op
WorkloadJitting  1: 1 op, 2134314.00 ns, 2.1343 ms/op

OverheadJitting  2: 16 op, 232890.00 ns, 14.5556 us/op
WorkloadJitting  2: 16 op, 1735226.00 ns, 108.4516 us/op

WorkloadPilot    1: 16 op, 148574.00 ns, 9.2859 us/op
WorkloadPilot    2: 32 op, 21115.00 ns, 659.8438 ns/op
WorkloadPilot    3: 64 op, 30082.00 ns, 470.0313 ns/op
WorkloadPilot    4: 128 op, 54593.00 ns, 426.5078 ns/op
WorkloadPilot    5: 256 op, 148658.00 ns, 580.6953 ns/op
WorkloadPilot    6: 512 op, 207512.00 ns, 405.2969 ns/op
WorkloadPilot    7: 1024 op, 425207.00 ns, 415.2412 ns/op
WorkloadPilot    8: 2048 op, 842739.00 ns, 411.4937 ns/op
WorkloadPilot    9: 4096 op, 1679661.00 ns, 410.0735 ns/op
WorkloadPilot   10: 8192 op, 3403687.00 ns, 415.4891 ns/op
WorkloadPilot   11: 16384 op, 6740190.00 ns, 411.3885 ns/op
WorkloadPilot   12: 32768 op, 13378731.00 ns, 408.2865 ns/op
WorkloadPilot   13: 65536 op, 26308839.00 ns, 401.4410 ns/op
WorkloadPilot   14: 131072 op, 58798882.00 ns, 448.5999 ns/op
WorkloadPilot   15: 262144 op, 82397996.00 ns, 314.3234 ns/op
WorkloadPilot   16: 524288 op, 24888259.00 ns, 47.4706 ns/op
WorkloadPilot   17: 1048576 op, 46195388.00 ns, 44.0554 ns/op
WorkloadPilot   18: 2097152 op, 97655082.00 ns, 46.5656 ns/op
WorkloadPilot   19: 4194304 op, 184706636.00 ns, 44.0375 ns/op
WorkloadPilot   20: 8388608 op, 344978538.00 ns, 41.1246 ns/op
WorkloadPilot   21: 16777216 op, 689192050.00 ns, 41.0790 ns/op

OverheadWarmup   1: 16777216 op, 56657331.00 ns, 3.3770 ns/op
OverheadWarmup   2: 16777216 op, 56763486.00 ns, 3.3834 ns/op
OverheadWarmup   3: 16777216 op, 57223062.00 ns, 3.4108 ns/op
OverheadWarmup   4: 16777216 op, 49861708.00 ns, 2.9720 ns/op
OverheadWarmup   5: 16777216 op, 40045766.00 ns, 2.3869 ns/op
OverheadWarmup   6: 16777216 op, 40634864.00 ns, 2.4220 ns/op
OverheadWarmup   7: 16777216 op, 40209026.00 ns, 2.3966 ns/op

OverheadActual   1: 16777216 op, 40634125.00 ns, 2.4220 ns/op
OverheadActual   2: 16777216 op, 40990483.00 ns, 2.4432 ns/op
OverheadActual   3: 16777216 op, 40140448.00 ns, 2.3926 ns/op
OverheadActual   4: 16777216 op, 41089252.00 ns, 2.4491 ns/op
OverheadActual   5: 16777216 op, 40422518.00 ns, 2.4094 ns/op
OverheadActual   6: 16777216 op, 40218438.00 ns, 2.3972 ns/op
OverheadActual   7: 16777216 op, 40380051.00 ns, 2.4068 ns/op
OverheadActual   8: 16777216 op, 40398011.00 ns, 2.4079 ns/op
OverheadActual   9: 16777216 op, 40696555.00 ns, 2.4257 ns/op
OverheadActual  10: 16777216 op, 40411131.00 ns, 2.4087 ns/op
OverheadActual  11: 16777216 op, 40797617.00 ns, 2.4317 ns/op
OverheadActual  12: 16777216 op, 40492163.00 ns, 2.4135 ns/op
OverheadActual  13: 16777216 op, 40814956.00 ns, 2.4328 ns/op
OverheadActual  14: 16777216 op, 41149936.00 ns, 2.4527 ns/op
OverheadActual  15: 16777216 op, 41546610.00 ns, 2.4764 ns/op

WorkloadWarmup   1: 16777216 op, 717552068.00 ns, 42.7694 ns/op
WorkloadWarmup   2: 16777216 op, 697314290.00 ns, 41.5632 ns/op
WorkloadWarmup   3: 16777216 op, 690886876.00 ns, 41.1801 ns/op
WorkloadWarmup   4: 16777216 op, 689020154.00 ns, 41.0688 ns/op
WorkloadWarmup   5: 16777216 op, 688163664.00 ns, 41.0178 ns/op
WorkloadWarmup   6: 16777216 op, 690711411.00 ns, 41.1696 ns/op
WorkloadWarmup   7: 16777216 op, 696229889.00 ns, 41.4985 ns/op
WorkloadWarmup   8: 16777216 op, 690860236.00 ns, 41.1785 ns/op
WorkloadWarmup   9: 16777216 op, 690835288.00 ns, 41.1770 ns/op
WorkloadWarmup  10: 16777216 op, 689810473.00 ns, 41.1159 ns/op
WorkloadWarmup  11: 16777216 op, 690358037.00 ns, 41.1485 ns/op
WorkloadWarmup  12: 16777216 op, 691629553.00 ns, 41.2243 ns/op
WorkloadWarmup  13: 16777216 op, 689889336.00 ns, 41.1206 ns/op

// BeforeActualRun
WorkloadActual   1: 16777216 op, 691416290.00 ns, 41.2116 ns/op
WorkloadActual   2: 16777216 op, 688124898.00 ns, 41.0154 ns/op
WorkloadActual   3: 16777216 op, 688643334.00 ns, 41.0463 ns/op
WorkloadActual   4: 16777216 op, 691864596.00 ns, 41.2383 ns/op
WorkloadActual   5: 16777216 op, 692359604.00 ns, 41.2678 ns/op
WorkloadActual   6: 16777216 op, 690495783.00 ns, 41.1568 ns/op
WorkloadActual   7: 16777216 op, 688131491.00 ns, 41.0158 ns/op
WorkloadActual   8: 16777216 op, 692186240.00 ns, 41.2575 ns/op
WorkloadActual   9: 16777216 op, 688653934.00 ns, 41.0470 ns/op
WorkloadActual  10: 16777216 op, 693432551.00 ns, 41.3318 ns/op
WorkloadActual  11: 16777216 op, 686006743.00 ns, 40.8892 ns/op
WorkloadActual  12: 16777216 op, 689137873.00 ns, 41.0758 ns/op
WorkloadActual  13: 16777216 op, 688729642.00 ns, 41.0515 ns/op
WorkloadActual  14: 16777216 op, 700313392.00 ns, 41.7419 ns/op
WorkloadActual  15: 16777216 op, 690669451.00 ns, 41.1671 ns/op

// AfterActualRun
WorkloadResult   1: 16777216 op, 650782165.00 ns, 38.7896 ns/op
WorkloadResult   2: 16777216 op, 647490773.00 ns, 38.5935 ns/op
WorkloadResult   3: 16777216 op, 648009209.00 ns, 38.6244 ns/op
WorkloadResult   4: 16777216 op, 651230471.00 ns, 38.8164 ns/op
WorkloadResult   5: 16777216 op, 651725479.00 ns, 38.8459 ns/op
WorkloadResult   6: 16777216 op, 649861658.00 ns, 38.7348 ns/op
WorkloadResult   7: 16777216 op, 647497366.00 ns, 38.5939 ns/op
WorkloadResult   8: 16777216 op, 651552115.00 ns, 38.8355 ns/op
WorkloadResult   9: 16777216 op, 648019809.00 ns, 38.6250 ns/op
WorkloadResult  10: 16777216 op, 652798426.00 ns, 38.9098 ns/op
WorkloadResult  11: 16777216 op, 645372618.00 ns, 38.4672 ns/op
WorkloadResult  12: 16777216 op, 648503748.00 ns, 38.6538 ns/op
WorkloadResult  13: 16777216 op, 648095517.00 ns, 38.6295 ns/op
WorkloadResult  14: 16777216 op, 650035326.00 ns, 38.7451 ns/op
// GC:  4 0 0 402653184 16777216
// Threading:  0 0 16777216

// AfterAll
// Benchmark Process 4681 has exited with code 0.

Mean = 38.705 ns, StdErr = 0.033 ns (0.09%), N = 14, StdDev = 0.125 ns
Min = 38.467 ns, Q1 = 38.625 ns, Median = 38.694 ns, Q3 = 38.810 ns, Max = 38.910 ns
IQR = 0.185 ns, LowerFence = 38.347 ns, UpperFence = 39.087 ns
ConfidenceInterval = [38.563 ns; 38.846 ns] (CI 99.9%), Margin = 0.141 ns (0.36% of Mean)
Skewness = -0.07, Kurtosis = 1.83, MValue = 2

// ** Remained 30 (83.3 %) benchmark(s) to run. Estimated finish 2026-10-04 7:46 (0h 12m from now) **
// **************************
// Benchmark: MediatorBenchmarks.PublishNotification_FiveHandlers: .NET 10.0(Runtime=.NET 10.0, Toolchain=net10.0)
// *** Execute ***
// Launch: 1 / 1
// Execute: dotnet "EricksonLopez.Mediator.Benchmarks-.NET 10.0-1.dll" --anonymousPipes 167 169 --benchmarkName EricksonLopez.Mediator.Benchmarks.MediatorBenchmarks.PublishNotification_FiveHandlers --job ".NET 10.0" --benchmarkId 6 in /home/runner/work/dotnet-mediator/dotnet-mediator/benchmarks/EricksonLopez.Mediator.Benchmarks/bin/Release/net10.0/EricksonLopez.Mediator.Benchmarks-.NET 10.0-1/bin/Release/net10.0
// Failed to set up high priority (Permission denied). In order to run benchmarks with high priority, make sure you have the right permissions.
// BeforeAnythingElse

// Benchmark Process Environment Information:
// BenchmarkDotNet v0.15.8
// Runtime=.NET 10.0.12 (10.0.12, 10.0.1226.42308), X64 RyuJIT x86-64-v4
// GC=Concurrent Workstation
// HardwareIntrinsics=AVX512 BITALG+VBMI2+VNNI+VPOPCNTDQ,AVX512 IFMA+VBMI,AVX512 F+BW+CD+DQ+VL,AVX2+BMI1+BMI2+F16C+FMA+LZCNT+MOVBE,AVX,SSE3+SSSE3+SSE4.1+SSE4.2+POPCNT,X86Base+SSE+SSE2,AES+PCLMUL VectorSize=256
// Job: .NET 10.0

OverheadJitting  1: 1 op, 166709.00 ns, 166.7090 us/op
WorkloadJitting  1: 1 op, 2650881.00 ns, 2.6509 ms/op

OverheadJitting  2: 16 op, 220109.00 ns, 13.7568 us/op
WorkloadJitting  2: 16 op, 2000238.00 ns, 125.0149 us/op

WorkloadPilot    1: 16 op, 249138.00 ns, 15.5711 us/op
WorkloadPilot    2: 32 op, 55380.00 ns, 1.7306 us/op
WorkloadPilot    3: 64 op, 109732.00 ns, 1.7146 us/op
WorkloadPilot    4: 128 op, 203810.00 ns, 1.5923 us/op
WorkloadPilot    5: 256 op, 406245.00 ns, 1.5869 us/op
WorkloadPilot    6: 512 op, 806907.00 ns, 1.5760 us/op
WorkloadPilot    7: 1024 op, 1606862.00 ns, 1.5692 us/op
WorkloadPilot    8: 2048 op, 3212982.00 ns, 1.5688 us/op
WorkloadPilot    9: 4096 op, 6293801.00 ns, 1.5366 us/op
WorkloadPilot   10: 8192 op, 12540828.00 ns, 1.5309 us/op
WorkloadPilot   11: 16384 op, 25308265.00 ns, 1.5447 us/op
WorkloadPilot   12: 32768 op, 49953074.00 ns, 1.5244 us/op
WorkloadPilot   13: 65536 op, 85334486.00 ns, 1.3021 us/op
WorkloadPilot   14: 131072 op, 27768008.00 ns, 211.8531 ns/op
WorkloadPilot   15: 262144 op, 33360912.00 ns, 127.2618 ns/op
WorkloadPilot   16: 524288 op, 63103935.00 ns, 120.3612 ns/op
WorkloadPilot   17: 1048576 op, 108245616.00 ns, 103.2311 ns/op
WorkloadPilot   18: 2097152 op, 205249681.00 ns, 97.8707 ns/op
WorkloadPilot   19: 4194304 op, 409583252.00 ns, 97.6523 ns/op
WorkloadPilot   20: 8388608 op, 817175847.00 ns, 97.4150 ns/op

OverheadWarmup   1: 8388608 op, 28412274.00 ns, 3.3870 ns/op
OverheadWarmup   2: 8388608 op, 28329579.00 ns, 3.3771 ns/op
OverheadWarmup   3: 8388608 op, 28667039.00 ns, 3.4174 ns/op
OverheadWarmup   4: 8388608 op, 28622405.00 ns, 3.4121 ns/op
OverheadWarmup   5: 8388608 op, 28771241.00 ns, 3.4298 ns/op
OverheadWarmup   6: 8388608 op, 28707599.00 ns, 3.4222 ns/op

OverheadActual   1: 8388608 op, 28813346.00 ns, 3.4348 ns/op
OverheadActual   2: 8388608 op, 28681267.00 ns, 3.4191 ns/op
OverheadActual   3: 8388608 op, 28557269.00 ns, 3.4043 ns/op
OverheadActual   4: 8388608 op, 28682852.00 ns, 3.4193 ns/op
OverheadActual   5: 8388608 op, 29027025.00 ns, 3.4603 ns/op
OverheadActual   6: 8388608 op, 28202751.00 ns, 3.3620 ns/op
OverheadActual   7: 8388608 op, 28217694.00 ns, 3.3638 ns/op
OverheadActual   8: 8388608 op, 28820633.00 ns, 3.4357 ns/op
OverheadActual   9: 8388608 op, 28249518.00 ns, 3.3676 ns/op
OverheadActual  10: 8388608 op, 28375343.00 ns, 3.3826 ns/op
OverheadActual  11: 8388608 op, 27443469.00 ns, 3.2715 ns/op
OverheadActual  12: 8388608 op, 20357047.00 ns, 2.4267 ns/op
OverheadActual  13: 8388608 op, 20367961.00 ns, 2.4281 ns/op
OverheadActual  14: 8388608 op, 20235947.00 ns, 2.4123 ns/op
OverheadActual  15: 8388608 op, 20448768.00 ns, 2.4377 ns/op
OverheadActual  16: 8388608 op, 20694704.00 ns, 2.4670 ns/op
OverheadActual  17: 8388608 op, 20136254.00 ns, 2.4004 ns/op
OverheadActual  18: 8388608 op, 20310293.00 ns, 2.4212 ns/op
OverheadActual  19: 8388608 op, 19955239.00 ns, 2.3788 ns/op
OverheadActual  20: 8388608 op, 20012082.00 ns, 2.3856 ns/op

WorkloadWarmup   1: 8388608 op, 844818952.00 ns, 100.7103 ns/op
WorkloadWarmup   2: 8388608 op, 820527646.00 ns, 97.8145 ns/op
WorkloadWarmup   3: 8388608 op, 822697207.00 ns, 98.0731 ns/op
WorkloadWarmup   4: 8388608 op, 822028394.00 ns, 97.9934 ns/op
WorkloadWarmup   5: 8388608 op, 818441841.00 ns, 97.5659 ns/op
WorkloadWarmup   6: 8388608 op, 823636931.00 ns, 98.1852 ns/op
WorkloadWarmup   7: 8388608 op, 819301052.00 ns, 97.6683 ns/op

// BeforeActualRun
WorkloadActual   1: 8388608 op, 820485103.00 ns, 97.8094 ns/op
WorkloadActual   2: 8388608 op, 819738250.00 ns, 97.7204 ns/op
WorkloadActual   3: 8388608 op, 814750574.00 ns, 97.1258 ns/op
WorkloadActual   4: 8388608 op, 820145552.00 ns, 97.7690 ns/op
WorkloadActual   5: 8388608 op, 828532460.00 ns, 98.7688 ns/op
WorkloadActual   6: 8388608 op, 825446465.00 ns, 98.4009 ns/op
WorkloadActual   7: 8388608 op, 823221490.00 ns, 98.1356 ns/op
WorkloadActual   8: 8388608 op, 822089103.00 ns, 98.0007 ns/op
WorkloadActual   9: 8388608 op, 831529496.00 ns, 99.1260 ns/op
WorkloadActual  10: 8388608 op, 818312562.00 ns, 97.5505 ns/op
WorkloadActual  11: 8388608 op, 815350875.00 ns, 97.1974 ns/op
WorkloadActual  12: 8388608 op, 819642273.00 ns, 97.7090 ns/op
WorkloadActual  13: 8388608 op, 820983816.00 ns, 97.8689 ns/op
WorkloadActual  14: 8388608 op, 819833347.00 ns, 97.7318 ns/op
WorkloadActual  15: 8388608 op, 823853866.00 ns, 98.2110 ns/op

// AfterActualRun
WorkloadResult   1: 8388608 op, 792661993.00 ns, 94.4927 ns/op
WorkloadResult   2: 8388608 op, 791915140.00 ns, 94.4036 ns/op
WorkloadResult   3: 8388608 op, 786927464.00 ns, 93.8091 ns/op
WorkloadResult   4: 8388608 op, 792322442.00 ns, 94.4522 ns/op
WorkloadResult   5: 8388608 op, 800709350.00 ns, 95.4520 ns/op
WorkloadResult   6: 8388608 op, 797623355.00 ns, 95.0841 ns/op
WorkloadResult   7: 8388608 op, 795398380.00 ns, 94.8189 ns/op
WorkloadResult   8: 8388608 op, 794265993.00 ns, 94.6839 ns/op
WorkloadResult   9: 8388608 op, 790489452.00 ns, 94.2337 ns/op
WorkloadResult  10: 8388608 op, 787527765.00 ns, 93.8806 ns/op
WorkloadResult  11: 8388608 op, 791819163.00 ns, 94.3922 ns/op
WorkloadResult  12: 8388608 op, 793160706.00 ns, 94.5521 ns/op
WorkloadResult  13: 8388608 op, 792010237.00 ns, 94.4150 ns/op
WorkloadResult  14: 8388608 op, 796030756.00 ns, 94.8943 ns/op
// GC:  12 0 0 1006632960 8388608
// Threading:  0 0 8388608

// AfterAll
// Benchmark Process 4707 has exited with code 0.

Mean = 94.540 ns, StdErr = 0.117 ns (0.12%), N = 14, StdDev = 0.437 ns
Min = 93.809 ns, Q1 = 94.395 ns, Median = 94.472 ns, Q3 = 94.785 ns, Max = 95.452 ns
IQR = 0.390 ns, LowerFence = 93.810 ns, UpperFence = 95.370 ns
ConfidenceInterval = [94.048 ns; 95.033 ns] (CI 99.9%), Margin = 0.493 ns (0.52% of Mean)
Skewness = 0.23, Kurtosis = 2.52, MValue = 2

// ** Remained 29 (80.6 %) benchmark(s) to run. Estimated finish 2026-10-04 7:46 (0h 11m from now) **
// **************************
// Benchmark: MediatorBenchmarks.PublishNotification_Parallel: .NET 10.0(Runtime=.NET 10.0, Toolchain=net10.0)
// *** Execute ***
// Launch: 1 / 1
// Execute: dotnet "EricksonLopez.Mediator.Benchmarks-.NET 10.0-1.dll" --anonymousPipes 167 169 --benchmarkName EricksonLopez.Mediator.Benchmarks.MediatorBenchmarks.PublishNotification_Parallel --job ".NET 10.0" --benchmarkId 7 in /home/runner/work/dotnet-mediator/dotnet-mediator/benchmarks/EricksonLopez.Mediator.Benchmarks/bin/Release/net10.0/EricksonLopez.Mediator.Benchmarks-.NET 10.0-1/bin/Release/net10.0
// Failed to set up high priority (Permission denied). In order to run benchmarks with high priority, make sure you have the right permissions.
// BeforeAnythingElse

// Benchmark Process Environment Information:
// BenchmarkDotNet v0.15.8
// Runtime=.NET 10.0.12 (10.0.12, 10.0.1226.42308), X64 RyuJIT x86-64-v4
// GC=Concurrent Workstation
// HardwareIntrinsics=AVX512 BITALG+VBMI2+VNNI+VPOPCNTDQ,AVX512 IFMA+VBMI,AVX512 F+BW+CD+DQ+VL,AVX2+BMI1+BMI2+F16C+FMA+LZCNT+MOVBE,AVX,SSE3+SSSE3+SSE4.1+SSE4.2+POPCNT,X86Base+SSE+SSE2,AES+PCLMUL VectorSize=256
// Job: .NET 10.0

OverheadJitting  1: 1 op, 166532.00 ns, 166.5320 us/op
WorkloadJitting  1: 1 op, 2799626.00 ns, 2.7996 ms/op

OverheadJitting  2: 16 op, 208082.00 ns, 13.0051 us/op
WorkloadJitting  2: 16 op, 1911334.00 ns, 119.4584 us/op

WorkloadPilot    1: 16 op, 214797.00 ns, 13.4248 us/op
WorkloadPilot    2: 32 op, 48351.00 ns, 1.5110 us/op
WorkloadPilot    3: 64 op, 65345.00 ns, 1.0210 us/op
WorkloadPilot    4: 128 op, 119406.00 ns, 932.8594 ns/op
WorkloadPilot    5: 256 op, 215021.00 ns, 839.9258 ns/op
WorkloadPilot    6: 512 op, 434138.00 ns, 847.9258 ns/op
WorkloadPilot    7: 1024 op, 821332.00 ns, 802.0820 ns/op
WorkloadPilot    8: 2048 op, 1598323.00 ns, 780.4312 ns/op
WorkloadPilot    9: 4096 op, 3284195.00 ns, 801.8054 ns/op
WorkloadPilot   10: 8192 op, 6782123.00 ns, 827.8959 ns/op
WorkloadPilot   11: 16384 op, 13529734.00 ns, 825.7894 ns/op
WorkloadPilot   12: 32768 op, 26183038.00 ns, 799.0429 ns/op
WorkloadPilot   13: 65536 op, 52592621.00 ns, 802.4997 ns/op
WorkloadPilot   14: 131072 op, 91608548.00 ns, 698.9178 ns/op
WorkloadPilot   15: 262144 op, 43171006.00 ns, 164.6843 ns/op
WorkloadPilot   16: 524288 op, 77551855.00 ns, 147.9184 ns/op
WorkloadPilot   17: 1048576 op, 128150486.00 ns, 122.2138 ns/op
WorkloadPilot   18: 2097152 op, 255657414.00 ns, 121.9070 ns/op
WorkloadPilot   19: 4194304 op, 509523954.00 ns, 121.4800 ns/op

OverheadWarmup   1: 4194304 op, 14399517.00 ns, 3.4331 ns/op
OverheadWarmup   2: 4194304 op, 14355689.00 ns, 3.4227 ns/op
OverheadWarmup   3: 4194304 op, 14366217.00 ns, 3.4252 ns/op
OverheadWarmup   4: 4194304 op, 14564752.00 ns, 3.4725 ns/op
OverheadWarmup   5: 4194304 op, 14497770.00 ns, 3.4565 ns/op
OverheadWarmup   6: 4194304 op, 14576290.00 ns, 3.4753 ns/op
OverheadWarmup   7: 4194304 op, 14365691.00 ns, 3.4250 ns/op

OverheadActual   1: 4194304 op, 14564894.00 ns, 3.4725 ns/op
OverheadActual   2: 4194304 op, 14583307.00 ns, 3.4769 ns/op
OverheadActual   3: 4194304 op, 14274070.00 ns, 3.4032 ns/op
OverheadActual   4: 4194304 op, 14223228.00 ns, 3.3911 ns/op
OverheadActual   5: 4194304 op, 14332974.00 ns, 3.4172 ns/op
OverheadActual   6: 4194304 op, 14456531.00 ns, 3.4467 ns/op
OverheadActual   7: 4194304 op, 14268458.00 ns, 3.4019 ns/op
OverheadActual   8: 4194304 op, 14138937.00 ns, 3.3710 ns/op
OverheadActual   9: 4194304 op, 14076524.00 ns, 3.3561 ns/op
OverheadActual  10: 4194304 op, 14631422.00 ns, 3.4884 ns/op
OverheadActual  11: 4194304 op, 14425109.00 ns, 3.4392 ns/op
OverheadActual  12: 4194304 op, 14374652.00 ns, 3.4272 ns/op
OverheadActual  13: 4194304 op, 10916904.00 ns, 2.6028 ns/op
OverheadActual  14: 4194304 op, 10094398.00 ns, 2.4067 ns/op
OverheadActual  15: 4194304 op, 10152238.00 ns, 2.4205 ns/op
OverheadActual  16: 4194304 op, 10112461.00 ns, 2.4110 ns/op
OverheadActual  17: 4194304 op, 10061254.00 ns, 2.3988 ns/op
OverheadActual  18: 4194304 op, 10011178.00 ns, 2.3869 ns/op
OverheadActual  19: 4194304 op, 9995417.00 ns, 2.3831 ns/op
OverheadActual  20: 4194304 op, 10419457.00 ns, 2.4842 ns/op

WorkloadWarmup   1: 4194304 op, 540785606.00 ns, 128.9333 ns/op
WorkloadWarmup   2: 4194304 op, 509896752.00 ns, 121.5689 ns/op
WorkloadWarmup   3: 4194304 op, 511532960.00 ns, 121.9590 ns/op
WorkloadWarmup   4: 4194304 op, 491682236.00 ns, 117.2262 ns/op
WorkloadWarmup   5: 4194304 op, 502653053.00 ns, 119.8418 ns/op
WorkloadWarmup   6: 4194304 op, 508982483.00 ns, 121.3509 ns/op
WorkloadWarmup   7: 4194304 op, 508159123.00 ns, 121.1546 ns/op

// BeforeActualRun
WorkloadActual   1: 4194304 op, 509690001.00 ns, 121.5196 ns/op
WorkloadActual   2: 4194304 op, 507952663.00 ns, 121.1054 ns/op
WorkloadActual   3: 4194304 op, 510590142.00 ns, 121.7342 ns/op
WorkloadActual   4: 4194304 op, 499809117.00 ns, 119.1638 ns/op
WorkloadActual   5: 4194304 op, 508355413.00 ns, 121.2014 ns/op
WorkloadActual   6: 4194304 op, 508229880.00 ns, 121.1714 ns/op
WorkloadActual   7: 4194304 op, 510651492.00 ns, 121.7488 ns/op
WorkloadActual   8: 4194304 op, 507774772.00 ns, 121.0629 ns/op
WorkloadActual   9: 4194304 op, 541308506.00 ns, 129.0580 ns/op
WorkloadActual  10: 4194304 op, 507437521.00 ns, 120.9825 ns/op
WorkloadActual  11: 4194304 op, 508770614.00 ns, 121.3004 ns/op
WorkloadActual  12: 4194304 op, 507278514.00 ns, 120.9446 ns/op
WorkloadActual  13: 4194304 op, 506771970.00 ns, 120.8239 ns/op
WorkloadActual  14: 4194304 op, 507924975.00 ns, 121.0988 ns/op
WorkloadActual  15: 4194304 op, 507691569.00 ns, 121.0431 ns/op

// AfterActualRun
WorkloadResult   1: 4194304 op, 495508918.50 ns, 118.1385 ns/op
WorkloadResult   2: 4194304 op, 493771580.50 ns, 117.7243 ns/op
WorkloadResult   3: 4194304 op, 496409059.50 ns, 118.3531 ns/op
WorkloadResult   4: 4194304 op, 485628034.50 ns, 115.7827 ns/op
WorkloadResult   5: 4194304 op, 494174330.50 ns, 117.8203 ns/op
WorkloadResult   6: 4194304 op, 494048797.50 ns, 117.7904 ns/op
WorkloadResult   7: 4194304 op, 496470409.50 ns, 118.3678 ns/op
WorkloadResult   8: 4194304 op, 493593689.50 ns, 117.6819 ns/op
WorkloadResult   9: 4194304 op, 493256438.50 ns, 117.6015 ns/op
WorkloadResult  10: 4194304 op, 494589531.50 ns, 117.9193 ns/op
WorkloadResult  11: 4194304 op, 493097431.50 ns, 117.5636 ns/op
WorkloadResult  12: 4194304 op, 492590887.50 ns, 117.4428 ns/op
WorkloadResult  13: 4194304 op, 493743892.50 ns, 117.7177 ns/op
WorkloadResult  14: 4194304 op, 493510486.50 ns, 117.6621 ns/op
// GC:  9 0 0 805306368 4194304
// Threading:  0 0 4194304

// AfterAll
// Benchmark Process 4736 has exited with code 0.

Mean = 117.683 ns, StdErr = 0.164 ns (0.14%), N = 14, StdDev = 0.614 ns
Min = 115.783 ns, Q1 = 117.617 ns, Median = 117.721 ns, Q3 = 117.895 ns, Max = 118.368 ns
IQR = 0.278 ns, LowerFence = 117.200 ns, UpperFence = 118.312 ns
ConfidenceInterval = [116.990 ns; 118.376 ns] (CI 99.9%), Margin = 0.693 ns (0.59% of Mean)
Skewness = -1.9, Kurtosis = 6.78, MValue = 2

// ** Remained 28 (77.8 %) benchmark(s) to run. Estimated finish 2026-10-04 7:45 (0h 10m from now) **
// **************************
// Benchmark: MediatorBenchmarks.NestedSend: .NET 10.0(Runtime=.NET 10.0, Toolchain=net10.0)
// *** Execute ***
// Launch: 1 / 1
// Execute: dotnet "EricksonLopez.Mediator.Benchmarks-.NET 10.0-1.dll" --anonymousPipes 167 169 --benchmarkName EricksonLopez.Mediator.Benchmarks.MediatorBenchmarks.NestedSend --job ".NET 10.0" --benchmarkId 8 in /home/runner/work/dotnet-mediator/dotnet-mediator/benchmarks/EricksonLopez.Mediator.Benchmarks/bin/Release/net10.0/EricksonLopez.Mediator.Benchmarks-.NET 10.0-1/bin/Release/net10.0
// Failed to set up high priority (Permission denied). In order to run benchmarks with high priority, make sure you have the right permissions.
// BeforeAnythingElse

// Benchmark Process Environment Information:
// BenchmarkDotNet v0.15.8
// Runtime=.NET 10.0.12 (10.0.12, 10.0.1226.42308), X64 RyuJIT x86-64-v4
// GC=Concurrent Workstation
// HardwareIntrinsics=AVX512 BITALG+VBMI2+VNNI+VPOPCNTDQ,AVX512 IFMA+VBMI,AVX512 F+BW+CD+DQ+VL,AVX2+BMI1+BMI2+F16C+FMA+LZCNT+MOVBE,AVX,SSE3+SSSE3+SSE4.1+SSE4.2+POPCNT,X86Base+SSE+SSE2,AES+PCLMUL VectorSize=256
// Job: .NET 10.0

OverheadJitting  1: 1 op, 209429.00 ns, 209.4290 us/op
WorkloadJitting  1: 1 op, 2168363.00 ns, 2.1684 ms/op

OverheadJitting  2: 16 op, 506577.00 ns, 31.6611 us/op
WorkloadJitting  2: 16 op, 536640.00 ns, 33.5400 us/op

WorkloadPilot    1: 16 op, 18507.00 ns, 1.1567 us/op
WorkloadPilot    2: 32 op, 24680.00 ns, 771.2500 ns/op
WorkloadPilot    3: 64 op, 37230.00 ns, 581.7188 ns/op
WorkloadPilot    4: 128 op, 65830.00 ns, 514.2969 ns/op
WorkloadPilot    5: 256 op, 136286.00 ns, 532.3672 ns/op
WorkloadPilot    6: 512 op, 267089.00 ns, 521.6582 ns/op
WorkloadPilot    7: 1024 op, 520565.00 ns, 508.3643 ns/op
WorkloadPilot    8: 2048 op, 1028216.00 ns, 502.0586 ns/op
WorkloadPilot    9: 4096 op, 2119782.00 ns, 517.5249 ns/op
WorkloadPilot   10: 8192 op, 4142557.00 ns, 505.6832 ns/op
WorkloadPilot   11: 16384 op, 8080682.00 ns, 493.2057 ns/op
WorkloadPilot   12: 32768 op, 16072519.00 ns, 490.4944 ns/op
WorkloadPilot   13: 65536 op, 32748002.00 ns, 499.6949 ns/op
WorkloadPilot   14: 131072 op, 65676178.00 ns, 501.0695 ns/op
WorkloadPilot   15: 262144 op, 79389021.00 ns, 302.8451 ns/op
WorkloadPilot   16: 524288 op, 37042125.00 ns, 70.6522 ns/op
WorkloadPilot   17: 1048576 op, 69117710.00 ns, 65.9158 ns/op
WorkloadPilot   18: 2097152 op, 143739072.00 ns, 68.5401 ns/op
WorkloadPilot   19: 4194304 op, 273726474.00 ns, 65.2615 ns/op
WorkloadPilot   20: 8388608 op, 514322529.00 ns, 61.3120 ns/op

OverheadWarmup   1: 8388608 op, 44019848.00 ns, 5.2476 ns/op
OverheadWarmup   2: 8388608 op, 44224460.00 ns, 5.2720 ns/op
OverheadWarmup   3: 8388608 op, 43642587.00 ns, 5.2026 ns/op
OverheadWarmup   4: 8388608 op, 43578537.00 ns, 5.1950 ns/op
OverheadWarmup   5: 8388608 op, 44399505.00 ns, 5.2928 ns/op
OverheadWarmup   6: 8388608 op, 43569141.00 ns, 5.1938 ns/op

OverheadActual   1: 8388608 op, 44014513.00 ns, 5.2469 ns/op
OverheadActual   2: 8388608 op, 44214007.00 ns, 5.2707 ns/op
OverheadActual   3: 8388608 op, 44541991.00 ns, 5.3098 ns/op
OverheadActual   4: 8388608 op, 44215306.00 ns, 5.2709 ns/op
OverheadActual   5: 8388608 op, 44364258.00 ns, 5.2886 ns/op
OverheadActual   6: 8388608 op, 44524458.00 ns, 5.3077 ns/op
OverheadActual   7: 8388608 op, 44070135.00 ns, 5.2536 ns/op
OverheadActual   8: 8388608 op, 41826974.00 ns, 4.9862 ns/op
OverheadActual   9: 8388608 op, 38496401.00 ns, 4.5891 ns/op
OverheadActual  10: 8388608 op, 38364458.00 ns, 4.5734 ns/op
OverheadActual  11: 8388608 op, 37859572.00 ns, 4.5132 ns/op
OverheadActual  12: 8388608 op, 37750201.00 ns, 4.5002 ns/op
OverheadActual  13: 8388608 op, 38598190.00 ns, 4.6013 ns/op
OverheadActual  14: 8388608 op, 38851784.00 ns, 4.6315 ns/op
OverheadActual  15: 8388608 op, 38675851.00 ns, 4.6105 ns/op
OverheadActual  16: 8388608 op, 38632746.00 ns, 4.6054 ns/op
OverheadActual  17: 8388608 op, 38361461.00 ns, 4.5730 ns/op
OverheadActual  18: 8388608 op, 37993019.00 ns, 4.5291 ns/op
OverheadActual  19: 8388608 op, 38658815.00 ns, 4.6085 ns/op
OverheadActual  20: 8388608 op, 38676485.00 ns, 4.6106 ns/op

WorkloadWarmup   1: 8388608 op, 552023333.00 ns, 65.8063 ns/op
WorkloadWarmup   2: 8388608 op, 526209874.00 ns, 62.7291 ns/op
WorkloadWarmup   3: 8388608 op, 517074234.00 ns, 61.6401 ns/op
WorkloadWarmup   4: 8388608 op, 514968039.00 ns, 61.3890 ns/op
WorkloadWarmup   5: 8388608 op, 517534641.00 ns, 61.6949 ns/op
WorkloadWarmup   6: 8388608 op, 518410744.00 ns, 61.7994 ns/op
WorkloadWarmup   7: 8388608 op, 519062111.00 ns, 61.8770 ns/op
WorkloadWarmup   8: 8388608 op, 517255886.00 ns, 61.6617 ns/op
WorkloadWarmup   9: 8388608 op, 513989568.00 ns, 61.2723 ns/op
WorkloadWarmup  10: 8388608 op, 516215580.00 ns, 61.5377 ns/op
WorkloadWarmup  11: 8388608 op, 514927953.00 ns, 61.3842 ns/op

// BeforeActualRun
WorkloadActual   1: 8388608 op, 516560127.00 ns, 61.5788 ns/op
WorkloadActual   2: 8388608 op, 517325137.00 ns, 61.6700 ns/op
WorkloadActual   3: 8388608 op, 523682573.00 ns, 62.4278 ns/op
WorkloadActual   4: 8388608 op, 524213359.00 ns, 62.4911 ns/op
WorkloadActual   5: 8388608 op, 527964083.00 ns, 62.9382 ns/op
WorkloadActual   6: 8388608 op, 524608274.00 ns, 62.5382 ns/op
WorkloadActual   7: 8388608 op, 524676985.00 ns, 62.5464 ns/op
WorkloadActual   8: 8388608 op, 520782576.00 ns, 62.0821 ns/op
WorkloadActual   9: 8388608 op, 519394679.00 ns, 61.9167 ns/op
WorkloadActual  10: 8388608 op, 522460894.00 ns, 62.2822 ns/op
WorkloadActual  11: 8388608 op, 521982032.00 ns, 62.2251 ns/op
WorkloadActual  12: 8388608 op, 521797345.00 ns, 62.2031 ns/op
WorkloadActual  13: 8388608 op, 521222718.00 ns, 62.1346 ns/op
WorkloadActual  14: 8388608 op, 518539779.00 ns, 61.8148 ns/op
WorkloadActual  15: 8388608 op, 520661300.00 ns, 62.0677 ns/op

// AfterActualRun
WorkloadResult   1: 8388608 op, 477883959.00 ns, 56.9682 ns/op
WorkloadResult   2: 8388608 op, 478648969.00 ns, 57.0594 ns/op
WorkloadResult   3: 8388608 op, 485006405.00 ns, 57.8173 ns/op
WorkloadResult   4: 8388608 op, 485537191.00 ns, 57.8805 ns/op
WorkloadResult   5: 8388608 op, 489287915.00 ns, 58.3277 ns/op
WorkloadResult   6: 8388608 op, 485932106.00 ns, 57.9276 ns/op
WorkloadResult   7: 8388608 op, 486000817.00 ns, 57.9358 ns/op
WorkloadResult   8: 8388608 op, 482106408.00 ns, 57.4716 ns/op
WorkloadResult   9: 8388608 op, 480718511.00 ns, 57.3061 ns/op
WorkloadResult  10: 8388608 op, 483784726.00 ns, 57.6716 ns/op
WorkloadResult  11: 8388608 op, 483305864.00 ns, 57.6145 ns/op
WorkloadResult  12: 8388608 op, 483121177.00 ns, 57.5925 ns/op
WorkloadResult  13: 8388608 op, 482546550.00 ns, 57.5240 ns/op
WorkloadResult  14: 8388608 op, 479863611.00 ns, 57.2042 ns/op
WorkloadResult  15: 8388608 op, 481985132.00 ns, 57.4571 ns/op
// GC:  2 0 0 201326592 8388608
// Threading:  0 0 8388608

// AfterAll
// Benchmark Process 4758 has exited with code 0.

Mean = 57.584 ns, StdErr = 0.094 ns (0.16%), N = 15, StdDev = 0.364 ns
Min = 56.968 ns, Q1 = 57.382 ns, Median = 57.593 ns, Q3 = 57.849 ns, Max = 58.328 ns
IQR = 0.467 ns, LowerFence = 56.681 ns, UpperFence = 58.550 ns
ConfidenceInterval = [57.195 ns; 57.973 ns] (CI 99.9%), Margin = 0.389 ns (0.68% of Mean)
Skewness = 0.11, Kurtosis = 2.25, MValue = 2

// ** Remained 27 (75.0 %) benchmark(s) to run. Estimated finish 2026-10-04 7:45 (0h 9m from now) **
// **************************
// Benchmark: MediatorBenchmarks.DirectCall: .NET 8.0(Runtime=.NET 8.0, Toolchain=net8.0)
// *** Execute ***
// Launch: 1 / 1
// Execute: dotnet "EricksonLopez.Mediator.Benchmarks-.NET 8.0-2.dll" --anonymousPipes 167 169 --benchmarkName EricksonLopez.Mediator.Benchmarks.MediatorBenchmarks.DirectCall --job ".NET 8.0" --benchmarkId 0 in /home/runner/work/dotnet-mediator/dotnet-mediator/benchmarks/EricksonLopez.Mediator.Benchmarks/bin/Release/net10.0/EricksonLopez.Mediator.Benchmarks-.NET 8.0-2/bin/Release/net8.0
// Failed to set up high priority (Permission denied). In order to run benchmarks with high priority, make sure you have the right permissions.
// BeforeAnythingElse

// Benchmark Process Environment Information:
// BenchmarkDotNet v0.15.8
// Runtime=.NET 8.0.31 (8.0.31, 8.0.3126.42015), X64 RyuJIT x86-64-v4
// GC=Concurrent Workstation
// HardwareIntrinsics=AVX512 IFMA+VBMI,AVX512 F+BW+CD+DQ+VL,AVX2+BMI1+BMI2+F16C+FMA+LZCNT+MOVBE,AVX,SSE3+SSSE3+SSE4.1+SSE4.2+POPCNT,X86Base+SSE+SSE2,AES+PCLMUL VectorSize=256
// Job: .NET 8.0

OverheadJitting  1: 1 op, 227797.00 ns, 227.7970 us/op
WorkloadJitting  1: 1 op, 5410000.00 ns, 5.4100 ms/op

OverheadJitting  2: 16 op, 463458.00 ns, 28.9661 us/op
WorkloadJitting  2: 16 op, 469115.00 ns, 29.3197 us/op

WorkloadPilot    1: 16 op, 2856.00 ns, 178.5000 ns/op
WorkloadPilot    2: 32 op, 3591.00 ns, 112.2188 ns/op
WorkloadPilot    3: 64 op, 3709.00 ns, 57.9531 ns/op
WorkloadPilot    4: 128 op, 6086.00 ns, 47.5469 ns/op
WorkloadPilot    5: 256 op, 11342.00 ns, 44.3047 ns/op
WorkloadPilot    6: 512 op, 22030.00 ns, 43.0273 ns/op
WorkloadPilot    7: 1024 op, 42994.00 ns, 41.9863 ns/op
WorkloadPilot    8: 2048 op, 88596.00 ns, 43.2598 ns/op
WorkloadPilot    9: 4096 op, 172255.00 ns, 42.0544 ns/op
WorkloadPilot   10: 8192 op, 339974.00 ns, 41.5007 ns/op
WorkloadPilot   11: 16384 op, 684517.00 ns, 41.7796 ns/op
WorkloadPilot   12: 32768 op, 1336644.00 ns, 40.7911 ns/op
WorkloadPilot   13: 65536 op, 2671406.00 ns, 40.7624 ns/op
WorkloadPilot   14: 131072 op, 5361334.00 ns, 40.9037 ns/op
WorkloadPilot   15: 262144 op, 11068512.00 ns, 42.2230 ns/op
WorkloadPilot   16: 524288 op, 21755606.00 ns, 41.4955 ns/op
WorkloadPilot   17: 1048576 op, 43268123.00 ns, 41.2637 ns/op
WorkloadPilot   18: 2097152 op, 86778588.00 ns, 41.3793 ns/op
WorkloadPilot   19: 4194304 op, 26611658.00 ns, 6.3447 ns/op
WorkloadPilot   20: 8388608 op, 45094420.00 ns, 5.3757 ns/op
WorkloadPilot   21: 16777216 op, 87401774.00 ns, 5.2096 ns/op
WorkloadPilot   22: 33554432 op, 178839244.00 ns, 5.3298 ns/op
WorkloadPilot   23: 67108864 op, 353362508.00 ns, 5.2655 ns/op
WorkloadPilot   24: 134217728 op, 704652532.00 ns, 5.2501 ns/op

OverheadWarmup   1: 134217728 op, 691364407.00 ns, 5.1511 ns/op
OverheadWarmup   2: 134217728 op, 655677337.00 ns, 4.8852 ns/op
OverheadWarmup   3: 134217728 op, 656736534.00 ns, 4.8931 ns/op
OverheadWarmup   4: 134217728 op, 655387044.00 ns, 4.8830 ns/op
OverheadWarmup   5: 134217728 op, 661221362.00 ns, 4.9265 ns/op
OverheadWarmup   6: 134217728 op, 661071198.00 ns, 4.9254 ns/op

OverheadActual   1: 134217728 op, 658841537.00 ns, 4.9088 ns/op
OverheadActual   2: 134217728 op, 660718384.00 ns, 4.9227 ns/op
OverheadActual   3: 134217728 op, 659031644.00 ns, 4.9102 ns/op
OverheadActual   4: 134217728 op, 657679175.00 ns, 4.9001 ns/op
OverheadActual   5: 134217728 op, 659014209.00 ns, 4.9100 ns/op
OverheadActual   6: 134217728 op, 657099079.00 ns, 4.8958 ns/op
OverheadActual   7: 134217728 op, 656468198.00 ns, 4.8911 ns/op
OverheadActual   8: 134217728 op, 657054781.00 ns, 4.8954 ns/op
OverheadActual   9: 134217728 op, 656926098.00 ns, 4.8945 ns/op
OverheadActual  10: 134217728 op, 658389251.00 ns, 4.9054 ns/op
OverheadActual  11: 134217728 op, 654846707.00 ns, 4.8790 ns/op
OverheadActual  12: 134217728 op, 657885124.00 ns, 4.9016 ns/op
OverheadActual  13: 134217728 op, 654452932.00 ns, 4.8761 ns/op
OverheadActual  14: 134217728 op, 655762956.00 ns, 4.8858 ns/op
OverheadActual  15: 134217728 op, 658133791.00 ns, 4.9035 ns/op

WorkloadWarmup   1: 134217728 op, 712767884.00 ns, 5.3105 ns/op
WorkloadWarmup   2: 134217728 op, 714272589.00 ns, 5.3217 ns/op
WorkloadWarmup   3: 134217728 op, 711868047.00 ns, 5.3038 ns/op
WorkloadWarmup   4: 134217728 op, 704680504.00 ns, 5.2503 ns/op
WorkloadWarmup   5: 134217728 op, 702411627.00 ns, 5.2334 ns/op
WorkloadWarmup   6: 134217728 op, 703863715.00 ns, 5.2442 ns/op
WorkloadWarmup   7: 134217728 op, 707502034.00 ns, 5.2713 ns/op
WorkloadWarmup   8: 134217728 op, 706219973.00 ns, 5.2617 ns/op

// BeforeActualRun
WorkloadActual   1: 134217728 op, 707578139.00 ns, 5.2719 ns/op
WorkloadActual   2: 134217728 op, 705249962.00 ns, 5.2545 ns/op
WorkloadActual   3: 134217728 op, 702283108.00 ns, 5.2324 ns/op
WorkloadActual   4: 134217728 op, 703315670.00 ns, 5.2401 ns/op
WorkloadActual   5: 134217728 op, 702574115.00 ns, 5.2346 ns/op
WorkloadActual   6: 134217728 op, 705589060.00 ns, 5.2570 ns/op
WorkloadActual   7: 134217728 op, 704339188.00 ns, 5.2477 ns/op
WorkloadActual   8: 134217728 op, 701923991.00 ns, 5.2297 ns/op
WorkloadActual   9: 134217728 op, 707469531.00 ns, 5.2711 ns/op
WorkloadActual  10: 134217728 op, 702282180.00 ns, 5.2324 ns/op
WorkloadActual  11: 134217728 op, 705459304.00 ns, 5.2561 ns/op
WorkloadActual  12: 134217728 op, 703861622.00 ns, 5.2442 ns/op
WorkloadActual  13: 134217728 op, 707027712.00 ns, 5.2678 ns/op
WorkloadActual  14: 134217728 op, 704163087.00 ns, 5.2464 ns/op
WorkloadActual  15: 134217728 op, 704798823.00 ns, 5.2512 ns/op

// AfterActualRun
WorkloadResult   1: 134217728 op, 49898964.00 ns, 0.3718 ns/op
WorkloadResult   2: 134217728 op, 47570787.00 ns, 0.3544 ns/op
WorkloadResult   3: 134217728 op, 44603933.00 ns, 0.3323 ns/op
WorkloadResult   4: 134217728 op, 45636495.00 ns, 0.3400 ns/op
WorkloadResult   5: 134217728 op, 44894940.00 ns, 0.3345 ns/op
WorkloadResult   6: 134217728 op, 47909885.00 ns, 0.3570 ns/op
WorkloadResult   7: 134217728 op, 46660013.00 ns, 0.3476 ns/op
WorkloadResult   8: 134217728 op, 44244816.00 ns, 0.3296 ns/op
WorkloadResult   9: 134217728 op, 49790356.00 ns, 0.3710 ns/op
WorkloadResult  10: 134217728 op, 44603005.00 ns, 0.3323 ns/op
WorkloadResult  11: 134217728 op, 47780129.00 ns, 0.3560 ns/op
WorkloadResult  12: 134217728 op, 46182447.00 ns, 0.3441 ns/op
WorkloadResult  13: 134217728 op, 49348537.00 ns, 0.3677 ns/op
WorkloadResult  14: 134217728 op, 46483912.00 ns, 0.3463 ns/op
WorkloadResult  15: 134217728 op, 47119648.00 ns, 0.3511 ns/op
// GC:  0 0 0 0 134217728
// Threading:  0 0 134217728

// AfterAll
// Benchmark Process 4796 has exited with code 0.

Mean = 0.349 ns, StdErr = 0.004 ns (1.04%), N = 15, StdDev = 0.014 ns
Min = 0.330 ns, Q1 = 0.337 ns, Median = 0.348 ns, Q3 = 0.356 ns, Max = 0.372 ns
IQR = 0.019 ns, LowerFence = 0.308 ns, UpperFence = 0.385 ns
ConfidenceInterval = [0.334 ns; 0.364 ns] (CI 99.9%), Margin = 0.015 ns (4.29% of Mean)
Skewness = 0.22, Kurtosis = 1.68, MValue = 2

// ** Remained 26 (72.2 %) benchmark(s) to run. Estimated finish 2026-10-04 7:46 (0h 10m from now) **
// **************************
// Benchmark: MediatorBenchmarks.SendCommand_NoBehaviors: .NET 8.0(Runtime=.NET 8.0, Toolchain=net8.0)
// *** Execute ***
// Launch: 1 / 1
// Execute: dotnet "EricksonLopez.Mediator.Benchmarks-.NET 8.0-2.dll" --anonymousPipes 167 169 --benchmarkName EricksonLopez.Mediator.Benchmarks.MediatorBenchmarks.SendCommand_NoBehaviors --job ".NET 8.0" --benchmarkId 1 in /home/runner/work/dotnet-mediator/dotnet-mediator/benchmarks/EricksonLopez.Mediator.Benchmarks/bin/Release/net10.0/EricksonLopez.Mediator.Benchmarks-.NET 8.0-2/bin/Release/net8.0
// Failed to set up high priority (Permission denied). In order to run benchmarks with high priority, make sure you have the right permissions.
// BeforeAnythingElse

// Benchmark Process Environment Information:
// BenchmarkDotNet v0.15.8
// Runtime=.NET 8.0.31 (8.0.31, 8.0.3126.42015), X64 RyuJIT x86-64-v4
// GC=Concurrent Workstation
// HardwareIntrinsics=AVX512 IFMA+VBMI,AVX512 F+BW+CD+DQ+VL,AVX2+BMI1+BMI2+F16C+FMA+LZCNT+MOVBE,AVX,SSE3+SSSE3+SSE4.1+SSE4.2+POPCNT,X86Base+SSE+SSE2,AES+PCLMUL VectorSize=256
// Job: .NET 8.0

OverheadJitting  1: 1 op, 189519.00 ns, 189.5190 us/op
WorkloadJitting  1: 1 op, 1499138.00 ns, 1.4991 ms/op

OverheadJitting  2: 16 op, 432032.00 ns, 27.0020 us/op
WorkloadJitting  2: 16 op, 504337.00 ns, 31.5211 us/op

WorkloadPilot    1: 16 op, 9510.00 ns, 594.3750 ns/op
WorkloadPilot    2: 32 op, 11020.00 ns, 344.3750 ns/op
WorkloadPilot    3: 64 op, 19216.00 ns, 300.2500 ns/op
WorkloadPilot    4: 128 op, 38334.00 ns, 299.4844 ns/op
WorkloadPilot    5: 256 op, 41943.00 ns, 163.8398 ns/op
WorkloadPilot    6: 512 op, 111074.00 ns, 216.9414 ns/op
WorkloadPilot    7: 1024 op, 159636.00 ns, 155.8945 ns/op
WorkloadPilot    8: 2048 op, 315366.00 ns, 153.9873 ns/op
WorkloadPilot    9: 4096 op, 628197.00 ns, 153.3684 ns/op
WorkloadPilot   10: 8192 op, 1315683.00 ns, 160.6058 ns/op
WorkloadPilot   11: 16384 op, 2581222.00 ns, 157.5453 ns/op
WorkloadPilot   12: 32768 op, 4989412.00 ns, 152.2648 ns/op
WorkloadPilot   13: 65536 op, 9884597.00 ns, 150.8270 ns/op
WorkloadPilot   14: 131072 op, 19742474.00 ns, 150.6231 ns/op
WorkloadPilot   15: 262144 op, 39644225.00 ns, 151.2307 ns/op
WorkloadPilot   16: 524288 op, 78668674.00 ns, 150.0486 ns/op
WorkloadPilot   17: 1048576 op, 49640567.00 ns, 47.3409 ns/op
WorkloadPilot   18: 2097152 op, 62939321.00 ns, 30.0118 ns/op
WorkloadPilot   19: 4194304 op, 128065766.00 ns, 30.5333 ns/op
WorkloadPilot   20: 8388608 op, 252495826.00 ns, 30.0998 ns/op
WorkloadPilot   21: 16777216 op, 506169195.00 ns, 30.1700 ns/op

OverheadWarmup   1: 16777216 op, 98814996.00 ns, 5.8898 ns/op
OverheadWarmup   2: 16777216 op, 99279038.00 ns, 5.9175 ns/op
OverheadWarmup   3: 16777216 op, 82050179.00 ns, 4.8906 ns/op
OverheadWarmup   4: 16777216 op, 82000879.00 ns, 4.8876 ns/op
OverheadWarmup   5: 16777216 op, 83168340.00 ns, 4.9572 ns/op
OverheadWarmup   6: 16777216 op, 82135489.00 ns, 4.8957 ns/op

OverheadActual   1: 16777216 op, 82230915.00 ns, 4.9013 ns/op
OverheadActual   2: 16777216 op, 81855839.00 ns, 4.8790 ns/op
OverheadActual   3: 16777216 op, 82364174.00 ns, 4.9093 ns/op
OverheadActual   4: 16777216 op, 83626693.00 ns, 4.9845 ns/op
OverheadActual   5: 16777216 op, 84682897.00 ns, 5.0475 ns/op
OverheadActual   6: 16777216 op, 81750792.00 ns, 4.8727 ns/op
OverheadActual   7: 16777216 op, 89834476.00 ns, 5.3546 ns/op
OverheadActual   8: 16777216 op, 82633596.00 ns, 4.9253 ns/op
OverheadActual   9: 16777216 op, 82250186.00 ns, 4.9025 ns/op
OverheadActual  10: 16777216 op, 82919185.00 ns, 4.9424 ns/op
OverheadActual  11: 16777216 op, 83251267.00 ns, 4.9622 ns/op
OverheadActual  12: 16777216 op, 83209318.00 ns, 4.9597 ns/op
OverheadActual  13: 16777216 op, 81839250.00 ns, 4.8780 ns/op
OverheadActual  14: 16777216 op, 82572264.00 ns, 4.9217 ns/op
OverheadActual  15: 16777216 op, 82634396.00 ns, 4.9254 ns/op

WorkloadWarmup   1: 16777216 op, 511160960.00 ns, 30.4676 ns/op
WorkloadWarmup   2: 16777216 op, 509049640.00 ns, 30.3417 ns/op
WorkloadWarmup   3: 16777216 op, 509116043.00 ns, 30.3457 ns/op
WorkloadWarmup   4: 16777216 op, 507849889.00 ns, 30.2702 ns/op
WorkloadWarmup   5: 16777216 op, 513547920.00 ns, 30.6098 ns/op
WorkloadWarmup   6: 16777216 op, 506197618.00 ns, 30.1717 ns/op

// BeforeActualRun
WorkloadActual   1: 16777216 op, 505057666.00 ns, 30.1038 ns/op
WorkloadActual   2: 16777216 op, 501639121.00 ns, 29.9000 ns/op
WorkloadActual   3: 16777216 op, 508008407.00 ns, 30.2797 ns/op
WorkloadActual   4: 16777216 op, 503771041.00 ns, 30.0271 ns/op
WorkloadActual   5: 16777216 op, 503570865.00 ns, 30.0152 ns/op
WorkloadActual   6: 16777216 op, 507417667.00 ns, 30.2444 ns/op
WorkloadActual   7: 16777216 op, 508142475.00 ns, 30.2877 ns/op
WorkloadActual   8: 16777216 op, 503913314.00 ns, 30.0356 ns/op
WorkloadActual   9: 16777216 op, 502506699.00 ns, 29.9517 ns/op
WorkloadActual  10: 16777216 op, 506405969.00 ns, 30.1841 ns/op
WorkloadActual  11: 16777216 op, 502422938.00 ns, 29.9467 ns/op
WorkloadActual  12: 16777216 op, 505585296.00 ns, 30.1352 ns/op
WorkloadActual  13: 16777216 op, 505455827.00 ns, 30.1275 ns/op
WorkloadActual  14: 16777216 op, 505510305.00 ns, 30.1308 ns/op
WorkloadActual  15: 16777216 op, 504626206.00 ns, 30.0781 ns/op

// AfterActualRun
WorkloadResult   1: 16777216 op, 422424070.00 ns, 25.1784 ns/op
WorkloadResult   2: 16777216 op, 419005525.00 ns, 24.9747 ns/op
WorkloadResult   3: 16777216 op, 425374811.00 ns, 25.3543 ns/op
WorkloadResult   4: 16777216 op, 421137445.00 ns, 25.1017 ns/op
WorkloadResult   5: 16777216 op, 420937269.00 ns, 25.0898 ns/op
WorkloadResult   6: 16777216 op, 424784071.00 ns, 25.3191 ns/op
WorkloadResult   7: 16777216 op, 425508879.00 ns, 25.3623 ns/op
WorkloadResult   8: 16777216 op, 421279718.00 ns, 25.1102 ns/op
WorkloadResult   9: 16777216 op, 419873103.00 ns, 25.0264 ns/op
WorkloadResult  10: 16777216 op, 423772373.00 ns, 25.2588 ns/op
WorkloadResult  11: 16777216 op, 419789342.00 ns, 25.0214 ns/op
WorkloadResult  12: 16777216 op, 422951700.00 ns, 25.2099 ns/op
WorkloadResult  13: 16777216 op, 422822231.00 ns, 25.2022 ns/op
WorkloadResult  14: 16777216 op, 422876709.00 ns, 25.2054 ns/op
WorkloadResult  15: 16777216 op, 421992610.00 ns, 25.1527 ns/op
// GC:  0 0 0 0 16777216
// Threading:  0 0 16777216

// AfterAll
// Benchmark Process 4832 has exited with code 0.

Mean = 25.171 ns, StdErr = 0.031 ns (0.12%), N = 15, StdDev = 0.120 ns
Min = 24.975 ns, Q1 = 25.096 ns, Median = 25.178 ns, Q3 = 25.234 ns, Max = 25.362 ns
IQR = 0.139 ns, LowerFence = 24.888 ns, UpperFence = 25.442 ns
ConfidenceInterval = [25.043 ns; 25.299 ns] (CI 99.9%), Margin = 0.128 ns (0.51% of Mean)
Skewness = 0.08, Kurtosis = 1.79, MValue = 2

// ** Remained 25 (69.4 %) benchmark(s) to run. Estimated finish 2026-10-04 7:45 (0h 9m from now) **
// **************************
// Benchmark: MediatorBenchmarks.SendQuery_NoBehaviors: .NET 8.0(Runtime=.NET 8.0, Toolchain=net8.0)
// *** Execute ***
// Launch: 1 / 1
// Execute: dotnet "EricksonLopez.Mediator.Benchmarks-.NET 8.0-2.dll" --anonymousPipes 167 169 --benchmarkName EricksonLopez.Mediator.Benchmarks.MediatorBenchmarks.SendQuery_NoBehaviors --job ".NET 8.0" --benchmarkId 2 in /home/runner/work/dotnet-mediator/dotnet-mediator/benchmarks/EricksonLopez.Mediator.Benchmarks/bin/Release/net10.0/EricksonLopez.Mediator.Benchmarks-.NET 8.0-2/bin/Release/net8.0
// Failed to set up high priority (Permission denied). In order to run benchmarks with high priority, make sure you have the right permissions.
// BeforeAnythingElse

// Benchmark Process Environment Information:
// BenchmarkDotNet v0.15.8
// Runtime=.NET 8.0.31 (8.0.31, 8.0.3126.42015), X64 RyuJIT x86-64-v4
// GC=Concurrent Workstation
// HardwareIntrinsics=AVX512 IFMA+VBMI,AVX512 F+BW+CD+DQ+VL,AVX2+BMI1+BMI2+F16C+FMA+LZCNT+MOVBE,AVX,SSE3+SSSE3+SSE4.1+SSE4.2+POPCNT,X86Base+SSE+SSE2,AES+PCLMUL VectorSize=256
// Job: .NET 8.0

OverheadJitting  1: 1 op, 187671.00 ns, 187.6710 us/op
WorkloadJitting  1: 1 op, 1171442.00 ns, 1.1714 ms/op

OverheadJitting  2: 16 op, 441594.00 ns, 27.5996 us/op
WorkloadJitting  2: 16 op, 483709.00 ns, 30.2318 us/op

WorkloadPilot    1: 16 op, 9098.00 ns, 568.6250 ns/op
WorkloadPilot    2: 32 op, 11116.00 ns, 347.3750 ns/op
WorkloadPilot    3: 64 op, 13411.00 ns, 209.5469 ns/op
WorkloadPilot    4: 128 op, 22215.00 ns, 173.5547 ns/op
WorkloadPilot    5: 256 op, 41130.00 ns, 160.6641 ns/op
WorkloadPilot    6: 512 op, 78264.00 ns, 152.8594 ns/op
WorkloadPilot    7: 1024 op, 153878.00 ns, 150.2715 ns/op
WorkloadPilot    8: 2048 op, 302164.00 ns, 147.5410 ns/op
WorkloadPilot    9: 4096 op, 618483.00 ns, 150.9968 ns/op
WorkloadPilot   10: 8192 op, 1278499.00 ns, 156.0668 ns/op
WorkloadPilot   11: 16384 op, 2438804.00 ns, 148.8528 ns/op
WorkloadPilot   12: 32768 op, 4893117.00 ns, 149.3261 ns/op
WorkloadPilot   13: 65536 op, 9642380.00 ns, 147.1310 ns/op
WorkloadPilot   14: 131072 op, 18661367.00 ns, 142.3749 ns/op
WorkloadPilot   15: 262144 op, 37461143.00 ns, 142.9029 ns/op
WorkloadPilot   16: 524288 op, 78033348.00 ns, 148.8368 ns/op
WorkloadPilot   17: 1048576 op, 51102915.00 ns, 48.7355 ns/op
WorkloadPilot   18: 2097152 op, 57422956.00 ns, 27.3814 ns/op
WorkloadPilot   19: 4194304 op, 115261078.00 ns, 27.4804 ns/op
WorkloadPilot   20: 8388608 op, 229680431.00 ns, 27.3800 ns/op
WorkloadPilot   21: 16777216 op, 457889951.00 ns, 27.2924 ns/op
WorkloadPilot   22: 33554432 op, 912161765.00 ns, 27.1845 ns/op

OverheadWarmup   1: 33554432 op, 198654327.00 ns, 5.9204 ns/op
OverheadWarmup   2: 33554432 op, 164874127.00 ns, 4.9136 ns/op
OverheadWarmup   3: 33554432 op, 164603742.00 ns, 4.9056 ns/op
OverheadWarmup   4: 33554432 op, 165413927.00 ns, 4.9297 ns/op
OverheadWarmup   5: 33554432 op, 165390829.00 ns, 4.9290 ns/op
OverheadWarmup   6: 33554432 op, 165213205.00 ns, 4.9237 ns/op
OverheadWarmup   7: 33554432 op, 165099948.00 ns, 4.9204 ns/op
OverheadWarmup   8: 33554432 op, 164502364.00 ns, 4.9026 ns/op
OverheadWarmup   9: 33554432 op, 165385487.00 ns, 4.9289 ns/op
OverheadWarmup  10: 33554432 op, 165640112.00 ns, 4.9365 ns/op

OverheadActual   1: 33554432 op, 165406214.00 ns, 4.9295 ns/op
OverheadActual   2: 33554432 op, 165661352.00 ns, 4.9371 ns/op
OverheadActual   3: 33554432 op, 165280252.00 ns, 4.9257 ns/op
OverheadActual   4: 33554432 op, 165433587.00 ns, 4.9303 ns/op
OverheadActual   5: 33554432 op, 169538465.00 ns, 5.0526 ns/op
OverheadActual   6: 33554432 op, 166307425.00 ns, 4.9563 ns/op
OverheadActual   7: 33554432 op, 166033848.00 ns, 4.9482 ns/op
OverheadActual   8: 33554432 op, 165628796.00 ns, 4.9361 ns/op
OverheadActual   9: 33554432 op, 165622490.00 ns, 4.9359 ns/op
OverheadActual  10: 33554432 op, 166111739.00 ns, 4.9505 ns/op
OverheadActual  11: 33554432 op, 164951869.00 ns, 4.9159 ns/op
OverheadActual  12: 33554432 op, 164925711.00 ns, 4.9152 ns/op
OverheadActual  13: 33554432 op, 163774423.00 ns, 4.8809 ns/op
OverheadActual  14: 33554432 op, 164683304.00 ns, 4.9079 ns/op
OverheadActual  15: 33554432 op, 164929958.00 ns, 4.9153 ns/op

WorkloadWarmup   1: 33554432 op, 910554584.00 ns, 27.1366 ns/op
WorkloadWarmup   2: 33554432 op, 910783872.00 ns, 27.1435 ns/op
WorkloadWarmup   3: 33554432 op, 915477914.00 ns, 27.2834 ns/op
WorkloadWarmup   4: 33554432 op, 911981891.00 ns, 27.1792 ns/op
WorkloadWarmup   5: 33554432 op, 918937236.00 ns, 27.3865 ns/op
WorkloadWarmup   6: 33554432 op, 913511269.00 ns, 27.2248 ns/op

// BeforeActualRun
WorkloadActual   1: 33554432 op, 909860509.00 ns, 27.1160 ns/op
WorkloadActual   2: 33554432 op, 916967671.00 ns, 27.3278 ns/op
WorkloadActual   3: 33554432 op, 914266021.00 ns, 27.2473 ns/op
WorkloadActual   4: 33554432 op, 913523476.00 ns, 27.2251 ns/op
WorkloadActual   5: 33554432 op, 915389885.00 ns, 27.2807 ns/op
WorkloadActual   6: 33554432 op, 920053327.00 ns, 27.4197 ns/op
WorkloadActual   7: 33554432 op, 917290384.00 ns, 27.3374 ns/op
WorkloadActual   8: 33554432 op, 920580591.00 ns, 27.4354 ns/op
WorkloadActual   9: 33554432 op, 917668138.00 ns, 27.3486 ns/op
WorkloadActual  10: 33554432 op, 922026433.00 ns, 27.4785 ns/op
WorkloadActual  11: 33554432 op, 918670776.00 ns, 27.3785 ns/op
WorkloadActual  12: 33554432 op, 916769050.00 ns, 27.3218 ns/op
WorkloadActual  13: 33554432 op, 915089522.00 ns, 27.2718 ns/op
WorkloadActual  14: 33554432 op, 916962555.00 ns, 27.3276 ns/op
WorkloadActual  15: 33554432 op, 917718526.00 ns, 27.3501 ns/op

// AfterActualRun
WorkloadResult   1: 33554432 op, 744426922.00 ns, 22.1857 ns/op
WorkloadResult   2: 33554432 op, 751534084.00 ns, 22.3975 ns/op
WorkloadResult   3: 33554432 op, 748832434.00 ns, 22.3169 ns/op
WorkloadResult   4: 33554432 op, 748089889.00 ns, 22.2948 ns/op
WorkloadResult   5: 33554432 op, 749956298.00 ns, 22.3504 ns/op
WorkloadResult   6: 33554432 op, 754619740.00 ns, 22.4894 ns/op
WorkloadResult   7: 33554432 op, 751856797.00 ns, 22.4071 ns/op
WorkloadResult   8: 33554432 op, 755147004.00 ns, 22.5051 ns/op
WorkloadResult   9: 33554432 op, 752234551.00 ns, 22.4183 ns/op
WorkloadResult  10: 33554432 op, 756592846.00 ns, 22.5482 ns/op
WorkloadResult  11: 33554432 op, 753237189.00 ns, 22.4482 ns/op
WorkloadResult  12: 33554432 op, 751335463.00 ns, 22.3915 ns/op
WorkloadResult  13: 33554432 op, 749655935.00 ns, 22.3415 ns/op
WorkloadResult  14: 33554432 op, 751528968.00 ns, 22.3973 ns/op
WorkloadResult  15: 33554432 op, 752284939.00 ns, 22.4198 ns/op
// GC:  0 0 0 0 33554432
// Threading:  0 0 33554432

// AfterAll
// Benchmark Process 4848 has exited with code 0.

Mean = 22.394 ns, StdErr = 0.023 ns (0.10%), N = 15, StdDev = 0.090 ns
Min = 22.186 ns, Q1 = 22.346 ns, Median = 22.397 ns, Q3 = 22.434 ns, Max = 22.548 ns
IQR = 0.088 ns, LowerFence = 22.214 ns, UpperFence = 22.566 ns
ConfidenceInterval = [22.298 ns; 22.490 ns] (CI 99.9%), Margin = 0.096 ns (0.43% of Mean)
Skewness = -0.42, Kurtosis = 2.88, MValue = 2

// ** Remained 24 (66.7 %) benchmark(s) to run. Estimated finish 2026-10-04 7:46 (0h 9m from now) **
// **************************
// Benchmark: MediatorBenchmarks.SendCommand_OneBehavior: .NET 8.0(Runtime=.NET 8.0, Toolchain=net8.0)
// *** Execute ***
// Launch: 1 / 1
// Execute: dotnet "EricksonLopez.Mediator.Benchmarks-.NET 8.0-2.dll" --anonymousPipes 167 169 --benchmarkName EricksonLopez.Mediator.Benchmarks.MediatorBenchmarks.SendCommand_OneBehavior --job ".NET 8.0" --benchmarkId 3 in /home/runner/work/dotnet-mediator/dotnet-mediator/benchmarks/EricksonLopez.Mediator.Benchmarks/bin/Release/net10.0/EricksonLopez.Mediator.Benchmarks-.NET 8.0-2/bin/Release/net8.0
// Failed to set up high priority (Permission denied). In order to run benchmarks with high priority, make sure you have the right permissions.
// BeforeAnythingElse

// Benchmark Process Environment Information:
// BenchmarkDotNet v0.15.8
// Runtime=.NET 8.0.31 (8.0.31, 8.0.3126.42015), X64 RyuJIT x86-64-v4
// GC=Concurrent Workstation
// HardwareIntrinsics=AVX512 IFMA+VBMI,AVX512 F+BW+CD+DQ+VL,AVX2+BMI1+BMI2+F16C+FMA+LZCNT+MOVBE,AVX,SSE3+SSSE3+SSE4.1+SSE4.2+POPCNT,X86Base+SSE+SSE2,AES+PCLMUL VectorSize=256
// Job: .NET 8.0

OverheadJitting  1: 1 op, 184675.00 ns, 184.6750 us/op
WorkloadJitting  1: 1 op, 2189875.00 ns, 2.1899 ms/op

OverheadJitting  2: 16 op, 459985.00 ns, 28.7491 us/op
WorkloadJitting  2: 16 op, 433239.00 ns, 27.0774 us/op

WorkloadPilot    1: 16 op, 13833.00 ns, 864.5625 ns/op
WorkloadPilot    2: 32 op, 17571.00 ns, 549.0938 ns/op
WorkloadPilot    3: 64 op, 27439.00 ns, 428.7344 ns/op
WorkloadPilot    4: 128 op, 45842.00 ns, 358.1406 ns/op
WorkloadPilot    5: 256 op, 86640.00 ns, 338.4375 ns/op
WorkloadPilot    6: 512 op, 183243.00 ns, 357.8965 ns/op
WorkloadPilot    7: 1024 op, 326386.00 ns, 318.7363 ns/op
WorkloadPilot    8: 2048 op, 654391.00 ns, 319.5269 ns/op
WorkloadPilot    9: 4096 op, 1419992.00 ns, 346.6777 ns/op
WorkloadPilot   10: 8192 op, 2692411.00 ns, 328.6635 ns/op
WorkloadPilot   11: 16384 op, 5441069.00 ns, 332.0965 ns/op
WorkloadPilot   12: 32768 op, 10476439.00 ns, 319.7155 ns/op
WorkloadPilot   13: 65536 op, 20652743.00 ns, 315.1358 ns/op
WorkloadPilot   14: 131072 op, 41194693.00 ns, 314.2906 ns/op
WorkloadPilot   15: 262144 op, 82969656.00 ns, 316.5041 ns/op
WorkloadPilot   16: 524288 op, 49328685.00 ns, 94.0870 ns/op
WorkloadPilot   17: 1048576 op, 54260952.00 ns, 51.7473 ns/op
WorkloadPilot   18: 2097152 op, 106719725.00 ns, 50.8879 ns/op
WorkloadPilot   19: 4194304 op, 213917982.00 ns, 51.0020 ns/op
WorkloadPilot   20: 8388608 op, 441370628.00 ns, 52.6155 ns/op
WorkloadPilot   21: 16777216 op, 860820167.00 ns, 51.3089 ns/op

OverheadWarmup   1: 16777216 op, 98784616.00 ns, 5.8880 ns/op
OverheadWarmup   2: 16777216 op, 99497781.00 ns, 5.9305 ns/op
OverheadWarmup   3: 16777216 op, 82260390.00 ns, 4.9031 ns/op
OverheadWarmup   4: 16777216 op, 81942668.00 ns, 4.8842 ns/op
OverheadWarmup   5: 16777216 op, 82877969.00 ns, 4.9399 ns/op
OverheadWarmup   6: 16777216 op, 82187603.00 ns, 4.8988 ns/op

OverheadActual   1: 16777216 op, 81441100.00 ns, 4.8543 ns/op
OverheadActual   2: 16777216 op, 82432420.00 ns, 4.9134 ns/op
OverheadActual   3: 16777216 op, 82102299.00 ns, 4.8937 ns/op
OverheadActual   4: 16777216 op, 82450310.00 ns, 4.9144 ns/op
OverheadActual   5: 16777216 op, 82721150.00 ns, 4.9306 ns/op
OverheadActual   6: 16777216 op, 81908930.00 ns, 4.8822 ns/op
OverheadActual   7: 16777216 op, 82822790.00 ns, 4.9366 ns/op
OverheadActual   8: 16777216 op, 82784430.00 ns, 4.9343 ns/op
OverheadActual   9: 16777216 op, 82729099.00 ns, 4.9310 ns/op
OverheadActual  10: 16777216 op, 82092005.00 ns, 4.8931 ns/op
OverheadActual  11: 16777216 op, 83054972.00 ns, 4.9505 ns/op
OverheadActual  12: 16777216 op, 82124106.00 ns, 4.8950 ns/op
OverheadActual  13: 16777216 op, 82121892.00 ns, 4.8948 ns/op
OverheadActual  14: 16777216 op, 82443950.00 ns, 4.9140 ns/op
OverheadActual  15: 16777216 op, 82549103.00 ns, 4.9203 ns/op

WorkloadWarmup   1: 16777216 op, 870394841.00 ns, 51.8796 ns/op
WorkloadWarmup   2: 16777216 op, 864083994.00 ns, 51.5034 ns/op
WorkloadWarmup   3: 16777216 op, 862314902.00 ns, 51.3980 ns/op
WorkloadWarmup   4: 16777216 op, 869506408.00 ns, 51.8266 ns/op
WorkloadWarmup   5: 16777216 op, 861438958.00 ns, 51.3458 ns/op
WorkloadWarmup   6: 16777216 op, 867239879.00 ns, 51.6915 ns/op
WorkloadWarmup   7: 16777216 op, 867346600.00 ns, 51.6979 ns/op
WorkloadWarmup   8: 16777216 op, 866775987.00 ns, 51.6639 ns/op

// BeforeActualRun
WorkloadActual   1: 16777216 op, 861646942.00 ns, 51.3582 ns/op
WorkloadActual   2: 16777216 op, 860853414.00 ns, 51.3109 ns/op
WorkloadActual   3: 16777216 op, 861340884.00 ns, 51.3399 ns/op
WorkloadActual   4: 16777216 op, 862236658.00 ns, 51.3933 ns/op
WorkloadActual   5: 16777216 op, 855713925.00 ns, 51.0045 ns/op
WorkloadActual   6: 16777216 op, 862646721.00 ns, 51.4178 ns/op
WorkloadActual   7: 16777216 op, 870530960.00 ns, 51.8877 ns/op
WorkloadActual   8: 16777216 op, 863669027.00 ns, 51.4787 ns/op
WorkloadActual   9: 16777216 op, 863892247.00 ns, 51.4920 ns/op
WorkloadActual  10: 16777216 op, 862319850.00 ns, 51.3983 ns/op
WorkloadActual  11: 16777216 op, 861750541.00 ns, 51.3643 ns/op
WorkloadActual  12: 16777216 op, 867699085.00 ns, 51.7189 ns/op
WorkloadActual  13: 16777216 op, 879353398.00 ns, 52.4135 ns/op
WorkloadActual  14: 16777216 op, 866805870.00 ns, 51.6657 ns/op
WorkloadActual  15: 16777216 op, 869035409.00 ns, 51.7985 ns/op

// AfterActualRun
WorkloadResult   1: 16777216 op, 779202992.00 ns, 46.4441 ns/op
WorkloadResult   2: 16777216 op, 778409464.00 ns, 46.3968 ns/op
WorkloadResult   3: 16777216 op, 778896934.00 ns, 46.4259 ns/op
WorkloadResult   4: 16777216 op, 779792708.00 ns, 46.4793 ns/op
WorkloadResult   5: 16777216 op, 773269975.00 ns, 46.0905 ns/op
WorkloadResult   6: 16777216 op, 780202771.00 ns, 46.5037 ns/op
WorkloadResult   7: 16777216 op, 788087010.00 ns, 46.9736 ns/op
WorkloadResult   8: 16777216 op, 781225077.00 ns, 46.5646 ns/op
WorkloadResult   9: 16777216 op, 781448297.00 ns, 46.5779 ns/op
WorkloadResult  10: 16777216 op, 779875900.00 ns, 46.4842 ns/op
WorkloadResult  11: 16777216 op, 779306591.00 ns, 46.4503 ns/op
WorkloadResult  12: 16777216 op, 785255135.00 ns, 46.8049 ns/op
WorkloadResult  13: 16777216 op, 784361920.00 ns, 46.7516 ns/op
WorkloadResult  14: 16777216 op, 786591459.00 ns, 46.8845 ns/op
// GC:  0 0 0 0 16777216
// Threading:  0 0 16777216

// AfterAll
// Benchmark Process 4868 has exited with code 0.

Mean = 46.559 ns, StdErr = 0.061 ns (0.13%), N = 14, StdDev = 0.229 ns
Min = 46.090 ns, Q1 = 46.446 ns, Median = 46.494 ns, Q3 = 46.708 ns, Max = 46.974 ns
IQR = 0.263 ns, LowerFence = 46.052 ns, UpperFence = 47.102 ns
ConfidenceInterval = [46.302 ns; 46.817 ns] (CI 99.9%), Margin = 0.258 ns (0.55% of Mean)
Skewness = 0.08, Kurtosis = 2.49, MValue = 2

// ** Remained 23 (63.9 %) benchmark(s) to run. Estimated finish 2026-10-04 7:46 (0h 8m from now) **
// **************************
// Benchmark: MediatorBenchmarks.SendCommand_FiveBehaviors: .NET 8.0(Runtime=.NET 8.0, Toolchain=net8.0)
// *** Execute ***
// Launch: 1 / 1
// Execute: dotnet "EricksonLopez.Mediator.Benchmarks-.NET 8.0-2.dll" --anonymousPipes 167 169 --benchmarkName EricksonLopez.Mediator.Benchmarks.MediatorBenchmarks.SendCommand_FiveBehaviors --job ".NET 8.0" --benchmarkId 4 in /home/runner/work/dotnet-mediator/dotnet-mediator/benchmarks/EricksonLopez.Mediator.Benchmarks/bin/Release/net10.0/EricksonLopez.Mediator.Benchmarks-.NET 8.0-2/bin/Release/net8.0
// Failed to set up high priority (Permission denied). In order to run benchmarks with high priority, make sure you have the right permissions.
// BeforeAnythingElse

// Benchmark Process Environment Information:
// BenchmarkDotNet v0.15.8
// Runtime=.NET 8.0.31 (8.0.31, 8.0.3126.42015), X64 RyuJIT x86-64-v4
// GC=Concurrent Workstation
// HardwareIntrinsics=AVX512 IFMA+VBMI,AVX512 F+BW+CD+DQ+VL,AVX2+BMI1+BMI2+F16C+FMA+LZCNT+MOVBE,AVX,SSE3+SSSE3+SSE4.1+SSE4.2+POPCNT,X86Base+SSE+SSE2,AES+PCLMUL VectorSize=256
// Job: .NET 8.0

OverheadJitting  1: 1 op, 188005.00 ns, 188.0050 us/op
WorkloadJitting  1: 1 op, 3625761.00 ns, 3.6258 ms/op

OverheadJitting  2: 16 op, 414809.00 ns, 25.9256 us/op
WorkloadJitting  2: 16 op, 491916.00 ns, 30.7448 us/op

WorkloadPilot    1: 16 op, 28761.00 ns, 1.7976 us/op
WorkloadPilot    2: 32 op, 43949.00 ns, 1.3734 us/op
WorkloadPilot    3: 64 op, 75674.00 ns, 1.1824 us/op
WorkloadPilot    4: 128 op, 141120.00 ns, 1.1025 us/op
WorkloadPilot    5: 256 op, 297400.00 ns, 1.1617 us/op
WorkloadPilot    6: 512 op, 584413.00 ns, 1.1414 us/op
WorkloadPilot    7: 1024 op, 1171904.00 ns, 1.1444 us/op
WorkloadPilot    8: 2048 op, 2353209.00 ns, 1.1490 us/op
WorkloadPilot    9: 4096 op, 4548346.00 ns, 1.1104 us/op
WorkloadPilot   10: 8192 op, 9131020.00 ns, 1.1146 us/op
WorkloadPilot   11: 16384 op, 18152730.00 ns, 1.1080 us/op
WorkloadPilot   12: 32768 op, 35854129.00 ns, 1.0942 us/op
WorkloadPilot   13: 65536 op, 71902286.00 ns, 1.0971 us/op
WorkloadPilot   14: 131072 op, 70854863.00 ns, 540.5797 ns/op
WorkloadPilot   15: 262144 op, 63846987.00 ns, 243.5569 ns/op
WorkloadPilot   16: 524288 op, 127488219.00 ns, 243.1645 ns/op
WorkloadPilot   17: 1048576 op, 252609319.00 ns, 240.9070 ns/op
WorkloadPilot   18: 2097152 op, 506039129.00 ns, 241.2983 ns/op

OverheadWarmup   1: 2097152 op, 12446960.00 ns, 5.9352 ns/op
OverheadWarmup   2: 2097152 op, 12306981.00 ns, 5.8684 ns/op
OverheadWarmup   3: 2097152 op, 12398491.00 ns, 5.9121 ns/op
OverheadWarmup   4: 2097152 op, 12471419.00 ns, 5.9468 ns/op
OverheadWarmup   5: 2097152 op, 12167265.00 ns, 5.8018 ns/op
OverheadWarmup   6: 2097152 op, 12642227.00 ns, 6.0283 ns/op
OverheadWarmup   7: 2097152 op, 12370848.00 ns, 5.8989 ns/op

OverheadActual   1: 2097152 op, 12395051.00 ns, 5.9104 ns/op
OverheadActual   2: 2097152 op, 12486787.00 ns, 5.9542 ns/op
OverheadActual   3: 2097152 op, 12448355.00 ns, 5.9358 ns/op
OverheadActual   4: 2097152 op, 12644134.00 ns, 6.0292 ns/op
OverheadActual   5: 2097152 op, 12421468.00 ns, 5.9230 ns/op
OverheadActual   6: 2097152 op, 12235378.00 ns, 5.8343 ns/op
OverheadActual   7: 2097152 op, 12297905.00 ns, 5.8641 ns/op
OverheadActual   8: 2097152 op, 12541228.00 ns, 5.9801 ns/op
OverheadActual   9: 2097152 op, 12404386.00 ns, 5.9149 ns/op
OverheadActual  10: 2097152 op, 12701463.00 ns, 6.0565 ns/op
OverheadActual  11: 2097152 op, 13248836.00 ns, 6.3175 ns/op
OverheadActual  12: 2097152 op, 12582763.00 ns, 5.9999 ns/op
OverheadActual  13: 2097152 op, 12324634.00 ns, 5.8768 ns/op
OverheadActual  14: 2097152 op, 13763008.00 ns, 6.5627 ns/op
OverheadActual  15: 2097152 op, 13560023.00 ns, 6.4659 ns/op

WorkloadWarmup   1: 2097152 op, 511521829.00 ns, 243.9126 ns/op
WorkloadWarmup   2: 2097152 op, 511043940.00 ns, 243.6847 ns/op
WorkloadWarmup   3: 2097152 op, 509990703.00 ns, 243.1825 ns/op
WorkloadWarmup   4: 2097152 op, 513562080.00 ns, 244.8855 ns/op
WorkloadWarmup   5: 2097152 op, 510218143.00 ns, 243.2910 ns/op
WorkloadWarmup   6: 2097152 op, 508851957.00 ns, 242.6395 ns/op
WorkloadWarmup   7: 2097152 op, 507282556.00 ns, 241.8912 ns/op
WorkloadWarmup   8: 2097152 op, 508590521.00 ns, 242.5149 ns/op
WorkloadWarmup   9: 2097152 op, 507161228.00 ns, 241.8333 ns/op

// BeforeActualRun
WorkloadActual   1: 2097152 op, 504392230.00 ns, 240.5130 ns/op
WorkloadActual   2: 2097152 op, 506959753.00 ns, 241.7372 ns/op
WorkloadActual   3: 2097152 op, 505242365.00 ns, 240.9183 ns/op
WorkloadActual   4: 2097152 op, 505175653.00 ns, 240.8865 ns/op
WorkloadActual   5: 2097152 op, 507880970.00 ns, 242.1765 ns/op
WorkloadActual   6: 2097152 op, 508306922.00 ns, 242.3796 ns/op
WorkloadActual   7: 2097152 op, 510053823.00 ns, 243.2126 ns/op
WorkloadActual   8: 2097152 op, 508722782.00 ns, 242.5779 ns/op
WorkloadActual   9: 2097152 op, 507185251.00 ns, 241.8448 ns/op
WorkloadActual  10: 2097152 op, 507535847.00 ns, 242.0120 ns/op
WorkloadActual  11: 2097152 op, 506854169.00 ns, 241.6869 ns/op
WorkloadActual  12: 2097152 op, 505702238.00 ns, 241.1376 ns/op
WorkloadActual  13: 2097152 op, 505787824.00 ns, 241.1784 ns/op
WorkloadActual  14: 2097152 op, 506252187.00 ns, 241.3999 ns/op
WorkloadActual  15: 2097152 op, 504650814.00 ns, 240.6363 ns/op

// AfterActualRun
WorkloadResult   1: 2097152 op, 491905443.00 ns, 234.5588 ns/op
WorkloadResult   2: 2097152 op, 494472966.00 ns, 235.7831 ns/op
WorkloadResult   3: 2097152 op, 492755578.00 ns, 234.9642 ns/op
WorkloadResult   4: 2097152 op, 492688866.00 ns, 234.9324 ns/op
WorkloadResult   5: 2097152 op, 495394183.00 ns, 236.2224 ns/op
WorkloadResult   6: 2097152 op, 495820135.00 ns, 236.4255 ns/op
WorkloadResult   7: 2097152 op, 497567036.00 ns, 237.2585 ns/op
WorkloadResult   8: 2097152 op, 496235995.00 ns, 236.6238 ns/op
WorkloadResult   9: 2097152 op, 494698464.00 ns, 235.8906 ns/op
WorkloadResult  10: 2097152 op, 495049060.00 ns, 236.0578 ns/op
WorkloadResult  11: 2097152 op, 494367382.00 ns, 235.7327 ns/op
WorkloadResult  12: 2097152 op, 493215451.00 ns, 235.1835 ns/op
WorkloadResult  13: 2097152 op, 493301037.00 ns, 235.2243 ns/op
WorkloadResult  14: 2097152 op, 493765400.00 ns, 235.4457 ns/op
WorkloadResult  15: 2097152 op, 492164027.00 ns, 234.6821 ns/op
// GC:  0 0 0 0 2097152
// Threading:  0 0 2097152

// AfterAll
// Benchmark Process 4891 has exited with code 0.

Mean = 235.666 ns, StdErr = 0.198 ns (0.08%), N = 15, StdDev = 0.768 ns
Min = 234.559 ns, Q1 = 235.074 ns, Median = 235.733 ns, Q3 = 236.140 ns, Max = 237.258 ns
IQR = 1.066 ns, LowerFence = 233.474 ns, UpperFence = 237.739 ns
ConfidenceInterval = [234.844 ns; 236.487 ns] (CI 99.9%), Margin = 0.821 ns (0.35% of Mean)
Skewness = 0.35, Kurtosis = 2.07, MValue = 2

// ** Remained 22 (61.1 %) benchmark(s) to run. Estimated finish 2026-10-04 7:45 (0h 8m from now) **
// **************************
// Benchmark: MediatorBenchmarks.PublishNotification_OneHandler: .NET 8.0(Runtime=.NET 8.0, Toolchain=net8.0)
// *** Execute ***
// Launch: 1 / 1
// Execute: dotnet "EricksonLopez.Mediator.Benchmarks-.NET 8.0-2.dll" --anonymousPipes 167 169 --benchmarkName EricksonLopez.Mediator.Benchmarks.MediatorBenchmarks.PublishNotification_OneHandler --job ".NET 8.0" --benchmarkId 5 in /home/runner/work/dotnet-mediator/dotnet-mediator/benchmarks/EricksonLopez.Mediator.Benchmarks/bin/Release/net10.0/EricksonLopez.Mediator.Benchmarks-.NET 8.0-2/bin/Release/net8.0
// Failed to set up high priority (Permission denied). In order to run benchmarks with high priority, make sure you have the right permissions.
// BeforeAnythingElse

// Benchmark Process Environment Information:
// BenchmarkDotNet v0.15.8
// Runtime=.NET 8.0.31 (8.0.31, 8.0.3126.42015), X64 RyuJIT x86-64-v4
// GC=Concurrent Workstation
// HardwareIntrinsics=AVX512 IFMA+VBMI,AVX512 F+BW+CD+DQ+VL,AVX2+BMI1+BMI2+F16C+FMA+LZCNT+MOVBE,AVX,SSE3+SSSE3+SSE4.1+SSE4.2+POPCNT,X86Base+SSE+SSE2,AES+PCLMUL VectorSize=256
// Job: .NET 8.0

OverheadJitting  1: 1 op, 140025.00 ns, 140.0250 us/op
WorkloadJitting  1: 1 op, 8691388.00 ns, 8.6914 ms/op

OverheadJitting  2: 16 op, 215337.00 ns, 13.4586 us/op
WorkloadJitting  2: 16 op, 1515880.00 ns, 94.7425 us/op

WorkloadPilot    1: 16 op, 17641.00 ns, 1.1026 us/op
WorkloadPilot    2: 32 op, 59202.00 ns, 1.8501 us/op
WorkloadPilot    3: 64 op, 28739.00 ns, 449.0469 ns/op
WorkloadPilot    4: 128 op, 50135.00 ns, 391.6797 ns/op
WorkloadPilot    5: 256 op, 102243.00 ns, 399.3867 ns/op
WorkloadPilot    6: 512 op, 190361.00 ns, 371.7988 ns/op
WorkloadPilot    7: 1024 op, 375627.00 ns, 366.8232 ns/op
WorkloadPilot    8: 2048 op, 772038.00 ns, 376.9717 ns/op
WorkloadPilot    9: 4096 op, 1516260.00 ns, 370.1807 ns/op
WorkloadPilot   10: 8192 op, 3170297.00 ns, 386.9991 ns/op
WorkloadPilot   11: 16384 op, 6072999.00 ns, 370.6664 ns/op
WorkloadPilot   12: 32768 op, 12117165.00 ns, 369.7865 ns/op
WorkloadPilot   13: 65536 op, 19823142.00 ns, 302.4771 ns/op
WorkloadPilot   14: 131072 op, 35865970.00 ns, 273.6356 ns/op
WorkloadPilot   15: 262144 op, 71092887.00 ns, 271.1978 ns/op
WorkloadPilot   16: 524288 op, 51765359.00 ns, 98.7346 ns/op
WorkloadPilot   17: 1048576 op, 61189873.00 ns, 58.3552 ns/op
WorkloadPilot   18: 2097152 op, 125178937.00 ns, 59.6900 ns/op
WorkloadPilot   19: 4194304 op, 240061837.00 ns, 57.2352 ns/op
WorkloadPilot   20: 8388608 op, 453567547.00 ns, 54.0695 ns/op
WorkloadPilot   21: 16777216 op, 899879149.00 ns, 53.6370 ns/op

OverheadWarmup   1: 16777216 op, 51731981.00 ns, 3.0835 ns/op
OverheadWarmup   2: 16777216 op, 52407931.00 ns, 3.1238 ns/op
OverheadWarmup   3: 16777216 op, 52281886.00 ns, 3.1162 ns/op
OverheadWarmup   4: 16777216 op, 49835420.00 ns, 2.9704 ns/op
OverheadWarmup   5: 16777216 op, 40212735.00 ns, 2.3969 ns/op
OverheadWarmup   6: 16777216 op, 40309050.00 ns, 2.4026 ns/op
OverheadWarmup   7: 16777216 op, 40705111.00 ns, 2.4262 ns/op
OverheadWarmup   8: 16777216 op, 40779618.00 ns, 2.4307 ns/op
OverheadWarmup   9: 16777216 op, 40917140.00 ns, 2.4389 ns/op
OverheadWarmup  10: 16777216 op, 43930636.00 ns, 2.6185 ns/op

OverheadActual   1: 16777216 op, 40167964.00 ns, 2.3942 ns/op
OverheadActual   2: 16777216 op, 40689865.00 ns, 2.4253 ns/op
OverheadActual   3: 16777216 op, 40624979.00 ns, 2.4214 ns/op
OverheadActual   4: 16777216 op, 41037339.00 ns, 2.4460 ns/op
OverheadActual   5: 16777216 op, 41159220.00 ns, 2.4533 ns/op
OverheadActual   6: 16777216 op, 41411540.00 ns, 2.4683 ns/op
OverheadActual   7: 16777216 op, 40785326.00 ns, 2.4310 ns/op
OverheadActual   8: 16777216 op, 41025094.00 ns, 2.4453 ns/op
OverheadActual   9: 16777216 op, 41139730.00 ns, 2.4521 ns/op
OverheadActual  10: 16777216 op, 40522463.00 ns, 2.4153 ns/op
OverheadActual  11: 16777216 op, 40684239.00 ns, 2.4250 ns/op
OverheadActual  12: 16777216 op, 40510048.00 ns, 2.4146 ns/op
OverheadActual  13: 16777216 op, 41357911.00 ns, 2.4651 ns/op
OverheadActual  14: 16777216 op, 40839346.00 ns, 2.4342 ns/op
OverheadActual  15: 16777216 op, 41218073.00 ns, 2.4568 ns/op

WorkloadWarmup   1: 16777216 op, 939153854.00 ns, 55.9779 ns/op
WorkloadWarmup   2: 16777216 op, 907986568.00 ns, 54.1202 ns/op
WorkloadWarmup   3: 16777216 op, 903444799.00 ns, 53.8495 ns/op
WorkloadWarmup   4: 16777216 op, 904756093.00 ns, 53.9277 ns/op
WorkloadWarmup   5: 16777216 op, 902972235.00 ns, 53.8213 ns/op
WorkloadWarmup   6: 16777216 op, 908106235.00 ns, 54.1273 ns/op
WorkloadWarmup   7: 16777216 op, 906477889.00 ns, 54.0303 ns/op

// BeforeActualRun
WorkloadActual   1: 16777216 op, 933502367.00 ns, 55.6411 ns/op
WorkloadActual   2: 16777216 op, 915633680.00 ns, 54.5760 ns/op
WorkloadActual   3: 16777216 op, 909467355.00 ns, 54.2085 ns/op
WorkloadActual   4: 16777216 op, 912187309.00 ns, 54.3706 ns/op
WorkloadActual   5: 16777216 op, 905156647.00 ns, 53.9515 ns/op
WorkloadActual   6: 16777216 op, 903522481.00 ns, 53.8541 ns/op
WorkloadActual   7: 16777216 op, 902451354.00 ns, 53.7903 ns/op
WorkloadActual   8: 16777216 op, 906764462.00 ns, 54.0474 ns/op
WorkloadActual   9: 16777216 op, 904147954.00 ns, 53.8914 ns/op
WorkloadActual  10: 16777216 op, 919322862.00 ns, 54.7959 ns/op
WorkloadActual  11: 16777216 op, 904672176.00 ns, 53.9227 ns/op
WorkloadActual  12: 16777216 op, 907218414.00 ns, 54.0744 ns/op
WorkloadActual  13: 16777216 op, 902463498.00 ns, 53.7910 ns/op
WorkloadActual  14: 16777216 op, 901239702.00 ns, 53.7181 ns/op
WorkloadActual  15: 16777216 op, 900117715.00 ns, 53.6512 ns/op

// AfterActualRun
WorkloadResult   1: 16777216 op, 874794334.00 ns, 52.1418 ns/op
WorkloadResult   2: 16777216 op, 868628009.00 ns, 51.7743 ns/op
WorkloadResult   3: 16777216 op, 871347963.00 ns, 51.9364 ns/op
WorkloadResult   4: 16777216 op, 864317301.00 ns, 51.5173 ns/op
WorkloadResult   5: 16777216 op, 862683135.00 ns, 51.4199 ns/op
WorkloadResult   6: 16777216 op, 861612008.00 ns, 51.3561 ns/op
WorkloadResult   7: 16777216 op, 865925116.00 ns, 51.6132 ns/op
WorkloadResult   8: 16777216 op, 863308608.00 ns, 51.4572 ns/op
WorkloadResult   9: 16777216 op, 878483516.00 ns, 52.3617 ns/op
WorkloadResult  10: 16777216 op, 863832830.00 ns, 51.4884 ns/op
WorkloadResult  11: 16777216 op, 866379068.00 ns, 51.6402 ns/op
WorkloadResult  12: 16777216 op, 861624152.00 ns, 51.3568 ns/op
WorkloadResult  13: 16777216 op, 860400356.00 ns, 51.2839 ns/op
WorkloadResult  14: 16777216 op, 859278369.00 ns, 51.2170 ns/op
// GC:  4 0 0 402653184 16777216
// Threading:  0 0 16777216

// AfterAll
// Benchmark Process 4902 has exited with code 0.

Mean = 51.612 ns, StdErr = 0.089 ns (0.17%), N = 14, StdDev = 0.334 ns
Min = 51.217 ns, Q1 = 51.373 ns, Median = 51.503 ns, Q3 = 51.741 ns, Max = 52.362 ns
IQR = 0.368 ns, LowerFence = 50.820 ns, UpperFence = 52.293 ns
ConfidenceInterval = [51.234 ns; 51.989 ns] (CI 99.9%), Margin = 0.377 ns (0.73% of Mean)
Skewness = 0.89, Kurtosis = 2.59, MValue = 2

// ** Remained 21 (58.3 %) benchmark(s) to run. Estimated finish 2026-10-04 7:45 (0h 7m from now) **
// **************************
// Benchmark: MediatorBenchmarks.PublishNotification_FiveHandlers: .NET 8.0(Runtime=.NET 8.0, Toolchain=net8.0)
// *** Execute ***
// Launch: 1 / 1
// Execute: dotnet "EricksonLopez.Mediator.Benchmarks-.NET 8.0-2.dll" --anonymousPipes 167 169 --benchmarkName EricksonLopez.Mediator.Benchmarks.MediatorBenchmarks.PublishNotification_FiveHandlers --job ".NET 8.0" --benchmarkId 6 in /home/runner/work/dotnet-mediator/dotnet-mediator/benchmarks/EricksonLopez.Mediator.Benchmarks/bin/Release/net10.0/EricksonLopez.Mediator.Benchmarks-.NET 8.0-2/bin/Release/net8.0
// Failed to set up high priority (Permission denied). In order to run benchmarks with high priority, make sure you have the right permissions.
// BeforeAnythingElse

// Benchmark Process Environment Information:
// BenchmarkDotNet v0.15.8
// Runtime=.NET 8.0.31 (8.0.31, 8.0.3126.42015), X64 RyuJIT x86-64-v4
// GC=Concurrent Workstation
// HardwareIntrinsics=AVX512 IFMA+VBMI,AVX512 F+BW+CD+DQ+VL,AVX2+BMI1+BMI2+F16C+FMA+LZCNT+MOVBE,AVX,SSE3+SSSE3+SSE4.1+SSE4.2+POPCNT,X86Base+SSE+SSE2,AES+PCLMUL VectorSize=256
// Job: .NET 8.0

OverheadJitting  1: 1 op, 134486.00 ns, 134.4860 us/op
WorkloadJitting  1: 1 op, 2455528.00 ns, 2.4555 ms/op

OverheadJitting  2: 16 op, 196532.00 ns, 12.2833 us/op
WorkloadJitting  2: 16 op, 2342922.00 ns, 146.4326 us/op

WorkloadPilot    1: 16 op, 203541.00 ns, 12.7213 us/op
WorkloadPilot    2: 32 op, 30249.00 ns, 945.2813 ns/op
WorkloadPilot    3: 64 op, 60647.00 ns, 947.6094 ns/op
WorkloadPilot    4: 128 op, 111612.00 ns, 871.9688 ns/op
WorkloadPilot    5: 256 op, 204652.00 ns, 799.4219 ns/op
WorkloadPilot    6: 512 op, 399775.00 ns, 780.8105 ns/op
WorkloadPilot    7: 1024 op, 810863.00 ns, 791.8584 ns/op
WorkloadPilot    8: 2048 op, 1611742.00 ns, 786.9834 ns/op
WorkloadPilot    9: 4096 op, 3119086.00 ns, 761.4956 ns/op
WorkloadPilot   10: 8192 op, 6025452.00 ns, 735.5288 ns/op
WorkloadPilot   11: 16384 op, 11885269.00 ns, 725.4193 ns/op
WorkloadPilot   12: 32768 op, 24067017.00 ns, 734.4671 ns/op
WorkloadPilot   13: 65536 op, 47836190.00 ns, 729.9223 ns/op
WorkloadPilot   14: 131072 op, 98400647.00 ns, 750.7374 ns/op
WorkloadPilot   15: 262144 op, 46750882.00 ns, 178.3405 ns/op
WorkloadPilot   16: 524288 op, 78128750.00 ns, 149.0188 ns/op
WorkloadPilot   17: 1048576 op, 138208512.00 ns, 131.8059 ns/op
WorkloadPilot   18: 2097152 op, 266286481.00 ns, 126.9753 ns/op
WorkloadPilot   19: 4194304 op, 524038480.00 ns, 124.9405 ns/op

OverheadWarmup   1: 4194304 op, 12840375.00 ns, 3.0614 ns/op
OverheadWarmup   2: 4194304 op, 12825882.00 ns, 3.0579 ns/op
OverheadWarmup   3: 4194304 op, 12885476.00 ns, 3.0721 ns/op
OverheadWarmup   4: 4194304 op, 12822401.00 ns, 3.0571 ns/op
OverheadWarmup   5: 4194304 op, 12957086.00 ns, 3.0892 ns/op
OverheadWarmup   6: 4194304 op, 12777801.00 ns, 3.0465 ns/op

OverheadActual   1: 4194304 op, 12851080.00 ns, 3.0639 ns/op
OverheadActual   2: 4194304 op, 13117398.00 ns, 3.1274 ns/op
OverheadActual   3: 4194304 op, 12890123.00 ns, 3.0732 ns/op
OverheadActual   4: 4194304 op, 13003852.00 ns, 3.1004 ns/op
OverheadActual   5: 4194304 op, 13081830.00 ns, 3.1190 ns/op
OverheadActual   6: 4194304 op, 12855036.00 ns, 3.0649 ns/op
OverheadActual   7: 4194304 op, 12837013.00 ns, 3.0606 ns/op
OverheadActual   8: 4194304 op, 12762606.00 ns, 3.0428 ns/op
OverheadActual   9: 4194304 op, 12759037.00 ns, 3.0420 ns/op
OverheadActual  10: 4194304 op, 12932902.00 ns, 3.0834 ns/op
OverheadActual  11: 4194304 op, 13040440.00 ns, 3.1091 ns/op
OverheadActual  12: 4194304 op, 12700525.00 ns, 3.0280 ns/op
OverheadActual  13: 4194304 op, 12939953.00 ns, 3.0851 ns/op
OverheadActual  14: 4194304 op, 12773272.00 ns, 3.0454 ns/op
OverheadActual  15: 4194304 op, 12693892.00 ns, 3.0265 ns/op

WorkloadWarmup   1: 4194304 op, 542716162.00 ns, 129.3936 ns/op
WorkloadWarmup   2: 4194304 op, 525962129.00 ns, 125.3991 ns/op
WorkloadWarmup   3: 4194304 op, 529645443.00 ns, 126.2773 ns/op
WorkloadWarmup   4: 4194304 op, 526590680.00 ns, 125.5490 ns/op
WorkloadWarmup   5: 4194304 op, 524348006.00 ns, 125.0143 ns/op
WorkloadWarmup   6: 4194304 op, 521813816.00 ns, 124.4101 ns/op
WorkloadWarmup   7: 4194304 op, 522022205.00 ns, 124.4598 ns/op
WorkloadWarmup   8: 4194304 op, 524837362.00 ns, 125.1310 ns/op
WorkloadWarmup   9: 4194304 op, 523705416.00 ns, 124.8611 ns/op

// BeforeActualRun
WorkloadActual   1: 4194304 op, 526833935.00 ns, 125.6070 ns/op
WorkloadActual   2: 4194304 op, 523998438.00 ns, 124.9310 ns/op
WorkloadActual   3: 4194304 op, 519100354.00 ns, 123.7632 ns/op
WorkloadActual   4: 4194304 op, 521860935.00 ns, 124.4213 ns/op
WorkloadActual   5: 4194304 op, 523094407.00 ns, 124.7154 ns/op
WorkloadActual   6: 4194304 op, 521756548.00 ns, 124.3965 ns/op
WorkloadActual   7: 4194304 op, 526686728.00 ns, 125.5719 ns/op
WorkloadActual   8: 4194304 op, 524622442.00 ns, 125.0797 ns/op
WorkloadActual   9: 4194304 op, 522076856.00 ns, 124.4728 ns/op
WorkloadActual  10: 4194304 op, 520689086.00 ns, 124.1420 ns/op
WorkloadActual  11: 4194304 op, 519192091.00 ns, 123.7850 ns/op
WorkloadActual  12: 4194304 op, 518866977.00 ns, 123.7075 ns/op
WorkloadActual  13: 4194304 op, 523112084.00 ns, 124.7196 ns/op
WorkloadActual  14: 4194304 op, 518060358.00 ns, 123.5152 ns/op
WorkloadActual  15: 4194304 op, 520526954.00 ns, 124.1033 ns/op

// AfterActualRun
WorkloadResult   1: 4194304 op, 513978899.00 ns, 122.5421 ns/op
WorkloadResult   2: 4194304 op, 511143402.00 ns, 121.8661 ns/op
WorkloadResult   3: 4194304 op, 506245318.00 ns, 120.6983 ns/op
WorkloadResult   4: 4194304 op, 509005899.00 ns, 121.3565 ns/op
WorkloadResult   5: 4194304 op, 510239371.00 ns, 121.6505 ns/op
WorkloadResult   6: 4194304 op, 508901512.00 ns, 121.3316 ns/op
WorkloadResult   7: 4194304 op, 513831692.00 ns, 122.5070 ns/op
WorkloadResult   8: 4194304 op, 511767406.00 ns, 122.0149 ns/op
WorkloadResult   9: 4194304 op, 509221820.00 ns, 121.4079 ns/op
WorkloadResult  10: 4194304 op, 507834050.00 ns, 121.0771 ns/op
WorkloadResult  11: 4194304 op, 506337055.00 ns, 120.7202 ns/op
WorkloadResult  12: 4194304 op, 506011941.00 ns, 120.6426 ns/op
WorkloadResult  13: 4194304 op, 510257048.00 ns, 121.6548 ns/op
WorkloadResult  14: 4194304 op, 505205322.00 ns, 120.4503 ns/op
WorkloadResult  15: 4194304 op, 507671918.00 ns, 121.0384 ns/op
// GC:  6 0 0 503316480 4194304
// Threading:  0 0 4194304

// AfterAll
// Benchmark Process 4926 has exited with code 0.

Mean = 121.397 ns, StdErr = 0.168 ns (0.14%), N = 15, StdDev = 0.651 ns
Min = 120.450 ns, Q1 = 120.879 ns, Median = 121.356 ns, Q3 = 121.760 ns, Max = 122.542 ns
IQR = 0.881 ns, LowerFence = 119.558 ns, UpperFence = 123.082 ns
ConfidenceInterval = [120.702 ns; 122.093 ns] (CI 99.9%), Margin = 0.695 ns (0.57% of Mean)
Skewness = 0.3, Kurtosis = 1.88, MValue = 2

// ** Remained 20 (55.6 %) benchmark(s) to run. Estimated finish 2026-10-04 7:45 (0h 7m from now) **
// **************************
// Benchmark: MediatorBenchmarks.PublishNotification_Parallel: .NET 8.0(Runtime=.NET 8.0, Toolchain=net8.0)
// *** Execute ***
// Launch: 1 / 1
// Execute: dotnet "EricksonLopez.Mediator.Benchmarks-.NET 8.0-2.dll" --anonymousPipes 167 169 --benchmarkName EricksonLopez.Mediator.Benchmarks.MediatorBenchmarks.PublishNotification_Parallel --job ".NET 8.0" --benchmarkId 7 in /home/runner/work/dotnet-mediator/dotnet-mediator/benchmarks/EricksonLopez.Mediator.Benchmarks/bin/Release/net10.0/EricksonLopez.Mediator.Benchmarks-.NET 8.0-2/bin/Release/net8.0
// Failed to set up high priority (Permission denied). In order to run benchmarks with high priority, make sure you have the right permissions.
// BeforeAnythingElse

// Benchmark Process Environment Information:
// BenchmarkDotNet v0.15.8
// Runtime=.NET 8.0.31 (8.0.31, 8.0.3126.42015), X64 RyuJIT x86-64-v4
// GC=Concurrent Workstation
// HardwareIntrinsics=AVX512 IFMA+VBMI,AVX512 F+BW+CD+DQ+VL,AVX2+BMI1+BMI2+F16C+FMA+LZCNT+MOVBE,AVX,SSE3+SSSE3+SSE4.1+SSE4.2+POPCNT,X86Base+SSE+SSE2,AES+PCLMUL VectorSize=256
// Job: .NET 8.0

OverheadJitting  1: 1 op, 134197.00 ns, 134.1970 us/op
WorkloadJitting  1: 1 op, 2678366.00 ns, 2.6784 ms/op

OverheadJitting  2: 16 op, 192800.00 ns, 12.0500 us/op
WorkloadJitting  2: 16 op, 1745292.00 ns, 109.0808 us/op

WorkloadPilot    1: 16 op, 167468.00 ns, 10.4668 us/op
WorkloadPilot    2: 32 op, 37805.00 ns, 1.1814 us/op
WorkloadPilot    3: 64 op, 52462.00 ns, 819.7188 ns/op
WorkloadPilot    4: 128 op, 89205.00 ns, 696.9141 ns/op
WorkloadPilot    5: 256 op, 190353.00 ns, 743.5664 ns/op
WorkloadPilot    6: 512 op, 344811.00 ns, 673.4590 ns/op
WorkloadPilot    7: 1024 op, 623640.00 ns, 609.0234 ns/op
WorkloadPilot    8: 2048 op, 1305505.00 ns, 637.4536 ns/op
WorkloadPilot    9: 4096 op, 2641043.00 ns, 644.7859 ns/op
WorkloadPilot   10: 8192 op, 5364469.00 ns, 654.8424 ns/op
WorkloadPilot   11: 16384 op, 10668862.00 ns, 651.1757 ns/op
WorkloadPilot   12: 32768 op, 21017013.00 ns, 641.3883 ns/op
WorkloadPilot   13: 65536 op, 42080930.00 ns, 642.1040 ns/op
WorkloadPilot   14: 131072 op, 81794885.00 ns, 624.0454 ns/op
WorkloadPilot   15: 262144 op, 76229732.00 ns, 290.7934 ns/op
WorkloadPilot   16: 524288 op, 93146969.00 ns, 177.6637 ns/op
WorkloadPilot   17: 1048576 op, 158177097.00 ns, 150.8494 ns/op
WorkloadPilot   18: 2097152 op, 316546572.00 ns, 150.9412 ns/op
WorkloadPilot   19: 4194304 op, 635104851.00 ns, 151.4208 ns/op

OverheadWarmup   1: 4194304 op, 12965859.00 ns, 3.0913 ns/op
OverheadWarmup   2: 4194304 op, 13043575.00 ns, 3.1098 ns/op
OverheadWarmup   3: 4194304 op, 12823867.00 ns, 3.0574 ns/op
OverheadWarmup   4: 4194304 op, 12806432.00 ns, 3.0533 ns/op
OverheadWarmup   5: 4194304 op, 13070434.00 ns, 3.1162 ns/op
OverheadWarmup   6: 4194304 op, 12862378.00 ns, 3.0666 ns/op

OverheadActual   1: 4194304 op, 12833152.00 ns, 3.0597 ns/op
OverheadActual   2: 4194304 op, 12930265.00 ns, 3.0828 ns/op
OverheadActual   3: 4194304 op, 12810323.00 ns, 3.0542 ns/op
OverheadActual   4: 4194304 op, 12990521.00 ns, 3.0972 ns/op
OverheadActual   5: 4194304 op, 12904662.00 ns, 3.0767 ns/op
OverheadActual   6: 4194304 op, 12909380.00 ns, 3.0778 ns/op
OverheadActual   7: 4194304 op, 13064541.00 ns, 3.1148 ns/op
OverheadActual   8: 4194304 op, 13158540.00 ns, 3.1372 ns/op
OverheadActual   9: 4194304 op, 13132499.00 ns, 3.1310 ns/op
OverheadActual  10: 4194304 op, 13053109.00 ns, 3.1121 ns/op
OverheadActual  11: 4194304 op, 12725692.00 ns, 3.0340 ns/op
OverheadActual  12: 4194304 op, 12962348.00 ns, 3.0905 ns/op
OverheadActual  13: 4194304 op, 13072938.00 ns, 3.1168 ns/op
OverheadActual  14: 4194304 op, 13031217.00 ns, 3.1069 ns/op
OverheadActual  15: 4194304 op, 12870907.00 ns, 3.0687 ns/op

WorkloadWarmup   1: 4194304 op, 656976119.00 ns, 156.6353 ns/op
WorkloadWarmup   2: 4194304 op, 641876066.00 ns, 153.0352 ns/op
WorkloadWarmup   3: 4194304 op, 641622957.00 ns, 152.9748 ns/op
WorkloadWarmup   4: 4194304 op, 641642129.00 ns, 152.9794 ns/op
WorkloadWarmup   5: 4194304 op, 638233857.00 ns, 152.1668 ns/op
WorkloadWarmup   6: 4194304 op, 632514272.00 ns, 150.8032 ns/op
WorkloadWarmup   7: 4194304 op, 633052692.00 ns, 150.9315 ns/op
WorkloadWarmup   8: 4194304 op, 632510062.00 ns, 150.8022 ns/op

// BeforeActualRun
WorkloadActual   1: 4194304 op, 629045793.00 ns, 149.9762 ns/op
WorkloadActual   2: 4194304 op, 631901970.00 ns, 150.6572 ns/op
WorkloadActual   3: 4194304 op, 630405408.00 ns, 150.3004 ns/op
WorkloadActual   4: 4194304 op, 633251572.00 ns, 150.9789 ns/op
WorkloadActual   5: 4194304 op, 637488992.00 ns, 151.9892 ns/op
WorkloadActual   6: 4194304 op, 633141556.00 ns, 150.9527 ns/op
WorkloadActual   7: 4194304 op, 633996898.00 ns, 151.1566 ns/op
WorkloadActual   8: 4194304 op, 632887708.00 ns, 150.8922 ns/op
WorkloadActual   9: 4194304 op, 629405215.00 ns, 150.0619 ns/op
WorkloadActual  10: 4194304 op, 631805270.00 ns, 150.6341 ns/op
WorkloadActual  11: 4194304 op, 633817043.00 ns, 151.1138 ns/op
WorkloadActual  12: 4194304 op, 634093060.00 ns, 151.1796 ns/op
WorkloadActual  13: 4194304 op, 634548910.00 ns, 151.2882 ns/op
WorkloadActual  14: 4194304 op, 634051384.00 ns, 151.1696 ns/op
WorkloadActual  15: 4194304 op, 637877362.00 ns, 152.0818 ns/op

// AfterActualRun
WorkloadResult   1: 4194304 op, 616083445.00 ns, 146.8857 ns/op
WorkloadResult   2: 4194304 op, 618939622.00 ns, 147.5667 ns/op
WorkloadResult   3: 4194304 op, 617443060.00 ns, 147.2099 ns/op
WorkloadResult   4: 4194304 op, 620289224.00 ns, 147.8885 ns/op
WorkloadResult   5: 4194304 op, 620179208.00 ns, 147.8622 ns/op
WorkloadResult   6: 4194304 op, 621034550.00 ns, 148.0662 ns/op
WorkloadResult   7: 4194304 op, 619925360.00 ns, 147.8017 ns/op
WorkloadResult   8: 4194304 op, 616442867.00 ns, 146.9714 ns/op
WorkloadResult   9: 4194304 op, 618842922.00 ns, 147.5437 ns/op
WorkloadResult  10: 4194304 op, 620854695.00 ns, 148.0233 ns/op
WorkloadResult  11: 4194304 op, 621130712.00 ns, 148.0891 ns/op
WorkloadResult  12: 4194304 op, 621586562.00 ns, 148.1978 ns/op
WorkloadResult  13: 4194304 op, 621089036.00 ns, 148.0792 ns/op
// GC:  10 0 0 838860800 4194304
// Threading:  0 0 4194304

// AfterAll
// Benchmark Process 4942 has exited with code 0.

Mean = 147.707 ns, StdErr = 0.122 ns (0.08%), N = 13, StdDev = 0.441 ns
Min = 146.886 ns, Q1 = 147.544 ns, Median = 147.862 ns, Q3 = 148.066 ns, Max = 148.198 ns
IQR = 0.523 ns, LowerFence = 146.760 ns, UpperFence = 148.850 ns
ConfidenceInterval = [147.179 ns; 148.234 ns] (CI 99.9%), Margin = 0.528 ns (0.36% of Mean)
Skewness = -0.69, Kurtosis = 1.91, MValue = 2

// ** Remained 19 (52.8 %) benchmark(s) to run. Estimated finish 2026-10-04 7:45 (0h 6m from now) **
// **************************
// Benchmark: MediatorBenchmarks.NestedSend: .NET 8.0(Runtime=.NET 8.0, Toolchain=net8.0)
// *** Execute ***
// Launch: 1 / 1
// Execute: dotnet "EricksonLopez.Mediator.Benchmarks-.NET 8.0-2.dll" --anonymousPipes 167 169 --benchmarkName EricksonLopez.Mediator.Benchmarks.MediatorBenchmarks.NestedSend --job ".NET 8.0" --benchmarkId 8 in /home/runner/work/dotnet-mediator/dotnet-mediator/benchmarks/EricksonLopez.Mediator.Benchmarks/bin/Release/net10.0/EricksonLopez.Mediator.Benchmarks-.NET 8.0-2/bin/Release/net8.0
// Failed to set up high priority (Permission denied). In order to run benchmarks with high priority, make sure you have the right permissions.
// BeforeAnythingElse

// Benchmark Process Environment Information:
// BenchmarkDotNet v0.15.8
// Runtime=.NET 8.0.31 (8.0.31, 8.0.3126.42015), X64 RyuJIT x86-64-v4
// GC=Concurrent Workstation
// HardwareIntrinsics=AVX512 IFMA+VBMI,AVX512 F+BW+CD+DQ+VL,AVX2+BMI1+BMI2+F16C+FMA+LZCNT+MOVBE,AVX,SSE3+SSSE3+SSE4.1+SSE4.2+POPCNT,X86Base+SSE+SSE2,AES+PCLMUL VectorSize=256
// Job: .NET 8.0

OverheadJitting  1: 1 op, 175750.00 ns, 175.7500 us/op
WorkloadJitting  1: 1 op, 2043476.00 ns, 2.0435 ms/op

OverheadJitting  2: 16 op, 410580.00 ns, 25.6613 us/op
WorkloadJitting  2: 16 op, 438584.00 ns, 27.4115 us/op

WorkloadPilot    1: 16 op, 16301.00 ns, 1.0188 us/op
WorkloadPilot    2: 32 op, 18893.00 ns, 590.4063 ns/op
WorkloadPilot    3: 64 op, 41465.00 ns, 647.8906 ns/op
WorkloadPilot    4: 128 op, 66030.00 ns, 515.8594 ns/op
WorkloadPilot    5: 256 op, 113071.00 ns, 441.6836 ns/op
WorkloadPilot    6: 512 op, 218235.00 ns, 426.2402 ns/op
WorkloadPilot    7: 1024 op, 397908.00 ns, 388.5820 ns/op
WorkloadPilot    8: 2048 op, 752889.00 ns, 367.6216 ns/op
WorkloadPilot    9: 4096 op, 1564307.00 ns, 381.9109 ns/op
WorkloadPilot   10: 8192 op, 3011268.00 ns, 367.5864 ns/op
WorkloadPilot   11: 16384 op, 5939571.00 ns, 362.5226 ns/op
WorkloadPilot   12: 32768 op, 11679700.00 ns, 356.4362 ns/op
WorkloadPilot   13: 65536 op, 23588719.00 ns, 359.9353 ns/op
WorkloadPilot   14: 131072 op, 46605254.00 ns, 355.5699 ns/op
WorkloadPilot   15: 262144 op, 104199786.00 ns, 397.4906 ns/op
WorkloadPilot   16: 524288 op, 47590964.00 ns, 90.7726 ns/op
WorkloadPilot   17: 1048576 op, 86117909.00 ns, 82.1284 ns/op
WorkloadPilot   18: 2097152 op, 176177718.00 ns, 84.0081 ns/op
WorkloadPilot   19: 4194304 op, 342383060.00 ns, 81.6305 ns/op
WorkloadPilot   20: 8388608 op, 654050068.00 ns, 77.9688 ns/op

OverheadWarmup   1: 8388608 op, 49270164.00 ns, 5.8735 ns/op
OverheadWarmup   2: 8388608 op, 49696637.00 ns, 5.9243 ns/op
OverheadWarmup   3: 8388608 op, 49250755.00 ns, 5.8711 ns/op
OverheadWarmup   4: 8388608 op, 49791592.00 ns, 5.9356 ns/op
OverheadWarmup   5: 8388608 op, 49935651.00 ns, 5.9528 ns/op
OverheadWarmup   6: 8388608 op, 49560424.00 ns, 5.9081 ns/op

OverheadActual   1: 8388608 op, 49743972.00 ns, 5.9299 ns/op
OverheadActual   2: 8388608 op, 49439351.00 ns, 5.8936 ns/op
OverheadActual   3: 8388608 op, 49927144.00 ns, 5.9518 ns/op
OverheadActual   4: 8388608 op, 49950317.00 ns, 5.9545 ns/op
OverheadActual   5: 8388608 op, 49104579.00 ns, 5.8537 ns/op
OverheadActual   6: 8388608 op, 49582195.00 ns, 5.9107 ns/op
OverheadActual   7: 8388608 op, 49135418.00 ns, 5.8574 ns/op
OverheadActual   8: 8388608 op, 48043274.00 ns, 5.7272 ns/op
OverheadActual   9: 8388608 op, 41266085.00 ns, 4.9193 ns/op
OverheadActual  10: 8388608 op, 40642297.00 ns, 4.8449 ns/op
OverheadActual  11: 8388608 op, 40783413.00 ns, 4.8618 ns/op
OverheadActual  12: 8388608 op, 41332224.00 ns, 4.9272 ns/op
OverheadActual  13: 8388608 op, 40770929.00 ns, 4.8603 ns/op
OverheadActual  14: 8388608 op, 41252507.00 ns, 4.9177 ns/op
OverheadActual  15: 8388608 op, 41062986.00 ns, 4.8951 ns/op
OverheadActual  16: 8388608 op, 42193743.00 ns, 5.0299 ns/op
OverheadActual  17: 8388608 op, 42755835.00 ns, 5.0969 ns/op
OverheadActual  18: 8388608 op, 41125349.00 ns, 4.9025 ns/op
OverheadActual  19: 8388608 op, 40722727.00 ns, 4.8545 ns/op
OverheadActual  20: 8388608 op, 41343814.00 ns, 4.9286 ns/op

WorkloadWarmup   1: 8388608 op, 695653099.00 ns, 82.9283 ns/op
WorkloadWarmup   2: 8388608 op, 657623700.00 ns, 78.3949 ns/op
WorkloadWarmup   3: 8388608 op, 652643062.00 ns, 77.8011 ns/op
WorkloadWarmup   4: 8388608 op, 653752598.00 ns, 77.9334 ns/op
WorkloadWarmup   5: 8388608 op, 655427374.00 ns, 78.1330 ns/op
WorkloadWarmup   6: 8388608 op, 653592865.00 ns, 77.9143 ns/op
WorkloadWarmup   7: 8388608 op, 652246334.00 ns, 77.7538 ns/op
WorkloadWarmup   8: 8388608 op, 651654727.00 ns, 77.6833 ns/op
WorkloadWarmup   9: 8388608 op, 650569283.00 ns, 77.5539 ns/op
WorkloadWarmup  10: 8388608 op, 653096716.00 ns, 77.8552 ns/op
WorkloadWarmup  11: 8388608 op, 648486458.00 ns, 77.3056 ns/op

// BeforeActualRun
WorkloadActual   1: 8388608 op, 653761484.00 ns, 77.9344 ns/op
WorkloadActual   2: 8388608 op, 654420194.00 ns, 78.0130 ns/op
WorkloadActual   3: 8388608 op, 655859236.00 ns, 78.1845 ns/op
WorkloadActual   4: 8388608 op, 651342502.00 ns, 77.6461 ns/op
WorkloadActual   5: 8388608 op, 650383515.00 ns, 77.5318 ns/op
WorkloadActual   6: 8388608 op, 655905955.00 ns, 78.1901 ns/op
WorkloadActual   7: 8388608 op, 649952623.00 ns, 77.4804 ns/op
WorkloadActual   8: 8388608 op, 657890623.00 ns, 78.4267 ns/op
WorkloadActual   9: 8388608 op, 649367545.00 ns, 77.4106 ns/op
WorkloadActual  10: 8388608 op, 656895410.00 ns, 78.3080 ns/op
WorkloadActual  11: 8388608 op, 670144025.00 ns, 79.8874 ns/op
WorkloadActual  12: 8388608 op, 653679154.00 ns, 77.9246 ns/op
WorkloadActual  13: 8388608 op, 652602932.00 ns, 77.7963 ns/op
WorkloadActual  14: 8388608 op, 655734859.00 ns, 78.1697 ns/op
WorkloadActual  15: 8388608 op, 652622973.00 ns, 77.7987 ns/op

// AfterActualRun
WorkloadResult   1: 8388608 op, 611992705.50 ns, 72.9552 ns/op
WorkloadResult   2: 8388608 op, 612651415.50 ns, 73.0337 ns/op
WorkloadResult   3: 8388608 op, 614090457.50 ns, 73.2053 ns/op
WorkloadResult   4: 8388608 op, 609573723.50 ns, 72.6669 ns/op
WorkloadResult   5: 8388608 op, 608614736.50 ns, 72.5525 ns/op
WorkloadResult   6: 8388608 op, 614137176.50 ns, 73.2109 ns/op
WorkloadResult   7: 8388608 op, 608183844.50 ns, 72.5012 ns/op
WorkloadResult   8: 8388608 op, 616121844.50 ns, 73.4474 ns/op
WorkloadResult   9: 8388608 op, 607598766.50 ns, 72.4314 ns/op
WorkloadResult  10: 8388608 op, 615126631.50 ns, 73.3288 ns/op
WorkloadResult  11: 8388608 op, 611910375.50 ns, 72.9454 ns/op
WorkloadResult  12: 8388608 op, 610834153.50 ns, 72.8171 ns/op
WorkloadResult  13: 8388608 op, 613966080.50 ns, 73.1905 ns/op
WorkloadResult  14: 8388608 op, 610854194.50 ns, 72.8195 ns/op
// GC:  2 0 0 201326592 8388608
// Threading:  0 0 8388608

// AfterAll
// Benchmark Process 4965 has exited with code 0.

Mean = 72.936 ns, StdErr = 0.085 ns (0.12%), N = 14, StdDev = 0.320 ns
Min = 72.431 ns, Q1 = 72.704 ns, Median = 72.950 ns, Q3 = 73.202 ns, Max = 73.447 ns
IQR = 0.497 ns, LowerFence = 71.959 ns, UpperFence = 73.947 ns
ConfidenceInterval = [72.575 ns; 73.297 ns] (CI 99.9%), Margin = 0.361 ns (0.49% of Mean)
Skewness = -0.08, Kurtosis = 1.61, MValue = 2

// ** Remained 18 (50.0 %) benchmark(s) to run. Estimated finish 2026-10-04 7:45 (0h 6m from now) **
// **************************
// Benchmark: MediatorBenchmarks.DirectCall: .NET 9.0(Runtime=.NET 9.0, Toolchain=net9.0)
// *** Execute ***
// Launch: 1 / 1
// Execute: dotnet "EricksonLopez.Mediator.Benchmarks-.NET 9.0-3.dll" --anonymousPipes 167 169 --benchmarkName EricksonLopez.Mediator.Benchmarks.MediatorBenchmarks.DirectCall --job ".NET 9.0" --benchmarkId 0 in /home/runner/work/dotnet-mediator/dotnet-mediator/benchmarks/EricksonLopez.Mediator.Benchmarks/bin/Release/net10.0/EricksonLopez.Mediator.Benchmarks-.NET 9.0-3/bin/Release/net9.0
// Failed to set up high priority (Permission denied). In order to run benchmarks with high priority, make sure you have the right permissions.
// BeforeAnythingElse

// Benchmark Process Environment Information:
// BenchmarkDotNet v0.15.8
// Runtime=.NET 9.0.20 (9.0.20, 9.0.2026.41315), X64 RyuJIT x86-64-v4
// GC=Concurrent Workstation
// HardwareIntrinsics=AVX512 IFMA+VBMI,AVX512 F+BW+CD+DQ+VL,AVX2+BMI1+BMI2+F16C+FMA+LZCNT+MOVBE,AVX,SSE3+SSSE3+SSE4.1+SSE4.2+POPCNT,X86Base+SSE+SSE2,AES+PCLMUL VectorSize=256
// Job: .NET 9.0

OverheadJitting  1: 1 op, 246116.00 ns, 246.1160 us/op
WorkloadJitting  1: 1 op, 793541.00 ns, 793.5410 us/op

OverheadJitting  2: 16 op, 426820.00 ns, 26.6763 us/op
WorkloadJitting  2: 16 op, 466532.00 ns, 29.1583 us/op

WorkloadPilot    1: 16 op, 3078.00 ns, 192.3750 ns/op
WorkloadPilot    2: 32 op, 3196.00 ns, 99.8750 ns/op
WorkloadPilot    3: 64 op, 4723.00 ns, 73.7969 ns/op
WorkloadPilot    4: 128 op, 8020.00 ns, 62.6563 ns/op
WorkloadPilot    5: 256 op, 11376.00 ns, 44.4375 ns/op
WorkloadPilot    6: 512 op, 21427.00 ns, 41.8496 ns/op
WorkloadPilot    7: 1024 op, 42382.00 ns, 41.3887 ns/op
WorkloadPilot    8: 2048 op, 77806.00 ns, 37.9912 ns/op
WorkloadPilot    9: 4096 op, 166887.00 ns, 40.7439 ns/op
WorkloadPilot   10: 8192 op, 312911.00 ns, 38.1971 ns/op
WorkloadPilot   11: 16384 op, 626057.00 ns, 38.2115 ns/op
WorkloadPilot   12: 32768 op, 1265579.00 ns, 38.6224 ns/op
WorkloadPilot   13: 65536 op, 2450704.00 ns, 37.3948 ns/op
WorkloadPilot   14: 131072 op, 5019282.00 ns, 38.2941 ns/op
WorkloadPilot   15: 262144 op, 9829828.00 ns, 37.4978 ns/op
WorkloadPilot   16: 524288 op, 19432964.00 ns, 37.0654 ns/op
WorkloadPilot   17: 1048576 op, 39022334.00 ns, 37.2146 ns/op
WorkloadPilot   18: 2097152 op, 79087366.00 ns, 37.7118 ns/op
WorkloadPilot   19: 4194304 op, 34596292.00 ns, 8.2484 ns/op
WorkloadPilot   20: 8388608 op, 44286547.00 ns, 5.2794 ns/op
WorkloadPilot   21: 16777216 op, 88315431.00 ns, 5.2640 ns/op
WorkloadPilot   22: 33554432 op, 178896745.00 ns, 5.3315 ns/op
WorkloadPilot   23: 67108864 op, 355349860.00 ns, 5.2951 ns/op
WorkloadPilot   24: 134217728 op, 709382285.00 ns, 5.2853 ns/op

OverheadWarmup   1: 134217728 op, 699036082.00 ns, 5.2082 ns/op
OverheadWarmup   2: 134217728 op, 655294214.00 ns, 4.8823 ns/op
OverheadWarmup   3: 134217728 op, 657285794.00 ns, 4.8972 ns/op
OverheadWarmup   4: 134217728 op, 658003775.00 ns, 4.9025 ns/op
OverheadWarmup   5: 134217728 op, 655681854.00 ns, 4.8852 ns/op
OverheadWarmup   6: 134217728 op, 654395744.00 ns, 4.8756 ns/op
OverheadWarmup   7: 134217728 op, 662279967.00 ns, 4.9344 ns/op
OverheadWarmup   8: 134217728 op, 655577588.00 ns, 4.8844 ns/op

OverheadActual   1: 134217728 op, 665174493.00 ns, 4.9559 ns/op
OverheadActual   2: 134217728 op, 655893169.00 ns, 4.8868 ns/op
OverheadActual   3: 134217728 op, 657838103.00 ns, 4.9013 ns/op
OverheadActual   4: 134217728 op, 655845931.00 ns, 4.8864 ns/op
OverheadActual   5: 134217728 op, 654355595.00 ns, 4.8753 ns/op
OverheadActual   6: 134217728 op, 656992769.00 ns, 4.8950 ns/op
OverheadActual   7: 134217728 op, 654174944.00 ns, 4.8740 ns/op
OverheadActual   8: 134217728 op, 656488149.00 ns, 4.8912 ns/op
OverheadActual   9: 134217728 op, 656639308.00 ns, 4.8923 ns/op
OverheadActual  10: 134217728 op, 656100418.00 ns, 4.8883 ns/op
OverheadActual  11: 134217728 op, 655081533.00 ns, 4.8807 ns/op
OverheadActual  12: 134217728 op, 655425507.00 ns, 4.8833 ns/op
OverheadActual  13: 134217728 op, 652213676.00 ns, 4.8594 ns/op
OverheadActual  14: 134217728 op, 658051470.00 ns, 4.9029 ns/op
OverheadActual  15: 134217728 op, 658531124.00 ns, 4.9064 ns/op

WorkloadWarmup   1: 134217728 op, 705464806.00 ns, 5.2561 ns/op
WorkloadWarmup   2: 134217728 op, 705636340.00 ns, 5.2574 ns/op
WorkloadWarmup   3: 134217728 op, 704683789.00 ns, 5.2503 ns/op
WorkloadWarmup   4: 134217728 op, 700289659.00 ns, 5.2176 ns/op
WorkloadWarmup   5: 134217728 op, 702603370.00 ns, 5.2348 ns/op
WorkloadWarmup   6: 134217728 op, 706593333.00 ns, 5.2645 ns/op
WorkloadWarmup   7: 134217728 op, 708052914.00 ns, 5.2754 ns/op
WorkloadWarmup   8: 134217728 op, 706300741.00 ns, 5.2624 ns/op

// BeforeActualRun
WorkloadActual   1: 134217728 op, 712661453.00 ns, 5.3097 ns/op
WorkloadActual   2: 134217728 op, 705718179.00 ns, 5.2580 ns/op
WorkloadActual   3: 134217728 op, 711488174.00 ns, 5.3010 ns/op
WorkloadActual   4: 134217728 op, 708998849.00 ns, 5.2825 ns/op
WorkloadActual   5: 134217728 op, 709213485.00 ns, 5.2841 ns/op
WorkloadActual   6: 134217728 op, 706191868.00 ns, 5.2615 ns/op
WorkloadActual   7: 134217728 op, 703151194.00 ns, 5.2389 ns/op
WorkloadActual   8: 134217728 op, 703930927.00 ns, 5.2447 ns/op
WorkloadActual   9: 134217728 op, 707700668.00 ns, 5.2728 ns/op
WorkloadActual  10: 134217728 op, 707369226.00 ns, 5.2703 ns/op
WorkloadActual  11: 134217728 op, 706424850.00 ns, 5.2633 ns/op
WorkloadActual  12: 134217728 op, 705365531.00 ns, 5.2554 ns/op
WorkloadActual  13: 134217728 op, 706105892.00 ns, 5.2609 ns/op
WorkloadActual  14: 134217728 op, 704067289.00 ns, 5.2457 ns/op
WorkloadActual  15: 134217728 op, 701688171.00 ns, 5.2280 ns/op

// AfterActualRun
WorkloadResult   1: 134217728 op, 56561035.00 ns, 0.4214 ns/op
WorkloadResult   2: 134217728 op, 49617761.00 ns, 0.3697 ns/op
WorkloadResult   3: 134217728 op, 55387756.00 ns, 0.4127 ns/op
WorkloadResult   4: 134217728 op, 52898431.00 ns, 0.3941 ns/op
WorkloadResult   5: 134217728 op, 53113067.00 ns, 0.3957 ns/op
WorkloadResult   6: 134217728 op, 50091450.00 ns, 0.3732 ns/op
WorkloadResult   7: 134217728 op, 47050776.00 ns, 0.3506 ns/op
WorkloadResult   8: 134217728 op, 47830509.00 ns, 0.3564 ns/op
WorkloadResult   9: 134217728 op, 51600250.00 ns, 0.3845 ns/op
WorkloadResult  10: 134217728 op, 51268808.00 ns, 0.3820 ns/op
WorkloadResult  11: 134217728 op, 50324432.00 ns, 0.3749 ns/op
WorkloadResult  12: 134217728 op, 49265113.00 ns, 0.3671 ns/op
WorkloadResult  13: 134217728 op, 50005474.00 ns, 0.3726 ns/op
WorkloadResult  14: 134217728 op, 47966871.00 ns, 0.3574 ns/op
WorkloadResult  15: 134217728 op, 45587753.00 ns, 0.3397 ns/op
// GC:  0 0 0 0 134217728
// Threading:  0 0 134217728

// AfterAll
// Benchmark Process 4983 has exited with code 0.

Mean = 0.377 ns, StdErr = 0.006 ns (1.54%), N = 15, StdDev = 0.022 ns
Min = 0.340 ns, Q1 = 0.362 ns, Median = 0.373 ns, Q3 = 0.389 ns, Max = 0.421 ns
IQR = 0.027 ns, LowerFence = 0.322 ns, UpperFence = 0.430 ns
ConfidenceInterval = [0.353 ns; 0.401 ns] (CI 99.9%), Margin = 0.024 ns (6.37% of Mean)
Skewness = 0.36, Kurtosis = 2.24, MValue = 2

// ** Remained 17 (47.2 %) benchmark(s) to run. Estimated finish 2026-10-04 7:45 (0h 6m from now) **
// **************************
// Benchmark: MediatorBenchmarks.SendCommand_NoBehaviors: .NET 9.0(Runtime=.NET 9.0, Toolchain=net9.0)
// *** Execute ***
// Launch: 1 / 1
// Execute: dotnet "EricksonLopez.Mediator.Benchmarks-.NET 9.0-3.dll" --anonymousPipes 167 169 --benchmarkName EricksonLopez.Mediator.Benchmarks.MediatorBenchmarks.SendCommand_NoBehaviors --job ".NET 9.0" --benchmarkId 1 in /home/runner/work/dotnet-mediator/dotnet-mediator/benchmarks/EricksonLopez.Mediator.Benchmarks/bin/Release/net10.0/EricksonLopez.Mediator.Benchmarks-.NET 9.0-3/bin/Release/net9.0
// Failed to set up high priority (Permission denied). In order to run benchmarks with high priority, make sure you have the right permissions.
// BeforeAnythingElse

// Benchmark Process Environment Information:
// BenchmarkDotNet v0.15.8
// Runtime=.NET 9.0.20 (9.0.20, 9.0.2026.41315), X64 RyuJIT x86-64-v4
// GC=Concurrent Workstation
// HardwareIntrinsics=AVX512 IFMA+VBMI,AVX512 F+BW+CD+DQ+VL,AVX2+BMI1+BMI2+F16C+FMA+LZCNT+MOVBE,AVX,SSE3+SSSE3+SSE4.1+SSE4.2+POPCNT,X86Base+SSE+SSE2,AES+PCLMUL VectorSize=256
// Job: .NET 9.0

OverheadJitting  1: 1 op, 192922.00 ns, 192.9220 us/op
WorkloadJitting  1: 1 op, 1315046.00 ns, 1.3150 ms/op

OverheadJitting  2: 16 op, 472089.00 ns, 29.5056 us/op
WorkloadJitting  2: 16 op, 497127.00 ns, 31.0704 us/op

WorkloadPilot    1: 16 op, 8630.00 ns, 539.3750 ns/op
WorkloadPilot    2: 32 op, 10173.00 ns, 317.9063 ns/op
WorkloadPilot    3: 64 op, 12884.00 ns, 201.3125 ns/op
WorkloadPilot    4: 128 op, 21257.00 ns, 166.0703 ns/op
WorkloadPilot    5: 256 op, 39850.00 ns, 155.6641 ns/op
WorkloadPilot    6: 512 op, 76176.00 ns, 148.7813 ns/op
WorkloadPilot    7: 1024 op, 147933.00 ns, 144.4658 ns/op
WorkloadPilot    8: 2048 op, 306441.00 ns, 149.6294 ns/op
WorkloadPilot    9: 4096 op, 577904.00 ns, 141.0898 ns/op
WorkloadPilot   10: 8192 op, 1239540.00 ns, 151.3110 ns/op
WorkloadPilot   11: 16384 op, 2387650.00 ns, 145.7306 ns/op
WorkloadPilot   12: 32768 op, 4729060.00 ns, 144.3195 ns/op
WorkloadPilot   13: 65536 op, 9613795.00 ns, 146.6949 ns/op
WorkloadPilot   14: 131072 op, 18859049.00 ns, 143.8831 ns/op
WorkloadPilot   15: 262144 op, 37212191.00 ns, 141.9532 ns/op
WorkloadPilot   16: 524288 op, 74113065.00 ns, 141.3595 ns/op
WorkloadPilot   17: 1048576 op, 51426091.00 ns, 49.0437 ns/op
WorkloadPilot   18: 2097152 op, 54089650.00 ns, 25.7920 ns/op
WorkloadPilot   19: 4194304 op, 108811160.00 ns, 25.9426 ns/op
WorkloadPilot   20: 8388608 op, 215363695.00 ns, 25.6734 ns/op
WorkloadPilot   21: 16777216 op, 433022129.00 ns, 25.8101 ns/op
WorkloadPilot   22: 33554432 op, 874027499.00 ns, 26.0480 ns/op

OverheadWarmup   1: 33554432 op, 207874107.00 ns, 6.1951 ns/op
OverheadWarmup   2: 33554432 op, 164175718.00 ns, 4.8928 ns/op
OverheadWarmup   3: 33554432 op, 164929313.00 ns, 4.9153 ns/op
OverheadWarmup   4: 33554432 op, 163246077.00 ns, 4.8651 ns/op
OverheadWarmup   5: 33554432 op, 165068504.00 ns, 4.9194 ns/op
OverheadWarmup   6: 33554432 op, 164971780.00 ns, 4.9165 ns/op

OverheadActual   1: 33554432 op, 163419186.00 ns, 4.8703 ns/op
OverheadActual   2: 33554432 op, 164685831.00 ns, 4.9080 ns/op
OverheadActual   3: 33554432 op, 163314311.00 ns, 4.8671 ns/op
OverheadActual   4: 33554432 op, 171472669.00 ns, 5.1103 ns/op
OverheadActual   5: 33554432 op, 164005894.00 ns, 4.8878 ns/op
OverheadActual   6: 33554432 op, 165225276.00 ns, 4.9241 ns/op
OverheadActual   7: 33554432 op, 163548923.00 ns, 4.8741 ns/op
OverheadActual   8: 33554432 op, 163965307.00 ns, 4.8865 ns/op
OverheadActual   9: 33554432 op, 164400794.00 ns, 4.8995 ns/op
OverheadActual  10: 33554432 op, 164599000.00 ns, 4.9054 ns/op
OverheadActual  11: 33554432 op, 163069190.00 ns, 4.8598 ns/op
OverheadActual  12: 33554432 op, 164502349.00 ns, 4.9026 ns/op
OverheadActual  13: 33554432 op, 165734998.00 ns, 4.9393 ns/op
OverheadActual  14: 33554432 op, 165147401.00 ns, 4.9218 ns/op
OverheadActual  15: 33554432 op, 164162515.00 ns, 4.8924 ns/op

WorkloadWarmup   1: 33554432 op, 865009917.00 ns, 25.7793 ns/op
WorkloadWarmup   2: 33554432 op, 867171744.00 ns, 25.8437 ns/op
WorkloadWarmup   3: 33554432 op, 866055476.00 ns, 25.8105 ns/op
WorkloadWarmup   4: 33554432 op, 881086439.00 ns, 26.2584 ns/op
WorkloadWarmup   5: 33554432 op, 866621691.00 ns, 25.8273 ns/op
WorkloadWarmup   6: 33554432 op, 861701017.00 ns, 25.6807 ns/op

// BeforeActualRun
WorkloadActual   1: 33554432 op, 867359456.00 ns, 25.8493 ns/op
WorkloadActual   2: 33554432 op, 864238661.00 ns, 25.7563 ns/op
WorkloadActual   3: 33554432 op, 866124634.00 ns, 25.8125 ns/op
WorkloadActual   4: 33554432 op, 864205402.00 ns, 25.7553 ns/op
WorkloadActual   5: 33554432 op, 879137337.00 ns, 26.2003 ns/op
WorkloadActual   6: 33554432 op, 864429137.00 ns, 25.7620 ns/op
WorkloadActual   7: 33554432 op, 863308337.00 ns, 25.7286 ns/op
WorkloadActual   8: 33554432 op, 863001802.00 ns, 25.7195 ns/op
WorkloadActual   9: 33554432 op, 866665555.00 ns, 25.8286 ns/op
WorkloadActual  10: 33554432 op, 864481291.00 ns, 25.7636 ns/op
WorkloadActual  11: 33554432 op, 866676905.00 ns, 25.8290 ns/op
WorkloadActual  12: 33554432 op, 869288713.00 ns, 25.9068 ns/op
WorkloadActual  13: 33554432 op, 859856928.00 ns, 25.6257 ns/op
WorkloadActual  14: 33554432 op, 882057045.00 ns, 26.2873 ns/op
WorkloadActual  15: 33554432 op, 860788498.00 ns, 25.6535 ns/op

// AfterActualRun
WorkloadResult   1: 33554432 op, 702958662.00 ns, 20.9498 ns/op
WorkloadResult   2: 33554432 op, 699837867.00 ns, 20.8568 ns/op
WorkloadResult   3: 33554432 op, 701723840.00 ns, 20.9130 ns/op
WorkloadResult   4: 33554432 op, 699804608.00 ns, 20.8558 ns/op
WorkloadResult   5: 33554432 op, 700028343.00 ns, 20.8625 ns/op
WorkloadResult   6: 33554432 op, 698907543.00 ns, 20.8291 ns/op
WorkloadResult   7: 33554432 op, 698601008.00 ns, 20.8199 ns/op
WorkloadResult   8: 33554432 op, 702264761.00 ns, 20.9291 ns/op
WorkloadResult   9: 33554432 op, 700080497.00 ns, 20.8640 ns/op
WorkloadResult  10: 33554432 op, 702276111.00 ns, 20.9295 ns/op
WorkloadResult  11: 33554432 op, 704887919.00 ns, 21.0073 ns/op
WorkloadResult  12: 33554432 op, 695456134.00 ns, 20.7262 ns/op
WorkloadResult  13: 33554432 op, 696387704.00 ns, 20.7540 ns/op
// GC:  0 0 0 0 33554432
// Threading:  0 0 33554432

// AfterAll
// Benchmark Process 5068 has exited with code 0.

Mean = 20.869 ns, StdErr = 0.022 ns (0.10%), N = 13, StdDev = 0.078 ns
Min = 20.726 ns, Q1 = 20.829 ns, Median = 20.862 ns, Q3 = 20.929 ns, Max = 21.007 ns
IQR = 0.100 ns, LowerFence = 20.679 ns, UpperFence = 21.079 ns
ConfidenceInterval = [20.776 ns; 20.962 ns] (CI 99.9%), Margin = 0.093 ns (0.45% of Mean)
Skewness = -0.15, Kurtosis = 2.16, MValue = 2

// ** Remained 16 (44.4 %) benchmark(s) to run. Estimated finish 2026-10-04 7:45 (0h 5m from now) **
// **************************
// Benchmark: MediatorBenchmarks.SendQuery_NoBehaviors: .NET 9.0(Runtime=.NET 9.0, Toolchain=net9.0)
// *** Execute ***
// Launch: 1 / 1
// Execute: dotnet "EricksonLopez.Mediator.Benchmarks-.NET 9.0-3.dll" --anonymousPipes 167 169 --benchmarkName EricksonLopez.Mediator.Benchmarks.MediatorBenchmarks.SendQuery_NoBehaviors --job ".NET 9.0" --benchmarkId 2 in /home/runner/work/dotnet-mediator/dotnet-mediator/benchmarks/EricksonLopez.Mediator.Benchmarks/bin/Release/net10.0/EricksonLopez.Mediator.Benchmarks-.NET 9.0-3/bin/Release/net9.0
// Failed to set up high priority (Permission denied). In order to run benchmarks with high priority, make sure you have the right permissions.
// BeforeAnythingElse

// Benchmark Process Environment Information:
// BenchmarkDotNet v0.15.8
// Runtime=.NET 9.0.20 (9.0.20, 9.0.2026.41315), X64 RyuJIT x86-64-v4
// GC=Concurrent Workstation
// HardwareIntrinsics=AVX512 IFMA+VBMI,AVX512 F+BW+CD+DQ+VL,AVX2+BMI1+BMI2+F16C+FMA+LZCNT+MOVBE,AVX,SSE3+SSSE3+SSE4.1+SSE4.2+POPCNT,X86Base+SSE+SSE2,AES+PCLMUL VectorSize=256
// Job: .NET 9.0

OverheadJitting  1: 1 op, 185439.00 ns, 185.4390 us/op
WorkloadJitting  1: 1 op, 1168394.00 ns, 1.1684 ms/op

OverheadJitting  2: 16 op, 415209.00 ns, 25.9506 us/op
WorkloadJitting  2: 16 op, 454621.00 ns, 28.4138 us/op

WorkloadPilot    1: 16 op, 7619.00 ns, 476.1875 ns/op
WorkloadPilot    2: 32 op, 9607.00 ns, 300.2188 ns/op
WorkloadPilot    3: 64 op, 12532.00 ns, 195.8125 ns/op
WorkloadPilot    4: 128 op, 20387.00 ns, 159.2734 ns/op
WorkloadPilot    5: 256 op, 37303.00 ns, 145.7148 ns/op
WorkloadPilot    6: 512 op, 72244.00 ns, 141.1016 ns/op
WorkloadPilot    7: 1024 op, 140198.00 ns, 136.9121 ns/op
WorkloadPilot    8: 2048 op, 277518.00 ns, 135.5068 ns/op
WorkloadPilot    9: 4096 op, 572096.00 ns, 139.6719 ns/op
WorkloadPilot   10: 8192 op, 1188133.00 ns, 145.0358 ns/op
WorkloadPilot   11: 16384 op, 2329218.00 ns, 142.1642 ns/op
WorkloadPilot   12: 32768 op, 4430435.00 ns, 135.2061 ns/op
WorkloadPilot   13: 65536 op, 9092306.00 ns, 138.7376 ns/op
WorkloadPilot   14: 131072 op, 18300366.00 ns, 139.6207 ns/op
WorkloadPilot   15: 262144 op, 36253766.00 ns, 138.2971 ns/op
WorkloadPilot   16: 524288 op, 73226250.00 ns, 139.6680 ns/op
WorkloadPilot   17: 1048576 op, 41389586.00 ns, 39.4722 ns/op
WorkloadPilot   18: 2097152 op, 42152173.00 ns, 20.0997 ns/op
WorkloadPilot   19: 4194304 op, 84450912.00 ns, 20.1347 ns/op
WorkloadPilot   20: 8388608 op, 169022200.00 ns, 20.1490 ns/op
WorkloadPilot   21: 16777216 op, 340307525.00 ns, 20.2839 ns/op
WorkloadPilot   22: 33554432 op, 680472181.00 ns, 20.2797 ns/op

OverheadWarmup   1: 33554432 op, 208442129.00 ns, 6.2121 ns/op
OverheadWarmup   2: 33554432 op, 164714185.00 ns, 4.9089 ns/op
OverheadWarmup   3: 33554432 op, 163894869.00 ns, 4.8844 ns/op
OverheadWarmup   4: 33554432 op, 163996477.00 ns, 4.8875 ns/op
OverheadWarmup   5: 33554432 op, 163346677.00 ns, 4.8681 ns/op
OverheadWarmup   6: 33554432 op, 163046810.00 ns, 4.8592 ns/op
OverheadWarmup   7: 33554432 op, 165128086.00 ns, 4.9212 ns/op
OverheadWarmup   8: 33554432 op, 165017852.00 ns, 4.9179 ns/op

OverheadActual   1: 33554432 op, 164799924.00 ns, 4.9114 ns/op
OverheadActual   2: 33554432 op, 164138641.00 ns, 4.8917 ns/op
OverheadActual   3: 33554432 op, 164228732.00 ns, 4.8944 ns/op
OverheadActual   4: 33554432 op, 163130579.00 ns, 4.8617 ns/op
OverheadActual   5: 33554432 op, 164104463.00 ns, 4.8907 ns/op
OverheadActual   6: 33554432 op, 162380283.00 ns, 4.8393 ns/op
OverheadActual   7: 33554432 op, 163683632.00 ns, 4.8782 ns/op
OverheadActual   8: 33554432 op, 163894329.00 ns, 4.8844 ns/op
OverheadActual   9: 33554432 op, 163339725.00 ns, 4.8679 ns/op
OverheadActual  10: 33554432 op, 163209997.00 ns, 4.8640 ns/op
OverheadActual  11: 33554432 op, 163670748.00 ns, 4.8778 ns/op
OverheadActual  12: 33554432 op, 164216288.00 ns, 4.8940 ns/op
OverheadActual  13: 33554432 op, 164376621.00 ns, 4.8988 ns/op
OverheadActual  14: 33554432 op, 165068404.00 ns, 4.9194 ns/op
OverheadActual  15: 33554432 op, 164642297.00 ns, 4.9067 ns/op

WorkloadWarmup   1: 33554432 op, 683517510.00 ns, 20.3704 ns/op
WorkloadWarmup   2: 33554432 op, 691977974.00 ns, 20.6226 ns/op
WorkloadWarmup   3: 33554432 op, 689003462.00 ns, 20.5339 ns/op
WorkloadWarmup   4: 33554432 op, 687965359.00 ns, 20.5030 ns/op
WorkloadWarmup   5: 33554432 op, 684244039.00 ns, 20.3921 ns/op
WorkloadWarmup   6: 33554432 op, 683685579.00 ns, 20.3754 ns/op
WorkloadWarmup   7: 33554432 op, 689728226.00 ns, 20.5555 ns/op
WorkloadWarmup   8: 33554432 op, 683790683.00 ns, 20.3786 ns/op

// BeforeActualRun
WorkloadActual   1: 33554432 op, 684549441.00 ns, 20.4012 ns/op
WorkloadActual   2: 33554432 op, 684728887.00 ns, 20.4065 ns/op
WorkloadActual   3: 33554432 op, 684140652.00 ns, 20.3890 ns/op
WorkloadActual   4: 33554432 op, 690943898.00 ns, 20.5917 ns/op
WorkloadActual   5: 33554432 op, 681606083.00 ns, 20.3134 ns/op
WorkloadActual   6: 33554432 op, 681842893.00 ns, 20.3205 ns/op
WorkloadActual   7: 33554432 op, 686725533.00 ns, 20.4660 ns/op
WorkloadActual   8: 33554432 op, 688244424.00 ns, 20.5113 ns/op
WorkloadActual   9: 33554432 op, 684412221.00 ns, 20.3971 ns/op
WorkloadActual  10: 33554432 op, 687441727.00 ns, 20.4874 ns/op
WorkloadActual  11: 33554432 op, 686907208.00 ns, 20.4714 ns/op
WorkloadActual  12: 33554432 op, 682605157.00 ns, 20.3432 ns/op
WorkloadActual  13: 33554432 op, 686422075.00 ns, 20.4570 ns/op
WorkloadActual  14: 33554432 op, 683238921.00 ns, 20.3621 ns/op
WorkloadActual  15: 33554432 op, 686497455.00 ns, 20.4592 ns/op

// AfterActualRun
WorkloadResult   1: 33554432 op, 520444978.00 ns, 15.5105 ns/op
WorkloadResult   2: 33554432 op, 520624424.00 ns, 15.5158 ns/op
WorkloadResult   3: 33554432 op, 520036189.00 ns, 15.4983 ns/op
WorkloadResult   4: 33554432 op, 526839435.00 ns, 15.7010 ns/op
WorkloadResult   5: 33554432 op, 517501620.00 ns, 15.4228 ns/op
WorkloadResult   6: 33554432 op, 517738430.00 ns, 15.4298 ns/op
WorkloadResult   7: 33554432 op, 522621070.00 ns, 15.5753 ns/op
WorkloadResult   8: 33554432 op, 524139961.00 ns, 15.6206 ns/op
WorkloadResult   9: 33554432 op, 520307758.00 ns, 15.5064 ns/op
WorkloadResult  10: 33554432 op, 523337264.00 ns, 15.5967 ns/op
WorkloadResult  11: 33554432 op, 522802745.00 ns, 15.5807 ns/op
WorkloadResult  12: 33554432 op, 518500694.00 ns, 15.4525 ns/op
WorkloadResult  13: 33554432 op, 522317612.00 ns, 15.5663 ns/op
WorkloadResult  14: 33554432 op, 519134458.00 ns, 15.4714 ns/op
WorkloadResult  15: 33554432 op, 522392992.00 ns, 15.5685 ns/op
// GC:  0 0 0 0 33554432
// Threading:  0 0 33554432

// AfterAll
// Benchmark Process 5090 has exited with code 0.

Mean = 15.534 ns, StdErr = 0.020 ns (0.13%), N = 15, StdDev = 0.077 ns
Min = 15.423 ns, Q1 = 15.485 ns, Median = 15.516 ns, Q3 = 15.578 ns, Max = 15.701 ns
IQR = 0.093 ns, LowerFence = 15.345 ns, UpperFence = 15.718 ns
ConfidenceInterval = [15.453 ns; 15.616 ns] (CI 99.9%), Margin = 0.082 ns (0.53% of Mean)
Skewness = 0.34, Kurtosis = 2.3, MValue = 2

// ** Remained 15 (41.7 %) benchmark(s) to run. Estimated finish 2026-10-04 7:45 (0h 5m from now) **
// **************************
// Benchmark: MediatorBenchmarks.SendCommand_OneBehavior: .NET 9.0(Runtime=.NET 9.0, Toolchain=net9.0)
// *** Execute ***
// Launch: 1 / 1
// Execute: dotnet "EricksonLopez.Mediator.Benchmarks-.NET 9.0-3.dll" --anonymousPipes 167 169 --benchmarkName EricksonLopez.Mediator.Benchmarks.MediatorBenchmarks.SendCommand_OneBehavior --job ".NET 9.0" --benchmarkId 3 in /home/runner/work/dotnet-mediator/dotnet-mediator/benchmarks/EricksonLopez.Mediator.Benchmarks/bin/Release/net10.0/EricksonLopez.Mediator.Benchmarks-.NET 9.0-3/bin/Release/net9.0
// Failed to set up high priority (Permission denied). In order to run benchmarks with high priority, make sure you have the right permissions.
// BeforeAnythingElse

// Benchmark Process Environment Information:
// BenchmarkDotNet v0.15.8
// Runtime=.NET 9.0.20 (9.0.20, 9.0.2026.41315), X64 RyuJIT x86-64-v4
// GC=Concurrent Workstation
// HardwareIntrinsics=AVX512 IFMA+VBMI,AVX512 F+BW+CD+DQ+VL,AVX2+BMI1+BMI2+F16C+FMA+LZCNT+MOVBE,AVX,SSE3+SSSE3+SSE4.1+SSE4.2+POPCNT,X86Base+SSE+SSE2,AES+PCLMUL VectorSize=256
// Job: .NET 9.0

OverheadJitting  1: 1 op, 200406.00 ns, 200.4060 us/op
WorkloadJitting  1: 1 op, 2058464.00 ns, 2.0585 ms/op

OverheadJitting  2: 16 op, 434476.00 ns, 27.1548 us/op
WorkloadJitting  2: 16 op, 495191.00 ns, 30.9494 us/op

WorkloadPilot    1: 16 op, 12644.00 ns, 790.2500 ns/op
WorkloadPilot    2: 32 op, 16323.00 ns, 510.0938 ns/op
WorkloadPilot    3: 64 op, 24572.00 ns, 383.9375 ns/op
WorkloadPilot    4: 128 op, 42568.00 ns, 332.5625 ns/op
WorkloadPilot    5: 256 op, 81677.00 ns, 319.0508 ns/op
WorkloadPilot    6: 512 op, 152815.00 ns, 298.4668 ns/op
WorkloadPilot    7: 1024 op, 295384.00 ns, 288.4609 ns/op
WorkloadPilot    8: 2048 op, 611963.00 ns, 298.8101 ns/op
WorkloadPilot    9: 4096 op, 1297810.00 ns, 316.8481 ns/op
WorkloadPilot   10: 8192 op, 2578581.00 ns, 314.7682 ns/op
WorkloadPilot   11: 16384 op, 5052428.00 ns, 308.3757 ns/op
WorkloadPilot   12: 32768 op, 9983223.00 ns, 304.6638 ns/op
WorkloadPilot   13: 65536 op, 20107294.00 ns, 306.8130 ns/op
WorkloadPilot   14: 131072 op, 39044698.00 ns, 297.8874 ns/op
WorkloadPilot   15: 262144 op, 86455667.00 ns, 329.8022 ns/op
WorkloadPilot   16: 524288 op, 32531428.00 ns, 62.0488 ns/op
WorkloadPilot   17: 1048576 op, 50147997.00 ns, 47.8249 ns/op
WorkloadPilot   18: 2097152 op, 99580485.00 ns, 47.4837 ns/op
WorkloadPilot   19: 4194304 op, 199718950.00 ns, 47.6167 ns/op
WorkloadPilot   20: 8388608 op, 401327134.00 ns, 47.8419 ns/op
WorkloadPilot   21: 16777216 op, 801095610.00 ns, 47.7490 ns/op

OverheadWarmup   1: 16777216 op, 103789629.00 ns, 6.1863 ns/op
OverheadWarmup   2: 16777216 op, 102252165.00 ns, 6.0947 ns/op
OverheadWarmup   3: 16777216 op, 83165834.00 ns, 4.9571 ns/op
OverheadWarmup   4: 16777216 op, 83396288.00 ns, 4.9708 ns/op
OverheadWarmup   5: 16777216 op, 83224226.00 ns, 4.9606 ns/op
OverheadWarmup   6: 16777216 op, 82685808.00 ns, 4.9285 ns/op
OverheadWarmup   7: 16777216 op, 81975607.00 ns, 4.8861 ns/op
OverheadWarmup   8: 16777216 op, 87958097.00 ns, 5.2427 ns/op
OverheadWarmup   9: 16777216 op, 82343174.00 ns, 4.9080 ns/op

OverheadActual   1: 16777216 op, 82939958.00 ns, 4.9436 ns/op
OverheadActual   2: 16777216 op, 82924879.00 ns, 4.9427 ns/op
OverheadActual   3: 16777216 op, 82538436.00 ns, 4.9197 ns/op
OverheadActual   4: 16777216 op, 82455089.00 ns, 4.9147 ns/op
OverheadActual   5: 16777216 op, 81814489.00 ns, 4.8765 ns/op
OverheadActual   6: 16777216 op, 81899774.00 ns, 4.8816 ns/op
OverheadActual   7: 16777216 op, 82367915.00 ns, 4.9095 ns/op
OverheadActual   8: 16777216 op, 82829374.00 ns, 4.9370 ns/op
OverheadActual   9: 16777216 op, 83348041.00 ns, 4.9679 ns/op
OverheadActual  10: 16777216 op, 82672010.00 ns, 4.9276 ns/op
OverheadActual  11: 16777216 op, 81863241.00 ns, 4.8794 ns/op
OverheadActual  12: 16777216 op, 82888220.00 ns, 4.9405 ns/op
OverheadActual  13: 16777216 op, 83747531.00 ns, 4.9917 ns/op
OverheadActual  14: 16777216 op, 82467252.00 ns, 4.9154 ns/op
OverheadActual  15: 16777216 op, 82911569.00 ns, 4.9419 ns/op

WorkloadWarmup   1: 16777216 op, 801141805.00 ns, 47.7518 ns/op
WorkloadWarmup   2: 16777216 op, 797210151.00 ns, 47.5174 ns/op
WorkloadWarmup   3: 16777216 op, 799268137.00 ns, 47.6401 ns/op
WorkloadWarmup   4: 16777216 op, 803981564.00 ns, 47.9210 ns/op
WorkloadWarmup   5: 16777216 op, 801164964.00 ns, 47.7532 ns/op
WorkloadWarmup   6: 16777216 op, 806019650.00 ns, 48.0425 ns/op
WorkloadWarmup   7: 16777216 op, 798297926.00 ns, 47.5823 ns/op

// BeforeActualRun
WorkloadActual   1: 16777216 op, 800350308.00 ns, 47.7046 ns/op
WorkloadActual   2: 16777216 op, 791287843.00 ns, 47.1644 ns/op
WorkloadActual   3: 16777216 op, 799926408.00 ns, 47.6793 ns/op
WorkloadActual   4: 16777216 op, 795307752.00 ns, 47.4040 ns/op
WorkloadActual   5: 16777216 op, 794502202.00 ns, 47.3560 ns/op
WorkloadActual   6: 16777216 op, 799050803.00 ns, 47.6271 ns/op
WorkloadActual   7: 16777216 op, 796294461.00 ns, 47.4628 ns/op
WorkloadActual   8: 16777216 op, 805245042.00 ns, 47.9963 ns/op
WorkloadActual   9: 16777216 op, 800135665.00 ns, 47.6918 ns/op
WorkloadActual  10: 16777216 op, 796500614.00 ns, 47.4751 ns/op
WorkloadActual  11: 16777216 op, 802012223.00 ns, 47.8037 ns/op
WorkloadActual  12: 16777216 op, 795843849.00 ns, 47.4360 ns/op
WorkloadActual  13: 16777216 op, 804790402.00 ns, 47.9692 ns/op
WorkloadActual  14: 16777216 op, 807010105.00 ns, 48.1016 ns/op
WorkloadActual  15: 16777216 op, 807182610.00 ns, 48.1118 ns/op

// AfterActualRun
WorkloadResult   1: 16777216 op, 717678298.00 ns, 42.7770 ns/op
WorkloadResult   2: 16777216 op, 708615833.00 ns, 42.2368 ns/op
WorkloadResult   3: 16777216 op, 717254398.00 ns, 42.7517 ns/op
WorkloadResult   4: 16777216 op, 712635742.00 ns, 42.4764 ns/op
WorkloadResult   5: 16777216 op, 711830192.00 ns, 42.4284 ns/op
WorkloadResult   6: 16777216 op, 716378793.00 ns, 42.6995 ns/op
WorkloadResult   7: 16777216 op, 713622451.00 ns, 42.5352 ns/op
WorkloadResult   8: 16777216 op, 722573032.00 ns, 43.0687 ns/op
WorkloadResult   9: 16777216 op, 717463655.00 ns, 42.7642 ns/op
WorkloadResult  10: 16777216 op, 713828604.00 ns, 42.5475 ns/op
WorkloadResult  11: 16777216 op, 719340213.00 ns, 42.8760 ns/op
WorkloadResult  12: 16777216 op, 713171839.00 ns, 42.5084 ns/op
WorkloadResult  13: 16777216 op, 722118392.00 ns, 43.0416 ns/op
WorkloadResult  14: 16777216 op, 724338095.00 ns, 43.1739 ns/op
WorkloadResult  15: 16777216 op, 724510600.00 ns, 43.1842 ns/op
// GC:  0 0 0 0 16777216
// Threading:  0 0 16777216

// AfterAll
// Benchmark Process 5107 has exited with code 0.

Mean = 42.738 ns, StdErr = 0.074 ns (0.17%), N = 15, StdDev = 0.288 ns
Min = 42.237 ns, Q1 = 42.522 ns, Median = 42.752 ns, Q3 = 42.959 ns, Max = 43.184 ns
IQR = 0.437 ns, LowerFence = 41.866 ns, UpperFence = 43.614 ns
ConfidenceInterval = [42.430 ns; 43.046 ns] (CI 99.9%), Margin = 0.308 ns (0.72% of Mean)
Skewness = 0.11, Kurtosis = 1.74, MValue = 2

// ** Remained 14 (38.9 %) benchmark(s) to run. Estimated finish 2026-10-04 7:45 (0h 5m from now) **
// **************************
// Benchmark: MediatorBenchmarks.SendCommand_FiveBehaviors: .NET 9.0(Runtime=.NET 9.0, Toolchain=net9.0)
// *** Execute ***
// Launch: 1 / 1
// Execute: dotnet "EricksonLopez.Mediator.Benchmarks-.NET 9.0-3.dll" --anonymousPipes 167 169 --benchmarkName EricksonLopez.Mediator.Benchmarks.MediatorBenchmarks.SendCommand_FiveBehaviors --job ".NET 9.0" --benchmarkId 4 in /home/runner/work/dotnet-mediator/dotnet-mediator/benchmarks/EricksonLopez.Mediator.Benchmarks/bin/Release/net10.0/EricksonLopez.Mediator.Benchmarks-.NET 9.0-3/bin/Release/net9.0
// Failed to set up high priority (Permission denied). In order to run benchmarks with high priority, make sure you have the right permissions.
// BeforeAnythingElse

// Benchmark Process Environment Information:
// BenchmarkDotNet v0.15.8
// Runtime=.NET 9.0.20 (9.0.20, 9.0.2026.41315), X64 RyuJIT x86-64-v4
// GC=Concurrent Workstation
// HardwareIntrinsics=AVX512 IFMA+VBMI,AVX512 F+BW+CD+DQ+VL,AVX2+BMI1+BMI2+F16C+FMA+LZCNT+MOVBE,AVX,SSE3+SSSE3+SSE4.1+SSE4.2+POPCNT,X86Base+SSE+SSE2,AES+PCLMUL VectorSize=256
// Job: .NET 9.0

OverheadJitting  1: 1 op, 200144.00 ns, 200.1440 us/op
WorkloadJitting  1: 1 op, 3438954.00 ns, 3.4390 ms/op

OverheadJitting  2: 16 op, 500087.00 ns, 31.2554 us/op
WorkloadJitting  2: 16 op, 462943.00 ns, 28.9339 us/op

WorkloadPilot    1: 16 op, 25968.00 ns, 1.6230 us/op
WorkloadPilot    2: 32 op, 40560.00 ns, 1.2675 us/op
WorkloadPilot    3: 64 op, 69997.00 ns, 1.0937 us/op
WorkloadPilot    4: 128 op, 132282.00 ns, 1.0335 us/op
WorkloadPilot    5: 256 op, 279361.00 ns, 1.0913 us/op
WorkloadPilot    6: 512 op, 534567.00 ns, 1.0441 us/op
WorkloadPilot    7: 1024 op, 1076013.00 ns, 1.0508 us/op
WorkloadPilot    8: 2048 op, 2159481.00 ns, 1.0544 us/op
WorkloadPilot    9: 4096 op, 4228394.00 ns, 1.0323 us/op
WorkloadPilot   10: 8192 op, 8440520.00 ns, 1.0303 us/op
WorkloadPilot   11: 16384 op, 16908926.00 ns, 1.0320 us/op
WorkloadPilot   12: 32768 op, 34078993.00 ns, 1.0400 us/op
WorkloadPilot   13: 65536 op, 67949036.00 ns, 1.0368 us/op
WorkloadPilot   14: 131072 op, 106361951.00 ns, 811.4773 ns/op
WorkloadPilot   15: 262144 op, 88096403.00 ns, 336.0611 ns/op
WorkloadPilot   16: 524288 op, 100651760.00 ns, 191.9780 ns/op
WorkloadPilot   17: 1048576 op, 200952310.00 ns, 191.6431 ns/op
WorkloadPilot   18: 2097152 op, 402140610.00 ns, 191.7556 ns/op
WorkloadPilot   19: 4194304 op, 803549574.00 ns, 191.5811 ns/op

OverheadWarmup   1: 4194304 op, 26937727.00 ns, 6.4225 ns/op
OverheadWarmup   2: 4194304 op, 26273569.00 ns, 6.2641 ns/op
OverheadWarmup   3: 4194304 op, 26113427.00 ns, 6.2259 ns/op
OverheadWarmup   4: 4194304 op, 26481141.00 ns, 6.3136 ns/op
OverheadWarmup   5: 4194304 op, 26637364.00 ns, 6.3508 ns/op
OverheadWarmup   6: 4194304 op, 26211453.00 ns, 6.2493 ns/op
OverheadWarmup   7: 4194304 op, 25757475.00 ns, 6.1411 ns/op
OverheadWarmup   8: 4194304 op, 26363250.00 ns, 6.2855 ns/op
OverheadWarmup   9: 4194304 op, 25798317.00 ns, 6.1508 ns/op

OverheadActual   1: 4194304 op, 25993955.00 ns, 6.1974 ns/op
OverheadActual   2: 4194304 op, 26165999.00 ns, 6.2385 ns/op
OverheadActual   3: 4194304 op, 26373843.00 ns, 6.2880 ns/op
OverheadActual   4: 4194304 op, 25863180.00 ns, 6.1663 ns/op
OverheadActual   5: 4194304 op, 26313026.00 ns, 6.2735 ns/op
OverheadActual   6: 4194304 op, 25970853.00 ns, 6.1919 ns/op
OverheadActual   7: 4194304 op, 26212451.00 ns, 6.2495 ns/op
OverheadActual   8: 4194304 op, 26385404.00 ns, 6.2908 ns/op
OverheadActual   9: 4194304 op, 26197033.00 ns, 6.2459 ns/op
OverheadActual  10: 4194304 op, 22835810.00 ns, 5.4445 ns/op
OverheadActual  11: 4194304 op, 20655888.00 ns, 4.9247 ns/op
OverheadActual  12: 4194304 op, 20347641.00 ns, 4.8513 ns/op
OverheadActual  13: 4194304 op, 20265324.00 ns, 4.8316 ns/op
OverheadActual  14: 4194304 op, 20367789.00 ns, 4.8561 ns/op
OverheadActual  15: 4194304 op, 20436797.00 ns, 4.8725 ns/op
OverheadActual  16: 4194304 op, 20669465.00 ns, 4.9280 ns/op
OverheadActual  17: 4194304 op, 20710786.00 ns, 4.9378 ns/op
OverheadActual  18: 4194304 op, 20457615.00 ns, 4.8775 ns/op
OverheadActual  19: 4194304 op, 20551546.00 ns, 4.8999 ns/op
OverheadActual  20: 4194304 op, 20799899.00 ns, 4.9591 ns/op

WorkloadWarmup   1: 4194304 op, 802429546.00 ns, 191.3141 ns/op
WorkloadWarmup   2: 4194304 op, 801859133.00 ns, 191.1781 ns/op
WorkloadWarmup   3: 4194304 op, 802562848.00 ns, 191.3459 ns/op
WorkloadWarmup   4: 4194304 op, 803622137.00 ns, 191.5984 ns/op
WorkloadWarmup   5: 4194304 op, 801339300.00 ns, 191.0542 ns/op
WorkloadWarmup   6: 4194304 op, 814276270.00 ns, 194.1386 ns/op
WorkloadWarmup   7: 4194304 op, 804542435.00 ns, 191.8179 ns/op

// BeforeActualRun
WorkloadActual   1: 4194304 op, 800479601.00 ns, 190.8492 ns/op
WorkloadActual   2: 4194304 op, 801596745.00 ns, 191.1156 ns/op
WorkloadActual   3: 4194304 op, 810448187.00 ns, 193.2259 ns/op
WorkloadActual   4: 4194304 op, 806530546.00 ns, 192.2919 ns/op
WorkloadActual   5: 4194304 op, 801933833.00 ns, 191.1959 ns/op
WorkloadActual   6: 4194304 op, 800659252.00 ns, 190.8920 ns/op
WorkloadActual   7: 4194304 op, 801917601.00 ns, 191.1921 ns/op
WorkloadActual   8: 4194304 op, 803064794.00 ns, 191.4656 ns/op
WorkloadActual   9: 4194304 op, 803512854.00 ns, 191.5724 ns/op
WorkloadActual  10: 4194304 op, 802127489.00 ns, 191.2421 ns/op
WorkloadActual  11: 4194304 op, 803824777.00 ns, 191.6468 ns/op
WorkloadActual  12: 4194304 op, 802277125.00 ns, 191.2778 ns/op
WorkloadActual  13: 4194304 op, 795788983.00 ns, 189.7309 ns/op
WorkloadActual  14: 4194304 op, 798273053.00 ns, 190.3231 ns/op
WorkloadActual  15: 4194304 op, 796632846.00 ns, 189.9321 ns/op

// AfterActualRun
WorkloadResult   1: 4194304 op, 778661746.50 ns, 185.6474 ns/op
WorkloadResult   2: 4194304 op, 779778890.50 ns, 185.9138 ns/op
WorkloadResult   3: 4194304 op, 784712691.50 ns, 187.0901 ns/op
WorkloadResult   4: 4194304 op, 780115978.50 ns, 185.9941 ns/op
WorkloadResult   5: 4194304 op, 778841397.50 ns, 185.6903 ns/op
WorkloadResult   6: 4194304 op, 780099746.50 ns, 185.9903 ns/op
WorkloadResult   7: 4194304 op, 781246939.50 ns, 186.2638 ns/op
WorkloadResult   8: 4194304 op, 781694999.50 ns, 186.3706 ns/op
WorkloadResult   9: 4194304 op, 780309634.50 ns, 186.0403 ns/op
WorkloadResult  10: 4194304 op, 782006922.50 ns, 186.4450 ns/op
WorkloadResult  11: 4194304 op, 780459270.50 ns, 186.0760 ns/op
WorkloadResult  12: 4194304 op, 773971128.50 ns, 184.5291 ns/op
WorkloadResult  13: 4194304 op, 776455198.50 ns, 185.1213 ns/op
WorkloadResult  14: 4194304 op, 774814991.50 ns, 184.7303 ns/op
// GC:  0 0 0 0 4194304
// Threading:  0 0 4194304

// AfterAll
// Benchmark Process 5134 has exited with code 0.

Mean = 185.850 ns, StdErr = 0.183 ns (0.10%), N = 14, StdDev = 0.683 ns
Min = 184.529 ns, Q1 = 185.658 ns, Median = 185.992 ns, Q3 = 186.217 ns, Max = 187.090 ns
IQR = 0.559 ns, LowerFence = 184.820 ns, UpperFence = 187.055 ns
ConfidenceInterval = [185.080 ns; 186.620 ns] (CI 99.9%), Margin = 0.770 ns (0.41% of Mean)
Skewness = -0.39, Kurtosis = 2.46, MValue = 2

// ** Remained 13 (36.1 %) benchmark(s) to run. Estimated finish 2026-10-04 7:45 (0h 4m from now) **
// **************************
// Benchmark: MediatorBenchmarks.PublishNotification_OneHandler: .NET 9.0(Runtime=.NET 9.0, Toolchain=net9.0)
// *** Execute ***
// Launch: 1 / 1
// Execute: dotnet "EricksonLopez.Mediator.Benchmarks-.NET 9.0-3.dll" --anonymousPipes 167 169 --benchmarkName EricksonLopez.Mediator.Benchmarks.MediatorBenchmarks.PublishNotification_OneHandler --job ".NET 9.0" --benchmarkId 5 in /home/runner/work/dotnet-mediator/dotnet-mediator/benchmarks/EricksonLopez.Mediator.Benchmarks/bin/Release/net10.0/EricksonLopez.Mediator.Benchmarks-.NET 9.0-3/bin/Release/net9.0
// Failed to set up high priority (Permission denied). In order to run benchmarks with high priority, make sure you have the right permissions.
// BeforeAnythingElse

// Benchmark Process Environment Information:
// BenchmarkDotNet v0.15.8
// Runtime=.NET 9.0.20 (9.0.20, 9.0.2026.41315), X64 RyuJIT x86-64-v4
// GC=Concurrent Workstation
// HardwareIntrinsics=AVX512 IFMA+VBMI,AVX512 F+BW+CD+DQ+VL,AVX2+BMI1+BMI2+F16C+FMA+LZCNT+MOVBE,AVX,SSE3+SSSE3+SSE4.1+SSE4.2+POPCNT,X86Base+SSE+SSE2,AES+PCLMUL VectorSize=256
// Job: .NET 9.0

OverheadJitting  1: 1 op, 141419.00 ns, 141.4190 us/op
WorkloadJitting  1: 1 op, 31370549.00 ns, 31.3705 ms/op

OverheadJitting  2: 16 op, 194262.00 ns, 12.1414 us/op
WorkloadJitting  2: 16 op, 1536184.00 ns, 96.0115 us/op

WorkloadPilot    1: 16 op, 44588.00 ns, 2.7868 us/op
WorkloadPilot    2: 32 op, 27117.00 ns, 847.4063 ns/op
WorkloadPilot    3: 64 op, 54398.00 ns, 849.9688 ns/op
WorkloadPilot    4: 128 op, 66779.00 ns, 521.7109 ns/op
WorkloadPilot    5: 256 op, 154643.00 ns, 604.0742 ns/op
WorkloadPilot    6: 512 op, 253989.00 ns, 496.0723 ns/op
WorkloadPilot    7: 1024 op, 505969.00 ns, 494.1104 ns/op
WorkloadPilot    8: 2048 op, 1009142.00 ns, 492.7451 ns/op
WorkloadPilot    9: 4096 op, 2027261.00 ns, 494.9368 ns/op
WorkloadPilot   10: 8192 op, 4357815.00 ns, 531.9598 ns/op
WorkloadPilot   11: 16384 op, 8263843.00 ns, 504.3849 ns/op
WorkloadPilot   12: 32768 op, 14584785.00 ns, 445.0923 ns/op
WorkloadPilot   13: 65536 op, 26922632.00 ns, 410.8068 ns/op
WorkloadPilot   14: 131072 op, 53776481.00 ns, 410.2820 ns/op
WorkloadPilot   15: 262144 op, 46237589.00 ns, 176.3824 ns/op
WorkloadPilot   16: 524288 op, 30038616.00 ns, 57.2941 ns/op
WorkloadPilot   17: 1048576 op, 56573342.00 ns, 53.9525 ns/op
WorkloadPilot   18: 2097152 op, 116532978.00 ns, 55.5673 ns/op
WorkloadPilot   19: 4194304 op, 223733150.00 ns, 53.3421 ns/op
WorkloadPilot   20: 8388608 op, 417737395.00 ns, 49.7982 ns/op
WorkloadPilot   21: 16777216 op, 839607594.00 ns, 50.0445 ns/op

OverheadWarmup   1: 16777216 op, 51634656.00 ns, 3.0777 ns/op
OverheadWarmup   2: 16777216 op, 51465886.00 ns, 3.0676 ns/op
OverheadWarmup   3: 16777216 op, 51828089.00 ns, 3.0892 ns/op
OverheadWarmup   4: 16777216 op, 51082109.00 ns, 3.0447 ns/op
OverheadWarmup   5: 16777216 op, 41638800.00 ns, 2.4819 ns/op
OverheadWarmup   6: 16777216 op, 41015873.00 ns, 2.4447 ns/op
OverheadWarmup   7: 16777216 op, 40847885.00 ns, 2.4347 ns/op
OverheadWarmup   8: 16777216 op, 40947561.00 ns, 2.4407 ns/op
OverheadWarmup   9: 16777216 op, 42499716.00 ns, 2.5332 ns/op
OverheadWarmup  10: 16777216 op, 40896302.00 ns, 2.4376 ns/op

OverheadActual   1: 16777216 op, 41154329.00 ns, 2.4530 ns/op
OverheadActual   2: 16777216 op, 41017582.00 ns, 2.4448 ns/op
OverheadActual   3: 16777216 op, 41038170.00 ns, 2.4461 ns/op
OverheadActual   4: 16777216 op, 40259598.00 ns, 2.3997 ns/op
OverheadActual   5: 16777216 op, 40489737.00 ns, 2.4134 ns/op
OverheadActual   6: 16777216 op, 40294365.00 ns, 2.4017 ns/op
OverheadActual   7: 16777216 op, 40935228.00 ns, 2.4399 ns/op
OverheadActual   8: 16777216 op, 40796178.00 ns, 2.4316 ns/op
OverheadActual   9: 16777216 op, 42385455.00 ns, 2.5264 ns/op
OverheadActual  10: 16777216 op, 40547241.00 ns, 2.4168 ns/op
OverheadActual  11: 16777216 op, 40527647.00 ns, 2.4156 ns/op
OverheadActual  12: 16777216 op, 40324880.00 ns, 2.4036 ns/op
OverheadActual  13: 16777216 op, 40686782.00 ns, 2.4251 ns/op
OverheadActual  14: 16777216 op, 40913632.00 ns, 2.4386 ns/op
OverheadActual  15: 16777216 op, 40502623.00 ns, 2.4141 ns/op

WorkloadWarmup   1: 16777216 op, 882462063.00 ns, 52.5988 ns/op
WorkloadWarmup   2: 16777216 op, 850538736.00 ns, 50.6961 ns/op
WorkloadWarmup   3: 16777216 op, 841208800.00 ns, 50.1400 ns/op
WorkloadWarmup   4: 16777216 op, 846286825.00 ns, 50.4426 ns/op
WorkloadWarmup   5: 16777216 op, 841800594.00 ns, 50.1752 ns/op
WorkloadWarmup   6: 16777216 op, 845716745.00 ns, 50.4086 ns/op
WorkloadWarmup   7: 16777216 op, 845723808.00 ns, 50.4091 ns/op
WorkloadWarmup   8: 16777216 op, 845490837.00 ns, 50.3952 ns/op

// BeforeActualRun
WorkloadActual   1: 16777216 op, 849728979.00 ns, 50.6478 ns/op
WorkloadActual   2: 16777216 op, 848843971.00 ns, 50.5950 ns/op
WorkloadActual   3: 16777216 op, 847211501.00 ns, 50.4977 ns/op
WorkloadActual   4: 16777216 op, 848137701.00 ns, 50.5529 ns/op
WorkloadActual   5: 16777216 op, 842893946.00 ns, 50.2404 ns/op
WorkloadActual   6: 16777216 op, 845474486.00 ns, 50.3942 ns/op
WorkloadActual   7: 16777216 op, 847323569.00 ns, 50.5044 ns/op
WorkloadActual   8: 16777216 op, 846666533.00 ns, 50.4653 ns/op
WorkloadActual   9: 16777216 op, 844501247.00 ns, 50.3362 ns/op
WorkloadActual  10: 16777216 op, 845426977.00 ns, 50.3914 ns/op
WorkloadActual  11: 16777216 op, 852605969.00 ns, 50.8193 ns/op
WorkloadActual  12: 16777216 op, 848554668.00 ns, 50.5778 ns/op
WorkloadActual  13: 16777216 op, 848994833.00 ns, 50.6040 ns/op
WorkloadActual  14: 16777216 op, 847426485.00 ns, 50.5106 ns/op
WorkloadActual  15: 16777216 op, 847977270.00 ns, 50.5434 ns/op

// AfterActualRun
WorkloadResult   1: 16777216 op, 809042197.00 ns, 48.2227 ns/op
WorkloadResult   2: 16777216 op, 808157189.00 ns, 48.1699 ns/op
WorkloadResult   3: 16777216 op, 806524719.00 ns, 48.0726 ns/op
WorkloadResult   4: 16777216 op, 807450919.00 ns, 48.1278 ns/op
WorkloadResult   5: 16777216 op, 802207164.00 ns, 47.8153 ns/op
WorkloadResult   6: 16777216 op, 804787704.00 ns, 47.9691 ns/op
WorkloadResult   7: 16777216 op, 806636787.00 ns, 48.0793 ns/op
WorkloadResult   8: 16777216 op, 805979751.00 ns, 48.0401 ns/op
WorkloadResult   9: 16777216 op, 803814465.00 ns, 47.9111 ns/op
WorkloadResult  10: 16777216 op, 804740195.00 ns, 47.9663 ns/op
WorkloadResult  11: 16777216 op, 811919187.00 ns, 48.3942 ns/op
WorkloadResult  12: 16777216 op, 807867886.00 ns, 48.1527 ns/op
WorkloadResult  13: 16777216 op, 808308051.00 ns, 48.1789 ns/op
WorkloadResult  14: 16777216 op, 806739703.00 ns, 48.0854 ns/op
WorkloadResult  15: 16777216 op, 807290488.00 ns, 48.1183 ns/op
// GC:  4 0 0 402653184 16777216
// Threading:  0 0 16777216

// AfterAll
// Benchmark Process 5152 has exited with code 0.

Mean = 48.087 ns, StdErr = 0.036 ns (0.07%), N = 15, StdDev = 0.139 ns
Min = 47.815 ns, Q1 = 48.005 ns, Median = 48.085 ns, Q3 = 48.161 ns, Max = 48.394 ns
IQR = 0.157 ns, LowerFence = 47.770 ns, UpperFence = 48.396 ns
ConfidenceInterval = [47.938 ns; 48.236 ns] (CI 99.9%), Margin = 0.149 ns (0.31% of Mean)
Skewness = 0.11, Kurtosis = 2.89, MValue = 2

// ** Remained 12 (33.3 %) benchmark(s) to run. Estimated finish 2026-10-04 7:45 (0h 4m from now) **
// **************************
// Benchmark: MediatorBenchmarks.PublishNotification_FiveHandlers: .NET 9.0(Runtime=.NET 9.0, Toolchain=net9.0)
// *** Execute ***
// Launch: 1 / 1
// Execute: dotnet "EricksonLopez.Mediator.Benchmarks-.NET 9.0-3.dll" --anonymousPipes 167 169 --benchmarkName EricksonLopez.Mediator.Benchmarks.MediatorBenchmarks.PublishNotification_FiveHandlers --job ".NET 9.0" --benchmarkId 6 in /home/runner/work/dotnet-mediator/dotnet-mediator/benchmarks/EricksonLopez.Mediator.Benchmarks/bin/Release/net10.0/EricksonLopez.Mediator.Benchmarks-.NET 9.0-3/bin/Release/net9.0
// Failed to set up high priority (Permission denied). In order to run benchmarks with high priority, make sure you have the right permissions.
// BeforeAnythingElse

// Benchmark Process Environment Information:
// BenchmarkDotNet v0.15.8
// Runtime=.NET 9.0.20 (9.0.20, 9.0.2026.41315), X64 RyuJIT x86-64-v4
// GC=Concurrent Workstation
// HardwareIntrinsics=AVX512 IFMA+VBMI,AVX512 F+BW+CD+DQ+VL,AVX2+BMI1+BMI2+F16C+FMA+LZCNT+MOVBE,AVX,SSE3+SSSE3+SSE4.1+SSE4.2+POPCNT,X86Base+SSE+SSE2,AES+PCLMUL VectorSize=256
// Job: .NET 9.0

OverheadJitting  1: 1 op, 145121.00 ns, 145.1210 us/op
WorkloadJitting  1: 1 op, 2323737.00 ns, 2.3237 ms/op

OverheadJitting  2: 16 op, 184188.00 ns, 11.5118 us/op
WorkloadJitting  2: 16 op, 1816124.00 ns, 113.5078 us/op

WorkloadPilot    1: 16 op, 224290.00 ns, 14.0181 us/op
WorkloadPilot    2: 32 op, 56737.00 ns, 1.7730 us/op
WorkloadPilot    3: 64 op, 110663.00 ns, 1.7291 us/op
WorkloadPilot    4: 128 op, 231673.00 ns, 1.8099 us/op
WorkloadPilot    5: 256 op, 437465.00 ns, 1.7088 us/op
WorkloadPilot    6: 512 op, 835274.00 ns, 1.6314 us/op
WorkloadPilot    7: 1024 op, 1635620.00 ns, 1.5973 us/op
WorkloadPilot    8: 2048 op, 3270525.00 ns, 1.5969 us/op
WorkloadPilot    9: 4096 op, 6376581.00 ns, 1.5568 us/op
WorkloadPilot   10: 8192 op, 12869898.00 ns, 1.5710 us/op
WorkloadPilot   11: 16384 op, 25553019.00 ns, 1.5596 us/op
WorkloadPilot   12: 32768 op, 50959188.00 ns, 1.5552 us/op
WorkloadPilot   13: 65536 op, 77680234.00 ns, 1.1853 us/op
WorkloadPilot   14: 131072 op, 24699080.00 ns, 188.4390 ns/op
WorkloadPilot   15: 262144 op, 37841067.00 ns, 144.3522 ns/op
WorkloadPilot   16: 524288 op, 74804581.00 ns, 142.6784 ns/op
WorkloadPilot   17: 1048576 op, 132651522.00 ns, 126.5063 ns/op
WorkloadPilot   18: 2097152 op, 252482690.00 ns, 120.3931 ns/op
WorkloadPilot   19: 4194304 op, 501751410.00 ns, 119.6269 ns/op

OverheadWarmup   1: 4194304 op, 13138737.00 ns, 3.1325 ns/op
OverheadWarmup   2: 4194304 op, 13184368.00 ns, 3.1434 ns/op
OverheadWarmup   3: 4194304 op, 13047171.00 ns, 3.1107 ns/op
OverheadWarmup   4: 4194304 op, 13088701.00 ns, 3.1206 ns/op
OverheadWarmup   5: 4194304 op, 13133142.00 ns, 3.1312 ns/op
OverheadWarmup   6: 4194304 op, 12869197.00 ns, 3.0683 ns/op

OverheadActual   1: 4194304 op, 12912541.00 ns, 3.0786 ns/op
OverheadActual   2: 4194304 op, 12803277.00 ns, 3.0525 ns/op
OverheadActual   3: 4194304 op, 13056432.00 ns, 3.1129 ns/op
OverheadActual   4: 4194304 op, 13112714.00 ns, 3.1263 ns/op
OverheadActual   5: 4194304 op, 13276988.00 ns, 3.1655 ns/op
OverheadActual   6: 4194304 op, 12980096.00 ns, 3.0947 ns/op
OverheadActual   7: 4194304 op, 13083130.00 ns, 3.1193 ns/op
OverheadActual   8: 4194304 op, 13080116.00 ns, 3.1185 ns/op
OverheadActual   9: 4194304 op, 13012499.00 ns, 3.1024 ns/op
OverheadActual  10: 4194304 op, 12772574.00 ns, 3.0452 ns/op
OverheadActual  11: 4194304 op, 12988730.00 ns, 3.0968 ns/op
OverheadActual  12: 4194304 op, 13012807.00 ns, 3.1025 ns/op
OverheadActual  13: 4194304 op, 13045077.00 ns, 3.1102 ns/op
OverheadActual  14: 4194304 op, 13094069.00 ns, 3.1219 ns/op
OverheadActual  15: 4194304 op, 13104805.00 ns, 3.1244 ns/op

WorkloadWarmup   1: 4194304 op, 519564339.00 ns, 123.8738 ns/op
WorkloadWarmup   2: 4194304 op, 505354589.00 ns, 120.4859 ns/op
WorkloadWarmup   3: 4194304 op, 499965360.00 ns, 119.2010 ns/op
WorkloadWarmup   4: 4194304 op, 499120801.00 ns, 118.9997 ns/op
WorkloadWarmup   5: 4194304 op, 498608577.00 ns, 118.8775 ns/op
WorkloadWarmup   6: 4194304 op, 499008183.00 ns, 118.9728 ns/op
WorkloadWarmup   7: 4194304 op, 496910202.00 ns, 118.4726 ns/op
WorkloadWarmup   8: 4194304 op, 496846618.00 ns, 118.4575 ns/op
WorkloadWarmup   9: 4194304 op, 498765490.00 ns, 118.9150 ns/op
WorkloadWarmup  10: 4194304 op, 497834595.00 ns, 118.6930 ns/op

// BeforeActualRun
WorkloadActual   1: 4194304 op, 503314110.00 ns, 119.9994 ns/op
WorkloadActual   2: 4194304 op, 499400339.00 ns, 119.0663 ns/op
WorkloadActual   3: 4194304 op, 500247728.00 ns, 119.2684 ns/op
WorkloadActual   4: 4194304 op, 498600869.00 ns, 118.8757 ns/op
WorkloadActual   5: 4194304 op, 501415856.00 ns, 119.5469 ns/op
WorkloadActual   6: 4194304 op, 498842276.00 ns, 118.9333 ns/op
WorkloadActual   7: 4194304 op, 499631868.00 ns, 119.1215 ns/op
WorkloadActual   8: 4194304 op, 497928507.00 ns, 118.7154 ns/op
WorkloadActual   9: 4194304 op, 502248857.00 ns, 119.7455 ns/op
WorkloadActual  10: 4194304 op, 500126266.00 ns, 119.2394 ns/op
WorkloadActual  11: 4194304 op, 501624157.00 ns, 119.5965 ns/op
WorkloadActual  12: 4194304 op, 505277024.00 ns, 120.4674 ns/op
WorkloadActual  13: 4194304 op, 499856193.00 ns, 119.1750 ns/op
WorkloadActual  14: 4194304 op, 498726070.00 ns, 118.9056 ns/op
WorkloadActual  15: 4194304 op, 499254032.00 ns, 119.0314 ns/op

// AfterActualRun
WorkloadResult   1: 4194304 op, 490269033.00 ns, 116.8892 ns/op
WorkloadResult   2: 4194304 op, 486355262.00 ns, 115.9561 ns/op
WorkloadResult   3: 4194304 op, 487202651.00 ns, 116.1582 ns/op
WorkloadResult   4: 4194304 op, 485555792.00 ns, 115.7655 ns/op
WorkloadResult   5: 4194304 op, 488370779.00 ns, 116.4367 ns/op
WorkloadResult   6: 4194304 op, 485797199.00 ns, 115.8231 ns/op
WorkloadResult   7: 4194304 op, 486586791.00 ns, 116.0113 ns/op
WorkloadResult   8: 4194304 op, 484883430.00 ns, 115.6052 ns/op
WorkloadResult   9: 4194304 op, 489203780.00 ns, 116.6353 ns/op
WorkloadResult  10: 4194304 op, 487081189.00 ns, 116.1292 ns/op
WorkloadResult  11: 4194304 op, 488579080.00 ns, 116.4863 ns/op
WorkloadResult  12: 4194304 op, 486811116.00 ns, 116.0648 ns/op
WorkloadResult  13: 4194304 op, 485680993.00 ns, 115.7954 ns/op
WorkloadResult  14: 4194304 op, 486208955.00 ns, 115.9212 ns/op
// GC:  6 0 0 503316480 4194304
// Threading:  0 0 4194304

// AfterAll
// Benchmark Process 5172 has exited with code 0.

Mean = 116.120 ns, StdErr = 0.098 ns (0.08%), N = 14, StdDev = 0.368 ns
Min = 115.605 ns, Q1 = 115.848 ns, Median = 116.038 ns, Q3 = 116.367 ns, Max = 116.889 ns
IQR = 0.519 ns, LowerFence = 115.068 ns, UpperFence = 117.146 ns
ConfidenceInterval = [115.705 ns; 116.535 ns] (CI 99.9%), Margin = 0.415 ns (0.36% of Mean)
Skewness = 0.6, Kurtosis = 2.17, MValue = 2

// ** Remained 11 (30.6 %) benchmark(s) to run. Estimated finish 2026-10-04 7:45 (0h 4m from now) **
// **************************
// Benchmark: MediatorBenchmarks.PublishNotification_Parallel: .NET 9.0(Runtime=.NET 9.0, Toolchain=net9.0)
// *** Execute ***
// Launch: 1 / 1
// Execute: dotnet "EricksonLopez.Mediator.Benchmarks-.NET 9.0-3.dll" --anonymousPipes 167 169 --benchmarkName EricksonLopez.Mediator.Benchmarks.MediatorBenchmarks.PublishNotification_Parallel --job ".NET 9.0" --benchmarkId 7 in /home/runner/work/dotnet-mediator/dotnet-mediator/benchmarks/EricksonLopez.Mediator.Benchmarks/bin/Release/net10.0/EricksonLopez.Mediator.Benchmarks-.NET 9.0-3/bin/Release/net9.0
// Failed to set up high priority (Permission denied). In order to run benchmarks with high priority, make sure you have the right permissions.
// BeforeAnythingElse

// Benchmark Process Environment Information:
// BenchmarkDotNet v0.15.8
// Runtime=.NET 9.0.20 (9.0.20, 9.0.2026.41315), X64 RyuJIT x86-64-v4
// GC=Concurrent Workstation
// HardwareIntrinsics=AVX512 IFMA+VBMI,AVX512 F+BW+CD+DQ+VL,AVX2+BMI1+BMI2+F16C+FMA+LZCNT+MOVBE,AVX,SSE3+SSSE3+SSE4.1+SSE4.2+POPCNT,X86Base+SSE+SSE2,AES+PCLMUL VectorSize=256
// Job: .NET 9.0

OverheadJitting  1: 1 op, 146672.00 ns, 146.6720 us/op
WorkloadJitting  1: 1 op, 3166288.00 ns, 3.1663 ms/op

OverheadJitting  2: 16 op, 291869.00 ns, 18.2418 us/op
WorkloadJitting  2: 16 op, 1724045.00 ns, 107.7528 us/op

WorkloadPilot    1: 16 op, 200871.00 ns, 12.5544 us/op
WorkloadPilot    2: 32 op, 65142.00 ns, 2.0357 us/op
WorkloadPilot    3: 64 op, 87585.00 ns, 1.3685 us/op
WorkloadPilot    4: 128 op, 108776.00 ns, 849.8125 ns/op
WorkloadPilot    5: 256 op, 211962.00 ns, 827.9766 ns/op
WorkloadPilot    6: 512 op, 422858.00 ns, 825.8945 ns/op
WorkloadPilot    7: 1024 op, 862427.00 ns, 842.2139 ns/op
WorkloadPilot    8: 2048 op, 1595924.00 ns, 779.2598 ns/op
WorkloadPilot    9: 4096 op, 3259563.00 ns, 795.7917 ns/op
WorkloadPilot   10: 8192 op, 6627878.00 ns, 809.0671 ns/op
WorkloadPilot   11: 16384 op, 13011958.00 ns, 794.1869 ns/op
WorkloadPilot   12: 32768 op, 25469798.00 ns, 777.2766 ns/op
WorkloadPilot   13: 65536 op, 51767657.00 ns, 789.9118 ns/op
WorkloadPilot   14: 131072 op, 91414089.00 ns, 697.4342 ns/op
WorkloadPilot   15: 262144 op, 47360022.00 ns, 180.6641 ns/op
WorkloadPilot   16: 524288 op, 88548723.00 ns, 168.8933 ns/op
WorkloadPilot   17: 1048576 op, 148127458.00 ns, 141.2654 ns/op
WorkloadPilot   18: 2097152 op, 296535620.00 ns, 141.3992 ns/op
WorkloadPilot   19: 4194304 op, 592740891.00 ns, 141.3204 ns/op

OverheadWarmup   1: 4194304 op, 13015233.00 ns, 3.1031 ns/op
OverheadWarmup   2: 4194304 op, 13073045.00 ns, 3.1169 ns/op
OverheadWarmup   3: 4194304 op, 12844392.00 ns, 3.0623 ns/op
OverheadWarmup   4: 4194304 op, 12877431.00 ns, 3.0702 ns/op
OverheadWarmup   5: 4194304 op, 13079613.00 ns, 3.1184 ns/op
OverheadWarmup   6: 4194304 op, 12926036.00 ns, 3.0818 ns/op

OverheadActual   1: 4194304 op, 13055497.00 ns, 3.1127 ns/op
OverheadActual   2: 4194304 op, 13148128.00 ns, 3.1348 ns/op
OverheadActual   3: 4194304 op, 13003263.00 ns, 3.1002 ns/op
OverheadActual   4: 4194304 op, 12845685.00 ns, 3.0626 ns/op
OverheadActual   5: 4194304 op, 12845431.00 ns, 3.0626 ns/op
OverheadActual   6: 4194304 op, 12925595.00 ns, 3.0817 ns/op
OverheadActual   7: 4194304 op, 12897985.00 ns, 3.0751 ns/op
OverheadActual   8: 4194304 op, 12715776.00 ns, 3.0317 ns/op
OverheadActual   9: 4194304 op, 12872516.00 ns, 3.0690 ns/op
OverheadActual  10: 4194304 op, 13143410.00 ns, 3.1336 ns/op
OverheadActual  11: 4194304 op, 12867691.00 ns, 3.0679 ns/op
OverheadActual  12: 4194304 op, 12951444.00 ns, 3.0879 ns/op
OverheadActual  13: 4194304 op, 12887187.00 ns, 3.0725 ns/op
OverheadActual  14: 4194304 op, 13119845.00 ns, 3.1280 ns/op
OverheadActual  15: 4194304 op, 13152351.00 ns, 3.1358 ns/op

WorkloadWarmup   1: 4194304 op, 625705315.00 ns, 149.1798 ns/op
WorkloadWarmup   2: 4194304 op, 596408003.00 ns, 142.1947 ns/op
WorkloadWarmup   3: 4194304 op, 590845578.00 ns, 140.8686 ns/op
WorkloadWarmup   4: 4194304 op, 594722955.00 ns, 141.7930 ns/op
WorkloadWarmup   5: 4194304 op, 591044635.00 ns, 140.9160 ns/op
WorkloadWarmup   6: 4194304 op, 591637135.00 ns, 141.0573 ns/op
WorkloadWarmup   7: 4194304 op, 590311283.00 ns, 140.7412 ns/op

// BeforeActualRun
WorkloadActual   1: 4194304 op, 596222651.00 ns, 142.1506 ns/op
WorkloadActual   2: 4194304 op, 597186308.00 ns, 142.3803 ns/op
WorkloadActual   3: 4194304 op, 595885436.00 ns, 142.0702 ns/op
WorkloadActual   4: 4194304 op, 595322541.00 ns, 141.9360 ns/op
WorkloadActual   5: 4194304 op, 590986370.00 ns, 140.9021 ns/op
WorkloadActual   6: 4194304 op, 595857392.00 ns, 142.0635 ns/op
WorkloadActual   7: 4194304 op, 597814776.00 ns, 142.5301 ns/op
WorkloadActual   8: 4194304 op, 592406289.00 ns, 141.2407 ns/op
WorkloadActual   9: 4194304 op, 596302458.00 ns, 142.1696 ns/op
WorkloadActual  10: 4194304 op, 593106989.00 ns, 141.4077 ns/op
WorkloadActual  11: 4194304 op, 592560269.00 ns, 141.2774 ns/op
WorkloadActual  12: 4194304 op, 596692922.00 ns, 142.2627 ns/op
WorkloadActual  13: 4194304 op, 593512922.00 ns, 141.5045 ns/op
WorkloadActual  14: 4194304 op, 595159528.00 ns, 141.8971 ns/op
WorkloadActual  15: 4194304 op, 592420411.00 ns, 141.2440 ns/op

// AfterActualRun
WorkloadResult   1: 4194304 op, 583297056.00 ns, 139.0689 ns/op
WorkloadResult   2: 4194304 op, 584260713.00 ns, 139.2986 ns/op
WorkloadResult   3: 4194304 op, 582959841.00 ns, 138.9885 ns/op
WorkloadResult   4: 4194304 op, 582396946.00 ns, 138.8543 ns/op
WorkloadResult   5: 4194304 op, 578060775.00 ns, 137.8204 ns/op
WorkloadResult   6: 4194304 op, 582931797.00 ns, 138.9818 ns/op
WorkloadResult   7: 4194304 op, 584889181.00 ns, 139.4484 ns/op
WorkloadResult   8: 4194304 op, 579480694.00 ns, 138.1590 ns/op
WorkloadResult   9: 4194304 op, 583376863.00 ns, 139.0879 ns/op
WorkloadResult  10: 4194304 op, 580181394.00 ns, 138.3260 ns/op
WorkloadResult  11: 4194304 op, 579634674.00 ns, 138.1957 ns/op
WorkloadResult  12: 4194304 op, 583767327.00 ns, 139.1810 ns/op
WorkloadResult  13: 4194304 op, 580587327.00 ns, 138.4228 ns/op
WorkloadResult  14: 4194304 op, 582233933.00 ns, 138.8154 ns/op
WorkloadResult  15: 4194304 op, 579494816.00 ns, 138.1623 ns/op
// GC:  9 0 0 805306368 4194304
// Threading:  0 0 4194304

// AfterAll
// Benchmark Process 5191 has exited with code 0.

Mean = 138.721 ns, StdErr = 0.128 ns (0.09%), N = 15, StdDev = 0.497 ns
Min = 137.820 ns, Q1 = 138.261 ns, Median = 138.854 ns, Q3 = 139.078 ns, Max = 139.448 ns
IQR = 0.818 ns, LowerFence = 137.035 ns, UpperFence = 140.305 ns
ConfidenceInterval = [138.190 ns; 139.252 ns] (CI 99.9%), Margin = 0.531 ns (0.38% of Mean)
Skewness = -0.28, Kurtosis = 1.58, MValue = 2

// ** Remained 10 (27.8 %) benchmark(s) to run. Estimated finish 2026-10-04 7:45 (0h 3m from now) **
// **************************
// Benchmark: MediatorBenchmarks.NestedSend: .NET 9.0(Runtime=.NET 9.0, Toolchain=net9.0)
// *** Execute ***
// Launch: 1 / 1
// Execute: dotnet "EricksonLopez.Mediator.Benchmarks-.NET 9.0-3.dll" --anonymousPipes 167 169 --benchmarkName EricksonLopez.Mediator.Benchmarks.MediatorBenchmarks.NestedSend --job ".NET 9.0" --benchmarkId 8 in /home/runner/work/dotnet-mediator/dotnet-mediator/benchmarks/EricksonLopez.Mediator.Benchmarks/bin/Release/net10.0/EricksonLopez.Mediator.Benchmarks-.NET 9.0-3/bin/Release/net9.0
// Failed to set up high priority (Permission denied). In order to run benchmarks with high priority, make sure you have the right permissions.
// BeforeAnythingElse

// Benchmark Process Environment Information:
// BenchmarkDotNet v0.15.8
// Runtime=.NET 9.0.20 (9.0.20, 9.0.2026.41315), X64 RyuJIT x86-64-v4
// GC=Concurrent Workstation
// HardwareIntrinsics=AVX512 IFMA+VBMI,AVX512 F+BW+CD+DQ+VL,AVX2+BMI1+BMI2+F16C+FMA+LZCNT+MOVBE,AVX,SSE3+SSSE3+SSE4.1+SSE4.2+POPCNT,X86Base+SSE+SSE2,AES+PCLMUL VectorSize=256
// Job: .NET 9.0

OverheadJitting  1: 1 op, 195256.00 ns, 195.2560 us/op
WorkloadJitting  1: 1 op, 2059749.00 ns, 2.0597 ms/op

OverheadJitting  2: 16 op, 451019.00 ns, 28.1887 us/op
WorkloadJitting  2: 16 op, 494325.00 ns, 30.8953 us/op

WorkloadPilot    1: 16 op, 15482.00 ns, 967.6250 ns/op
WorkloadPilot    2: 32 op, 19549.00 ns, 610.9063 ns/op
WorkloadPilot    3: 64 op, 26873.00 ns, 419.8906 ns/op
WorkloadPilot    4: 128 op, 47491.00 ns, 371.0234 ns/op
WorkloadPilot    5: 256 op, 95996.00 ns, 374.9844 ns/op
WorkloadPilot    6: 512 op, 178198.00 ns, 348.0430 ns/op
WorkloadPilot    7: 1024 op, 373072.00 ns, 364.3281 ns/op
WorkloadPilot    8: 2048 op, 709002.00 ns, 346.1924 ns/op
WorkloadPilot    9: 4096 op, 1461943.00 ns, 356.9197 ns/op
WorkloadPilot   10: 8192 op, 2950804.00 ns, 360.2056 ns/op
WorkloadPilot   11: 16384 op, 5716210.00 ns, 348.8898 ns/op
WorkloadPilot   12: 32768 op, 11312960.00 ns, 345.2441 ns/op
WorkloadPilot   13: 65536 op, 22602100.00 ns, 344.8807 ns/op
WorkloadPilot   14: 131072 op, 44853470.00 ns, 342.2048 ns/op
WorkloadPilot   15: 262144 op, 83874429.00 ns, 319.9556 ns/op
WorkloadPilot   16: 524288 op, 43097574.00 ns, 82.2021 ns/op
WorkloadPilot   17: 1048576 op, 82271464.00 ns, 78.4602 ns/op
WorkloadPilot   18: 2097152 op, 168101027.00 ns, 80.1568 ns/op
WorkloadPilot   19: 4194304 op, 323715676.00 ns, 77.1798 ns/op
WorkloadPilot   20: 8388608 op, 616313806.00 ns, 73.4703 ns/op

OverheadWarmup   1: 8388608 op, 51945969.00 ns, 6.1924 ns/op
OverheadWarmup   2: 8388608 op, 52255417.00 ns, 6.2293 ns/op
OverheadWarmup   3: 8388608 op, 52177010.00 ns, 6.2200 ns/op
OverheadWarmup   4: 8388608 op, 50506916.00 ns, 6.0209 ns/op
OverheadWarmup   5: 8388608 op, 40733743.00 ns, 4.8558 ns/op
OverheadWarmup   6: 8388608 op, 41048989.00 ns, 4.8934 ns/op
OverheadWarmup   7: 8388608 op, 40848032.00 ns, 4.8695 ns/op

OverheadActual   1: 8388608 op, 40778850.00 ns, 4.8612 ns/op
OverheadActual   2: 8388608 op, 41493423.00 ns, 4.9464 ns/op
OverheadActual   3: 8388608 op, 40858460.00 ns, 4.8707 ns/op
OverheadActual   4: 8388608 op, 41122143.00 ns, 4.9021 ns/op
OverheadActual   5: 8388608 op, 41622553.00 ns, 4.9618 ns/op
OverheadActual   6: 8388608 op, 40987388.00 ns, 4.8861 ns/op
OverheadActual   7: 8388608 op, 44669991.00 ns, 5.3251 ns/op
OverheadActual   8: 8388608 op, 41291294.00 ns, 4.9223 ns/op
OverheadActual   9: 8388608 op, 41091642.00 ns, 4.8985 ns/op
OverheadActual  10: 8388608 op, 40603948.00 ns, 4.8404 ns/op
OverheadActual  11: 8388608 op, 41203394.00 ns, 4.9118 ns/op
OverheadActual  12: 8388608 op, 41346074.00 ns, 4.9288 ns/op
OverheadActual  13: 8388608 op, 41074858.00 ns, 4.8965 ns/op
OverheadActual  14: 8388608 op, 41301355.00 ns, 4.9235 ns/op
OverheadActual  15: 8388608 op, 41077253.00 ns, 4.8968 ns/op

WorkloadWarmup   1: 8388608 op, 654244885.00 ns, 77.9921 ns/op
WorkloadWarmup   2: 8388608 op, 628108375.00 ns, 74.8764 ns/op
WorkloadWarmup   3: 8388608 op, 618276458.00 ns, 73.7043 ns/op
WorkloadWarmup   4: 8388608 op, 616324106.00 ns, 73.4716 ns/op
WorkloadWarmup   5: 8388608 op, 618810600.00 ns, 73.7680 ns/op
WorkloadWarmup   6: 8388608 op, 617253234.00 ns, 73.5823 ns/op
WorkloadWarmup   7: 8388608 op, 614733671.00 ns, 73.2820 ns/op
WorkloadWarmup   8: 8388608 op, 619052716.00 ns, 73.7968 ns/op
WorkloadWarmup   9: 8388608 op, 619356752.00 ns, 73.8331 ns/op
WorkloadWarmup  10: 8388608 op, 616570542.00 ns, 73.5009 ns/op

// BeforeActualRun
WorkloadActual   1: 8388608 op, 616764196.00 ns, 73.5240 ns/op
WorkloadActual   2: 8388608 op, 625667496.00 ns, 74.5854 ns/op
WorkloadActual   3: 8388608 op, 616309474.00 ns, 73.4698 ns/op
WorkloadActual   4: 8388608 op, 619278966.00 ns, 73.8238 ns/op
WorkloadActual   5: 8388608 op, 616143201.00 ns, 73.4500 ns/op
WorkloadActual   6: 8388608 op, 622627781.00 ns, 74.2230 ns/op
WorkloadActual   7: 8388608 op, 623722147.00 ns, 74.3535 ns/op
WorkloadActual   8: 8388608 op, 621148080.00 ns, 74.0466 ns/op
WorkloadActual   9: 8388608 op, 621155655.00 ns, 74.0475 ns/op
WorkloadActual  10: 8388608 op, 621737406.00 ns, 74.1169 ns/op
WorkloadActual  11: 8388608 op, 625852970.00 ns, 74.6075 ns/op
WorkloadActual  12: 8388608 op, 613871200.00 ns, 73.1791 ns/op
WorkloadActual  13: 8388608 op, 622507155.00 ns, 74.2086 ns/op
WorkloadActual  14: 8388608 op, 620827130.00 ns, 74.0084 ns/op
WorkloadActual  15: 8388608 op, 623636536.00 ns, 74.3433 ns/op

// AfterActualRun
WorkloadResult   1: 8388608 op, 575642053.00 ns, 68.6219 ns/op
WorkloadResult   2: 8388608 op, 584545353.00 ns, 69.6832 ns/op
WorkloadResult   3: 8388608 op, 575187331.00 ns, 68.5677 ns/op
WorkloadResult   4: 8388608 op, 578156823.00 ns, 68.9217 ns/op
WorkloadResult   5: 8388608 op, 575021058.00 ns, 68.5479 ns/op
WorkloadResult   6: 8388608 op, 581505638.00 ns, 69.3209 ns/op
WorkloadResult   7: 8388608 op, 582600004.00 ns, 69.4513 ns/op
WorkloadResult   8: 8388608 op, 580025937.00 ns, 69.1445 ns/op
WorkloadResult   9: 8388608 op, 580033512.00 ns, 69.1454 ns/op
WorkloadResult  10: 8388608 op, 580615263.00 ns, 69.2147 ns/op
WorkloadResult  11: 8388608 op, 584730827.00 ns, 69.7053 ns/op
WorkloadResult  12: 8388608 op, 572749057.00 ns, 68.2770 ns/op
WorkloadResult  13: 8388608 op, 581385012.00 ns, 69.3065 ns/op
WorkloadResult  14: 8388608 op, 579704987.00 ns, 69.1062 ns/op
WorkloadResult  15: 8388608 op, 582514393.00 ns, 69.4411 ns/op
// GC:  2 0 0 201326592 8388608
// Threading:  0 0 8388608

// AfterAll
// Benchmark Process 5212 has exited with code 0.

Mean = 69.097 ns, StdErr = 0.111 ns (0.16%), N = 15, StdDev = 0.429 ns
Min = 68.277 ns, Q1 = 68.772 ns, Median = 69.145 ns, Q3 = 69.381 ns, Max = 69.705 ns
IQR = 0.609 ns, LowerFence = 67.858 ns, UpperFence = 70.295 ns
ConfidenceInterval = [68.638 ns; 69.556 ns] (CI 99.9%), Margin = 0.459 ns (0.66% of Mean)
Skewness = -0.37, Kurtosis = 1.89, MValue = 2

// ** Remained 9 (25.0 %) benchmark(s) to run. Estimated finish 2026-10-04 7:45 (0h 3m from now) **
// **************************
// Benchmark: MediatorBenchmarks.DirectCall: ShortRun(IterationCount=3, LaunchCount=1, WarmupCount=3)
// *** Execute ***
// Launch: 1 / 1
// Execute: dotnet "EricksonLopez.Mediator.Benchmarks-.NET 10.0-1.dll" --anonymousPipes 167 169 --benchmarkName EricksonLopez.Mediator.Benchmarks.MediatorBenchmarks.DirectCall --job ShortRun --benchmarkId 9 in /home/runner/work/dotnet-mediator/dotnet-mediator/benchmarks/EricksonLopez.Mediator.Benchmarks/bin/Release/net10.0/EricksonLopez.Mediator.Benchmarks-.NET 10.0-1/bin/Release/net10.0
// Failed to set up high priority (Permission denied). In order to run benchmarks with high priority, make sure you have the right permissions.
// BeforeAnythingElse

// Benchmark Process Environment Information:
// BenchmarkDotNet v0.15.8
// Runtime=.NET 10.0.12 (10.0.12, 10.0.1226.42308), X64 RyuJIT x86-64-v4
// GC=Concurrent Workstation
// HardwareIntrinsics=AVX512 BITALG+VBMI2+VNNI+VPOPCNTDQ,AVX512 IFMA+VBMI,AVX512 F+BW+CD+DQ+VL,AVX2+BMI1+BMI2+F16C+FMA+LZCNT+MOVBE,AVX,SSE3+SSSE3+SSE4.1+SSE4.2+POPCNT,X86Base+SSE+SSE2,AES+PCLMUL VectorSize=256
// Job: ShortRun(IterationCount=3, LaunchCount=1, WarmupCount=3)

OverheadJitting  1: 1 op, 240058.00 ns, 240.0580 us/op
WorkloadJitting  1: 1 op, 821815.00 ns, 821.8150 us/op

OverheadJitting  2: 16 op, 482593.00 ns, 30.1621 us/op
WorkloadJitting  2: 16 op, 548611.00 ns, 34.2882 us/op

WorkloadPilot    1: 16 op, 2395.00 ns, 149.6875 ns/op
WorkloadPilot    2: 32 op, 2418.00 ns, 75.5625 ns/op
WorkloadPilot    3: 64 op, 2851.00 ns, 44.5469 ns/op
WorkloadPilot    4: 128 op, 4558.00 ns, 35.6094 ns/op
WorkloadPilot    5: 256 op, 8455.00 ns, 33.0273 ns/op
WorkloadPilot    6: 512 op, 15975.00 ns, 31.2012 ns/op
WorkloadPilot    7: 1024 op, 31108.00 ns, 30.3789 ns/op
WorkloadPilot    8: 2048 op, 61201.00 ns, 29.8833 ns/op
WorkloadPilot    9: 4096 op, 122581.00 ns, 29.9270 ns/op
WorkloadPilot   10: 8192 op, 241956.00 ns, 29.5356 ns/op
WorkloadPilot   11: 16384 op, 486275.00 ns, 29.6799 ns/op
WorkloadPilot   12: 32768 op, 990778.00 ns, 30.2361 ns/op
WorkloadPilot   13: 65536 op, 1907949.00 ns, 29.1130 ns/op
WorkloadPilot   14: 131072 op, 3847234.00 ns, 29.3521 ns/op
WorkloadPilot   15: 262144 op, 7930584.00 ns, 30.2528 ns/op
WorkloadPilot   16: 524288 op, 15387028.00 ns, 29.3484 ns/op
WorkloadPilot   17: 1048576 op, 31499781.00 ns, 30.0405 ns/op
WorkloadPilot   18: 2097152 op, 61722183.00 ns, 29.4314 ns/op
WorkloadPilot   19: 4194304 op, 64741192.00 ns, 15.4355 ns/op
WorkloadPilot   20: 8388608 op, 44127572.00 ns, 5.2604 ns/op
WorkloadPilot   21: 16777216 op, 89133965.00 ns, 5.3128 ns/op
WorkloadPilot   22: 33554432 op, 176895618.00 ns, 5.2719 ns/op
WorkloadPilot   23: 67108864 op, 353453630.00 ns, 5.2669 ns/op
WorkloadPilot   24: 134217728 op, 707167713.00 ns, 5.2688 ns/op

OverheadWarmup   1: 134217728 op, 667118144.00 ns, 4.9704 ns/op
OverheadWarmup   2: 134217728 op, 632538958.00 ns, 4.7128 ns/op
OverheadWarmup   3: 134217728 op, 636062282.00 ns, 4.7390 ns/op
OverheadWarmup   4: 134217728 op, 632999056.00 ns, 4.7162 ns/op
OverheadWarmup   5: 134217728 op, 632803567.00 ns, 4.7148 ns/op
OverheadWarmup   6: 134217728 op, 631105517.00 ns, 4.7021 ns/op
OverheadWarmup   7: 134217728 op, 634629182.00 ns, 4.7284 ns/op
OverheadWarmup   8: 134217728 op, 634154208.00 ns, 4.7248 ns/op

OverheadActual   1: 134217728 op, 627604920.00 ns, 4.6760 ns/op
OverheadActual   2: 134217728 op, 631237953.00 ns, 4.7031 ns/op
OverheadActual   3: 134217728 op, 628806233.00 ns, 4.6850 ns/op
OverheadActual   4: 134217728 op, 634656403.00 ns, 4.7286 ns/op
OverheadActual   5: 134217728 op, 632207645.00 ns, 4.7103 ns/op
OverheadActual   6: 134217728 op, 631867057.00 ns, 4.7078 ns/op
OverheadActual   7: 134217728 op, 630155969.00 ns, 4.6950 ns/op
OverheadActual   8: 134217728 op, 631250037.00 ns, 4.7032 ns/op
OverheadActual   9: 134217728 op, 635076671.00 ns, 4.7317 ns/op
OverheadActual  10: 134217728 op, 628037445.00 ns, 4.6792 ns/op
OverheadActual  11: 134217728 op, 632195714.00 ns, 4.7102 ns/op
OverheadActual  12: 134217728 op, 640137334.00 ns, 4.7694 ns/op
OverheadActual  13: 134217728 op, 639083653.00 ns, 4.7615 ns/op
OverheadActual  14: 134217728 op, 639044180.00 ns, 4.7613 ns/op
OverheadActual  15: 134217728 op, 636539620.00 ns, 4.7426 ns/op

WorkloadWarmup   1: 134217728 op, 716329827.00 ns, 5.3371 ns/op
WorkloadWarmup   2: 134217728 op, 710117785.00 ns, 5.2908 ns/op
WorkloadWarmup   3: 134217728 op, 706449781.00 ns, 5.2635 ns/op

// BeforeActualRun
WorkloadActual   1: 134217728 op, 708230812.00 ns, 5.2767 ns/op
WorkloadActual   2: 134217728 op, 711036378.00 ns, 5.2976 ns/op
WorkloadActual   3: 134217728 op, 715769042.00 ns, 5.3329 ns/op

// AfterActualRun
WorkloadResult   1: 134217728 op, 76035098.00 ns, 0.5665 ns/op
WorkloadResult   2: 134217728 op, 78840664.00 ns, 0.5874 ns/op
WorkloadResult   3: 134217728 op, 83573328.00 ns, 0.6227 ns/op
// GC:  0 0 0 0 134217728
// Threading:  0 0 134217728

// AfterAll
// Benchmark Process 5229 has exited with code 0.

Mean = 0.592 ns, StdErr = 0.016 ns (2.77%), N = 3, StdDev = 0.028 ns
Min = 0.567 ns, Q1 = 0.577 ns, Median = 0.587 ns, Q3 = 0.605 ns, Max = 0.623 ns
IQR = 0.028 ns, LowerFence = 0.535 ns, UpperFence = 0.647 ns
ConfidenceInterval = [0.074 ns; 1.110 ns] (CI 99.9%), Margin = 0.518 ns (87.45% of Mean)
Skewness = 0.16, Kurtosis = 0.67, MValue = 2

// ** Remained 8 (22.2 %) benchmark(s) to run. Estimated finish 2026-10-04 7:45 (0h 2m from now) **
// **************************
// Benchmark: MediatorBenchmarks.SendCommand_NoBehaviors: ShortRun(IterationCount=3, LaunchCount=1, WarmupCount=3)
// *** Execute ***
// Launch: 1 / 1
// Execute: dotnet "EricksonLopez.Mediator.Benchmarks-.NET 10.0-1.dll" --anonymousPipes 167 169 --benchmarkName EricksonLopez.Mediator.Benchmarks.MediatorBenchmarks.SendCommand_NoBehaviors --job ShortRun --benchmarkId 10 in /home/runner/work/dotnet-mediator/dotnet-mediator/benchmarks/EricksonLopez.Mediator.Benchmarks/bin/Release/net10.0/EricksonLopez.Mediator.Benchmarks-.NET 10.0-1/bin/Release/net10.0
// Failed to set up high priority (Permission denied). In order to run benchmarks with high priority, make sure you have the right permissions.
// BeforeAnythingElse

// Benchmark Process Environment Information:
// BenchmarkDotNet v0.15.8
// Runtime=.NET 10.0.12 (10.0.12, 10.0.1226.42308), X64 RyuJIT x86-64-v4
// GC=Concurrent Workstation
// HardwareIntrinsics=AVX512 BITALG+VBMI2+VNNI+VPOPCNTDQ,AVX512 IFMA+VBMI,AVX512 F+BW+CD+DQ+VL,AVX2+BMI1+BMI2+F16C+FMA+LZCNT+MOVBE,AVX,SSE3+SSSE3+SSE4.1+SSE4.2+POPCNT,X86Base+SSE+SSE2,AES+PCLMUL VectorSize=256
// Job: ShortRun(IterationCount=3, LaunchCount=1, WarmupCount=3)

OverheadJitting  1: 1 op, 220872.00 ns, 220.8720 us/op
WorkloadJitting  1: 1 op, 1588309.00 ns, 1.5883 ms/op

OverheadJitting  2: 16 op, 458168.00 ns, 28.6355 us/op
WorkloadJitting  2: 16 op, 550033.00 ns, 34.3771 us/op

WorkloadPilot    1: 16 op, 8393.00 ns, 524.5625 ns/op
WorkloadPilot    2: 32 op, 9806.00 ns, 306.4375 ns/op
WorkloadPilot    3: 64 op, 11717.00 ns, 183.0781 ns/op
WorkloadPilot    4: 128 op, 19662.00 ns, 153.6094 ns/op
WorkloadPilot    5: 256 op, 35508.00 ns, 138.7031 ns/op
WorkloadPilot    6: 512 op, 69712.00 ns, 136.1563 ns/op
WorkloadPilot    7: 1024 op, 136358.00 ns, 133.1621 ns/op
WorkloadPilot    8: 2048 op, 264967.00 ns, 129.3784 ns/op
WorkloadPilot    9: 4096 op, 540109.00 ns, 131.8625 ns/op
WorkloadPilot   10: 8192 op, 1119580.00 ns, 136.6675 ns/op
WorkloadPilot   11: 16384 op, 2206795.00 ns, 134.6921 ns/op
WorkloadPilot   12: 32768 op, 4311839.00 ns, 131.5869 ns/op
WorkloadPilot   13: 65536 op, 8498046.00 ns, 129.6699 ns/op
WorkloadPilot   14: 131072 op, 17096918.00 ns, 130.4391 ns/op
WorkloadPilot   15: 262144 op, 33822724.00 ns, 129.0235 ns/op
WorkloadPilot   16: 524288 op, 68029988.00 ns, 129.7569 ns/op
WorkloadPilot   17: 1048576 op, 64727150.00 ns, 61.7286 ns/op
WorkloadPilot   18: 2097152 op, 50793535.00 ns, 24.2202 ns/op
WorkloadPilot   19: 4194304 op, 101475881.00 ns, 24.1937 ns/op
WorkloadPilot   20: 8388608 op, 201134658.00 ns, 23.9771 ns/op
WorkloadPilot   21: 16777216 op, 402920598.00 ns, 24.0159 ns/op
WorkloadPilot   22: 33554432 op, 806417826.00 ns, 24.0331 ns/op

OverheadWarmup   1: 33554432 op, 188266509.00 ns, 5.6108 ns/op
OverheadWarmup   2: 33554432 op, 157149836.00 ns, 4.6834 ns/op
OverheadWarmup   3: 33554432 op, 154657697.00 ns, 4.6092 ns/op
OverheadWarmup   4: 33554432 op, 155265346.00 ns, 4.6273 ns/op
OverheadWarmup   5: 33554432 op, 155112236.00 ns, 4.6227 ns/op
OverheadWarmup   6: 33554432 op, 155246421.00 ns, 4.6267 ns/op
OverheadWarmup   7: 33554432 op, 156831308.00 ns, 4.6739 ns/op
OverheadWarmup   8: 33554432 op, 155026268.00 ns, 4.6201 ns/op

OverheadActual   1: 33554432 op, 156897398.00 ns, 4.6759 ns/op
OverheadActual   2: 33554432 op, 153851494.00 ns, 4.5851 ns/op
OverheadActual   3: 33554432 op, 154242733.00 ns, 4.5968 ns/op
OverheadActual   4: 33554432 op, 154912978.00 ns, 4.6168 ns/op
OverheadActual   5: 33554432 op, 154879797.00 ns, 4.6158 ns/op
OverheadActual   6: 33554432 op, 154906687.00 ns, 4.6166 ns/op
OverheadActual   7: 33554432 op, 156272034.00 ns, 4.6573 ns/op
OverheadActual   8: 33554432 op, 156287655.00 ns, 4.6577 ns/op
OverheadActual   9: 33554432 op, 156710239.00 ns, 4.6703 ns/op
OverheadActual  10: 33554432 op, 155166442.00 ns, 4.6243 ns/op
OverheadActual  11: 33554432 op, 155783317.00 ns, 4.6427 ns/op
OverheadActual  12: 33554432 op, 156150046.00 ns, 4.6536 ns/op
OverheadActual  13: 33554432 op, 156628740.00 ns, 4.6679 ns/op
OverheadActual  14: 33554432 op, 156900792.00 ns, 4.6760 ns/op
OverheadActual  15: 33554432 op, 156371001.00 ns, 4.6602 ns/op

WorkloadWarmup   1: 33554432 op, 805078974.00 ns, 23.9932 ns/op
WorkloadWarmup   2: 33554432 op, 802553964.00 ns, 23.9180 ns/op
WorkloadWarmup   3: 33554432 op, 803489108.00 ns, 23.9458 ns/op

// BeforeActualRun
WorkloadActual   1: 33554432 op, 803200242.00 ns, 23.9372 ns/op
WorkloadActual   2: 33554432 op, 813341204.00 ns, 24.2395 ns/op
WorkloadActual   3: 33554432 op, 813277553.00 ns, 24.2376 ns/op

// AfterActualRun
WorkloadResult   1: 33554432 op, 647050196.00 ns, 19.2836 ns/op
WorkloadResult   2: 33554432 op, 657191158.00 ns, 19.5858 ns/op
WorkloadResult   3: 33554432 op, 657127507.00 ns, 19.5839 ns/op
// GC:  0 0 0 0 33554432
// Threading:  0 0 33554432

// AfterAll
// Benchmark Process 5242 has exited with code 0.

Mean = 19.484 ns, StdErr = 0.100 ns (0.52%), N = 3, StdDev = 0.174 ns
Min = 19.284 ns, Q1 = 19.434 ns, Median = 19.584 ns, Q3 = 19.585 ns, Max = 19.586 ns
IQR = 0.151 ns, LowerFence = 19.207 ns, UpperFence = 19.812 ns
ConfidenceInterval = [16.311 ns; 22.658 ns] (CI 99.9%), Margin = 3.173 ns (16.29% of Mean)
Skewness = -0.38, Kurtosis = 0.67, MValue = 2

// ** Remained 7 (19.4 %) benchmark(s) to run. Estimated finish 2026-10-04 7:45 (0h 2m from now) **
// **************************
// Benchmark: MediatorBenchmarks.SendQuery_NoBehaviors: ShortRun(IterationCount=3, LaunchCount=1, WarmupCount=3)
// *** Execute ***
// Launch: 1 / 1
// Execute: dotnet "EricksonLopez.Mediator.Benchmarks-.NET 10.0-1.dll" --anonymousPipes 167 169 --benchmarkName EricksonLopez.Mediator.Benchmarks.MediatorBenchmarks.SendQuery_NoBehaviors --job ShortRun --benchmarkId 11 in /home/runner/work/dotnet-mediator/dotnet-mediator/benchmarks/EricksonLopez.Mediator.Benchmarks/bin/Release/net10.0/EricksonLopez.Mediator.Benchmarks-.NET 10.0-1/bin/Release/net10.0
// Failed to set up high priority (Permission denied). In order to run benchmarks with high priority, make sure you have the right permissions.
// BeforeAnythingElse

// Benchmark Process Environment Information:
// BenchmarkDotNet v0.15.8
// Runtime=.NET 10.0.12 (10.0.12, 10.0.1226.42308), X64 RyuJIT x86-64-v4
// GC=Concurrent Workstation
// HardwareIntrinsics=AVX512 BITALG+VBMI2+VNNI+VPOPCNTDQ,AVX512 IFMA+VBMI,AVX512 F+BW+CD+DQ+VL,AVX2+BMI1+BMI2+F16C+FMA+LZCNT+MOVBE,AVX,SSE3+SSSE3+SSE4.1+SSE4.2+POPCNT,X86Base+SSE+SSE2,AES+PCLMUL VectorSize=256
// Job: ShortRun(IterationCount=3, LaunchCount=1, WarmupCount=3)

OverheadJitting  1: 1 op, 227537.00 ns, 227.5370 us/op
WorkloadJitting  1: 1 op, 1246522.00 ns, 1.2465 ms/op

OverheadJitting  2: 16 op, 501446.00 ns, 31.3404 us/op
WorkloadJitting  2: 16 op, 543035.00 ns, 33.9397 us/op

WorkloadPilot    1: 16 op, 8387.00 ns, 524.1875 ns/op
WorkloadPilot    2: 32 op, 9747.00 ns, 304.5938 ns/op
WorkloadPilot    3: 64 op, 11801.00 ns, 184.3906 ns/op
WorkloadPilot    4: 128 op, 18204.00 ns, 142.2188 ns/op
WorkloadPilot    5: 256 op, 33467.00 ns, 130.7305 ns/op
WorkloadPilot    6: 512 op, 63824.00 ns, 124.6563 ns/op
WorkloadPilot    7: 1024 op, 133972.00 ns, 130.8320 ns/op
WorkloadPilot    8: 2048 op, 264484.00 ns, 129.1426 ns/op
WorkloadPilot    9: 4096 op, 525077.00 ns, 128.1926 ns/op
WorkloadPilot   10: 8192 op, 1035016.00 ns, 126.3447 ns/op
WorkloadPilot   11: 16384 op, 2060565.00 ns, 125.7669 ns/op
WorkloadPilot   12: 32768 op, 3969536.00 ns, 121.1406 ns/op
WorkloadPilot   13: 65536 op, 7861670.00 ns, 119.9596 ns/op
WorkloadPilot   14: 131072 op, 15855226.00 ns, 120.9658 ns/op
WorkloadPilot   15: 262144 op, 31187531.00 ns, 118.9710 ns/op
WorkloadPilot   16: 524288 op, 63074736.00 ns, 120.3055 ns/op
WorkloadPilot   17: 1048576 op, 72065978.00 ns, 68.7275 ns/op
WorkloadPilot   18: 2097152 op, 35786218.00 ns, 17.0642 ns/op
WorkloadPilot   19: 4194304 op, 71100535.00 ns, 16.9517 ns/op
WorkloadPilot   20: 8388608 op, 143636994.00 ns, 17.1229 ns/op
WorkloadPilot   21: 16777216 op, 285667013.00 ns, 17.0271 ns/op
WorkloadPilot   22: 33554432 op, 572946613.00 ns, 17.0751 ns/op

OverheadWarmup   1: 33554432 op, 187449291.00 ns, 5.5864 ns/op
OverheadWarmup   2: 33554432 op, 156836676.00 ns, 4.6741 ns/op
OverheadWarmup   3: 33554432 op, 156602019.00 ns, 4.6671 ns/op
OverheadWarmup   4: 33554432 op, 157304385.00 ns, 4.6880 ns/op
OverheadWarmup   5: 33554432 op, 155262279.00 ns, 4.6272 ns/op
OverheadWarmup   6: 33554432 op, 156376269.00 ns, 4.6604 ns/op
OverheadWarmup   7: 33554432 op, 155947958.00 ns, 4.6476 ns/op

OverheadActual   1: 33554432 op, 155451558.00 ns, 4.6328 ns/op
OverheadActual   2: 33554432 op, 153186167.00 ns, 4.5653 ns/op
OverheadActual   3: 33554432 op, 156529114.00 ns, 4.6649 ns/op
OverheadActual   4: 33554432 op, 154070210.00 ns, 4.5917 ns/op
OverheadActual   5: 33554432 op, 154236689.00 ns, 4.5966 ns/op
OverheadActual   6: 33554432 op, 155316644.00 ns, 4.6288 ns/op
OverheadActual   7: 33554432 op, 154181734.00 ns, 4.5950 ns/op
OverheadActual   8: 33554432 op, 154508828.00 ns, 4.6047 ns/op
OverheadActual   9: 33554432 op, 154669632.00 ns, 4.6095 ns/op
OverheadActual  10: 33554432 op, 156166236.00 ns, 4.6541 ns/op
OverheadActual  11: 33554432 op, 155336444.00 ns, 4.6294 ns/op
OverheadActual  12: 33554432 op, 155173352.00 ns, 4.6245 ns/op
OverheadActual  13: 33554432 op, 156475964.00 ns, 4.6633 ns/op
OverheadActual  14: 33554432 op, 155265854.00 ns, 4.6273 ns/op
OverheadActual  15: 33554432 op, 154748407.00 ns, 4.6119 ns/op

WorkloadWarmup   1: 33554432 op, 571795372.00 ns, 17.0408 ns/op
WorkloadWarmup   2: 33554432 op, 574837190.00 ns, 17.1315 ns/op
WorkloadWarmup   3: 33554432 op, 573613993.00 ns, 17.0950 ns/op

// BeforeActualRun
WorkloadActual   1: 33554432 op, 570902849.00 ns, 17.0142 ns/op
WorkloadActual   2: 33554432 op, 569584371.00 ns, 16.9749 ns/op
WorkloadActual   3: 33554432 op, 569426380.00 ns, 16.9702 ns/op

// AfterActualRun
WorkloadResult   1: 33554432 op, 415729497.00 ns, 12.3897 ns/op
WorkloadResult   2: 33554432 op, 414411019.00 ns, 12.3504 ns/op
WorkloadResult   3: 33554432 op, 414253028.00 ns, 12.3457 ns/op
// GC:  0 0 0 0 33554432
// Threading:  0 0 33554432

// AfterAll
// Benchmark Process 5252 has exited with code 0.

Mean = 12.362 ns, StdErr = 0.014 ns (0.11%), N = 3, StdDev = 0.024 ns
Min = 12.346 ns, Q1 = 12.348 ns, Median = 12.350 ns, Q3 = 12.370 ns, Max = 12.390 ns
IQR = 0.022 ns, LowerFence = 12.315 ns, UpperFence = 12.403 ns
ConfidenceInterval = [11.921 ns; 12.803 ns] (CI 99.9%), Margin = 0.441 ns (3.57% of Mean)
Skewness = 0.37, Kurtosis = 0.67, MValue = 2

// ** Remained 6 (16.7 %) benchmark(s) to run. Estimated finish 2026-10-04 7:44 (0h 2m from now) **
// **************************
// Benchmark: MediatorBenchmarks.SendCommand_OneBehavior: ShortRun(IterationCount=3, LaunchCount=1, WarmupCount=3)
// *** Execute ***
// Launch: 1 / 1
// Execute: dotnet "EricksonLopez.Mediator.Benchmarks-.NET 10.0-1.dll" --anonymousPipes 167 169 --benchmarkName EricksonLopez.Mediator.Benchmarks.MediatorBenchmarks.SendCommand_OneBehavior --job ShortRun --benchmarkId 12 in /home/runner/work/dotnet-mediator/dotnet-mediator/benchmarks/EricksonLopez.Mediator.Benchmarks/bin/Release/net10.0/EricksonLopez.Mediator.Benchmarks-.NET 10.0-1/bin/Release/net10.0
// Failed to set up high priority (Permission denied). In order to run benchmarks with high priority, make sure you have the right permissions.
// BeforeAnythingElse

// Benchmark Process Environment Information:
// BenchmarkDotNet v0.15.8
// Runtime=.NET 10.0.12 (10.0.12, 10.0.1226.42308), X64 RyuJIT x86-64-v4
// GC=Concurrent Workstation
// HardwareIntrinsics=AVX512 BITALG+VBMI2+VNNI+VPOPCNTDQ,AVX512 IFMA+VBMI,AVX512 F+BW+CD+DQ+VL,AVX2+BMI1+BMI2+F16C+FMA+LZCNT+MOVBE,AVX,SSE3+SSSE3+SSE4.1+SSE4.2+POPCNT,X86Base+SSE+SSE2,AES+PCLMUL VectorSize=256
// Job: ShortRun(IterationCount=3, LaunchCount=1, WarmupCount=3)

OverheadJitting  1: 1 op, 220470.00 ns, 220.4700 us/op
WorkloadJitting  1: 1 op, 2212826.00 ns, 2.2128 ms/op

OverheadJitting  2: 16 op, 454137.00 ns, 28.3836 us/op
WorkloadJitting  2: 16 op, 480679.00 ns, 30.0424 us/op

WorkloadPilot    1: 16 op, 15820.00 ns, 988.7500 ns/op
WorkloadPilot    2: 32 op, 20935.00 ns, 654.2188 ns/op
WorkloadPilot    3: 64 op, 33878.00 ns, 529.3438 ns/op
WorkloadPilot    4: 128 op, 91259.00 ns, 712.9609 ns/op
WorkloadPilot    5: 256 op, 116376.00 ns, 454.5938 ns/op
WorkloadPilot    6: 512 op, 227584.00 ns, 444.5000 ns/op
WorkloadPilot    7: 1024 op, 461838.00 ns, 451.0137 ns/op
WorkloadPilot    8: 2048 op, 928913.00 ns, 453.5708 ns/op
WorkloadPilot    9: 4096 op, 1924318.00 ns, 469.8042 ns/op
WorkloadPilot   10: 8192 op, 3905374.00 ns, 476.7302 ns/op
WorkloadPilot   11: 16384 op, 7530592.00 ns, 459.6309 ns/op
WorkloadPilot   12: 32768 op, 14838415.00 ns, 452.8325 ns/op
WorkloadPilot   13: 65536 op, 29754881.00 ns, 454.0235 ns/op
WorkloadPilot   14: 131072 op, 60856546.00 ns, 464.2986 ns/op
WorkloadPilot   15: 262144 op, 89586774.00 ns, 341.7464 ns/op
WorkloadPilot   16: 524288 op, 23102059.00 ns, 44.0637 ns/op
WorkloadPilot   17: 1048576 op, 44611341.00 ns, 42.5447 ns/op
WorkloadPilot   18: 2097152 op, 89963375.00 ns, 42.8979 ns/op
WorkloadPilot   19: 4194304 op, 180432104.00 ns, 43.0184 ns/op
WorkloadPilot   20: 8388608 op, 360496013.00 ns, 42.9745 ns/op
WorkloadPilot   21: 16777216 op, 719682288.00 ns, 42.8964 ns/op

OverheadWarmup   1: 16777216 op, 95135906.00 ns, 5.6705 ns/op
OverheadWarmup   2: 16777216 op, 95368808.00 ns, 5.6844 ns/op
OverheadWarmup   3: 16777216 op, 80125566.00 ns, 4.7759 ns/op
OverheadWarmup   4: 16777216 op, 77834710.00 ns, 4.6393 ns/op
OverheadWarmup   5: 16777216 op, 79029153.00 ns, 4.7105 ns/op
OverheadWarmup   6: 16777216 op, 77867080.00 ns, 4.6412 ns/op

OverheadActual   1: 16777216 op, 77953234.00 ns, 4.6464 ns/op
OverheadActual   2: 16777216 op, 77570639.00 ns, 4.6236 ns/op
OverheadActual   3: 16777216 op, 78199311.00 ns, 4.6610 ns/op
OverheadActual   4: 16777216 op, 77750983.00 ns, 4.6343 ns/op
OverheadActual   5: 16777216 op, 78608421.00 ns, 4.6854 ns/op
OverheadActual   6: 16777216 op, 78434500.00 ns, 4.6751 ns/op
OverheadActual   7: 16777216 op, 79226738.00 ns, 4.7223 ns/op
OverheadActual   8: 16777216 op, 78547218.00 ns, 4.6818 ns/op
OverheadActual   9: 16777216 op, 78606187.00 ns, 4.6853 ns/op
OverheadActual  10: 16777216 op, 78008563.00 ns, 4.6497 ns/op
OverheadActual  11: 16777216 op, 78870709.00 ns, 4.7011 ns/op
OverheadActual  12: 16777216 op, 79486567.00 ns, 4.7378 ns/op
OverheadActual  13: 16777216 op, 78708297.00 ns, 4.6914 ns/op
OverheadActual  14: 16777216 op, 79023560.00 ns, 4.7102 ns/op
OverheadActual  15: 16777216 op, 77978035.00 ns, 4.6479 ns/op

WorkloadWarmup   1: 16777216 op, 724879440.00 ns, 43.2062 ns/op
WorkloadWarmup   2: 16777216 op, 727408960.00 ns, 43.3570 ns/op
WorkloadWarmup   3: 16777216 op, 731861801.00 ns, 43.6224 ns/op

// BeforeActualRun
WorkloadActual   1: 16777216 op, 726371166.00 ns, 43.2951 ns/op
WorkloadActual   2: 16777216 op, 726927236.00 ns, 43.3282 ns/op
WorkloadActual   3: 16777216 op, 728815611.00 ns, 43.4408 ns/op

// AfterActualRun
WorkloadResult   1: 16777216 op, 647823948.00 ns, 38.6133 ns/op
WorkloadResult   2: 16777216 op, 648380018.00 ns, 38.6465 ns/op
WorkloadResult   3: 16777216 op, 650268393.00 ns, 38.7590 ns/op
// GC:  0 0 0 0 16777216
// Threading:  0 0 16777216

// AfterAll
// Benchmark Process 5264 has exited with code 0.

Mean = 38.673 ns, StdErr = 0.044 ns (0.11%), N = 3, StdDev = 0.076 ns
Min = 38.613 ns, Q1 = 38.630 ns, Median = 38.646 ns, Q3 = 38.703 ns, Max = 38.759 ns
IQR = 0.073 ns, LowerFence = 38.521 ns, UpperFence = 38.812 ns
ConfidenceInterval = [37.280 ns; 40.066 ns] (CI 99.9%), Margin = 1.393 ns (3.60% of Mean)
Skewness = 0.3, Kurtosis = 0.67, MValue = 2

// ** Remained 5 (13.9 %) benchmark(s) to run. Estimated finish 2026-10-04 7:44 (0h 1m from now) **
// **************************
// Benchmark: MediatorBenchmarks.SendCommand_FiveBehaviors: ShortRun(IterationCount=3, LaunchCount=1, WarmupCount=3)
// *** Execute ***
// Launch: 1 / 1
// Execute: dotnet "EricksonLopez.Mediator.Benchmarks-.NET 10.0-1.dll" --anonymousPipes 167 169 --benchmarkName EricksonLopez.Mediator.Benchmarks.MediatorBenchmarks.SendCommand_FiveBehaviors --job ShortRun --benchmarkId 13 in /home/runner/work/dotnet-mediator/dotnet-mediator/benchmarks/EricksonLopez.Mediator.Benchmarks/bin/Release/net10.0/EricksonLopez.Mediator.Benchmarks-.NET 10.0-1/bin/Release/net10.0
// Failed to set up high priority (Permission denied). In order to run benchmarks with high priority, make sure you have the right permissions.
// BeforeAnythingElse

// Benchmark Process Environment Information:
// BenchmarkDotNet v0.15.8
// Runtime=.NET 10.0.12 (10.0.12, 10.0.1226.42308), X64 RyuJIT x86-64-v4
// GC=Concurrent Workstation
// HardwareIntrinsics=AVX512 BITALG+VBMI2+VNNI+VPOPCNTDQ,AVX512 IFMA+VBMI,AVX512 F+BW+CD+DQ+VL,AVX2+BMI1+BMI2+F16C+FMA+LZCNT+MOVBE,AVX,SSE3+SSSE3+SSE4.1+SSE4.2+POPCNT,X86Base+SSE+SSE2,AES+PCLMUL VectorSize=256
// Job: ShortRun(IterationCount=3, LaunchCount=1, WarmupCount=3)

OverheadJitting  1: 1 op, 224034.00 ns, 224.0340 us/op
WorkloadJitting  1: 1 op, 4023430.00 ns, 4.0234 ms/op

OverheadJitting  2: 16 op, 459968.00 ns, 28.7480 us/op
WorkloadJitting  2: 16 op, 493161.00 ns, 30.8226 us/op

WorkloadPilot    1: 16 op, 28171.00 ns, 1.7607 us/op
WorkloadPilot    2: 32 op, 45155.00 ns, 1.4111 us/op
WorkloadPilot    3: 64 op, 81283.00 ns, 1.2700 us/op
WorkloadPilot    4: 128 op, 152868.00 ns, 1.1943 us/op
WorkloadPilot    5: 256 op, 290413.00 ns, 1.1344 us/op
WorkloadPilot    6: 512 op, 587520.00 ns, 1.1475 us/op
WorkloadPilot    7: 1024 op, 1222064.00 ns, 1.1934 us/op
WorkloadPilot    8: 2048 op, 2444869.00 ns, 1.1938 us/op
WorkloadPilot    9: 4096 op, 4686803.00 ns, 1.1442 us/op
WorkloadPilot   10: 8192 op, 9268153.00 ns, 1.1314 us/op
WorkloadPilot   11: 16384 op, 18458058.00 ns, 1.1266 us/op
WorkloadPilot   12: 32768 op, 43209660.00 ns, 1.3187 us/op
WorkloadPilot   13: 65536 op, 74921814.00 ns, 1.1432 us/op
WorkloadPilot   14: 131072 op, 64856698.00 ns, 494.8173 ns/op
WorkloadPilot   15: 262144 op, 30372802.00 ns, 115.8630 ns/op
WorkloadPilot   16: 524288 op, 59788034.00 ns, 114.0366 ns/op
WorkloadPilot   17: 1048576 op, 121653446.00 ns, 116.0178 ns/op
WorkloadPilot   18: 2097152 op, 243199262.00 ns, 115.9664 ns/op
WorkloadPilot   19: 4194304 op, 482572260.00 ns, 115.0542 ns/op
WorkloadPilot   20: 8388608 op, 963259588.00 ns, 114.8295 ns/op

OverheadWarmup   1: 8388608 op, 47105484.00 ns, 5.6154 ns/op
OverheadWarmup   2: 8388608 op, 46355363.00 ns, 5.5260 ns/op
OverheadWarmup   3: 8388608 op, 46383843.00 ns, 5.5294 ns/op
OverheadWarmup   4: 8388608 op, 46636872.00 ns, 5.5595 ns/op
OverheadWarmup   5: 8388608 op, 46417407.00 ns, 5.5334 ns/op
OverheadWarmup   6: 8388608 op, 46732743.00 ns, 5.5710 ns/op
OverheadWarmup   7: 8388608 op, 41305487.00 ns, 4.9240 ns/op

OverheadActual   1: 8388608 op, 38041953.00 ns, 4.5350 ns/op
OverheadActual   2: 8388608 op, 38654906.00 ns, 4.6080 ns/op
OverheadActual   3: 8388608 op, 38154552.00 ns, 4.5484 ns/op
OverheadActual   4: 8388608 op, 38547156.00 ns, 4.5952 ns/op
OverheadActual   5: 8388608 op, 38533634.00 ns, 4.5936 ns/op
OverheadActual   6: 8388608 op, 38444574.00 ns, 4.5830 ns/op
OverheadActual   7: 8388608 op, 38319389.00 ns, 4.5680 ns/op
OverheadActual   8: 8388608 op, 38179778.00 ns, 4.5514 ns/op
OverheadActual   9: 8388608 op, 38619275.00 ns, 4.6038 ns/op
OverheadActual  10: 8388608 op, 39340595.00 ns, 4.6898 ns/op
OverheadActual  11: 8388608 op, 38331154.00 ns, 4.5694 ns/op
OverheadActual  12: 8388608 op, 38433750.00 ns, 4.5817 ns/op
OverheadActual  13: 8388608 op, 38919118.00 ns, 4.6395 ns/op
OverheadActual  14: 8388608 op, 38672107.00 ns, 4.6101 ns/op
OverheadActual  15: 8388608 op, 38704326.00 ns, 4.6139 ns/op

WorkloadWarmup   1: 8388608 op, 966147642.00 ns, 115.1738 ns/op
WorkloadWarmup   2: 8388608 op, 960085735.00 ns, 114.4511 ns/op
WorkloadWarmup   3: 8388608 op, 964333253.00 ns, 114.9575 ns/op

// BeforeActualRun
WorkloadActual   1: 8388608 op, 961445440.00 ns, 114.6132 ns/op
WorkloadActual   2: 8388608 op, 963504386.00 ns, 114.8587 ns/op
WorkloadActual   3: 8388608 op, 964225974.00 ns, 114.9447 ns/op

// AfterActualRun
WorkloadResult   1: 8388608 op, 922911806.00 ns, 110.0197 ns/op
WorkloadResult   2: 8388608 op, 924970752.00 ns, 110.2651 ns/op
WorkloadResult   3: 8388608 op, 925692340.00 ns, 110.3511 ns/op
// GC:  0 0 0 0 8388608
// Threading:  0 0 8388608

// AfterAll
// Benchmark Process 5273 has exited with code 0.

Mean = 110.212 ns, StdErr = 0.099 ns (0.09%), N = 3, StdDev = 0.172 ns
Min = 110.020 ns, Q1 = 110.142 ns, Median = 110.265 ns, Q3 = 110.308 ns, Max = 110.351 ns
IQR = 0.166 ns, LowerFence = 109.894 ns, UpperFence = 110.557 ns
ConfidenceInterval = [107.074 ns; 113.350 ns] (CI 99.9%), Margin = 3.138 ns (2.85% of Mean)
Skewness = -0.28, Kurtosis = 0.67, MValue = 2

// ** Remained 4 (11.1 %) benchmark(s) to run. Estimated finish 2026-10-04 7:44 (0h 1m from now) **
// **************************
// Benchmark: MediatorBenchmarks.PublishNotification_OneHandler: ShortRun(IterationCount=3, LaunchCount=1, WarmupCount=3)
// *** Execute ***
// Launch: 1 / 1
// Execute: dotnet "EricksonLopez.Mediator.Benchmarks-.NET 10.0-1.dll" --anonymousPipes 167 169 --benchmarkName EricksonLopez.Mediator.Benchmarks.MediatorBenchmarks.PublishNotification_OneHandler --job ShortRun --benchmarkId 14 in /home/runner/work/dotnet-mediator/dotnet-mediator/benchmarks/EricksonLopez.Mediator.Benchmarks/bin/Release/net10.0/EricksonLopez.Mediator.Benchmarks-.NET 10.0-1/bin/Release/net10.0
// Failed to set up high priority (Permission denied). In order to run benchmarks with high priority, make sure you have the right permissions.
// BeforeAnythingElse

// Benchmark Process Environment Information:
// BenchmarkDotNet v0.15.8
// Runtime=.NET 10.0.12 (10.0.12, 10.0.1226.42308), X64 RyuJIT x86-64-v4
// GC=Concurrent Workstation
// HardwareIntrinsics=AVX512 BITALG+VBMI2+VNNI+VPOPCNTDQ,AVX512 IFMA+VBMI,AVX512 F+BW+CD+DQ+VL,AVX2+BMI1+BMI2+F16C+FMA+LZCNT+MOVBE,AVX,SSE3+SSSE3+SSE4.1+SSE4.2+POPCNT,X86Base+SSE+SSE2,AES+PCLMUL VectorSize=256
// Job: ShortRun(IterationCount=3, LaunchCount=1, WarmupCount=3)

OverheadJitting  1: 1 op, 169040.00 ns, 169.0400 us/op
WorkloadJitting  1: 1 op, 2271020.00 ns, 2.2710 ms/op

OverheadJitting  2: 16 op, 234695.00 ns, 14.6684 us/op
WorkloadJitting  2: 16 op, 1613543.00 ns, 100.8464 us/op

WorkloadPilot    1: 16 op, 145953.00 ns, 9.1221 us/op
WorkloadPilot    2: 32 op, 21332.00 ns, 666.6250 ns/op
WorkloadPilot    3: 64 op, 43180.00 ns, 674.6875 ns/op
WorkloadPilot    4: 128 op, 72516.00 ns, 566.5313 ns/op
WorkloadPilot    5: 256 op, 129924.00 ns, 507.5156 ns/op
WorkloadPilot    6: 512 op, 245419.00 ns, 479.3340 ns/op
WorkloadPilot    7: 1024 op, 444680.00 ns, 434.2578 ns/op
WorkloadPilot    8: 2048 op, 827654.00 ns, 404.1279 ns/op
WorkloadPilot    9: 4096 op, 1663778.00 ns, 406.1958 ns/op
WorkloadPilot   10: 8192 op, 3464460.00 ns, 422.9077 ns/op
WorkloadPilot   11: 16384 op, 6556284.00 ns, 400.1638 ns/op
WorkloadPilot   12: 32768 op, 13400721.00 ns, 408.9576 ns/op
WorkloadPilot   13: 65536 op, 26330074.00 ns, 401.7650 ns/op
WorkloadPilot   14: 131072 op, 52509684.00 ns, 400.6171 ns/op
WorkloadPilot   15: 262144 op, 79448910.00 ns, 303.0735 ns/op
WorkloadPilot   16: 524288 op, 26264784.00 ns, 50.0961 ns/op
WorkloadPilot   17: 1048576 op, 49246746.00 ns, 46.9654 ns/op
WorkloadPilot   18: 2097152 op, 101212783.00 ns, 48.2620 ns/op
WorkloadPilot   19: 4194304 op, 191256626.00 ns, 45.5991 ns/op
WorkloadPilot   20: 8388608 op, 350955522.00 ns, 41.8372 ns/op
WorkloadPilot   21: 16777216 op, 707716562.00 ns, 42.1832 ns/op

OverheadWarmup   1: 16777216 op, 51882089.00 ns, 3.0924 ns/op
OverheadWarmup   2: 16777216 op, 51824459.00 ns, 3.0890 ns/op
OverheadWarmup   3: 16777216 op, 51800959.00 ns, 3.0876 ns/op
OverheadWarmup   4: 16777216 op, 51567139.00 ns, 3.0736 ns/op
OverheadWarmup   5: 16777216 op, 41211807.00 ns, 2.4564 ns/op
OverheadWarmup   6: 16777216 op, 41073683.00 ns, 2.4482 ns/op
OverheadWarmup   7: 16777216 op, 40694828.00 ns, 2.4256 ns/op
OverheadWarmup   8: 16777216 op, 40422228.00 ns, 2.4094 ns/op
OverheadWarmup   9: 16777216 op, 41400478.00 ns, 2.4677 ns/op
OverheadWarmup  10: 16777216 op, 41422262.00 ns, 2.4690 ns/op

OverheadActual   1: 16777216 op, 41094678.00 ns, 2.4494 ns/op
OverheadActual   2: 16777216 op, 40741934.00 ns, 2.4284 ns/op
OverheadActual   3: 16777216 op, 40900724.00 ns, 2.4379 ns/op
OverheadActual   4: 16777216 op, 40995899.00 ns, 2.4435 ns/op
OverheadActual   5: 16777216 op, 40597204.00 ns, 2.4198 ns/op
OverheadActual   6: 16777216 op, 40842525.00 ns, 2.4344 ns/op
OverheadActual   7: 16777216 op, 40595329.00 ns, 2.4197 ns/op
OverheadActual   8: 16777216 op, 40418978.00 ns, 2.4092 ns/op
OverheadActual   9: 16777216 op, 40794017.00 ns, 2.4315 ns/op
OverheadActual  10: 16777216 op, 40494698.00 ns, 2.4137 ns/op
OverheadActual  11: 16777216 op, 40412712.00 ns, 2.4088 ns/op
OverheadActual  12: 16777216 op, 41064911.00 ns, 2.4477 ns/op
OverheadActual  13: 16777216 op, 40304400.00 ns, 2.4023 ns/op
OverheadActual  14: 16777216 op, 40704735.00 ns, 2.4262 ns/op
OverheadActual  15: 16777216 op, 41201964.00 ns, 2.4558 ns/op

WorkloadWarmup   1: 16777216 op, 743911730.00 ns, 44.3406 ns/op
WorkloadWarmup   2: 16777216 op, 714026656.00 ns, 42.5593 ns/op
WorkloadWarmup   3: 16777216 op, 705812088.00 ns, 42.0697 ns/op

// BeforeActualRun
WorkloadActual   1: 16777216 op, 710299572.00 ns, 42.3372 ns/op
WorkloadActual   2: 16777216 op, 708679817.00 ns, 42.2406 ns/op
WorkloadActual   3: 16777216 op, 712492329.00 ns, 42.4679 ns/op

// AfterActualRun
WorkloadResult   1: 16777216 op, 669557638.00 ns, 39.9087 ns/op
WorkloadResult   2: 16777216 op, 667937883.00 ns, 39.8122 ns/op
WorkloadResult   3: 16777216 op, 671750395.00 ns, 40.0394 ns/op
// GC:  4 0 0 402653184 16777216
// Threading:  0 0 16777216

// AfterAll
// Benchmark Process 5284 has exited with code 0.

Mean = 39.920 ns, StdErr = 0.066 ns (0.16%), N = 3, StdDev = 0.114 ns
Min = 39.812 ns, Q1 = 39.860 ns, Median = 39.909 ns, Q3 = 39.974 ns, Max = 40.039 ns
IQR = 0.114 ns, LowerFence = 39.690 ns, UpperFence = 40.145 ns
ConfidenceInterval = [37.839 ns; 42.001 ns] (CI 99.9%), Margin = 2.081 ns (5.21% of Mean)
Skewness = 0.1, Kurtosis = 0.67, MValue = 2

// ** Remained 3 (8.3 %) benchmark(s) to run. Estimated finish 2026-10-04 7:44 (0h 0m from now) **
// **************************
// Benchmark: MediatorBenchmarks.PublishNotification_FiveHandlers: ShortRun(IterationCount=3, LaunchCount=1, WarmupCount=3)
// *** Execute ***
// Launch: 1 / 1
// Execute: dotnet "EricksonLopez.Mediator.Benchmarks-.NET 10.0-1.dll" --anonymousPipes 167 169 --benchmarkName EricksonLopez.Mediator.Benchmarks.MediatorBenchmarks.PublishNotification_FiveHandlers --job ShortRun --benchmarkId 15 in /home/runner/work/dotnet-mediator/dotnet-mediator/benchmarks/EricksonLopez.Mediator.Benchmarks/bin/Release/net10.0/EricksonLopez.Mediator.Benchmarks-.NET 10.0-1/bin/Release/net10.0
// Failed to set up high priority (Permission denied). In order to run benchmarks with high priority, make sure you have the right permissions.
// BeforeAnythingElse

// Benchmark Process Environment Information:
// BenchmarkDotNet v0.15.8
// Runtime=.NET 10.0.12 (10.0.12, 10.0.1226.42308), X64 RyuJIT x86-64-v4
// GC=Concurrent Workstation
// HardwareIntrinsics=AVX512 BITALG+VBMI2+VNNI+VPOPCNTDQ,AVX512 IFMA+VBMI,AVX512 F+BW+CD+DQ+VL,AVX2+BMI1+BMI2+F16C+FMA+LZCNT+MOVBE,AVX,SSE3+SSSE3+SSE4.1+SSE4.2+POPCNT,X86Base+SSE+SSE2,AES+PCLMUL VectorSize=256
// Job: ShortRun(IterationCount=3, LaunchCount=1, WarmupCount=3)

OverheadJitting  1: 1 op, 181495.00 ns, 181.4950 us/op
WorkloadJitting  1: 1 op, 2606046.00 ns, 2.6060 ms/op

OverheadJitting  2: 16 op, 252888.00 ns, 15.8055 us/op
WorkloadJitting  2: 16 op, 2326190.00 ns, 145.3869 us/op

WorkloadPilot    1: 16 op, 251719.00 ns, 15.7324 us/op
WorkloadPilot    2: 32 op, 54488.00 ns, 1.7028 us/op
WorkloadPilot    3: 64 op, 105740.00 ns, 1.6522 us/op
WorkloadPilot    4: 128 op, 198567.00 ns, 1.5513 us/op
WorkloadPilot    5: 256 op, 421297.00 ns, 1.6457 us/op
WorkloadPilot    6: 512 op, 794878.00 ns, 1.5525 us/op
WorkloadPilot    7: 1024 op, 1544644.00 ns, 1.5084 us/op
WorkloadPilot    8: 2048 op, 3155137.00 ns, 1.5406 us/op
WorkloadPilot    9: 4096 op, 6132877.00 ns, 1.4973 us/op
WorkloadPilot   10: 8192 op, 12687611.00 ns, 1.5488 us/op
WorkloadPilot   11: 16384 op, 24780457.00 ns, 1.5125 us/op
WorkloadPilot   12: 32768 op, 50173005.00 ns, 1.5312 us/op
WorkloadPilot   13: 65536 op, 86093194.00 ns, 1.3137 us/op
WorkloadPilot   14: 131072 op, 28456511.00 ns, 217.1059 ns/op
WorkloadPilot   15: 262144 op, 31736990.00 ns, 121.0670 ns/op
WorkloadPilot   16: 524288 op, 62726781.00 ns, 119.6418 ns/op
WorkloadPilot   17: 1048576 op, 107247888.00 ns, 102.2796 ns/op
WorkloadPilot   18: 2097152 op, 203712205.00 ns, 97.1375 ns/op
WorkloadPilot   19: 4194304 op, 401084819.00 ns, 95.6261 ns/op
WorkloadPilot   20: 8388608 op, 798697085.00 ns, 95.2121 ns/op

OverheadWarmup   1: 8388608 op, 25776625.00 ns, 3.0728 ns/op
OverheadWarmup   2: 8388608 op, 26297525.00 ns, 3.1349 ns/op
OverheadWarmup   3: 8388608 op, 26078659.00 ns, 3.1088 ns/op
OverheadWarmup   4: 8388608 op, 26083421.00 ns, 3.1094 ns/op
OverheadWarmup   5: 8388608 op, 25486742.00 ns, 3.0383 ns/op

OverheadActual   1: 8388608 op, 26044963.00 ns, 3.1048 ns/op
OverheadActual   2: 8388608 op, 26422808.00 ns, 3.1498 ns/op
OverheadActual   3: 8388608 op, 25846828.00 ns, 3.0812 ns/op
OverheadActual   4: 8388608 op, 26027870.00 ns, 3.1028 ns/op
OverheadActual   5: 8388608 op, 26287286.00 ns, 3.1337 ns/op
OverheadActual   6: 8388608 op, 26044098.00 ns, 3.1047 ns/op
OverheadActual   7: 8388608 op, 25671369.00 ns, 3.0603 ns/op
OverheadActual   8: 8388608 op, 26019029.00 ns, 3.1017 ns/op
OverheadActual   9: 8388608 op, 25949907.00 ns, 3.0935 ns/op
OverheadActual  10: 8388608 op, 24405823.00 ns, 2.9094 ns/op
OverheadActual  11: 8388608 op, 23181296.00 ns, 2.7634 ns/op
OverheadActual  12: 8388608 op, 23218950.00 ns, 2.7679 ns/op
OverheadActual  13: 8388608 op, 23002764.00 ns, 2.7421 ns/op
OverheadActual  14: 8388608 op, 23191378.00 ns, 2.7646 ns/op
OverheadActual  15: 8388608 op, 23409868.00 ns, 2.7907 ns/op
OverheadActual  16: 8388608 op, 22086312.00 ns, 2.6329 ns/op
OverheadActual  17: 8388608 op, 20544722.00 ns, 2.4491 ns/op
OverheadActual  18: 8388608 op, 20206656.00 ns, 2.4088 ns/op
OverheadActual  19: 8388608 op, 20471336.00 ns, 2.4404 ns/op
OverheadActual  20: 8388608 op, 20179114.00 ns, 2.4055 ns/op

WorkloadWarmup   1: 8388608 op, 831180365.00 ns, 99.0844 ns/op
WorkloadWarmup   2: 8388608 op, 809077384.00 ns, 96.4495 ns/op
WorkloadWarmup   3: 8388608 op, 824018526.00 ns, 98.2307 ns/op

// BeforeActualRun
WorkloadActual   1: 8388608 op, 797870454.00 ns, 95.1136 ns/op
WorkloadActual   2: 8388608 op, 800192526.00 ns, 95.3904 ns/op
WorkloadActual   3: 8388608 op, 797555300.00 ns, 95.0760 ns/op

// AfterActualRun
WorkloadResult   1: 8388608 op, 773962608.50 ns, 92.2635 ns/op
WorkloadResult   2: 8388608 op, 776284680.50 ns, 92.5403 ns/op
WorkloadResult   3: 8388608 op, 773647454.50 ns, 92.2260 ns/op
// GC:  12 0 0 1006632960 8388608
// Threading:  0 0 8388608

// AfterAll
// Benchmark Process 5298 has exited with code 0.

Mean = 92.343 ns, StdErr = 0.099 ns (0.11%), N = 3, StdDev = 0.172 ns
Min = 92.226 ns, Q1 = 92.245 ns, Median = 92.264 ns, Q3 = 92.402 ns, Max = 92.540 ns
IQR = 0.157 ns, LowerFence = 92.009 ns, UpperFence = 92.638 ns
ConfidenceInterval = [89.211 ns; 95.476 ns] (CI 99.9%), Margin = 3.132 ns (3.39% of Mean)
Skewness = 0.36, Kurtosis = 0.67, MValue = 2

// ** Remained 2 (5.6 %) benchmark(s) to run. Estimated finish 2026-10-04 7:44 (0h 0m from now) **
// **************************
// Benchmark: MediatorBenchmarks.PublishNotification_Parallel: ShortRun(IterationCount=3, LaunchCount=1, WarmupCount=3)
// *** Execute ***
// Launch: 1 / 1
// Execute: dotnet "EricksonLopez.Mediator.Benchmarks-.NET 10.0-1.dll" --anonymousPipes 167 169 --benchmarkName EricksonLopez.Mediator.Benchmarks.MediatorBenchmarks.PublishNotification_Parallel --job ShortRun --benchmarkId 16 in /home/runner/work/dotnet-mediator/dotnet-mediator/benchmarks/EricksonLopez.Mediator.Benchmarks/bin/Release/net10.0/EricksonLopez.Mediator.Benchmarks-.NET 10.0-1/bin/Release/net10.0
// Failed to set up high priority (Permission denied). In order to run benchmarks with high priority, make sure you have the right permissions.
// BeforeAnythingElse

// Benchmark Process Environment Information:
// BenchmarkDotNet v0.15.8
// Runtime=.NET 10.0.12 (10.0.12, 10.0.1226.42308), X64 RyuJIT x86-64-v4
// GC=Concurrent Workstation
// HardwareIntrinsics=AVX512 BITALG+VBMI2+VNNI+VPOPCNTDQ,AVX512 IFMA+VBMI,AVX512 F+BW+CD+DQ+VL,AVX2+BMI1+BMI2+F16C+FMA+LZCNT+MOVBE,AVX,SSE3+SSSE3+SSE4.1+SSE4.2+POPCNT,X86Base+SSE+SSE2,AES+PCLMUL VectorSize=256
// Job: ShortRun(IterationCount=3, LaunchCount=1, WarmupCount=3)

OverheadJitting  1: 1 op, 166867.00 ns, 166.8670 us/op
WorkloadJitting  1: 1 op, 2932200.00 ns, 2.9322 ms/op

OverheadJitting  2: 16 op, 207503.00 ns, 12.9689 us/op
WorkloadJitting  2: 16 op, 1865287.00 ns, 116.5804 us/op

WorkloadPilot    1: 16 op, 253831.00 ns, 15.8644 us/op
WorkloadPilot    2: 32 op, 55303.00 ns, 1.7282 us/op
WorkloadPilot    3: 64 op, 82746.00 ns, 1.2929 us/op
WorkloadPilot    4: 128 op, 128474.00 ns, 1.0037 us/op
WorkloadPilot    5: 256 op, 236053.00 ns, 922.0820 ns/op
WorkloadPilot    6: 512 op, 441885.00 ns, 863.0566 ns/op
WorkloadPilot    7: 1024 op, 795713.00 ns, 777.0635 ns/op
WorkloadPilot    8: 2048 op, 1691133.00 ns, 825.7485 ns/op
WorkloadPilot    9: 4096 op, 3381082.00 ns, 825.4595 ns/op
WorkloadPilot   10: 8192 op, 6623140.00 ns, 808.4888 ns/op
WorkloadPilot   11: 16384 op, 12522884.00 ns, 764.3362 ns/op
WorkloadPilot   12: 32768 op, 25213174.00 ns, 769.4450 ns/op
WorkloadPilot   13: 65536 op, 49676133.00 ns, 757.9976 ns/op
WorkloadPilot   14: 131072 op, 104842099.00 ns, 799.8817 ns/op
WorkloadPilot   15: 262144 op, 46721817.00 ns, 178.2296 ns/op
WorkloadPilot   16: 524288 op, 76181147.00 ns, 145.3040 ns/op
WorkloadPilot   17: 1048576 op, 124974258.00 ns, 119.1847 ns/op
WorkloadPilot   18: 2097152 op, 250240982.00 ns, 119.3242 ns/op
WorkloadPilot   19: 4194304 op, 501071840.00 ns, 119.4648 ns/op

OverheadWarmup   1: 4194304 op, 13061330.00 ns, 3.1141 ns/op
OverheadWarmup   2: 4194304 op, 13049074.00 ns, 3.1111 ns/op
OverheadWarmup   3: 4194304 op, 12978403.00 ns, 3.0943 ns/op
OverheadWarmup   4: 4194304 op, 12831818.00 ns, 3.0593 ns/op
OverheadWarmup   5: 4194304 op, 13157978.00 ns, 3.1371 ns/op
OverheadWarmup   6: 4194304 op, 13048011.00 ns, 3.1109 ns/op
OverheadWarmup   7: 4194304 op, 12895071.00 ns, 3.0744 ns/op
OverheadWarmup   8: 4194304 op, 12929466.00 ns, 3.0826 ns/op
OverheadWarmup   9: 4194304 op, 13116840.00 ns, 3.1273 ns/op
OverheadWarmup  10: 4194304 op, 12810739.00 ns, 3.0543 ns/op

OverheadActual   1: 4194304 op, 12975093.00 ns, 3.0935 ns/op
OverheadActual   2: 4194304 op, 13819928.00 ns, 3.2949 ns/op
OverheadActual   3: 4194304 op, 12779591.00 ns, 3.0469 ns/op
OverheadActual   4: 4194304 op, 13113257.00 ns, 3.1264 ns/op
OverheadActual   5: 4194304 op, 12950442.00 ns, 3.0876 ns/op
OverheadActual   6: 4194304 op, 12722447.00 ns, 3.0333 ns/op
OverheadActual   7: 4194304 op, 12720902.00 ns, 3.0329 ns/op
OverheadActual   8: 4194304 op, 13045345.00 ns, 3.1103 ns/op
OverheadActual   9: 4194304 op, 13070000.00 ns, 3.1161 ns/op
OverheadActual  10: 4194304 op, 12756041.00 ns, 3.0413 ns/op
OverheadActual  11: 4194304 op, 12788181.00 ns, 3.0489 ns/op
OverheadActual  12: 4194304 op, 12980574.00 ns, 3.0948 ns/op
OverheadActual  13: 4194304 op, 13034762.00 ns, 3.1077 ns/op
OverheadActual  14: 4194304 op, 13115582.00 ns, 3.1270 ns/op
OverheadActual  15: 4194304 op, 13139733.00 ns, 3.1328 ns/op

WorkloadWarmup   1: 4194304 op, 534527293.00 ns, 127.4412 ns/op
WorkloadWarmup   2: 4194304 op, 512992388.00 ns, 122.3069 ns/op
WorkloadWarmup   3: 4194304 op, 507892357.00 ns, 121.0910 ns/op

// BeforeActualRun
WorkloadActual   1: 4194304 op, 510689163.00 ns, 121.7578 ns/op
WorkloadActual   2: 4194304 op, 498567962.00 ns, 118.8679 ns/op
WorkloadActual   3: 4194304 op, 505355229.00 ns, 120.4861 ns/op

// AfterActualRun
WorkloadResult   1: 4194304 op, 497708589.00 ns, 118.6630 ns/op
WorkloadResult   2: 4194304 op, 485587388.00 ns, 115.7731 ns/op
WorkloadResult   3: 4194304 op, 492374655.00 ns, 117.3913 ns/op
// GC:  9 0 0 805306368 4194304
// Threading:  0 0 4194304

// AfterAll
// Benchmark Process 5311 has exited with code 0.

Mean = 117.276 ns, StdErr = 0.836 ns (0.71%), N = 3, StdDev = 1.448 ns
Min = 115.773 ns, Q1 = 116.582 ns, Median = 117.391 ns, Q3 = 118.027 ns, Max = 118.663 ns
IQR = 1.445 ns, LowerFence = 114.415 ns, UpperFence = 120.195 ns
ConfidenceInterval = [90.851 ns; 143.700 ns] (CI 99.9%), Margin = 26.425 ns (22.53% of Mean)
Skewness = -0.08, Kurtosis = 0.67, MValue = 2

// ** Remained 1 (2.8 %) benchmark(s) to run. Estimated finish 2026-10-04 7:43 (0h 0m from now) **
// **************************
// Benchmark: MediatorBenchmarks.NestedSend: ShortRun(IterationCount=3, LaunchCount=1, WarmupCount=3)
// *** Execute ***
// Launch: 1 / 1
// Execute: dotnet "EricksonLopez.Mediator.Benchmarks-.NET 10.0-1.dll" --anonymousPipes 167 169 --benchmarkName EricksonLopez.Mediator.Benchmarks.MediatorBenchmarks.NestedSend --job ShortRun --benchmarkId 17 in /home/runner/work/dotnet-mediator/dotnet-mediator/benchmarks/EricksonLopez.Mediator.Benchmarks/bin/Release/net10.0/EricksonLopez.Mediator.Benchmarks-.NET 10.0-1/bin/Release/net10.0
// Failed to set up high priority (Permission denied). In order to run benchmarks with high priority, make sure you have the right permissions.
// BeforeAnythingElse

// Benchmark Process Environment Information:
// BenchmarkDotNet v0.15.8
// Runtime=.NET 10.0.12 (10.0.12, 10.0.1226.42308), X64 RyuJIT x86-64-v4
// GC=Concurrent Workstation
// HardwareIntrinsics=AVX512 BITALG+VBMI2+VNNI+VPOPCNTDQ,AVX512 IFMA+VBMI,AVX512 F+BW+CD+DQ+VL,AVX2+BMI1+BMI2+F16C+FMA+LZCNT+MOVBE,AVX,SSE3+SSSE3+SSE4.1+SSE4.2+POPCNT,X86Base+SSE+SSE2,AES+PCLMUL VectorSize=256
// Job: ShortRun(IterationCount=3, LaunchCount=1, WarmupCount=3)

OverheadJitting  1: 1 op, 224211.00 ns, 224.2110 us/op
WorkloadJitting  1: 1 op, 2157033.00 ns, 2.1570 ms/op

OverheadJitting  2: 16 op, 457116.00 ns, 28.5698 us/op
WorkloadJitting  2: 16 op, 501229.00 ns, 31.3268 us/op

WorkloadPilot    1: 16 op, 22907.00 ns, 1.4317 us/op
WorkloadPilot    2: 32 op, 32501.00 ns, 1.0157 us/op
WorkloadPilot    3: 64 op, 54811.00 ns, 856.4219 ns/op
WorkloadPilot    4: 128 op, 81650.00 ns, 637.8906 ns/op
WorkloadPilot    5: 256 op, 142575.00 ns, 556.9336 ns/op
WorkloadPilot    6: 512 op, 246668.00 ns, 481.7734 ns/op
WorkloadPilot    7: 1024 op, 510677.00 ns, 498.7080 ns/op
WorkloadPilot    8: 2048 op, 978388.00 ns, 477.7285 ns/op
WorkloadPilot    9: 4096 op, 2043235.00 ns, 498.8367 ns/op
WorkloadPilot   10: 8192 op, 3945781.00 ns, 481.6627 ns/op
WorkloadPilot   11: 16384 op, 7919220.00 ns, 483.3508 ns/op
WorkloadPilot   12: 32768 op, 15722137.00 ns, 479.8015 ns/op
WorkloadPilot   13: 65536 op, 30574020.00 ns, 466.5225 ns/op
WorkloadPilot   14: 131072 op, 62614726.00 ns, 477.7124 ns/op
WorkloadPilot   15: 262144 op, 76906405.00 ns, 293.3747 ns/op
WorkloadPilot   16: 524288 op, 35815170.00 ns, 68.3120 ns/op
WorkloadPilot   17: 1048576 op, 66255075.00 ns, 63.1858 ns/op
WorkloadPilot   18: 2097152 op, 137392121.00 ns, 65.5137 ns/op
WorkloadPilot   19: 4194304 op, 262001757.00 ns, 62.4661 ns/op
WorkloadPilot   20: 8388608 op, 496557965.00 ns, 59.1943 ns/op
WorkloadPilot   21: 16777216 op, 988708147.00 ns, 58.9316 ns/op

OverheadWarmup   1: 16777216 op, 92561893.00 ns, 5.5171 ns/op
OverheadWarmup   2: 16777216 op, 93468786.00 ns, 5.5712 ns/op
OverheadWarmup   3: 16777216 op, 80560914.00 ns, 4.8018 ns/op
OverheadWarmup   4: 16777216 op, 76754697.00 ns, 4.5749 ns/op
OverheadWarmup   5: 16777216 op, 76632038.00 ns, 4.5676 ns/op
OverheadWarmup   6: 16777216 op, 78095431.00 ns, 4.6549 ns/op
OverheadWarmup   7: 16777216 op, 75819528.00 ns, 4.5192 ns/op

OverheadActual   1: 16777216 op, 76474589.00 ns, 4.5582 ns/op
OverheadActual   2: 16777216 op, 75817479.00 ns, 4.5191 ns/op
OverheadActual   3: 16777216 op, 76868816.00 ns, 4.5817 ns/op
OverheadActual   4: 16777216 op, 76771203.00 ns, 4.5759 ns/op
OverheadActual   5: 16777216 op, 76108665.00 ns, 4.5364 ns/op
OverheadActual   6: 16777216 op, 76760941.00 ns, 4.5753 ns/op
OverheadActual   7: 16777216 op, 77329416.00 ns, 4.6092 ns/op
OverheadActual   8: 16777216 op, 78190216.00 ns, 4.6605 ns/op
OverheadActual   9: 16777216 op, 76150262.00 ns, 4.5389 ns/op
OverheadActual  10: 16777216 op, 76682585.00 ns, 4.5706 ns/op
OverheadActual  11: 16777216 op, 77611329.00 ns, 4.6260 ns/op
OverheadActual  12: 16777216 op, 78131825.00 ns, 4.6570 ns/op
OverheadActual  13: 16777216 op, 76568970.00 ns, 4.5639 ns/op
OverheadActual  14: 16777216 op, 76762995.00 ns, 4.5754 ns/op
OverheadActual  15: 16777216 op, 77139028.00 ns, 4.5978 ns/op

WorkloadWarmup   1: 16777216 op, 1022457157.00 ns, 60.9432 ns/op
WorkloadWarmup   2: 16777216 op, 1007752899.00 ns, 60.0668 ns/op
WorkloadWarmup   3: 16777216 op, 998213789.00 ns, 59.4982 ns/op

// BeforeActualRun
WorkloadActual   1: 16777216 op, 1004394763.00 ns, 59.8666 ns/op
WorkloadActual   2: 16777216 op, 1003082148.00 ns, 59.7884 ns/op
WorkloadActual   3: 16777216 op, 1017122666.00 ns, 60.6252 ns/op

// AfterActualRun
WorkloadResult   1: 16777216 op, 927631768.00 ns, 55.2912 ns/op
WorkloadResult   2: 16777216 op, 926319153.00 ns, 55.2129 ns/op
WorkloadResult   3: 16777216 op, 940359671.00 ns, 56.0498 ns/op
// GC:  4 0 0 402653184 16777216
// Threading:  0 0 16777216

// AfterAll
// Benchmark Process 5327 has exited with code 0.

Mean = 55.518 ns, StdErr = 0.267 ns (0.48%), N = 3, StdDev = 0.462 ns
Min = 55.213 ns, Q1 = 55.252 ns, Median = 55.291 ns, Q3 = 55.670 ns, Max = 56.050 ns
IQR = 0.418 ns, LowerFence = 54.624 ns, UpperFence = 56.298 ns
ConfidenceInterval = [47.085 ns; 63.951 ns] (CI 99.9%), Margin = 8.433 ns (15.19% of Mean)
Skewness = 0.37, Kurtosis = 0.67, MValue = 2

// ** Remained 0 (0.0 %) benchmark(s) to run. Estimated finish 2026-10-04 7:43 (0h 0m from now) **
// ***** BenchmarkRunner: Finish  *****

// * Export *
  benchmarks/results/results/EricksonLopez.Mediator.Benchmarks.MediatorBenchmarks-report.csv
  benchmarks/results/results/EricksonLopez.Mediator.Benchmarks.MediatorBenchmarks-report-github.md
  benchmarks/results/results/EricksonLopez.Mediator.Benchmarks.MediatorBenchmarks-report.html
  benchmarks/results/results/EricksonLopez.Mediator.Benchmarks.MediatorBenchmarks-report-full-compressed.json
  benchmarks/results/results/EricksonLopez.Mediator.Benchmarks.MediatorBenchmarks-report-default.md

// * Detailed results *
MediatorBenchmarks.DirectCall: .NET 10.0(Runtime=.NET 10.0, Toolchain=net10.0)
Runtime = .NET 10.0.12 (10.0.12, 10.0.1226.42308), X64 RyuJIT x86-64-v4; GC = Concurrent Workstation
Mean = 0.225 ns, StdErr = 0.003 ns (1.48%), N = 13, StdDev = 0.012 ns
Min = 0.201 ns, Q1 = 0.218 ns, Median = 0.226 ns, Q3 = 0.232 ns, Max = 0.250 ns
IQR = 0.015 ns, LowerFence = 0.196 ns, UpperFence = 0.254 ns
ConfidenceInterval = [0.211 ns; 0.239 ns] (CI 99.9%), Margin = 0.014 ns (6.39% of Mean)
Skewness = -0.05, Kurtosis = 2.83, MValue = 2.25
-------------------- Histogram --------------------
[0.194 ns ; 0.209 ns) | @
[0.209 ns ; 0.222 ns) | @@@
[0.222 ns ; 0.235 ns) | @@@@@@@@
[0.235 ns ; 0.243 ns) | 
[0.243 ns ; 0.256 ns) | @
---------------------------------------------------

MediatorBenchmarks.SendCommand_NoBehaviors: .NET 10.0(Runtime=.NET 10.0, Toolchain=net10.0)
Runtime = .NET 10.0.12 (10.0.12, 10.0.1226.42308), X64 RyuJIT x86-64-v4; GC = Concurrent Workstation
Mean = 20.246 ns, StdErr = 0.026 ns (0.13%), N = 15, StdDev = 0.100 ns
Min = 20.124 ns, Q1 = 20.166 ns, Median = 20.191 ns, Q3 = 20.317 ns, Max = 20.409 ns
IQR = 0.151 ns, LowerFence = 19.938 ns, UpperFence = 20.544 ns
ConfidenceInterval = [20.140 ns; 20.353 ns] (CI 99.9%), Margin = 0.107 ns (0.53% of Mean)
Skewness = 0.29, Kurtosis = 1.4, MValue = 2
-------------------- Histogram --------------------
[20.070 ns ; 20.462 ns) | @@@@@@@@@@@@@@@
---------------------------------------------------

MediatorBenchmarks.SendQuery_NoBehaviors: .NET 10.0(Runtime=.NET 10.0, Toolchain=net10.0)
Runtime = .NET 10.0.12 (10.0.12, 10.0.1226.42308), X64 RyuJIT x86-64-v4; GC = Concurrent Workstation
Mean = 12.492 ns, StdErr = 0.017 ns (0.13%), N = 14, StdDev = 0.063 ns
Min = 12.387 ns, Q1 = 12.448 ns, Median = 12.493 ns, Q3 = 12.531 ns, Max = 12.622 ns
IQR = 0.083 ns, LowerFence = 12.324 ns, UpperFence = 12.655 ns
ConfidenceInterval = [12.421 ns; 12.563 ns] (CI 99.9%), Margin = 0.071 ns (0.57% of Mean)
Skewness = 0.2, Kurtosis = 2.25, MValue = 2
-------------------- Histogram --------------------
[12.383 ns ; 12.633 ns) | @@@@@@@@@@@@@@
---------------------------------------------------

MediatorBenchmarks.SendCommand_OneBehavior: .NET 10.0(Runtime=.NET 10.0, Toolchain=net10.0)
Runtime = .NET 10.0.12 (10.0.12, 10.0.1226.42308), X64 RyuJIT x86-64-v4; GC = Concurrent Workstation
Mean = 37.788 ns, StdErr = 0.051 ns (0.14%), N = 15, StdDev = 0.199 ns
Min = 37.551 ns, Q1 = 37.642 ns, Median = 37.746 ns, Q3 = 37.901 ns, Max = 38.266 ns
IQR = 0.259 ns, LowerFence = 37.254 ns, UpperFence = 38.289 ns
ConfidenceInterval = [37.575 ns; 38.001 ns] (CI 99.9%), Margin = 0.213 ns (0.56% of Mean)
Skewness = 0.91, Kurtosis = 2.83, MValue = 2
-------------------- Histogram --------------------
[37.445 ns ; 38.373 ns) | @@@@@@@@@@@@@@@
---------------------------------------------------

MediatorBenchmarks.SendCommand_FiveBehaviors: .NET 10.0(Runtime=.NET 10.0, Toolchain=net10.0)
Runtime = .NET 10.0.12 (10.0.12, 10.0.1226.42308), X64 RyuJIT x86-64-v4; GC = Concurrent Workstation
Mean = 110.987 ns, StdErr = 0.045 ns (0.04%), N = 12, StdDev = 0.157 ns
Min = 110.756 ns, Q1 = 110.876 ns, Median = 110.988 ns, Q3 = 111.045 ns, Max = 111.258 ns
IQR = 0.169 ns, LowerFence = 110.622 ns, UpperFence = 111.299 ns
ConfidenceInterval = [110.785 ns; 111.188 ns] (CI 99.9%), Margin = 0.201 ns (0.18% of Mean)
Skewness = 0.37, Kurtosis = 1.9, MValue = 2
-------------------- Histogram --------------------
[110.666 ns ; 111.348 ns) | @@@@@@@@@@@@
---------------------------------------------------

MediatorBenchmarks.PublishNotification_OneHandler: .NET 10.0(Runtime=.NET 10.0, Toolchain=net10.0)
Runtime = .NET 10.0.12 (10.0.12, 10.0.1226.42308), X64 RyuJIT x86-64-v4; GC = Concurrent Workstation
Mean = 38.705 ns, StdErr = 0.033 ns (0.09%), N = 14, StdDev = 0.125 ns
Min = 38.467 ns, Q1 = 38.625 ns, Median = 38.694 ns, Q3 = 38.810 ns, Max = 38.910 ns
IQR = 0.185 ns, LowerFence = 38.347 ns, UpperFence = 39.087 ns
ConfidenceInterval = [38.563 ns; 38.846 ns] (CI 99.9%), Margin = 0.141 ns (0.36% of Mean)
Skewness = -0.07, Kurtosis = 1.83, MValue = 2
-------------------- Histogram --------------------
[38.399 ns ; 38.978 ns) | @@@@@@@@@@@@@@
---------------------------------------------------

MediatorBenchmarks.PublishNotification_FiveHandlers: .NET 10.0(Runtime=.NET 10.0, Toolchain=net10.0)
Runtime = .NET 10.0.12 (10.0.12, 10.0.1226.42308), X64 RyuJIT x86-64-v4; GC = Concurrent Workstation
Mean = 94.540 ns, StdErr = 0.117 ns (0.12%), N = 14, StdDev = 0.437 ns
Min = 93.809 ns, Q1 = 94.395 ns, Median = 94.472 ns, Q3 = 94.785 ns, Max = 95.452 ns
IQR = 0.390 ns, LowerFence = 93.810 ns, UpperFence = 95.370 ns
ConfidenceInterval = [94.048 ns; 95.033 ns] (CI 99.9%), Margin = 0.493 ns (0.52% of Mean)
Skewness = 0.23, Kurtosis = 2.52, MValue = 2
-------------------- Histogram --------------------
[93.659 ns ; 95.552 ns) | @@@@@@@@@@@@@@
---------------------------------------------------

MediatorBenchmarks.PublishNotification_Parallel: .NET 10.0(Runtime=.NET 10.0, Toolchain=net10.0)
Runtime = .NET 10.0.12 (10.0.12, 10.0.1226.42308), X64 RyuJIT x86-64-v4; GC = Concurrent Workstation
Mean = 117.683 ns, StdErr = 0.164 ns (0.14%), N = 14, StdDev = 0.614 ns
Min = 115.783 ns, Q1 = 117.617 ns, Median = 117.721 ns, Q3 = 117.895 ns, Max = 118.368 ns
IQR = 0.278 ns, LowerFence = 117.200 ns, UpperFence = 118.312 ns
ConfidenceInterval = [116.990 ns; 118.376 ns] (CI 99.9%), Margin = 0.693 ns (0.59% of Mean)
Skewness = -1.9, Kurtosis = 6.78, MValue = 2
-------------------- Histogram --------------------
[115.448 ns ; 118.702 ns) | @@@@@@@@@@@@@@
---------------------------------------------------

MediatorBenchmarks.NestedSend: .NET 10.0(Runtime=.NET 10.0, Toolchain=net10.0)
Runtime = .NET 10.0.12 (10.0.12, 10.0.1226.42308), X64 RyuJIT x86-64-v4; GC = Concurrent Workstation
Mean = 57.584 ns, StdErr = 0.094 ns (0.16%), N = 15, StdDev = 0.364 ns
Min = 56.968 ns, Q1 = 57.382 ns, Median = 57.593 ns, Q3 = 57.849 ns, Max = 58.328 ns
IQR = 0.467 ns, LowerFence = 56.681 ns, UpperFence = 58.550 ns
ConfidenceInterval = [57.195 ns; 57.973 ns] (CI 99.9%), Margin = 0.389 ns (0.68% of Mean)
Skewness = 0.11, Kurtosis = 2.25, MValue = 2
-------------------- Histogram --------------------
[56.775 ns ; 58.342 ns) | @@@@@@@@@@@@@@@
---------------------------------------------------

MediatorBenchmarks.DirectCall: .NET 8.0(Runtime=.NET 8.0, Toolchain=net8.0)
Runtime = .NET 8.0.31 (8.0.31, 8.0.3126.42015), X64 RyuJIT x86-64-v4; GC = Concurrent Workstation
Mean = 0.349 ns, StdErr = 0.004 ns (1.04%), N = 15, StdDev = 0.014 ns
Min = 0.330 ns, Q1 = 0.337 ns, Median = 0.348 ns, Q3 = 0.356 ns, Max = 0.372 ns
IQR = 0.019 ns, LowerFence = 0.308 ns, UpperFence = 0.385 ns
ConfidenceInterval = [0.334 ns; 0.364 ns] (CI 99.9%), Margin = 0.015 ns (4.29% of Mean)
Skewness = 0.22, Kurtosis = 1.68, MValue = 2
-------------------- Histogram --------------------
[0.327 ns ; 0.343 ns) | @@@@@
[0.343 ns ; 0.362 ns) | @@@@@@@
[0.362 ns ; 0.379 ns) | @@@
---------------------------------------------------

MediatorBenchmarks.SendCommand_NoBehaviors: .NET 8.0(Runtime=.NET 8.0, Toolchain=net8.0)
Runtime = .NET 8.0.31 (8.0.31, 8.0.3126.42015), X64 RyuJIT x86-64-v4; GC = Concurrent Workstation
Mean = 25.171 ns, StdErr = 0.031 ns (0.12%), N = 15, StdDev = 0.120 ns
Min = 24.975 ns, Q1 = 25.096 ns, Median = 25.178 ns, Q3 = 25.234 ns, Max = 25.362 ns
IQR = 0.139 ns, LowerFence = 24.888 ns, UpperFence = 25.442 ns
ConfidenceInterval = [25.043 ns; 25.299 ns] (CI 99.9%), Margin = 0.128 ns (0.51% of Mean)
Skewness = 0.08, Kurtosis = 1.79, MValue = 2
-------------------- Histogram --------------------
[24.911 ns ; 25.401 ns) | @@@@@@@@@@@@@@@
---------------------------------------------------

MediatorBenchmarks.SendQuery_NoBehaviors: .NET 8.0(Runtime=.NET 8.0, Toolchain=net8.0)
Runtime = .NET 8.0.31 (8.0.31, 8.0.3126.42015), X64 RyuJIT x86-64-v4; GC = Concurrent Workstation
Mean = 22.394 ns, StdErr = 0.023 ns (0.10%), N = 15, StdDev = 0.090 ns
Min = 22.186 ns, Q1 = 22.346 ns, Median = 22.397 ns, Q3 = 22.434 ns, Max = 22.548 ns
IQR = 0.088 ns, LowerFence = 22.214 ns, UpperFence = 22.566 ns
ConfidenceInterval = [22.298 ns; 22.490 ns] (CI 99.9%), Margin = 0.096 ns (0.43% of Mean)
Skewness = -0.42, Kurtosis = 2.88, MValue = 2
-------------------- Histogram --------------------
[22.157 ns ; 22.596 ns) | @@@@@@@@@@@@@@@
---------------------------------------------------

MediatorBenchmarks.SendCommand_OneBehavior: .NET 8.0(Runtime=.NET 8.0, Toolchain=net8.0)
Runtime = .NET 8.0.31 (8.0.31, 8.0.3126.42015), X64 RyuJIT x86-64-v4; GC = Concurrent Workstation
Mean = 46.559 ns, StdErr = 0.061 ns (0.13%), N = 14, StdDev = 0.229 ns
Min = 46.090 ns, Q1 = 46.446 ns, Median = 46.494 ns, Q3 = 46.708 ns, Max = 46.974 ns
IQR = 0.263 ns, LowerFence = 46.052 ns, UpperFence = 47.102 ns
ConfidenceInterval = [46.302 ns; 46.817 ns] (CI 99.9%), Margin = 0.258 ns (0.55% of Mean)
Skewness = 0.08, Kurtosis = 2.49, MValue = 2
-------------------- Histogram --------------------
[46.023 ns ; 47.098 ns) | @@@@@@@@@@@@@@
---------------------------------------------------

MediatorBenchmarks.SendCommand_FiveBehaviors: .NET 8.0(Runtime=.NET 8.0, Toolchain=net8.0)
Runtime = .NET 8.0.31 (8.0.31, 8.0.3126.42015), X64 RyuJIT x86-64-v4; GC = Concurrent Workstation
Mean = 235.666 ns, StdErr = 0.198 ns (0.08%), N = 15, StdDev = 0.768 ns
Min = 234.559 ns, Q1 = 235.074 ns, Median = 235.733 ns, Q3 = 236.140 ns, Max = 237.258 ns
IQR = 1.066 ns, LowerFence = 233.474 ns, UpperFence = 237.739 ns
ConfidenceInterval = [234.844 ns; 236.487 ns] (CI 99.9%), Margin = 0.821 ns (0.35% of Mean)
Skewness = 0.35, Kurtosis = 2.07, MValue = 2
-------------------- Histogram --------------------
[234.150 ns ; 237.667 ns) | @@@@@@@@@@@@@@@
---------------------------------------------------

MediatorBenchmarks.PublishNotification_OneHandler: .NET 8.0(Runtime=.NET 8.0, Toolchain=net8.0)
Runtime = .NET 8.0.31 (8.0.31, 8.0.3126.42015), X64 RyuJIT x86-64-v4; GC = Concurrent Workstation
Mean = 51.612 ns, StdErr = 0.089 ns (0.17%), N = 14, StdDev = 0.334 ns
Min = 51.217 ns, Q1 = 51.373 ns, Median = 51.503 ns, Q3 = 51.741 ns, Max = 52.362 ns
IQR = 0.368 ns, LowerFence = 50.820 ns, UpperFence = 52.293 ns
ConfidenceInterval = [51.234 ns; 51.989 ns] (CI 99.9%), Margin = 0.377 ns (0.73% of Mean)
Skewness = 0.89, Kurtosis = 2.59, MValue = 2
-------------------- Histogram --------------------
[51.035 ns ; 52.544 ns) | @@@@@@@@@@@@@@
---------------------------------------------------

MediatorBenchmarks.PublishNotification_FiveHandlers: .NET 8.0(Runtime=.NET 8.0, Toolchain=net8.0)
Runtime = .NET 8.0.31 (8.0.31, 8.0.3126.42015), X64 RyuJIT x86-64-v4; GC = Concurrent Workstation
Mean = 121.397 ns, StdErr = 0.168 ns (0.14%), N = 15, StdDev = 0.651 ns
Min = 120.450 ns, Q1 = 120.879 ns, Median = 121.356 ns, Q3 = 121.760 ns, Max = 122.542 ns
IQR = 0.881 ns, LowerFence = 119.558 ns, UpperFence = 123.082 ns
ConfidenceInterval = [120.702 ns; 122.093 ns] (CI 99.9%), Margin = 0.695 ns (0.57% of Mean)
Skewness = 0.3, Kurtosis = 1.88, MValue = 2
-------------------- Histogram --------------------
[120.104 ns ; 122.560 ns) | @@@@@@@@@@@@@@@
---------------------------------------------------

MediatorBenchmarks.PublishNotification_Parallel: .NET 8.0(Runtime=.NET 8.0, Toolchain=net8.0)
Runtime = .NET 8.0.31 (8.0.31, 8.0.3126.42015), X64 RyuJIT x86-64-v4; GC = Concurrent Workstation
Mean = 147.707 ns, StdErr = 0.122 ns (0.08%), N = 13, StdDev = 0.441 ns
Min = 146.886 ns, Q1 = 147.544 ns, Median = 147.862 ns, Q3 = 148.066 ns, Max = 148.198 ns
IQR = 0.523 ns, LowerFence = 146.760 ns, UpperFence = 148.850 ns
ConfidenceInterval = [147.179 ns; 148.234 ns] (CI 99.9%), Margin = 0.528 ns (0.36% of Mean)
Skewness = -0.69, Kurtosis = 1.91, MValue = 2
-------------------- Histogram --------------------
[146.640 ns ; 148.444 ns) | @@@@@@@@@@@@@
---------------------------------------------------

MediatorBenchmarks.NestedSend: .NET 8.0(Runtime=.NET 8.0, Toolchain=net8.0)
Runtime = .NET 8.0.31 (8.0.31, 8.0.3126.42015), X64 RyuJIT x86-64-v4; GC = Concurrent Workstation
Mean = 72.936 ns, StdErr = 0.085 ns (0.12%), N = 14, StdDev = 0.320 ns
Min = 72.431 ns, Q1 = 72.704 ns, Median = 72.950 ns, Q3 = 73.202 ns, Max = 73.447 ns
IQR = 0.497 ns, LowerFence = 71.959 ns, UpperFence = 73.947 ns
ConfidenceInterval = [72.575 ns; 73.297 ns] (CI 99.9%), Margin = 0.361 ns (0.49% of Mean)
Skewness = -0.08, Kurtosis = 1.61, MValue = 2
-------------------- Histogram --------------------
[72.257 ns ; 73.622 ns) | @@@@@@@@@@@@@@
---------------------------------------------------

MediatorBenchmarks.DirectCall: .NET 9.0(Runtime=.NET 9.0, Toolchain=net9.0)
Runtime = .NET 9.0.20 (9.0.20, 9.0.2026.41315), X64 RyuJIT x86-64-v4; GC = Concurrent Workstation
Mean = 0.377 ns, StdErr = 0.006 ns (1.54%), N = 15, StdDev = 0.022 ns
Min = 0.340 ns, Q1 = 0.362 ns, Median = 0.373 ns, Q3 = 0.389 ns, Max = 0.421 ns
IQR = 0.027 ns, LowerFence = 0.322 ns, UpperFence = 0.430 ns
ConfidenceInterval = [0.353 ns; 0.401 ns] (CI 99.9%), Margin = 0.024 ns (6.37% of Mean)
Skewness = 0.36, Kurtosis = 2.24, MValue = 2
-------------------- Histogram --------------------
[0.337 ns ; 0.364 ns) | @@@@
[0.364 ns ; 0.388 ns) | @@@@@@@
[0.388 ns ; 0.415 ns) | @@@
[0.415 ns ; 0.433 ns) | @
---------------------------------------------------

MediatorBenchmarks.SendCommand_NoBehaviors: .NET 9.0(Runtime=.NET 9.0, Toolchain=net9.0)
Runtime = .NET 9.0.20 (9.0.20, 9.0.2026.41315), X64 RyuJIT x86-64-v4; GC = Concurrent Workstation
Mean = 20.869 ns, StdErr = 0.022 ns (0.10%), N = 13, StdDev = 0.078 ns
Min = 20.726 ns, Q1 = 20.829 ns, Median = 20.862 ns, Q3 = 20.929 ns, Max = 21.007 ns
IQR = 0.100 ns, LowerFence = 20.679 ns, UpperFence = 21.079 ns
ConfidenceInterval = [20.776 ns; 20.962 ns] (CI 99.9%), Margin = 0.093 ns (0.45% of Mean)
Skewness = -0.15, Kurtosis = 2.16, MValue = 2
-------------------- Histogram --------------------
[20.683 ns ; 21.051 ns) | @@@@@@@@@@@@@
---------------------------------------------------

MediatorBenchmarks.SendQuery_NoBehaviors: .NET 9.0(Runtime=.NET 9.0, Toolchain=net9.0)
Runtime = .NET 9.0.20 (9.0.20, 9.0.2026.41315), X64 RyuJIT x86-64-v4; GC = Concurrent Workstation
Mean = 15.534 ns, StdErr = 0.020 ns (0.13%), N = 15, StdDev = 0.077 ns
Min = 15.423 ns, Q1 = 15.485 ns, Median = 15.516 ns, Q3 = 15.578 ns, Max = 15.701 ns
IQR = 0.093 ns, LowerFence = 15.345 ns, UpperFence = 15.718 ns
ConfidenceInterval = [15.453 ns; 15.616 ns] (CI 99.9%), Margin = 0.082 ns (0.53% of Mean)
Skewness = 0.34, Kurtosis = 2.3, MValue = 2
-------------------- Histogram --------------------
[15.382 ns ; 15.742 ns) | @@@@@@@@@@@@@@@
---------------------------------------------------

MediatorBenchmarks.SendCommand_OneBehavior: .NET 9.0(Runtime=.NET 9.0, Toolchain=net9.0)
Runtime = .NET 9.0.20 (9.0.20, 9.0.2026.41315), X64 RyuJIT x86-64-v4; GC = Concurrent Workstation
Mean = 42.738 ns, StdErr = 0.074 ns (0.17%), N = 15, StdDev = 0.288 ns
Min = 42.237 ns, Q1 = 42.522 ns, Median = 42.752 ns, Q3 = 42.959 ns, Max = 43.184 ns
IQR = 0.437 ns, LowerFence = 41.866 ns, UpperFence = 43.614 ns
ConfidenceInterval = [42.430 ns; 43.046 ns] (CI 99.9%), Margin = 0.308 ns (0.72% of Mean)
Skewness = 0.11, Kurtosis = 1.74, MValue = 2
-------------------- Histogram --------------------
[42.200 ns ; 43.337 ns) | @@@@@@@@@@@@@@@
---------------------------------------------------

MediatorBenchmarks.SendCommand_FiveBehaviors: .NET 9.0(Runtime=.NET 9.0, Toolchain=net9.0)
Runtime = .NET 9.0.20 (9.0.20, 9.0.2026.41315), X64 RyuJIT x86-64-v4; GC = Concurrent Workstation
Mean = 185.850 ns, StdErr = 0.183 ns (0.10%), N = 14, StdDev = 0.683 ns
Min = 184.529 ns, Q1 = 185.658 ns, Median = 185.992 ns, Q3 = 186.217 ns, Max = 187.090 ns
IQR = 0.559 ns, LowerFence = 184.820 ns, UpperFence = 187.055 ns
ConfidenceInterval = [185.080 ns; 186.620 ns] (CI 99.9%), Margin = 0.770 ns (0.41% of Mean)
Skewness = -0.39, Kurtosis = 2.46, MValue = 2
-------------------- Histogram --------------------
[184.157 ns ; 187.462 ns) | @@@@@@@@@@@@@@
---------------------------------------------------

MediatorBenchmarks.PublishNotification_OneHandler: .NET 9.0(Runtime=.NET 9.0, Toolchain=net9.0)
Runtime = .NET 9.0.20 (9.0.20, 9.0.2026.41315), X64 RyuJIT x86-64-v4; GC = Concurrent Workstation
Mean = 48.087 ns, StdErr = 0.036 ns (0.07%), N = 15, StdDev = 0.139 ns
Min = 47.815 ns, Q1 = 48.005 ns, Median = 48.085 ns, Q3 = 48.161 ns, Max = 48.394 ns
IQR = 0.157 ns, LowerFence = 47.770 ns, UpperFence = 48.396 ns
ConfidenceInterval = [47.938 ns; 48.236 ns] (CI 99.9%), Margin = 0.149 ns (0.31% of Mean)
Skewness = 0.11, Kurtosis = 2.89, MValue = 2
-------------------- Histogram --------------------
[47.741 ns ; 48.468 ns) | @@@@@@@@@@@@@@@
---------------------------------------------------

MediatorBenchmarks.PublishNotification_FiveHandlers: .NET 9.0(Runtime=.NET 9.0, Toolchain=net9.0)
Runtime = .NET 9.0.20 (9.0.20, 9.0.2026.41315), X64 RyuJIT x86-64-v4; GC = Concurrent Workstation
Mean = 116.120 ns, StdErr = 0.098 ns (0.08%), N = 14, StdDev = 0.368 ns
Min = 115.605 ns, Q1 = 115.848 ns, Median = 116.038 ns, Q3 = 116.367 ns, Max = 116.889 ns
IQR = 0.519 ns, LowerFence = 115.068 ns, UpperFence = 117.146 ns
ConfidenceInterval = [115.705 ns; 116.535 ns] (CI 99.9%), Margin = 0.415 ns (0.36% of Mean)
Skewness = 0.6, Kurtosis = 2.17, MValue = 2
-------------------- Histogram --------------------
[115.405 ns ; 117.090 ns) | @@@@@@@@@@@@@@
---------------------------------------------------

MediatorBenchmarks.PublishNotification_Parallel: .NET 9.0(Runtime=.NET 9.0, Toolchain=net9.0)
Runtime = .NET 9.0.20 (9.0.20, 9.0.2026.41315), X64 RyuJIT x86-64-v4; GC = Concurrent Workstation
Mean = 138.721 ns, StdErr = 0.128 ns (0.09%), N = 15, StdDev = 0.497 ns
Min = 137.820 ns, Q1 = 138.261 ns, Median = 138.854 ns, Q3 = 139.078 ns, Max = 139.448 ns
IQR = 0.818 ns, LowerFence = 137.035 ns, UpperFence = 140.305 ns
ConfidenceInterval = [138.190 ns; 139.252 ns] (CI 99.9%), Margin = 0.531 ns (0.38% of Mean)
Skewness = -0.28, Kurtosis = 1.58, MValue = 2
-------------------- Histogram --------------------
[137.556 ns ; 139.713 ns) | @@@@@@@@@@@@@@@
---------------------------------------------------

MediatorBenchmarks.NestedSend: .NET 9.0(Runtime=.NET 9.0, Toolchain=net9.0)
Runtime = .NET 9.0.20 (9.0.20, 9.0.2026.41315), X64 RyuJIT x86-64-v4; GC = Concurrent Workstation
Mean = 69.097 ns, StdErr = 0.111 ns (0.16%), N = 15, StdDev = 0.429 ns
Min = 68.277 ns, Q1 = 68.772 ns, Median = 69.145 ns, Q3 = 69.381 ns, Max = 69.705 ns
IQR = 0.609 ns, LowerFence = 67.858 ns, UpperFence = 70.295 ns
ConfidenceInterval = [68.638 ns; 69.556 ns] (CI 99.9%), Margin = 0.459 ns (0.66% of Mean)
Skewness = -0.37, Kurtosis = 1.89, MValue = 2
-------------------- Histogram --------------------
[68.048 ns ; 69.934 ns) | @@@@@@@@@@@@@@@
---------------------------------------------------

MediatorBenchmarks.DirectCall: ShortRun(IterationCount=3, LaunchCount=1, WarmupCount=3)
Runtime = .NET 10.0.12 (10.0.12, 10.0.1226.42308), X64 RyuJIT x86-64-v4; GC = Concurrent Workstation
Mean = 0.592 ns, StdErr = 0.016 ns (2.77%), N = 3, StdDev = 0.028 ns
Min = 0.567 ns, Q1 = 0.577 ns, Median = 0.587 ns, Q3 = 0.605 ns, Max = 0.623 ns
IQR = 0.028 ns, LowerFence = 0.535 ns, UpperFence = 0.647 ns
ConfidenceInterval = [0.074 ns; 1.110 ns] (CI 99.9%), Margin = 0.518 ns (87.45% of Mean)
Skewness = 0.16, Kurtosis = 0.67, MValue = 2
-------------------- Histogram --------------------
[0.551 ns ; 0.603 ns) | @@
[0.603 ns ; 0.649 ns) | @
---------------------------------------------------

MediatorBenchmarks.SendCommand_NoBehaviors: ShortRun(IterationCount=3, LaunchCount=1, WarmupCount=3)
Runtime = .NET 10.0.12 (10.0.12, 10.0.1226.42308), X64 RyuJIT x86-64-v4; GC = Concurrent Workstation
Mean = 19.484 ns, StdErr = 0.100 ns (0.52%), N = 3, StdDev = 0.174 ns
Min = 19.284 ns, Q1 = 19.434 ns, Median = 19.584 ns, Q3 = 19.585 ns, Max = 19.586 ns
IQR = 0.151 ns, LowerFence = 19.207 ns, UpperFence = 19.812 ns
ConfidenceInterval = [16.311 ns; 22.658 ns] (CI 99.9%), Margin = 3.173 ns (16.29% of Mean)
Skewness = -0.38, Kurtosis = 0.67, MValue = 2
-------------------- Histogram --------------------
[19.276 ns ; 19.593 ns) | @@@
---------------------------------------------------

MediatorBenchmarks.SendQuery_NoBehaviors: ShortRun(IterationCount=3, LaunchCount=1, WarmupCount=3)
Runtime = .NET 10.0.12 (10.0.12, 10.0.1226.42308), X64 RyuJIT x86-64-v4; GC = Concurrent Workstation
Mean = 12.362 ns, StdErr = 0.014 ns (0.11%), N = 3, StdDev = 0.024 ns
Min = 12.346 ns, Q1 = 12.348 ns, Median = 12.350 ns, Q3 = 12.370 ns, Max = 12.390 ns
IQR = 0.022 ns, LowerFence = 12.315 ns, UpperFence = 12.403 ns
ConfidenceInterval = [11.921 ns; 12.803 ns] (CI 99.9%), Margin = 0.441 ns (3.57% of Mean)
Skewness = 0.37, Kurtosis = 0.67, MValue = 2
-------------------- Histogram --------------------
[12.324 ns ; 12.412 ns) | @@@
---------------------------------------------------

MediatorBenchmarks.SendCommand_OneBehavior: ShortRun(IterationCount=3, LaunchCount=1, WarmupCount=3)
Runtime = .NET 10.0.12 (10.0.12, 10.0.1226.42308), X64 RyuJIT x86-64-v4; GC = Concurrent Workstation
Mean = 38.673 ns, StdErr = 0.044 ns (0.11%), N = 3, StdDev = 0.076 ns
Min = 38.613 ns, Q1 = 38.630 ns, Median = 38.646 ns, Q3 = 38.703 ns, Max = 38.759 ns
IQR = 0.073 ns, LowerFence = 38.521 ns, UpperFence = 38.812 ns
ConfidenceInterval = [37.280 ns; 40.066 ns] (CI 99.9%), Margin = 1.393 ns (3.60% of Mean)
Skewness = 0.3, Kurtosis = 0.67, MValue = 2
-------------------- Histogram --------------------
[38.544 ns ; 38.829 ns) | @@@
---------------------------------------------------

MediatorBenchmarks.SendCommand_FiveBehaviors: ShortRun(IterationCount=3, LaunchCount=1, WarmupCount=3)
Runtime = .NET 10.0.12 (10.0.12, 10.0.1226.42308), X64 RyuJIT x86-64-v4; GC = Concurrent Workstation
Mean = 110.212 ns, StdErr = 0.099 ns (0.09%), N = 3, StdDev = 0.172 ns
Min = 110.020 ns, Q1 = 110.142 ns, Median = 110.265 ns, Q3 = 110.308 ns, Max = 110.351 ns
IQR = 0.166 ns, LowerFence = 109.894 ns, UpperFence = 110.557 ns
ConfidenceInterval = [107.074 ns; 113.350 ns] (CI 99.9%), Margin = 3.138 ns (2.85% of Mean)
Skewness = -0.28, Kurtosis = 0.67, MValue = 2
-------------------- Histogram --------------------
[109.863 ns ; 110.508 ns) | @@@
---------------------------------------------------

MediatorBenchmarks.PublishNotification_OneHandler: ShortRun(IterationCount=3, LaunchCount=1, WarmupCount=3)
Runtime = .NET 10.0.12 (10.0.12, 10.0.1226.42308), X64 RyuJIT x86-64-v4; GC = Concurrent Workstation
Mean = 39.920 ns, StdErr = 0.066 ns (0.16%), N = 3, StdDev = 0.114 ns
Min = 39.812 ns, Q1 = 39.860 ns, Median = 39.909 ns, Q3 = 39.974 ns, Max = 40.039 ns
IQR = 0.114 ns, LowerFence = 39.690 ns, UpperFence = 40.145 ns
ConfidenceInterval = [37.839 ns; 42.001 ns] (CI 99.9%), Margin = 2.081 ns (5.21% of Mean)
Skewness = 0.1, Kurtosis = 0.67, MValue = 2
-------------------- Histogram --------------------
[39.708 ns ; 40.143 ns) | @@@
---------------------------------------------------

MediatorBenchmarks.PublishNotification_FiveHandlers: ShortRun(IterationCount=3, LaunchCount=1, WarmupCount=3)
Runtime = .NET 10.0.12 (10.0.12, 10.0.1226.42308), X64 RyuJIT x86-64-v4; GC = Concurrent Workstation
Mean = 92.343 ns, StdErr = 0.099 ns (0.11%), N = 3, StdDev = 0.172 ns
Min = 92.226 ns, Q1 = 92.245 ns, Median = 92.264 ns, Q3 = 92.402 ns, Max = 92.540 ns
IQR = 0.157 ns, LowerFence = 92.009 ns, UpperFence = 92.638 ns
ConfidenceInterval = [89.211 ns; 95.476 ns] (CI 99.9%), Margin = 3.132 ns (3.39% of Mean)
Skewness = 0.36, Kurtosis = 0.67, MValue = 2
-------------------- Histogram --------------------
[92.070 ns ; 92.697 ns) | @@@
---------------------------------------------------

MediatorBenchmarks.PublishNotification_Parallel: ShortRun(IterationCount=3, LaunchCount=1, WarmupCount=3)
Runtime = .NET 10.0.12 (10.0.12, 10.0.1226.42308), X64 RyuJIT x86-64-v4; GC = Concurrent Workstation
Mean = 117.276 ns, StdErr = 0.836 ns (0.71%), N = 3, StdDev = 1.448 ns
Min = 115.773 ns, Q1 = 116.582 ns, Median = 117.391 ns, Q3 = 118.027 ns, Max = 118.663 ns
IQR = 1.445 ns, LowerFence = 114.415 ns, UpperFence = 120.195 ns
ConfidenceInterval = [90.851 ns; 143.700 ns] (CI 99.9%), Margin = 26.425 ns (22.53% of Mean)
Skewness = -0.08, Kurtosis = 0.67, MValue = 2
-------------------- Histogram --------------------
[114.455 ns ; 119.345 ns) | @@@
---------------------------------------------------

MediatorBenchmarks.NestedSend: ShortRun(IterationCount=3, LaunchCount=1, WarmupCount=3)
Runtime = .NET 10.0.12 (10.0.12, 10.0.1226.42308), X64 RyuJIT x86-64-v4; GC = Concurrent Workstation
Mean = 55.518 ns, StdErr = 0.267 ns (0.48%), N = 3, StdDev = 0.462 ns
Min = 55.213 ns, Q1 = 55.252 ns, Median = 55.291 ns, Q3 = 55.670 ns, Max = 56.050 ns
IQR = 0.418 ns, LowerFence = 54.624 ns, UpperFence = 56.298 ns
ConfidenceInterval = [47.085 ns; 63.951 ns] (CI 99.9%), Margin = 8.433 ns (15.19% of Mean)
Skewness = 0.37, Kurtosis = 0.67, MValue = 2
-------------------- Histogram --------------------
[55.211 ns ; 56.052 ns) | @@@
---------------------------------------------------

// * Summary *

BenchmarkDotNet v0.15.8, Linux Ubuntu 24.04.5 LTS (Noble Numbat)
INTEL XEON PLATINUM 8573C 2.30GHz, 1 CPU, 4 logical and 2 physical cores
.NET SDK 10.0.401
  [Host]    : .NET 10.0.12 (10.0.12, 10.0.1226.42308), X64 RyuJIT x86-64-v4
  .NET 10.0 : .NET 10.0.12 (10.0.12, 10.0.1226.42308), X64 RyuJIT x86-64-v4
  .NET 8.0  : .NET 8.0.31 (8.0.31, 8.0.3126.42015), X64 RyuJIT x86-64-v4
  .NET 9.0  : .NET 9.0.20 (9.0.20, 9.0.2026.41315), X64 RyuJIT x86-64-v4
  ShortRun  : .NET 10.0.12 (10.0.12, 10.0.1226.42308), X64 RyuJIT x86-64-v4


| Method                           | Job       | Runtime   | IterationCount | LaunchCount | WarmupCount | Mean        | Error      | StdDev    | Ratio  | RatioSD | Gen0   | Allocated | Alloc Ratio |
|--------------------------------- |---------- |---------- |--------------- |------------ |------------ |------------:|-----------:|----------:|-------:|--------:|-------:|----------:|------------:|
| DirectCall                       | .NET 10.0 | .NET 10.0 | Default        | Default     | Default     |   0.2251 ns |  0.0144 ns | 0.0120 ns |   0.65 |    0.04 |      - |         - |          NA |
| SendCommand_NoBehaviors          | .NET 10.0 | .NET 10.0 | Default        | Default     | Default     |  20.2463 ns |  0.1067 ns | 0.0998 ns |  58.09 |    2.26 |      - |         - |          NA |
| SendQuery_NoBehaviors            | .NET 10.0 | .NET 10.0 | Default        | Default     | Default     |  12.4921 ns |  0.0710 ns | 0.0629 ns |  35.84 |    1.39 |      - |         - |          NA |
| SendCommand_OneBehavior          | .NET 10.0 | .NET 10.0 | Default        | Default     | Default     |  37.7878 ns |  0.2130 ns | 0.1992 ns | 108.42 |    4.22 |      - |         - |          NA |
| SendCommand_FiveBehaviors        | .NET 10.0 | .NET 10.0 | Default        | Default     | Default     | 110.9867 ns |  0.2014 ns | 0.1572 ns | 318.44 |   12.30 |      - |         - |          NA |
| PublishNotification_OneHandler   | .NET 10.0 | .NET 10.0 | Default        | Default     | Default     |  38.7046 ns |  0.1411 ns | 0.1251 ns | 111.05 |    4.30 | 0.0002 |      24 B |          NA |
| PublishNotification_FiveHandlers | .NET 10.0 | .NET 10.0 | Default        | Default     | Default     |  94.5403 ns |  0.4928 ns | 0.4368 ns | 271.26 |   10.54 | 0.0014 |     120 B |          NA |
| PublishNotification_Parallel     | .NET 10.0 | .NET 10.0 | Default        | Default     | Default     | 117.6833 ns |  0.6929 ns | 0.6142 ns | 337.66 |   13.14 | 0.0021 |     192 B |          NA |
| NestedSend                       | .NET 10.0 | .NET 10.0 | Default        | Default     | Default     |  57.5839 ns |  0.3891 ns | 0.3639 ns | 165.22 |    6.46 | 0.0002 |      24 B |          NA |
| DirectCall                       | .NET 8.0  | .NET 8.0  | Default        | Default     | Default     |   0.3490 ns |  0.0150 ns | 0.0140 ns |   1.00 |    0.05 |      - |         - |          NA |
| SendCommand_NoBehaviors          | .NET 8.0  | .NET 8.0  | Default        | Default     | Default     |  25.1712 ns |  0.1280 ns | 0.1198 ns |  72.22 |    2.81 |      - |         - |          NA |
| SendQuery_NoBehaviors            | .NET 8.0  | .NET 8.0  | Default        | Default     | Default     |  22.3941 ns |  0.0962 ns | 0.0900 ns |  64.25 |    2.49 |      - |         - |          NA |
| SendCommand_OneBehavior          | .NET 8.0  | .NET 8.0  | Default        | Default     | Default     |  46.5594 ns |  0.2579 ns | 0.2286 ns | 133.59 |    5.20 |      - |         - |          NA |
| SendCommand_FiveBehaviors        | .NET 8.0  | .NET 8.0  | Default        | Default     | Default     | 235.6657 ns |  0.8213 ns | 0.7683 ns | 676.18 |   26.18 |      - |         - |          NA |
| PublishNotification_OneHandler   | .NET 8.0  | .NET 8.0  | Default        | Default     | Default     |  51.6117 ns |  0.3773 ns | 0.3345 ns | 148.09 |    5.79 | 0.0002 |      24 B |          NA |
| PublishNotification_FiveHandlers | .NET 8.0  | .NET 8.0  | Default        | Default     | Default     | 121.3972 ns |  0.6954 ns | 0.6505 ns | 348.31 |   13.56 | 0.0014 |     120 B |          NA |
| PublishNotification_Parallel     | .NET 8.0  | .NET 8.0  | Default        | Default     | Default     | 147.7066 ns |  0.5276 ns | 0.4406 ns | 423.80 |   16.41 | 0.0024 |     200 B |          NA |
| NestedSend                       | .NET 8.0  | .NET 8.0  | Default        | Default     | Default     |  72.9361 ns |  0.3608 ns | 0.3198 ns | 209.27 |    8.13 | 0.0002 |      24 B |          NA |
| DirectCall                       | .NET 9.0  | .NET 9.0  | Default        | Default     | Default     |   0.3768 ns |  0.0240 ns | 0.0225 ns |   1.08 |    0.08 |      - |         - |          NA |
| SendCommand_NoBehaviors          | .NET 9.0  | .NET 9.0  | Default        | Default     | Default     |  20.8690 ns |  0.0933 ns | 0.0779 ns |  59.88 |    2.32 |      - |         - |          NA |
| SendQuery_NoBehaviors            | .NET 9.0  | .NET 9.0  | Default        | Default     | Default     |  15.5344 ns |  0.0819 ns | 0.0766 ns |  44.57 |    1.73 |      - |         - |          NA |
| SendCommand_OneBehavior          | .NET 9.0  | .NET 9.0  | Default        | Default     | Default     |  42.7380 ns |  0.3076 ns | 0.2878 ns | 122.62 |    4.80 |      - |         - |          NA |
| SendCommand_FiveBehaviors        | .NET 9.0  | .NET 9.0  | Default        | Default     | Default     | 185.8502 ns |  0.7703 ns | 0.6829 ns | 533.24 |   20.67 |      - |         - |          NA |
| PublishNotification_OneHandler   | .NET 9.0  | .NET 9.0  | Default        | Default     | Default     |  48.0869 ns |  0.1487 ns | 0.1391 ns | 137.97 |    5.34 | 0.0002 |      24 B |          NA |
| PublishNotification_FiveHandlers | .NET 9.0  | .NET 9.0  | Default        | Default     | Default     | 116.1198 ns |  0.4149 ns | 0.3678 ns | 333.17 |   12.90 | 0.0014 |     120 B |          NA |
| PublishNotification_Parallel     | .NET 9.0  | .NET 9.0  | Default        | Default     | Default     | 138.7207 ns |  0.5312 ns | 0.4969 ns | 398.02 |   15.42 | 0.0021 |     192 B |          NA |
| NestedSend                       | .NET 9.0  | .NET 9.0  | Default        | Default     | Default     |  69.0970 ns |  0.4590 ns | 0.4294 ns | 198.25 |    7.74 | 0.0002 |      24 B |          NA |
| DirectCall                       | ShortRun  | .NET 10.0 | 3              | 1           | 3           |   0.5922 ns |  0.5179 ns | 0.0284 ns |   1.70 |    0.09 |      - |         - |          NA |
| SendCommand_NoBehaviors          | ShortRun  | .NET 10.0 | 3              | 1           | 3           |  19.4844 ns |  3.1734 ns | 0.1739 ns |  55.91 |    2.22 |      - |         - |          NA |
| SendQuery_NoBehaviors            | ShortRun  | .NET 10.0 | 3              | 1           | 3           |  12.3619 ns |  0.4408 ns | 0.0242 ns |  35.47 |    1.38 |      - |         - |          NA |
| SendCommand_OneBehavior          | ShortRun  | .NET 10.0 | 3              | 1           | 3           |  38.6729 ns |  1.3933 ns | 0.0764 ns | 110.96 |    4.33 |      - |         - |          NA |
| SendCommand_FiveBehaviors        | ShortRun  | .NET 10.0 | 3              | 1           | 3           | 110.2120 ns |  3.1380 ns | 0.1720 ns | 316.22 |   12.32 |      - |         - |          NA |
| PublishNotification_OneHandler   | ShortRun  | .NET 10.0 | 3              | 1           | 3           |  39.9201 ns |  2.0807 ns | 0.1140 ns | 114.54 |    4.47 | 0.0002 |      24 B |          NA |
| PublishNotification_FiveHandlers | ShortRun  | .NET 10.0 | 3              | 1           | 3           |  92.3433 ns |  3.1323 ns | 0.1717 ns | 264.95 |   10.33 | 0.0014 |     120 B |          NA |
| PublishNotification_Parallel     | ShortRun  | .NET 10.0 | 3              | 1           | 3           | 117.2758 ns | 26.4245 ns | 1.4484 ns | 336.49 |   13.55 | 0.0021 |     192 B |          NA |
| NestedSend                       | ShortRun  | .NET 10.0 | 3              | 1           | 3           |  55.5180 ns |  8.4331 ns | 0.4622 ns | 159.29 |    6.30 | 0.0002 |      24 B |          NA |

// * Warnings *
ZeroMeasurement
  MediatorBenchmarks.DirectCall: ShortRun -> The method duration is indistinguishable from the empty method duration

// * Hints *
Outliers
  MediatorBenchmarks.DirectCall: .NET 10.0                       -> 2 outliers were removed (4.92 ns, 5.03 ns)
  MediatorBenchmarks.SendQuery_NoBehaviors: .NET 10.0            -> 1 outlier  was  removed (17.31 ns)
  MediatorBenchmarks.SendCommand_FiveBehaviors: .NET 10.0        -> 3 outliers were removed (116.73 ns..116.80 ns)
  MediatorBenchmarks.PublishNotification_OneHandler: .NET 10.0   -> 1 outlier  was  removed (41.74 ns)
  MediatorBenchmarks.PublishNotification_FiveHandlers: .NET 10.0 -> 1 outlier  was  removed (99.13 ns)
  MediatorBenchmarks.PublishNotification_Parallel: .NET 10.0     -> 1 outlier  was  removed, 2 outliers were detected (119.16 ns, 129.06 ns)
  MediatorBenchmarks.SendQuery_NoBehaviors: .NET 8.0             -> 1 outlier  was  detected (27.12 ns)
  MediatorBenchmarks.SendCommand_OneBehavior: .NET 8.0           -> 1 outlier  was  removed (52.41 ns)
  MediatorBenchmarks.PublishNotification_OneHandler: .NET 8.0    -> 1 outlier  was  removed (55.64 ns)
  MediatorBenchmarks.PublishNotification_Parallel: .NET 8.0      -> 2 outliers were removed (151.99 ns, 152.08 ns)
  MediatorBenchmarks.NestedSend: .NET 8.0                        -> 1 outlier  was  removed (79.89 ns)
  MediatorBenchmarks.SendCommand_NoBehaviors: .NET 9.0           -> 2 outliers were removed (26.20 ns, 26.29 ns)
  MediatorBenchmarks.SendCommand_FiveBehaviors: .NET 9.0         -> 1 outlier  was  removed, 2 outliers were detected (189.73 ns, 193.23 ns)
  MediatorBenchmarks.PublishNotification_FiveHandlers: .NET 9.0  -> 1 outlier  was  removed (120.47 ns)

// * Legends *
  Mean        : Arithmetic mean of all measurements
  Error       : Half of 99.9% confidence interval
  StdDev      : Standard deviation of all measurements
  Ratio       : Mean of the ratio distribution ([Current]/[Baseline])
  RatioSD     : Standard deviation of the ratio distribution ([Current]/[Baseline])
  Gen0        : GC Generation 0 collects per 1000 operations
  Allocated   : Allocated memory per single operation (managed only, inclusive, 1KB = 1024B)
  Alloc Ratio : Allocated memory ratio distribution ([Current]/[Baseline])
  1 ns        : 1 Nanosecond (0.000000001 sec)

// * Diagnostic Output - MemoryDiagnoser *


// ***** BenchmarkRunner: End *****
Run time: 00:11:21 (681.1 sec), executed benchmarks: 36

Global total time: 00:11:54 (714.22 sec), executed benchmarks: 36
// * Artifacts cleanup *
Artifacts cleanup is finished
