// Validating benchmarks:
//    * Job(ShortRun) doesn't have a Runtime characteristic. It's recommended to specify runtime by using WithRuntime explicitly.

// ***** BenchmarkRunner: Start   *****
// ***** Found 36 benchmark(s) in total *****
// ***** Building 3 exe(s) in Parallel: Start   *****
// ***** Done, took 00:00:24 (24.38 sec)   *****
// Found 36 benchmarks:
//   MediatorBenchmarks.DirectCall: .NET 10.0(Runtime=.NET 10.0, Toolchain=net10.0)
//   MediatorBenchmarks.SendCommand_NoBehaviors: .NET 10.0(Runtime=.NET 10.0, Toolchain=net10.0)
//   MediatorBenchmarks.SendQuery_NoBehaviors: .NET 10.0(Runtime=.NET 10.0, Toolchain=net10.0)
//   MediatorBenchmarks.SendCommand_OneBehavior: .NET 10.0(Runtime=.NET 10.0, Toolchain=net10.0)
//   MediatorBenchmarks.SendCommand_FiveBehaviors: .NET 10.0(Runtime=.NET 10.0, Toolchain=net10.0)
//   MediatorBenchmarks.PublishNotification_OneHandler: .NET 10.0(Runtime=.NET 10.0, Toolchain=net10.0)
//   MediatorBenchmarks.PublishNotification_FiveHandlers: .NET 10.0(Runtime=.NET 10.0, Toolchain=net10.0)
//   MediatorBenchmarks.PublishNotification_Parallel: .NET 10.0(Runtime=.NET 10.0, Toolchain=net10.0)
//   MediatorBenchmarks.NestedSend: .NET 10.0(Runtime=.NET 10.0, Toolchain=net10.0)
//   MediatorBenchmarks.DirectCall: .NET 8.0(Runtime=.NET 8.0, Toolchain=net8.0)
//   MediatorBenchmarks.SendCommand_NoBehaviors: .NET 8.0(Runtime=.NET 8.0, Toolchain=net8.0)
//   MediatorBenchmarks.SendQuery_NoBehaviors: .NET 8.0(Runtime=.NET 8.0, Toolchain=net8.0)
//   MediatorBenchmarks.SendCommand_OneBehavior: .NET 8.0(Runtime=.NET 8.0, Toolchain=net8.0)
//   MediatorBenchmarks.SendCommand_FiveBehaviors: .NET 8.0(Runtime=.NET 8.0, Toolchain=net8.0)
//   MediatorBenchmarks.PublishNotification_OneHandler: .NET 8.0(Runtime=.NET 8.0, Toolchain=net8.0)
//   MediatorBenchmarks.PublishNotification_FiveHandlers: .NET 8.0(Runtime=.NET 8.0, Toolchain=net8.0)
//   MediatorBenchmarks.PublishNotification_Parallel: .NET 8.0(Runtime=.NET 8.0, Toolchain=net8.0)
//   MediatorBenchmarks.NestedSend: .NET 8.0(Runtime=.NET 8.0, Toolchain=net8.0)
//   MediatorBenchmarks.DirectCall: .NET 9.0(Runtime=.NET 9.0, Toolchain=net9.0)
//   MediatorBenchmarks.SendCommand_NoBehaviors: .NET 9.0(Runtime=.NET 9.0, Toolchain=net9.0)
//   MediatorBenchmarks.SendQuery_NoBehaviors: .NET 9.0(Runtime=.NET 9.0, Toolchain=net9.0)
//   MediatorBenchmarks.SendCommand_OneBehavior: .NET 9.0(Runtime=.NET 9.0, Toolchain=net9.0)
//   MediatorBenchmarks.SendCommand_FiveBehaviors: .NET 9.0(Runtime=.NET 9.0, Toolchain=net9.0)
//   MediatorBenchmarks.PublishNotification_OneHandler: .NET 9.0(Runtime=.NET 9.0, Toolchain=net9.0)
//   MediatorBenchmarks.PublishNotification_FiveHandlers: .NET 9.0(Runtime=.NET 9.0, Toolchain=net9.0)
//   MediatorBenchmarks.PublishNotification_Parallel: .NET 9.0(Runtime=.NET 9.0, Toolchain=net9.0)
//   MediatorBenchmarks.NestedSend: .NET 9.0(Runtime=.NET 9.0, Toolchain=net9.0)
//   MediatorBenchmarks.DirectCall: ShortRun(IterationCount=3, LaunchCount=1, WarmupCount=3)
//   MediatorBenchmarks.SendCommand_NoBehaviors: ShortRun(IterationCount=3, LaunchCount=1, WarmupCount=3)
//   MediatorBenchmarks.SendQuery_NoBehaviors: ShortRun(IterationCount=3, LaunchCount=1, WarmupCount=3)
//   MediatorBenchmarks.SendCommand_OneBehavior: ShortRun(IterationCount=3, LaunchCount=1, WarmupCount=3)
//   MediatorBenchmarks.SendCommand_FiveBehaviors: ShortRun(IterationCount=3, LaunchCount=1, WarmupCount=3)
//   MediatorBenchmarks.PublishNotification_OneHandler: ShortRun(IterationCount=3, LaunchCount=1, WarmupCount=3)
//   MediatorBenchmarks.PublishNotification_FiveHandlers: ShortRun(IterationCount=3, LaunchCount=1, WarmupCount=3)
//   MediatorBenchmarks.PublishNotification_Parallel: ShortRun(IterationCount=3, LaunchCount=1, WarmupCount=3)
//   MediatorBenchmarks.NestedSend: ShortRun(IterationCount=3, LaunchCount=1, WarmupCount=3)

// **************************
// Benchmark: MediatorBenchmarks.DirectCall: .NET 10.0(Runtime=.NET 10.0, Toolchain=net10.0)
// *** Execute ***
// Launch: 1 / 1
// Execute: dotnet "EricksonLopez.Mediator.Benchmarks-.NET 10.0-1.dll" --anonymousPipes 168 169 --benchmarkName EricksonLopez.Mediator.Benchmarks.MediatorBenchmarks.DirectCall --job ".NET 10.0" --benchmarkId 0 in /home/runner/work/dotnet-mediator/dotnet-mediator/benchmarks/EricksonLopez.Mediator.Benchmarks/bin/Release/net10.0/EricksonLopez.Mediator.Benchmarks-.NET 10.0-1/bin/Release/net10.0
// Failed to set up high priority (Permission denied). In order to run benchmarks with high priority, make sure you have the right permissions.
// BeforeAnythingElse

// Benchmark Process Environment Information:
// BenchmarkDotNet v0.15.8
// Runtime=.NET 10.0.12 (10.0.12, 10.0.1226.42308), X64 RyuJIT x86-64-v4
// GC=Concurrent Workstation
// HardwareIntrinsics=AVX10v1,AVX512 BF16+FP16,AVX512 BITALG+VBMI2+VNNI+VPOPCNTDQ,AVX512 IFMA+VBMI,AVX512 F+BW+CD+DQ+VL,AVX2+BMI1+BMI2+F16C+FMA+LZCNT+MOVBE,AVX,SSE3+SSSE3+SSE4.1+SSE4.2+POPCNT,X86Base+SSE+SSE2,AES+PCLMUL,AvxVnni,SERIALIZE VectorSize=256
// Job: .NET 10.0

OverheadJitting  1: 1 op, 157397.00 ns, 157.3970 us/op
WorkloadJitting  1: 1 op, 573189.00 ns, 573.1890 us/op

OverheadJitting  2: 16 op, 327669.00 ns, 20.4793 us/op
WorkloadJitting  2: 16 op, 374858.00 ns, 23.4286 us/op

WorkloadPilot    1: 16 op, 1902.00 ns, 118.8750 ns/op
WorkloadPilot    2: 32 op, 2002.00 ns, 62.5625 ns/op
WorkloadPilot    3: 64 op, 2763.00 ns, 43.1719 ns/op
WorkloadPilot    4: 128 op, 3590.00 ns, 28.0469 ns/op
WorkloadPilot    5: 256 op, 6089.00 ns, 23.7852 ns/op
WorkloadPilot    6: 512 op, 14355.00 ns, 28.0371 ns/op
WorkloadPilot    7: 1024 op, 22165.00 ns, 21.6455 ns/op
WorkloadPilot    8: 2048 op, 43432.00 ns, 21.2070 ns/op
WorkloadPilot    9: 4096 op, 90135.00 ns, 22.0056 ns/op
WorkloadPilot   10: 8192 op, 170853.00 ns, 20.8561 ns/op
WorkloadPilot   11: 16384 op, 358946.00 ns, 21.9083 ns/op
WorkloadPilot   12: 32768 op, 699433.00 ns, 21.3450 ns/op
WorkloadPilot   13: 65536 op, 1390514.00 ns, 21.2176 ns/op
WorkloadPilot   14: 131072 op, 2770851.00 ns, 21.1399 ns/op
WorkloadPilot   15: 262144 op, 5526944.00 ns, 21.0836 ns/op
WorkloadPilot   16: 524288 op, 11029081.00 ns, 21.0363 ns/op
WorkloadPilot   17: 1048576 op, 21941279.00 ns, 20.9248 ns/op
WorkloadPilot   18: 2097152 op, 46957961.00 ns, 22.3913 ns/op
WorkloadPilot   19: 4194304 op, 19173241.00 ns, 4.5713 ns/op
WorkloadPilot   20: 8388608 op, 21768387.00 ns, 2.5950 ns/op
WorkloadPilot   21: 16777216 op, 43393822.00 ns, 2.5865 ns/op
WorkloadPilot   22: 33554432 op, 86849971.00 ns, 2.5883 ns/op
WorkloadPilot   23: 67108864 op, 174052021.00 ns, 2.5936 ns/op
WorkloadPilot   24: 134217728 op, 347000933.00 ns, 2.5854 ns/op
WorkloadPilot   25: 268435456 op, 694586424.00 ns, 2.5875 ns/op

OverheadWarmup   1: 268435456 op, 673227240.00 ns, 2.5080 ns/op
OverheadWarmup   2: 268435456 op, 631847663.00 ns, 2.3538 ns/op
OverheadWarmup   3: 268435456 op, 625580812.00 ns, 2.3305 ns/op
OverheadWarmup   4: 268435456 op, 625238955.00 ns, 2.3292 ns/op
OverheadWarmup   5: 268435456 op, 627515257.00 ns, 2.3377 ns/op
OverheadWarmup   6: 268435456 op, 626133362.00 ns, 2.3325 ns/op
OverheadWarmup   7: 268435456 op, 625801247.00 ns, 2.3313 ns/op
OverheadWarmup   8: 268435456 op, 628924953.00 ns, 2.3429 ns/op
OverheadWarmup   9: 268435456 op, 625574076.00 ns, 2.3304 ns/op

OverheadActual   1: 268435456 op, 625385577.00 ns, 2.3297 ns/op
OverheadActual   2: 268435456 op, 624792718.00 ns, 2.3275 ns/op
OverheadActual   3: 268435456 op, 624861761.00 ns, 2.3278 ns/op
OverheadActual   4: 268435456 op, 625696129.00 ns, 2.3309 ns/op
OverheadActual   5: 268435456 op, 644819135.00 ns, 2.4021 ns/op
OverheadActual   6: 268435456 op, 654665250.00 ns, 2.4388 ns/op
OverheadActual   7: 268435456 op, 650798581.00 ns, 2.4244 ns/op
OverheadActual   8: 268435456 op, 640819975.00 ns, 2.3872 ns/op
OverheadActual   9: 268435456 op, 641452495.00 ns, 2.3896 ns/op
OverheadActual  10: 268435456 op, 640725414.00 ns, 2.3869 ns/op
OverheadActual  11: 268435456 op, 640789072.00 ns, 2.3871 ns/op
OverheadActual  12: 268435456 op, 640942036.00 ns, 2.3877 ns/op
OverheadActual  13: 268435456 op, 641842507.00 ns, 2.3910 ns/op
OverheadActual  14: 268435456 op, 641408126.00 ns, 2.3894 ns/op
OverheadActual  15: 268435456 op, 642070752.00 ns, 2.3919 ns/op

WorkloadWarmup   1: 268435456 op, 695819954.00 ns, 2.5921 ns/op
WorkloadWarmup   2: 268435456 op, 694171858.00 ns, 2.5860 ns/op
WorkloadWarmup   3: 268435456 op, 693798946.00 ns, 2.5846 ns/op
WorkloadWarmup   4: 268435456 op, 694071080.00 ns, 2.5856 ns/op
WorkloadWarmup   5: 268435456 op, 693732271.00 ns, 2.5844 ns/op
WorkloadWarmup   6: 268435456 op, 694166742.00 ns, 2.5860 ns/op
WorkloadWarmup   7: 268435456 op, 693843874.00 ns, 2.5848 ns/op

// BeforeActualRun
WorkloadActual   1: 268435456 op, 694157463.00 ns, 2.5859 ns/op
WorkloadActual   2: 268435456 op, 694132413.00 ns, 2.5858 ns/op
WorkloadActual   3: 268435456 op, 693866612.00 ns, 2.5849 ns/op
WorkloadActual   4: 268435456 op, 694022788.00 ns, 2.5854 ns/op
WorkloadActual   5: 268435456 op, 695771964.00 ns, 2.5920 ns/op
WorkloadActual   6: 268435456 op, 694867896.00 ns, 2.5886 ns/op
WorkloadActual   7: 268435456 op, 694950987.00 ns, 2.5889 ns/op
WorkloadActual   8: 268435456 op, 693685632.00 ns, 2.5842 ns/op
WorkloadActual   9: 268435456 op, 694205128.00 ns, 2.5861 ns/op
WorkloadActual  10: 268435456 op, 693754706.00 ns, 2.5844 ns/op
WorkloadActual  11: 268435456 op, 693693009.00 ns, 2.5842 ns/op
WorkloadActual  12: 268435456 op, 694509366.00 ns, 2.5872 ns/op
WorkloadActual  13: 268435456 op, 695138623.00 ns, 2.5896 ns/op
WorkloadActual  14: 268435456 op, 693697704.00 ns, 2.5842 ns/op
WorkloadActual  15: 268435456 op, 693589286.00 ns, 2.5838 ns/op

// AfterActualRun
WorkloadResult   1: 268435456 op, 53215427.00 ns, 0.1982 ns/op
WorkloadResult   2: 268435456 op, 53190377.00 ns, 0.1981 ns/op
WorkloadResult   3: 268435456 op, 52924576.00 ns, 0.1972 ns/op
WorkloadResult   4: 268435456 op, 53080752.00 ns, 0.1977 ns/op
WorkloadResult   5: 268435456 op, 54829928.00 ns, 0.2043 ns/op
WorkloadResult   6: 268435456 op, 53925860.00 ns, 0.2009 ns/op
WorkloadResult   7: 268435456 op, 54008951.00 ns, 0.2012 ns/op
WorkloadResult   8: 268435456 op, 52743596.00 ns, 0.1965 ns/op
WorkloadResult   9: 268435456 op, 53263092.00 ns, 0.1984 ns/op
WorkloadResult  10: 268435456 op, 52812670.00 ns, 0.1967 ns/op
WorkloadResult  11: 268435456 op, 52750973.00 ns, 0.1965 ns/op
WorkloadResult  12: 268435456 op, 53567330.00 ns, 0.1996 ns/op
WorkloadResult  13: 268435456 op, 54196587.00 ns, 0.2019 ns/op
WorkloadResult  14: 268435456 op, 52755668.00 ns, 0.1965 ns/op
WorkloadResult  15: 268435456 op, 52647250.00 ns, 0.1961 ns/op
// GC:  0 0 0 0 268435456
// Threading:  0 0 268435456

// AfterAll
// Benchmark Process 4256 has exited with code 0.

Mean = 0.199 ns, StdErr = 0.001 ns (0.31%), N = 15, StdDev = 0.002 ns
Min = 0.196 ns, Q1 = 0.197 ns, Median = 0.198 ns, Q3 = 0.200 ns, Max = 0.204 ns
IQR = 0.004 ns, LowerFence = 0.191 ns, UpperFence = 0.206 ns
ConfidenceInterval = [0.196 ns; 0.201 ns] (CI 99.9%), Margin = 0.003 ns (1.30% of Mean)
Skewness = 0.85, Kurtosis = 2.52, MValue = 2

// ** Remained 35 (97.2 %) benchmark(s) to run. Estimated finish 2026-09-27 7:36 (0h 19m from now) **
// **************************
// Benchmark: MediatorBenchmarks.SendCommand_NoBehaviors: .NET 10.0(Runtime=.NET 10.0, Toolchain=net10.0)
// *** Execute ***
// Launch: 1 / 1
// Execute: dotnet "EricksonLopez.Mediator.Benchmarks-.NET 10.0-1.dll" --anonymousPipes 168 169 --benchmarkName EricksonLopez.Mediator.Benchmarks.MediatorBenchmarks.SendCommand_NoBehaviors --job ".NET 10.0" --benchmarkId 1 in /home/runner/work/dotnet-mediator/dotnet-mediator/benchmarks/EricksonLopez.Mediator.Benchmarks/bin/Release/net10.0/EricksonLopez.Mediator.Benchmarks-.NET 10.0-1/bin/Release/net10.0
// Failed to set up high priority (Permission denied). In order to run benchmarks with high priority, make sure you have the right permissions.
// BeforeAnythingElse

// Benchmark Process Environment Information:
// BenchmarkDotNet v0.15.8
// Runtime=.NET 10.0.12 (10.0.12, 10.0.1226.42308), X64 RyuJIT x86-64-v4
// GC=Concurrent Workstation
// HardwareIntrinsics=AVX10v1,AVX512 BF16+FP16,AVX512 BITALG+VBMI2+VNNI+VPOPCNTDQ,AVX512 IFMA+VBMI,AVX512 F+BW+CD+DQ+VL,AVX2+BMI1+BMI2+F16C+FMA+LZCNT+MOVBE,AVX,SSE3+SSSE3+SSE4.1+SSE4.2+POPCNT,X86Base+SSE+SSE2,AES+PCLMUL,AvxVnni,SERIALIZE VectorSize=256
// Job: .NET 10.0

OverheadJitting  1: 1 op, 172582.00 ns, 172.5820 us/op
WorkloadJitting  1: 1 op, 1050791.00 ns, 1.0508 ms/op

OverheadJitting  2: 16 op, 385272.00 ns, 24.0795 us/op
WorkloadJitting  2: 16 op, 372272.00 ns, 23.2670 us/op

WorkloadPilot    1: 16 op, 6991.00 ns, 436.9375 ns/op
WorkloadPilot    2: 32 op, 7469.00 ns, 233.4063 ns/op
WorkloadPilot    3: 64 op, 12639.00 ns, 197.4844 ns/op
WorkloadPilot    4: 128 op, 18897.00 ns, 147.6328 ns/op
WorkloadPilot    5: 256 op, 47893.00 ns, 187.0820 ns/op
WorkloadPilot    6: 512 op, 49410.00 ns, 96.5039 ns/op
WorkloadPilot    7: 1024 op, 96498.00 ns, 94.2363 ns/op
WorkloadPilot    8: 2048 op, 189744.00 ns, 92.6484 ns/op
WorkloadPilot    9: 4096 op, 356979.00 ns, 87.1531 ns/op
WorkloadPilot   10: 8192 op, 791137.00 ns, 96.5743 ns/op
WorkloadPilot   11: 16384 op, 1502320.00 ns, 91.6943 ns/op
WorkloadPilot   12: 32768 op, 3010412.00 ns, 91.8705 ns/op
WorkloadPilot   13: 65536 op, 5907966.00 ns, 90.1484 ns/op
WorkloadPilot   14: 131072 op, 11798425.00 ns, 90.0148 ns/op
WorkloadPilot   15: 262144 op, 23386328.00 ns, 89.2118 ns/op
WorkloadPilot   16: 524288 op, 46795214.00 ns, 89.2548 ns/op
WorkloadPilot   17: 1048576 op, 37596540.00 ns, 35.8549 ns/op
WorkloadPilot   18: 2097152 op, 35080211.00 ns, 16.7275 ns/op
WorkloadPilot   19: 4194304 op, 70429617.00 ns, 16.7917 ns/op
WorkloadPilot   20: 8388608 op, 140896065.00 ns, 16.7961 ns/op
WorkloadPilot   21: 16777216 op, 285486898.00 ns, 17.0163 ns/op
WorkloadPilot   22: 33554432 op, 562017692.00 ns, 16.7494 ns/op

OverheadWarmup   1: 33554432 op, 102986207.00 ns, 3.0692 ns/op
OverheadWarmup   2: 33554432 op, 103939676.00 ns, 3.0976 ns/op
OverheadWarmup   3: 33554432 op, 79948815.00 ns, 2.3827 ns/op
OverheadWarmup   4: 33554432 op, 80112090.00 ns, 2.3875 ns/op
OverheadWarmup   5: 33554432 op, 80135697.00 ns, 2.3882 ns/op
OverheadWarmup   6: 33554432 op, 78851343.00 ns, 2.3500 ns/op

OverheadActual   1: 33554432 op, 79019944.00 ns, 2.3550 ns/op
OverheadActual   2: 33554432 op, 78926995.00 ns, 2.3522 ns/op
OverheadActual   3: 33554432 op, 78714218.00 ns, 2.3459 ns/op
OverheadActual   4: 33554432 op, 79014215.00 ns, 2.3548 ns/op
OverheadActual   5: 33554432 op, 78880839.00 ns, 2.3508 ns/op
OverheadActual   6: 33554432 op, 78678766.00 ns, 2.3448 ns/op
OverheadActual   7: 33554432 op, 78586950.00 ns, 2.3421 ns/op
OverheadActual   8: 33554432 op, 79119021.00 ns, 2.3579 ns/op
OverheadActual   9: 33554432 op, 78995998.00 ns, 2.3543 ns/op
OverheadActual  10: 33554432 op, 78774345.00 ns, 2.3477 ns/op
OverheadActual  11: 33554432 op, 79206932.00 ns, 2.3606 ns/op
OverheadActual  12: 33554432 op, 83197309.00 ns, 2.4795 ns/op
OverheadActual  13: 33554432 op, 78698225.00 ns, 2.3454 ns/op
OverheadActual  14: 33554432 op, 78961526.00 ns, 2.3532 ns/op
OverheadActual  15: 33554432 op, 79261366.00 ns, 2.3622 ns/op

WorkloadWarmup   1: 33554432 op, 569085245.00 ns, 16.9601 ns/op
WorkloadWarmup   2: 33554432 op, 563145792.00 ns, 16.7831 ns/op
WorkloadWarmup   3: 33554432 op, 562893096.00 ns, 16.7755 ns/op
WorkloadWarmup   4: 33554432 op, 567240013.00 ns, 16.9051 ns/op
WorkloadWarmup   5: 33554432 op, 563571502.00 ns, 16.7957 ns/op
WorkloadWarmup   6: 33554432 op, 563641024.00 ns, 16.7978 ns/op
WorkloadWarmup   7: 33554432 op, 567580917.00 ns, 16.9152 ns/op
WorkloadWarmup   8: 33554432 op, 566672273.00 ns, 16.8881 ns/op

// BeforeActualRun
WorkloadActual   1: 33554432 op, 563693752.00 ns, 16.7994 ns/op
WorkloadActual   2: 33554432 op, 562618866.00 ns, 16.7673 ns/op
WorkloadActual   3: 33554432 op, 563490281.00 ns, 16.7933 ns/op
WorkloadActual   4: 33554432 op, 562810623.00 ns, 16.7731 ns/op
WorkloadActual   5: 33554432 op, 562160453.00 ns, 16.7537 ns/op
WorkloadActual   6: 33554432 op, 563726413.00 ns, 16.8004 ns/op
WorkloadActual   7: 33554432 op, 562896670.00 ns, 16.7756 ns/op
WorkloadActual   8: 33554432 op, 562444069.00 ns, 16.7621 ns/op
WorkloadActual   9: 33554432 op, 562751086.00 ns, 16.7713 ns/op
WorkloadActual  10: 33554432 op, 564143864.00 ns, 16.8128 ns/op
WorkloadActual  11: 33554432 op, 598329207.00 ns, 17.8316 ns/op
WorkloadActual  12: 33554432 op, 580463909.00 ns, 17.2992 ns/op
WorkloadActual  13: 33554432 op, 563190017.00 ns, 16.7844 ns/op
WorkloadActual  14: 33554432 op, 563052346.00 ns, 16.7803 ns/op
WorkloadActual  15: 33554432 op, 562101770.00 ns, 16.7519 ns/op

// AfterActualRun
WorkloadResult   1: 33554432 op, 484732226.00 ns, 14.4461 ns/op
WorkloadResult   2: 33554432 op, 483657340.00 ns, 14.4141 ns/op
WorkloadResult   3: 33554432 op, 484528755.00 ns, 14.4401 ns/op
WorkloadResult   4: 33554432 op, 483849097.00 ns, 14.4198 ns/op
WorkloadResult   5: 33554432 op, 483198927.00 ns, 14.4005 ns/op
WorkloadResult   6: 33554432 op, 484764887.00 ns, 14.4471 ns/op
WorkloadResult   7: 33554432 op, 483935144.00 ns, 14.4224 ns/op
WorkloadResult   8: 33554432 op, 483482543.00 ns, 14.4089 ns/op
WorkloadResult   9: 33554432 op, 483789560.00 ns, 14.4181 ns/op
WorkloadResult  10: 33554432 op, 485182338.00 ns, 14.4596 ns/op
WorkloadResult  11: 33554432 op, 484228491.00 ns, 14.4311 ns/op
WorkloadResult  12: 33554432 op, 484090820.00 ns, 14.4270 ns/op
WorkloadResult  13: 33554432 op, 483140244.00 ns, 14.3987 ns/op
// GC:  0 0 0 0 33554432
// Threading:  0 0 33554432

// AfterAll
// Benchmark Process 4292 has exited with code 0.

Mean = 14.426 ns, StdErr = 0.005 ns (0.04%), N = 13, StdDev = 0.019 ns
Min = 14.399 ns, Q1 = 14.414 ns, Median = 14.422 ns, Q3 = 14.440 ns, Max = 14.460 ns
IQR = 0.026 ns, LowerFence = 14.375 ns, UpperFence = 14.479 ns
ConfidenceInterval = [14.403 ns; 14.448 ns] (CI 99.9%), Margin = 0.022 ns (0.15% of Mean)
Skewness = 0.22, Kurtosis = 1.79, MValue = 2

// ** Remained 34 (94.4 %) benchmark(s) to run. Estimated finish 2026-09-27 7:31 (0h 14m from now) **
// **************************
// Benchmark: MediatorBenchmarks.SendQuery_NoBehaviors: .NET 10.0(Runtime=.NET 10.0, Toolchain=net10.0)
// *** Execute ***
// Launch: 1 / 1
// Execute: dotnet "EricksonLopez.Mediator.Benchmarks-.NET 10.0-1.dll" --anonymousPipes 168 169 --benchmarkName EricksonLopez.Mediator.Benchmarks.MediatorBenchmarks.SendQuery_NoBehaviors --job ".NET 10.0" --benchmarkId 2 in /home/runner/work/dotnet-mediator/dotnet-mediator/benchmarks/EricksonLopez.Mediator.Benchmarks/bin/Release/net10.0/EricksonLopez.Mediator.Benchmarks-.NET 10.0-1/bin/Release/net10.0
// Failed to set up high priority (Permission denied). In order to run benchmarks with high priority, make sure you have the right permissions.
// BeforeAnythingElse

// Benchmark Process Environment Information:
// BenchmarkDotNet v0.15.8
// Runtime=.NET 10.0.12 (10.0.12, 10.0.1226.42308), X64 RyuJIT x86-64-v4
// GC=Concurrent Workstation
// HardwareIntrinsics=AVX10v1,AVX512 BF16+FP16,AVX512 BITALG+VBMI2+VNNI+VPOPCNTDQ,AVX512 IFMA+VBMI,AVX512 F+BW+CD+DQ+VL,AVX2+BMI1+BMI2+F16C+FMA+LZCNT+MOVBE,AVX,SSE3+SSSE3+SSE4.1+SSE4.2+POPCNT,X86Base+SSE+SSE2,AES+PCLMUL,AvxVnni,SERIALIZE VectorSize=256
// Job: .NET 10.0

OverheadJitting  1: 1 op, 155449.00 ns, 155.4490 us/op
WorkloadJitting  1: 1 op, 899335.00 ns, 899.3350 us/op

OverheadJitting  2: 16 op, 360814.00 ns, 22.5509 us/op
WorkloadJitting  2: 16 op, 370688.00 ns, 23.1680 us/op

WorkloadPilot    1: 16 op, 6436.00 ns, 402.2500 ns/op
WorkloadPilot    2: 32 op, 7288.00 ns, 227.7500 ns/op
WorkloadPilot    3: 64 op, 8187.00 ns, 127.9219 ns/op
WorkloadPilot    4: 128 op, 13068.00 ns, 102.0938 ns/op
WorkloadPilot    5: 256 op, 32550.00 ns, 127.1484 ns/op
WorkloadPilot    6: 512 op, 49019.00 ns, 95.7402 ns/op
WorkloadPilot    7: 1024 op, 90881.00 ns, 88.7510 ns/op
WorkloadPilot    8: 2048 op, 186710.00 ns, 91.1670 ns/op
WorkloadPilot    9: 4096 op, 367831.00 ns, 89.8025 ns/op
WorkloadPilot   10: 8192 op, 734843.00 ns, 89.7025 ns/op
WorkloadPilot   11: 16384 op, 1420152.00 ns, 86.6792 ns/op
WorkloadPilot   12: 32768 op, 2764448.00 ns, 84.3643 ns/op
WorkloadPilot   13: 65536 op, 5479314.00 ns, 83.6077 ns/op
WorkloadPilot   14: 131072 op, 10933308.00 ns, 83.4145 ns/op
WorkloadPilot   15: 262144 op, 21741807.00 ns, 82.9384 ns/op
WorkloadPilot   16: 524288 op, 43246034.00 ns, 82.4853 ns/op
WorkloadPilot   17: 1048576 op, 35237870.00 ns, 33.6055 ns/op
WorkloadPilot   18: 2097152 op, 23629878.00 ns, 11.2676 ns/op
WorkloadPilot   19: 4194304 op, 47088759.00 ns, 11.2268 ns/op
WorkloadPilot   20: 8388608 op, 94274736.00 ns, 11.2384 ns/op
WorkloadPilot   21: 16777216 op, 188646161.00 ns, 11.2442 ns/op
WorkloadPilot   22: 33554432 op, 378237789.00 ns, 11.2724 ns/op
WorkloadPilot   23: 67108864 op, 754581429.00 ns, 11.2441 ns/op

OverheadWarmup   1: 67108864 op, 203968861.00 ns, 3.0394 ns/op
OverheadWarmup   2: 67108864 op, 158100577.00 ns, 2.3559 ns/op
OverheadWarmup   3: 67108864 op, 158157188.00 ns, 2.3567 ns/op
OverheadWarmup   4: 67108864 op, 157824289.00 ns, 2.3518 ns/op
OverheadWarmup   5: 67108864 op, 158785323.00 ns, 2.3661 ns/op
OverheadWarmup   6: 67108864 op, 158050933.00 ns, 2.3551 ns/op

OverheadActual   1: 67108864 op, 158287698.00 ns, 2.3587 ns/op
OverheadActual   2: 67108864 op, 158357573.00 ns, 2.3597 ns/op
OverheadActual   3: 67108864 op, 158289538.00 ns, 2.3587 ns/op
OverheadActual   4: 67108864 op, 158146134.00 ns, 2.3566 ns/op
OverheadActual   5: 67108864 op, 158145817.00 ns, 2.3566 ns/op
OverheadActual   6: 67108864 op, 160657933.00 ns, 2.3940 ns/op
OverheadActual   7: 67108864 op, 159767186.00 ns, 2.3807 ns/op
OverheadActual   8: 67108864 op, 158528685.00 ns, 2.3623 ns/op
OverheadActual   9: 67108864 op, 158343621.00 ns, 2.3595 ns/op
OverheadActual  10: 67108864 op, 159044319.00 ns, 2.3699 ns/op
OverheadActual  11: 67108864 op, 158706892.00 ns, 2.3649 ns/op
OverheadActual  12: 67108864 op, 158368417.00 ns, 2.3599 ns/op
OverheadActual  13: 67108864 op, 158523093.00 ns, 2.3622 ns/op
OverheadActual  14: 67108864 op, 158326197.00 ns, 2.3592 ns/op
OverheadActual  15: 67108864 op, 158126184.00 ns, 2.3563 ns/op

WorkloadWarmup   1: 67108864 op, 755457672.00 ns, 11.2572 ns/op
WorkloadWarmup   2: 67108864 op, 756535073.00 ns, 11.2733 ns/op
WorkloadWarmup   3: 67108864 op, 754385454.00 ns, 11.2412 ns/op
WorkloadWarmup   4: 67108864 op, 761121100.00 ns, 11.3416 ns/op
WorkloadWarmup   5: 67108864 op, 776465339.00 ns, 11.5702 ns/op
WorkloadWarmup   6: 67108864 op, 754011494.00 ns, 11.2356 ns/op

// BeforeActualRun
WorkloadActual   1: 67108864 op, 755548594.00 ns, 11.2586 ns/op
WorkloadActual   2: 67108864 op, 755095532.00 ns, 11.2518 ns/op
WorkloadActual   3: 67108864 op, 764267198.00 ns, 11.3885 ns/op
WorkloadActual   4: 67108864 op, 786026623.00 ns, 11.7127 ns/op
WorkloadActual   5: 67108864 op, 782234045.00 ns, 11.6562 ns/op
WorkloadActual   6: 67108864 op, 774482185.00 ns, 11.5407 ns/op
WorkloadActual   7: 67108864 op, 761627855.00 ns, 11.3491 ns/op
WorkloadActual   8: 67108864 op, 754912739.00 ns, 11.2491 ns/op
WorkloadActual   9: 67108864 op, 757496854.00 ns, 11.2876 ns/op
WorkloadActual  10: 67108864 op, 756385284.00 ns, 11.2710 ns/op
WorkloadActual  11: 67108864 op, 754192048.00 ns, 11.2383 ns/op
WorkloadActual  12: 67108864 op, 765646986.00 ns, 11.4090 ns/op
WorkloadActual  13: 67108864 op, 790268029.00 ns, 11.7759 ns/op
WorkloadActual  14: 67108864 op, 762674257.00 ns, 11.3647 ns/op
WorkloadActual  15: 67108864 op, 794724013.00 ns, 11.8423 ns/op

// AfterActualRun
WorkloadResult   1: 67108864 op, 597191021.00 ns, 8.8988 ns/op
WorkloadResult   2: 67108864 op, 596737959.00 ns, 8.8921 ns/op
WorkloadResult   3: 67108864 op, 605909625.00 ns, 9.0288 ns/op
WorkloadResult   4: 67108864 op, 627669050.00 ns, 9.3530 ns/op
WorkloadResult   5: 67108864 op, 623876472.00 ns, 9.2965 ns/op
WorkloadResult   6: 67108864 op, 616124612.00 ns, 9.1810 ns/op
WorkloadResult   7: 67108864 op, 603270282.00 ns, 8.9894 ns/op
WorkloadResult   8: 67108864 op, 596555166.00 ns, 8.8894 ns/op
WorkloadResult   9: 67108864 op, 599139281.00 ns, 8.9279 ns/op
WorkloadResult  10: 67108864 op, 598027711.00 ns, 8.9113 ns/op
WorkloadResult  11: 67108864 op, 595834475.00 ns, 8.8786 ns/op
WorkloadResult  12: 67108864 op, 607289413.00 ns, 9.0493 ns/op
WorkloadResult  13: 67108864 op, 631910456.00 ns, 9.4162 ns/op
WorkloadResult  14: 67108864 op, 604316684.00 ns, 9.0050 ns/op
WorkloadResult  15: 67108864 op, 636366440.00 ns, 9.4826 ns/op
// GC:  0 0 0 0 67108864
// Threading:  0 0 67108864

// AfterAll
// Benchmark Process 4312 has exited with code 0.

Mean = 9.080 ns, StdErr = 0.054 ns (0.60%), N = 15, StdDev = 0.211 ns
Min = 8.879 ns, Q1 = 8.905 ns, Median = 9.005 ns, Q3 = 9.239 ns, Max = 9.483 ns
IQR = 0.334 ns, LowerFence = 8.405 ns, UpperFence = 9.739 ns
ConfidenceInterval = [8.855 ns; 9.305 ns] (CI 99.9%), Margin = 0.225 ns (2.48% of Mean)
Skewness = 0.7, Kurtosis = 1.82, MValue = 2.6

// ** Remained 33 (91.7 %) benchmark(s) to run. Estimated finish 2026-09-27 7:30 (0h 13m from now) **
// **************************
// Benchmark: MediatorBenchmarks.SendCommand_OneBehavior: .NET 10.0(Runtime=.NET 10.0, Toolchain=net10.0)
// *** Execute ***
// Launch: 1 / 1
// Execute: dotnet "EricksonLopez.Mediator.Benchmarks-.NET 10.0-1.dll" --anonymousPipes 168 169 --benchmarkName EricksonLopez.Mediator.Benchmarks.MediatorBenchmarks.SendCommand_OneBehavior --job ".NET 10.0" --benchmarkId 3 in /home/runner/work/dotnet-mediator/dotnet-mediator/benchmarks/EricksonLopez.Mediator.Benchmarks/bin/Release/net10.0/EricksonLopez.Mediator.Benchmarks-.NET 10.0-1/bin/Release/net10.0
// Failed to set up high priority (Permission denied). In order to run benchmarks with high priority, make sure you have the right permissions.
// BeforeAnythingElse

// Benchmark Process Environment Information:
// BenchmarkDotNet v0.15.8
// Runtime=.NET 10.0.12 (10.0.12, 10.0.1226.42308), X64 RyuJIT x86-64-v4
// GC=Concurrent Workstation
// HardwareIntrinsics=AVX10v1,AVX512 BF16+FP16,AVX512 BITALG+VBMI2+VNNI+VPOPCNTDQ,AVX512 IFMA+VBMI,AVX512 F+BW+CD+DQ+VL,AVX2+BMI1+BMI2+F16C+FMA+LZCNT+MOVBE,AVX,SSE3+SSSE3+SSE4.1+SSE4.2+POPCNT,X86Base+SSE+SSE2,AES+PCLMUL,AvxVnni,SERIALIZE VectorSize=256
// Job: .NET 10.0

OverheadJitting  1: 1 op, 194179.00 ns, 194.1790 us/op
WorkloadJitting  1: 1 op, 1708773.00 ns, 1.7088 ms/op

OverheadJitting  2: 16 op, 350840.00 ns, 21.9275 us/op
WorkloadJitting  2: 16 op, 384366.00 ns, 24.0229 us/op

WorkloadPilot    1: 16 op, 11438.00 ns, 714.8750 ns/op
WorkloadPilot    2: 32 op, 16664.00 ns, 520.7500 ns/op
WorkloadPilot    3: 64 op, 29461.00 ns, 460.3281 ns/op
WorkloadPilot    4: 128 op, 45383.00 ns, 354.5547 ns/op
WorkloadPilot    5: 256 op, 92609.00 ns, 361.7539 ns/op
WorkloadPilot    6: 512 op, 177950.00 ns, 347.5586 ns/op
WorkloadPilot    7: 1024 op, 355197.00 ns, 346.8721 ns/op
WorkloadPilot    8: 2048 op, 697976.00 ns, 340.8086 ns/op
WorkloadPilot    9: 4096 op, 1431034.00 ns, 349.3735 ns/op
WorkloadPilot   10: 8192 op, 2903910.00 ns, 354.4812 ns/op
WorkloadPilot   11: 16384 op, 5621927.00 ns, 343.1352 ns/op
WorkloadPilot   12: 32768 op, 11242603.00 ns, 343.0970 ns/op
WorkloadPilot   13: 65536 op, 22246956.00 ns, 339.4616 ns/op
WorkloadPilot   14: 131072 op, 44180773.00 ns, 337.0725 ns/op
WorkloadPilot   15: 262144 op, 37256632.00 ns, 142.1228 ns/op
WorkloadPilot   16: 524288 op, 15108263.00 ns, 28.8167 ns/op
WorkloadPilot   17: 1048576 op, 30269916.00 ns, 28.8676 ns/op
WorkloadPilot   18: 2097152 op, 60088718.00 ns, 28.6525 ns/op
WorkloadPilot   19: 4194304 op, 118903742.00 ns, 28.3489 ns/op
WorkloadPilot   20: 8388608 op, 231051113.00 ns, 27.5434 ns/op
WorkloadPilot   21: 16777216 op, 493599266.00 ns, 29.4208 ns/op
WorkloadPilot   22: 33554432 op, 940993375.00 ns, 28.0438 ns/op

OverheadWarmup   1: 33554432 op, 103501359.00 ns, 3.0846 ns/op
OverheadWarmup   2: 33554432 op, 102749055.00 ns, 3.0622 ns/op
OverheadWarmup   3: 33554432 op, 78750571.00 ns, 2.3469 ns/op
OverheadWarmup   4: 33554432 op, 79342972.00 ns, 2.3646 ns/op
OverheadWarmup   5: 33554432 op, 78842454.00 ns, 2.3497 ns/op
OverheadWarmup   6: 33554432 op, 78530588.00 ns, 2.3404 ns/op
OverheadWarmup   7: 33554432 op, 79223473.00 ns, 2.3610 ns/op
OverheadWarmup   8: 33554432 op, 78958324.00 ns, 2.3531 ns/op

OverheadActual   1: 33554432 op, 78946261.00 ns, 2.3528 ns/op
OverheadActual   2: 33554432 op, 78782279.00 ns, 2.3479 ns/op
OverheadActual   3: 33554432 op, 79146997.00 ns, 2.3588 ns/op
OverheadActual   4: 33554432 op, 82660286.00 ns, 2.4635 ns/op
OverheadActual   5: 33554432 op, 90747691.00 ns, 2.7045 ns/op
OverheadActual   6: 33554432 op, 88650839.00 ns, 2.6420 ns/op
OverheadActual   7: 33554432 op, 84143880.00 ns, 2.5077 ns/op
OverheadActual   8: 33554432 op, 81376221.00 ns, 2.4252 ns/op
OverheadActual   9: 33554432 op, 82469549.00 ns, 2.4578 ns/op
OverheadActual  10: 33554432 op, 83657922.00 ns, 2.4932 ns/op
OverheadActual  11: 33554432 op, 92517238.00 ns, 2.7572 ns/op
OverheadActual  12: 33554432 op, 87718427.00 ns, 2.6142 ns/op
OverheadActual  13: 33554432 op, 84407179.00 ns, 2.5155 ns/op
OverheadActual  14: 33554432 op, 82234705.00 ns, 2.4508 ns/op
OverheadActual  15: 33554432 op, 82091754.00 ns, 2.4465 ns/op
OverheadActual  16: 33554432 op, 79016640.00 ns, 2.3549 ns/op
OverheadActual  17: 33554432 op, 78692648.00 ns, 2.3452 ns/op

WorkloadWarmup   1: 33554432 op, 919589138.00 ns, 27.4059 ns/op
WorkloadWarmup   2: 33554432 op, 969424374.00 ns, 28.8911 ns/op
WorkloadWarmup   3: 33554432 op, 922664225.00 ns, 27.4975 ns/op
WorkloadWarmup   4: 33554432 op, 914166292.00 ns, 27.2443 ns/op
WorkloadWarmup   5: 33554432 op, 917179859.00 ns, 27.3341 ns/op
WorkloadWarmup   6: 33554432 op, 916146412.00 ns, 27.3033 ns/op

// BeforeActualRun
WorkloadActual   1: 33554432 op, 908468661.00 ns, 27.0745 ns/op
WorkloadActual   2: 33554432 op, 912578895.00 ns, 27.1970 ns/op
WorkloadActual   3: 33554432 op, 918500003.00 ns, 27.3734 ns/op
WorkloadActual   4: 33554432 op, 970952385.00 ns, 28.9366 ns/op
WorkloadActual   5: 33554432 op, 958087211.00 ns, 28.5532 ns/op
WorkloadActual   6: 33554432 op, 928492472.00 ns, 27.6712 ns/op
WorkloadActual   7: 33554432 op, 966069335.00 ns, 28.7911 ns/op
WorkloadActual   8: 33554432 op, 948557313.00 ns, 28.2692 ns/op
WorkloadActual   9: 33554432 op, 917899813.00 ns, 27.3555 ns/op
WorkloadActual  10: 33554432 op, 913955959.00 ns, 27.2380 ns/op
WorkloadActual  11: 33554432 op, 915131882.00 ns, 27.2731 ns/op
WorkloadActual  12: 33554432 op, 911843475.00 ns, 27.1751 ns/op
WorkloadActual  13: 33554432 op, 922875917.00 ns, 27.5038 ns/op
WorkloadActual  14: 33554432 op, 917317242.00 ns, 27.3382 ns/op
WorkloadActual  15: 33554432 op, 920573577.00 ns, 27.4352 ns/op
WorkloadActual  16: 33554432 op, 915312508.00 ns, 27.2784 ns/op
WorkloadActual  17: 33554432 op, 920427462.00 ns, 27.4309 ns/op

// AfterActualRun
WorkloadResult   1: 33554432 op, 825999112.00 ns, 24.6167 ns/op
WorkloadResult   2: 33554432 op, 830109346.00 ns, 24.7392 ns/op
WorkloadResult   3: 33554432 op, 836030454.00 ns, 24.9156 ns/op
WorkloadResult   4: 33554432 op, 846022923.00 ns, 25.2134 ns/op
WorkloadResult   5: 33554432 op, 835430264.00 ns, 24.8978 ns/op
WorkloadResult   6: 33554432 op, 831486410.00 ns, 24.7802 ns/op
WorkloadResult   7: 33554432 op, 832662333.00 ns, 24.8153 ns/op
WorkloadResult   8: 33554432 op, 829373926.00 ns, 24.7173 ns/op
WorkloadResult   9: 33554432 op, 840406368.00 ns, 25.0461 ns/op
WorkloadResult  10: 33554432 op, 834847693.00 ns, 24.8804 ns/op
WorkloadResult  11: 33554432 op, 838104028.00 ns, 24.9774 ns/op
WorkloadResult  12: 33554432 op, 832842959.00 ns, 24.8207 ns/op
WorkloadResult  13: 33554432 op, 837957913.00 ns, 24.9731 ns/op
// GC:  0 0 0 0 33554432
// Threading:  0 0 33554432

// AfterAll
// Benchmark Process 4333 has exited with code 0.

Mean = 24.876 ns, StdErr = 0.043 ns (0.17%), N = 13, StdDev = 0.156 ns
Min = 24.617 ns, Q1 = 24.780 ns, Median = 24.880 ns, Q3 = 24.973 ns, Max = 25.213 ns
IQR = 0.193 ns, LowerFence = 24.491 ns, UpperFence = 25.262 ns
ConfidenceInterval = [24.690 ns; 25.063 ns] (CI 99.9%), Margin = 0.187 ns (0.75% of Mean)
Skewness = 0.4, Kurtosis = 2.55, MValue = 2

// ** Remained 32 (88.9 %) benchmark(s) to run. Estimated finish 2026-09-27 7:31 (0h 13m from now) **
// **************************
// Benchmark: MediatorBenchmarks.SendCommand_FiveBehaviors: .NET 10.0(Runtime=.NET 10.0, Toolchain=net10.0)
// *** Execute ***
// Launch: 1 / 1
// Execute: dotnet "EricksonLopez.Mediator.Benchmarks-.NET 10.0-1.dll" --anonymousPipes 168 169 --benchmarkName EricksonLopez.Mediator.Benchmarks.MediatorBenchmarks.SendCommand_FiveBehaviors --job ".NET 10.0" --benchmarkId 4 in /home/runner/work/dotnet-mediator/dotnet-mediator/benchmarks/EricksonLopez.Mediator.Benchmarks/bin/Release/net10.0/EricksonLopez.Mediator.Benchmarks-.NET 10.0-1/bin/Release/net10.0
// Failed to set up high priority (Permission denied). In order to run benchmarks with high priority, make sure you have the right permissions.
// BeforeAnythingElse

// Benchmark Process Environment Information:
// BenchmarkDotNet v0.15.8
// Runtime=.NET 10.0.12 (10.0.12, 10.0.1226.42308), X64 RyuJIT x86-64-v4
// GC=Concurrent Workstation
// HardwareIntrinsics=AVX10v1,AVX512 BF16+FP16,AVX512 BITALG+VBMI2+VNNI+VPOPCNTDQ,AVX512 IFMA+VBMI,AVX512 F+BW+CD+DQ+VL,AVX2+BMI1+BMI2+F16C+FMA+LZCNT+MOVBE,AVX,SSE3+SSSE3+SSE4.1+SSE4.2+POPCNT,X86Base+SSE+SSE2,AES+PCLMUL,AvxVnni,SERIALIZE VectorSize=256
// Job: .NET 10.0

OverheadJitting  1: 1 op, 155722.00 ns, 155.7220 us/op
WorkloadJitting  1: 1 op, 2799023.00 ns, 2.7990 ms/op

OverheadJitting  2: 16 op, 362213.00 ns, 22.6383 us/op
WorkloadJitting  2: 16 op, 380911.00 ns, 23.8069 us/op

WorkloadPilot    1: 16 op, 25191.00 ns, 1.5744 us/op
WorkloadPilot    2: 32 op, 35671.00 ns, 1.1147 us/op
WorkloadPilot    3: 64 op, 53666.00 ns, 838.5313 ns/op
WorkloadPilot    4: 128 op, 101425.00 ns, 792.3828 ns/op
WorkloadPilot    5: 256 op, 202705.00 ns, 791.8164 ns/op
WorkloadPilot    6: 512 op, 411115.00 ns, 802.9590 ns/op
WorkloadPilot    7: 1024 op, 838026.00 ns, 818.3848 ns/op
WorkloadPilot    8: 2048 op, 1661839.00 ns, 811.4448 ns/op
WorkloadPilot    9: 4096 op, 3252232.00 ns, 794.0020 ns/op
WorkloadPilot   10: 8192 op, 6425120.00 ns, 784.3164 ns/op
WorkloadPilot   11: 16384 op, 12878823.00 ns, 786.0610 ns/op
WorkloadPilot   12: 32768 op, 25641774.00 ns, 782.5248 ns/op
WorkloadPilot   13: 65536 op, 52768460.00 ns, 805.1828 ns/op
WorkloadPilot   14: 131072 op, 74440078.00 ns, 567.9327 ns/op
WorkloadPilot   15: 262144 op, 86042485.00 ns, 328.2260 ns/op
WorkloadPilot   16: 524288 op, 50600018.00 ns, 96.5119 ns/op
WorkloadPilot   17: 1048576 op, 93692609.00 ns, 89.3522 ns/op
WorkloadPilot   18: 2097152 op, 192728690.00 ns, 91.9002 ns/op
WorkloadPilot   19: 4194304 op, 360527358.00 ns, 85.9564 ns/op
WorkloadPilot   20: 8388608 op, 714062725.00 ns, 85.1229 ns/op

OverheadWarmup   1: 8388608 op, 25967381.00 ns, 3.0956 ns/op
OverheadWarmup   2: 8388608 op, 25678605.00 ns, 3.0611 ns/op
OverheadWarmup   3: 8388608 op, 25939320.00 ns, 3.0922 ns/op
OverheadWarmup   4: 8388608 op, 25693900.00 ns, 3.0630 ns/op
OverheadWarmup   5: 8388608 op, 25645125.00 ns, 3.0571 ns/op
OverheadWarmup   6: 8388608 op, 26012127.00 ns, 3.1009 ns/op
OverheadWarmup   7: 8388608 op, 25797359.00 ns, 3.0753 ns/op

OverheadActual   1: 8388608 op, 25642584.00 ns, 3.0568 ns/op
OverheadActual   2: 8388608 op, 25644951.00 ns, 3.0571 ns/op
OverheadActual   3: 8388608 op, 25647077.00 ns, 3.0574 ns/op
OverheadActual   4: 8388608 op, 25779300.00 ns, 3.0731 ns/op
OverheadActual   5: 8388608 op, 25641540.00 ns, 3.0567 ns/op
OverheadActual   6: 8388608 op, 25796295.00 ns, 3.0752 ns/op
OverheadActual   7: 8388608 op, 25642227.00 ns, 3.0568 ns/op
OverheadActual   8: 8388608 op, 25652819.00 ns, 3.0581 ns/op
OverheadActual   9: 8388608 op, 19856073.00 ns, 2.3670 ns/op
OverheadActual  10: 8388608 op, 19672833.00 ns, 2.3452 ns/op
OverheadActual  11: 8388608 op, 19672107.00 ns, 2.3451 ns/op
OverheadActual  12: 8388608 op, 19676666.00 ns, 2.3456 ns/op
OverheadActual  13: 8388608 op, 19743549.00 ns, 2.3536 ns/op
OverheadActual  14: 8388608 op, 19656654.00 ns, 2.3433 ns/op
OverheadActual  15: 8388608 op, 19716902.00 ns, 2.3504 ns/op
OverheadActual  16: 8388608 op, 19671708.00 ns, 2.3451 ns/op
OverheadActual  17: 8388608 op, 19812609.00 ns, 2.3618 ns/op
OverheadActual  18: 8388608 op, 19697107.00 ns, 2.3481 ns/op
OverheadActual  19: 8388608 op, 19622756.00 ns, 2.3392 ns/op
OverheadActual  20: 8388608 op, 19668414.00 ns, 2.3447 ns/op

WorkloadWarmup   1: 8388608 op, 692841076.00 ns, 82.5931 ns/op
WorkloadWarmup   2: 8388608 op, 693112882.00 ns, 82.6255 ns/op
WorkloadWarmup   3: 8388608 op, 693578015.00 ns, 82.6809 ns/op
WorkloadWarmup   4: 8388608 op, 692759259.00 ns, 82.5833 ns/op
WorkloadWarmup   5: 8388608 op, 693706590.00 ns, 82.6963 ns/op
WorkloadWarmup   6: 8388608 op, 695220778.00 ns, 82.8768 ns/op
WorkloadWarmup   7: 8388608 op, 693290913.00 ns, 82.6467 ns/op

// BeforeActualRun
WorkloadActual   1: 8388608 op, 693639732.00 ns, 82.6883 ns/op
WorkloadActual   2: 8388608 op, 693718426.00 ns, 82.6977 ns/op
WorkloadActual   3: 8388608 op, 692687698.00 ns, 82.5748 ns/op
WorkloadActual   4: 8388608 op, 693163575.00 ns, 82.6315 ns/op
WorkloadActual   5: 8388608 op, 692707742.00 ns, 82.5772 ns/op
WorkloadActual   6: 8388608 op, 692860778.00 ns, 82.5954 ns/op
WorkloadActual   7: 8388608 op, 693144955.00 ns, 82.6293 ns/op
WorkloadActual   8: 8388608 op, 693010179.00 ns, 82.6133 ns/op
WorkloadActual   9: 8388608 op, 706103203.00 ns, 84.1741 ns/op
WorkloadActual  10: 8388608 op, 695653155.00 ns, 82.9283 ns/op
WorkloadActual  11: 8388608 op, 696644184.00 ns, 83.0465 ns/op
WorkloadActual  12: 8388608 op, 694371354.00 ns, 82.7755 ns/op
WorkloadActual  13: 8388608 op, 693449795.00 ns, 82.6657 ns/op
WorkloadActual  14: 8388608 op, 694323399.00 ns, 82.7698 ns/op
WorkloadActual  15: 8388608 op, 694945573.00 ns, 82.8440 ns/op

// AfterActualRun
WorkloadResult   1: 8388608 op, 673861653.00 ns, 80.3306 ns/op
WorkloadResult   2: 8388608 op, 673940347.00 ns, 80.3399 ns/op
WorkloadResult   3: 8388608 op, 672909619.00 ns, 80.2171 ns/op
WorkloadResult   4: 8388608 op, 673385496.00 ns, 80.2738 ns/op
WorkloadResult   5: 8388608 op, 672929663.00 ns, 80.2195 ns/op
WorkloadResult   6: 8388608 op, 673082699.00 ns, 80.2377 ns/op
WorkloadResult   7: 8388608 op, 673366876.00 ns, 80.2716 ns/op
WorkloadResult   8: 8388608 op, 673232100.00 ns, 80.2555 ns/op
WorkloadResult   9: 8388608 op, 675875076.00 ns, 80.5706 ns/op
WorkloadResult  10: 8388608 op, 676866105.00 ns, 80.6887 ns/op
WorkloadResult  11: 8388608 op, 674593275.00 ns, 80.4178 ns/op
WorkloadResult  12: 8388608 op, 673671716.00 ns, 80.3079 ns/op
WorkloadResult  13: 8388608 op, 674545320.00 ns, 80.4121 ns/op
WorkloadResult  14: 8388608 op, 675167494.00 ns, 80.4862 ns/op
// GC:  0 0 0 0 8388608
// Threading:  0 0 8388608

// AfterAll
// Benchmark Process 4363 has exited with code 0.

Mean = 80.359 ns, StdErr = 0.038 ns (0.05%), N = 14, StdDev = 0.141 ns
Min = 80.217 ns, Q1 = 80.260 ns, Median = 80.319 ns, Q3 = 80.416 ns, Max = 80.689 ns
IQR = 0.157 ns, LowerFence = 80.024 ns, UpperFence = 80.652 ns
ConfidenceInterval = [80.200 ns; 80.519 ns] (CI 99.9%), Margin = 0.159 ns (0.20% of Mean)
Skewness = 0.95, Kurtosis = 2.74, MValue = 2

// ** Remained 31 (86.1 %) benchmark(s) to run. Estimated finish 2026-09-27 7:30 (0h 12m from now) **
// **************************
// Benchmark: MediatorBenchmarks.PublishNotification_OneHandler: .NET 10.0(Runtime=.NET 10.0, Toolchain=net10.0)
// *** Execute ***
// Launch: 1 / 1
// Execute: dotnet "EricksonLopez.Mediator.Benchmarks-.NET 10.0-1.dll" --anonymousPipes 168 169 --benchmarkName EricksonLopez.Mediator.Benchmarks.MediatorBenchmarks.PublishNotification_OneHandler --job ".NET 10.0" --benchmarkId 5 in /home/runner/work/dotnet-mediator/dotnet-mediator/benchmarks/EricksonLopez.Mediator.Benchmarks/bin/Release/net10.0/EricksonLopez.Mediator.Benchmarks-.NET 10.0-1/bin/Release/net10.0
// Failed to set up high priority (Permission denied). In order to run benchmarks with high priority, make sure you have the right permissions.
// BeforeAnythingElse

// Benchmark Process Environment Information:
// BenchmarkDotNet v0.15.8
// Runtime=.NET 10.0.12 (10.0.12, 10.0.1226.42308), X64 RyuJIT x86-64-v4
// GC=Concurrent Workstation
// HardwareIntrinsics=AVX10v1,AVX512 BF16+FP16,AVX512 BITALG+VBMI2+VNNI+VPOPCNTDQ,AVX512 IFMA+VBMI,AVX512 F+BW+CD+DQ+VL,AVX2+BMI1+BMI2+F16C+FMA+LZCNT+MOVBE,AVX,SSE3+SSSE3+SSE4.1+SSE4.2+POPCNT,X86Base+SSE+SSE2,AES+PCLMUL,AvxVnni,SERIALIZE VectorSize=256
// Job: .NET 10.0

OverheadJitting  1: 1 op, 122851.00 ns, 122.8510 us/op
WorkloadJitting  1: 1 op, 1559420.00 ns, 1.5594 ms/op

OverheadJitting  2: 16 op, 165850.00 ns, 10.3656 us/op
WorkloadJitting  2: 16 op, 1269523.00 ns, 79.3452 us/op

WorkloadPilot    1: 16 op, 125718.00 ns, 7.8574 us/op
WorkloadPilot    2: 32 op, 32204.00 ns, 1.0064 us/op
WorkloadPilot    3: 64 op, 30973.00 ns, 483.9531 ns/op
WorkloadPilot    4: 128 op, 46128.00 ns, 360.3750 ns/op
WorkloadPilot    5: 256 op, 85222.00 ns, 332.8984 ns/op
WorkloadPilot    6: 512 op, 155685.00 ns, 304.0723 ns/op
WorkloadPilot    7: 1024 op, 304062.00 ns, 296.9355 ns/op
WorkloadPilot    8: 2048 op, 604268.00 ns, 295.0527 ns/op
WorkloadPilot    9: 4096 op, 1192064.00 ns, 291.0313 ns/op
WorkloadPilot   10: 8192 op, 2393540.00 ns, 292.1802 ns/op
WorkloadPilot   11: 16384 op, 4799151.00 ns, 292.9169 ns/op
WorkloadPilot   12: 32768 op, 9375321.00 ns, 286.1121 ns/op
WorkloadPilot   13: 65536 op, 18900187.00 ns, 288.3940 ns/op
WorkloadPilot   14: 131072 op, 37558618.00 ns, 286.5495 ns/op
WorkloadPilot   15: 262144 op, 50826538.00 ns, 193.8879 ns/op
WorkloadPilot   16: 524288 op, 17548823.00 ns, 33.4717 ns/op
WorkloadPilot   17: 1048576 op, 31555422.00 ns, 30.0936 ns/op
WorkloadPilot   18: 2097152 op, 65680632.00 ns, 31.3190 ns/op
WorkloadPilot   19: 4194304 op, 124983426.00 ns, 29.7984 ns/op
WorkloadPilot   20: 8388608 op, 227481123.00 ns, 27.1179 ns/op
WorkloadPilot   21: 16777216 op, 451416548.00 ns, 26.9065 ns/op
WorkloadPilot   22: 33554432 op, 906819281.00 ns, 27.0253 ns/op

OverheadWarmup   1: 33554432 op, 59031573.00 ns, 1.7593 ns/op
OverheadWarmup   2: 33554432 op, 59132807.00 ns, 1.7623 ns/op
OverheadWarmup   3: 33554432 op, 59106369.00 ns, 1.7615 ns/op
OverheadWarmup   4: 33554432 op, 51248139.00 ns, 1.5273 ns/op
OverheadWarmup   5: 33554432 op, 46341323.00 ns, 1.3811 ns/op
OverheadWarmup   6: 33554432 op, 46336582.00 ns, 1.3809 ns/op
OverheadWarmup   7: 33554432 op, 46410638.00 ns, 1.3831 ns/op
OverheadWarmup   8: 33554432 op, 46328090.00 ns, 1.3807 ns/op

OverheadActual   1: 33554432 op, 46420531.00 ns, 1.3834 ns/op
OverheadActual   2: 33554432 op, 46866541.00 ns, 1.3967 ns/op
OverheadActual   3: 33554432 op, 46405758.00 ns, 1.3830 ns/op
OverheadActual   4: 33554432 op, 46351192.00 ns, 1.3814 ns/op
OverheadActual   5: 33554432 op, 46378474.00 ns, 1.3822 ns/op
OverheadActual   6: 33554432 op, 46342381.00 ns, 1.3811 ns/op
OverheadActual   7: 33554432 op, 46474070.00 ns, 1.3850 ns/op
OverheadActual   8: 33554432 op, 46430353.00 ns, 1.3837 ns/op
OverheadActual   9: 33554432 op, 46390442.00 ns, 1.3825 ns/op
OverheadActual  10: 33554432 op, 46368802.00 ns, 1.3819 ns/op
OverheadActual  11: 33554432 op, 46339439.00 ns, 1.3810 ns/op
OverheadActual  12: 33554432 op, 46321520.00 ns, 1.3805 ns/op
OverheadActual  13: 33554432 op, 46414354.00 ns, 1.3833 ns/op
OverheadActual  14: 33554432 op, 46367220.00 ns, 1.3819 ns/op
OverheadActual  15: 33554432 op, 46345249.00 ns, 1.3812 ns/op

WorkloadWarmup   1: 33554432 op, 931518976.00 ns, 27.7614 ns/op
WorkloadWarmup   2: 33554432 op, 905435323.00 ns, 26.9841 ns/op
WorkloadWarmup   3: 33554432 op, 901948253.00 ns, 26.8802 ns/op
WorkloadWarmup   4: 33554432 op, 902610760.00 ns, 26.8999 ns/op
WorkloadWarmup   5: 33554432 op, 903586921.00 ns, 26.9290 ns/op
WorkloadWarmup   6: 33554432 op, 903120199.00 ns, 26.9151 ns/op
WorkloadWarmup   7: 33554432 op, 902486654.00 ns, 26.8962 ns/op
WorkloadWarmup   8: 33554432 op, 908181924.00 ns, 27.0659 ns/op
WorkloadWarmup   9: 33554432 op, 938120909.00 ns, 27.9582 ns/op
WorkloadWarmup  10: 33554432 op, 954334224.00 ns, 28.4414 ns/op
WorkloadWarmup  11: 33554432 op, 986878525.00 ns, 29.4113 ns/op
WorkloadWarmup  12: 33554432 op, 935987918.00 ns, 27.8946 ns/op

// BeforeActualRun
WorkloadActual   1: 33554432 op, 911516905.00 ns, 27.1653 ns/op
WorkloadActual   2: 33554432 op, 908369535.00 ns, 27.0715 ns/op
WorkloadActual   3: 33554432 op, 907296108.00 ns, 27.0395 ns/op
WorkloadActual   4: 33554432 op, 908458947.00 ns, 27.0742 ns/op
WorkloadActual   5: 33554432 op, 907693313.00 ns, 27.0514 ns/op
WorkloadActual   6: 33554432 op, 902691293.00 ns, 26.9023 ns/op
WorkloadActual   7: 33554432 op, 898096403.00 ns, 26.7654 ns/op
WorkloadActual   8: 33554432 op, 897923607.00 ns, 26.7602 ns/op
WorkloadActual   9: 33554432 op, 897295150.00 ns, 26.7415 ns/op
WorkloadActual  10: 33554432 op, 894091441.00 ns, 26.6460 ns/op
WorkloadActual  11: 33554432 op, 896869859.00 ns, 26.7288 ns/op
WorkloadActual  12: 33554432 op, 902433869.00 ns, 26.8946 ns/op
WorkloadActual  13: 33554432 op, 899207068.00 ns, 26.7985 ns/op
WorkloadActual  14: 33554432 op, 954173350.00 ns, 28.4366 ns/op
WorkloadActual  15: 33554432 op, 899752035.00 ns, 26.8147 ns/op

// AfterActualRun
WorkloadResult   1: 33554432 op, 865138431.00 ns, 25.7831 ns/op
WorkloadResult   2: 33554432 op, 861991061.00 ns, 25.6893 ns/op
WorkloadResult   3: 33554432 op, 860917634.00 ns, 25.6573 ns/op
WorkloadResult   4: 33554432 op, 862080473.00 ns, 25.6920 ns/op
WorkloadResult   5: 33554432 op, 861314839.00 ns, 25.6692 ns/op
WorkloadResult   6: 33554432 op, 856312819.00 ns, 25.5201 ns/op
WorkloadResult   7: 33554432 op, 851717929.00 ns, 25.3832 ns/op
WorkloadResult   8: 33554432 op, 851545133.00 ns, 25.3780 ns/op
WorkloadResult   9: 33554432 op, 850916676.00 ns, 25.3593 ns/op
WorkloadResult  10: 33554432 op, 847712967.00 ns, 25.2638 ns/op
WorkloadResult  11: 33554432 op, 850491385.00 ns, 25.3466 ns/op
WorkloadResult  12: 33554432 op, 856055395.00 ns, 25.5124 ns/op
WorkloadResult  13: 33554432 op, 852828594.00 ns, 25.4163 ns/op
WorkloadResult  14: 33554432 op, 853373561.00 ns, 25.4325 ns/op
// GC:  9 0 0 805306368 33554432
// Threading:  0 0 33554432

// AfterAll
// Benchmark Process 4380 has exited with code 0.

Mean = 25.507 ns, StdErr = 0.044 ns (0.17%), N = 14, StdDev = 0.163 ns
Min = 25.264 ns, Q1 = 25.379 ns, Median = 25.472 ns, Q3 = 25.666 ns, Max = 25.783 ns
IQR = 0.287 ns, LowerFence = 24.949 ns, UpperFence = 26.097 ns
ConfidenceInterval = [25.324 ns; 25.691 ns] (CI 99.9%), Margin = 0.184 ns (0.72% of Mean)
Skewness = 0.23, Kurtosis = 1.47, MValue = 2

// ** Remained 30 (83.3 %) benchmark(s) to run. Estimated finish 2026-09-27 7:30 (0h 12m from now) **
// **************************
// Benchmark: MediatorBenchmarks.PublishNotification_FiveHandlers: .NET 10.0(Runtime=.NET 10.0, Toolchain=net10.0)
// *** Execute ***
// Launch: 1 / 1
// Execute: dotnet "EricksonLopez.Mediator.Benchmarks-.NET 10.0-1.dll" --anonymousPipes 168 169 --benchmarkName EricksonLopez.Mediator.Benchmarks.MediatorBenchmarks.PublishNotification_FiveHandlers --job ".NET 10.0" --benchmarkId 6 in /home/runner/work/dotnet-mediator/dotnet-mediator/benchmarks/EricksonLopez.Mediator.Benchmarks/bin/Release/net10.0/EricksonLopez.Mediator.Benchmarks-.NET 10.0-1/bin/Release/net10.0
// Failed to set up high priority (Permission denied). In order to run benchmarks with high priority, make sure you have the right permissions.
// BeforeAnythingElse

// Benchmark Process Environment Information:
// BenchmarkDotNet v0.15.8
// Runtime=.NET 10.0.12 (10.0.12, 10.0.1226.42308), X64 RyuJIT x86-64-v4
// GC=Concurrent Workstation
// HardwareIntrinsics=AVX10v1,AVX512 BF16+FP16,AVX512 BITALG+VBMI2+VNNI+VPOPCNTDQ,AVX512 IFMA+VBMI,AVX512 F+BW+CD+DQ+VL,AVX2+BMI1+BMI2+F16C+FMA+LZCNT+MOVBE,AVX,SSE3+SSSE3+SSE4.1+SSE4.2+POPCNT,X86Base+SSE+SSE2,AES+PCLMUL,AvxVnni,SERIALIZE VectorSize=256
// Job: .NET 10.0

OverheadJitting  1: 1 op, 134194.00 ns, 134.1940 us/op
WorkloadJitting  1: 1 op, 1804084.00 ns, 1.8041 ms/op

OverheadJitting  2: 16 op, 183332.00 ns, 11.4583 us/op
WorkloadJitting  2: 16 op, 1647409.00 ns, 102.9631 us/op

WorkloadPilot    1: 16 op, 194822.00 ns, 12.1764 us/op
WorkloadPilot    2: 32 op, 42912.00 ns, 1.3410 us/op
WorkloadPilot    3: 64 op, 79803.00 ns, 1.2469 us/op
WorkloadPilot    4: 128 op, 165988.00 ns, 1.2968 us/op
WorkloadPilot    5: 256 op, 285434.00 ns, 1.1150 us/op
WorkloadPilot    6: 512 op, 562180.00 ns, 1.0980 us/op
WorkloadPilot    7: 1024 op, 1107737.00 ns, 1.0818 us/op
WorkloadPilot    8: 2048 op, 2247289.00 ns, 1.0973 us/op
WorkloadPilot    9: 4096 op, 4389362.00 ns, 1.0716 us/op
WorkloadPilot   10: 8192 op, 8731050.00 ns, 1.0658 us/op
WorkloadPilot   11: 16384 op, 17353104.00 ns, 1.0591 us/op
WorkloadPilot   12: 32768 op, 34609505.00 ns, 1.0562 us/op
WorkloadPilot   13: 65536 op, 52080032.00 ns, 794.6782 ns/op
WorkloadPilot   14: 131072 op, 21589125.00 ns, 164.7120 ns/op
WorkloadPilot   15: 262144 op, 22781546.00 ns, 86.9047 ns/op
WorkloadPilot   16: 524288 op, 44041983.00 ns, 84.0034 ns/op
WorkloadPilot   17: 1048576 op, 74828383.00 ns, 71.3619 ns/op
WorkloadPilot   18: 2097152 op, 135484884.00 ns, 64.6042 ns/op
WorkloadPilot   19: 4194304 op, 265122086.00 ns, 63.2100 ns/op
WorkloadPilot   20: 8388608 op, 518385268.00 ns, 61.7963 ns/op

OverheadWarmup   1: 8388608 op, 14783448.00 ns, 1.7623 ns/op
OverheadWarmup   2: 8388608 op, 14805412.00 ns, 1.7649 ns/op
OverheadWarmup   3: 8388608 op, 14794691.00 ns, 1.7637 ns/op
OverheadWarmup   4: 8388608 op, 14748916.00 ns, 1.7582 ns/op
OverheadWarmup   5: 8388608 op, 14760289.00 ns, 1.7596 ns/op
OverheadWarmup   6: 8388608 op, 14783809.00 ns, 1.7624 ns/op
OverheadWarmup   7: 8388608 op, 14775403.00 ns, 1.7614 ns/op

OverheadActual   1: 8388608 op, 14816910.00 ns, 1.7663 ns/op
OverheadActual   2: 8388608 op, 14783780.00 ns, 1.7624 ns/op
OverheadActual   3: 8388608 op, 14784314.00 ns, 1.7624 ns/op
OverheadActual   4: 8388608 op, 14769085.00 ns, 1.7606 ns/op
OverheadActual   5: 8388608 op, 14816511.00 ns, 1.7663 ns/op
OverheadActual   6: 8388608 op, 14753289.00 ns, 1.7587 ns/op
OverheadActual   7: 8388608 op, 14776292.00 ns, 1.7615 ns/op
OverheadActual   8: 8388608 op, 14757384.00 ns, 1.7592 ns/op
OverheadActual   9: 8388608 op, 14754554.00 ns, 1.7589 ns/op
OverheadActual  10: 8388608 op, 14747623.00 ns, 1.7581 ns/op
OverheadActual  11: 8388608 op, 14797040.00 ns, 1.7639 ns/op
OverheadActual  12: 8388608 op, 14778270.00 ns, 1.7617 ns/op
OverheadActual  13: 8388608 op, 12150507.00 ns, 1.4485 ns/op
OverheadActual  14: 8388608 op, 11624820.00 ns, 1.3858 ns/op
OverheadActual  15: 8388608 op, 11613590.00 ns, 1.3844 ns/op
OverheadActual  16: 8388608 op, 11584332.00 ns, 1.3810 ns/op
OverheadActual  17: 8388608 op, 11590015.00 ns, 1.3816 ns/op
OverheadActual  18: 8388608 op, 11583258.00 ns, 1.3808 ns/op
OverheadActual  19: 8388608 op, 11586647.00 ns, 1.3812 ns/op
OverheadActual  20: 8388608 op, 11611950.00 ns, 1.3843 ns/op

WorkloadWarmup   1: 8388608 op, 544917542.00 ns, 64.9592 ns/op
WorkloadWarmup   2: 8388608 op, 521766475.00 ns, 62.1994 ns/op
WorkloadWarmup   3: 8388608 op, 513970676.00 ns, 61.2701 ns/op
WorkloadWarmup   4: 8388608 op, 526206315.00 ns, 62.7287 ns/op
WorkloadWarmup   5: 8388608 op, 509334936.00 ns, 60.7175 ns/op
WorkloadWarmup   6: 8388608 op, 541250783.00 ns, 64.5221 ns/op
WorkloadWarmup   7: 8388608 op, 519931554.00 ns, 61.9807 ns/op

// BeforeActualRun
WorkloadActual   1: 8388608 op, 515519930.00 ns, 61.4548 ns/op
WorkloadActual   2: 8388608 op, 514213496.00 ns, 61.2990 ns/op
WorkloadActual   3: 8388608 op, 519079041.00 ns, 61.8790 ns/op
WorkloadActual   4: 8388608 op, 529004096.00 ns, 63.0622 ns/op
WorkloadActual   5: 8388608 op, 521709557.00 ns, 62.1926 ns/op
WorkloadActual   6: 8388608 op, 518423071.00 ns, 61.8008 ns/op
WorkloadActual   7: 8388608 op, 517112507.00 ns, 61.6446 ns/op
WorkloadActual   8: 8388608 op, 514583505.00 ns, 61.3431 ns/op
WorkloadActual   9: 8388608 op, 519742843.00 ns, 61.9582 ns/op
WorkloadActual  10: 8388608 op, 522060969.00 ns, 62.2345 ns/op
WorkloadActual  11: 8388608 op, 531394399.00 ns, 63.3471 ns/op
WorkloadActual  12: 8388608 op, 528485288.00 ns, 63.0004 ns/op
WorkloadActual  13: 8388608 op, 511272834.00 ns, 60.9485 ns/op
WorkloadActual  14: 8388608 op, 510117579.00 ns, 60.8108 ns/op
WorkloadActual  15: 8388608 op, 516444447.00 ns, 61.5650 ns/op

// AfterActualRun
WorkloadResult   1: 8388608 op, 500766008.50 ns, 59.6960 ns/op
WorkloadResult   2: 8388608 op, 499459574.50 ns, 59.5402 ns/op
WorkloadResult   3: 8388608 op, 504325119.50 ns, 60.1202 ns/op
WorkloadResult   4: 8388608 op, 514250174.50 ns, 61.3034 ns/op
WorkloadResult   5: 8388608 op, 506955635.50 ns, 60.4338 ns/op
WorkloadResult   6: 8388608 op, 503669149.50 ns, 60.0420 ns/op
WorkloadResult   7: 8388608 op, 502358585.50 ns, 59.8858 ns/op
WorkloadResult   8: 8388608 op, 499829583.50 ns, 59.5843 ns/op
WorkloadResult   9: 8388608 op, 504988921.50 ns, 60.1994 ns/op
WorkloadResult  10: 8388608 op, 507307047.50 ns, 60.4757 ns/op
WorkloadResult  11: 8388608 op, 516640477.50 ns, 61.5883 ns/op
WorkloadResult  12: 8388608 op, 513731366.50 ns, 61.2416 ns/op
WorkloadResult  13: 8388608 op, 496518912.50 ns, 59.1897 ns/op
WorkloadResult  14: 8388608 op, 495363657.50 ns, 59.0519 ns/op
WorkloadResult  15: 8388608 op, 501690525.50 ns, 59.8062 ns/op
// GC:  12 0 0 1006632960 8388608
// Threading:  0 0 8388608

// AfterAll
// Benchmark Process 4407 has exited with code 0.

Mean = 60.144 ns, StdErr = 0.195 ns (0.32%), N = 15, StdDev = 0.756 ns
Min = 59.052 ns, Q1 = 59.640 ns, Median = 60.042 ns, Q3 = 60.455 ns, Max = 61.588 ns
IQR = 0.815 ns, LowerFence = 58.418 ns, UpperFence = 61.677 ns
ConfidenceInterval = [59.335 ns; 60.952 ns] (CI 99.9%), Margin = 0.808 ns (1.34% of Mean)
Skewness = 0.5, Kurtosis = 2.07, MValue = 2

// ** Remained 29 (80.6 %) benchmark(s) to run. Estimated finish 2026-09-27 7:30 (0h 11m from now) **
// **************************
// Benchmark: MediatorBenchmarks.PublishNotification_Parallel: .NET 10.0(Runtime=.NET 10.0, Toolchain=net10.0)
// *** Execute ***
// Launch: 1 / 1
// Execute: dotnet "EricksonLopez.Mediator.Benchmarks-.NET 10.0-1.dll" --anonymousPipes 168 169 --benchmarkName EricksonLopez.Mediator.Benchmarks.MediatorBenchmarks.PublishNotification_Parallel --job ".NET 10.0" --benchmarkId 7 in /home/runner/work/dotnet-mediator/dotnet-mediator/benchmarks/EricksonLopez.Mediator.Benchmarks/bin/Release/net10.0/EricksonLopez.Mediator.Benchmarks-.NET 10.0-1/bin/Release/net10.0
// Failed to set up high priority (Permission denied). In order to run benchmarks with high priority, make sure you have the right permissions.
// BeforeAnythingElse

// Benchmark Process Environment Information:
// BenchmarkDotNet v0.15.8
// Runtime=.NET 10.0.12 (10.0.12, 10.0.1226.42308), X64 RyuJIT x86-64-v4
// GC=Concurrent Workstation
// HardwareIntrinsics=AVX10v1,AVX512 BF16+FP16,AVX512 BITALG+VBMI2+VNNI+VPOPCNTDQ,AVX512 IFMA+VBMI,AVX512 F+BW+CD+DQ+VL,AVX2+BMI1+BMI2+F16C+FMA+LZCNT+MOVBE,AVX,SSE3+SSSE3+SSE4.1+SSE4.2+POPCNT,X86Base+SSE+SSE2,AES+PCLMUL,AvxVnni,SERIALIZE VectorSize=256
// Job: .NET 10.0

OverheadJitting  1: 1 op, 130611.00 ns, 130.6110 us/op
WorkloadJitting  1: 1 op, 2059530.00 ns, 2.0595 ms/op

OverheadJitting  2: 16 op, 166961.00 ns, 10.4351 us/op
WorkloadJitting  2: 16 op, 1517991.00 ns, 94.8744 us/op

WorkloadPilot    1: 16 op, 160918.00 ns, 10.0574 us/op
WorkloadPilot    2: 32 op, 31555.00 ns, 986.0938 ns/op
WorkloadPilot    3: 64 op, 52440.00 ns, 819.3750 ns/op
WorkloadPilot    4: 128 op, 96298.00 ns, 752.3281 ns/op
WorkloadPilot    5: 256 op, 155741.00 ns, 608.3633 ns/op
WorkloadPilot    6: 512 op, 306569.00 ns, 598.7676 ns/op
WorkloadPilot    7: 1024 op, 556453.00 ns, 543.4111 ns/op
WorkloadPilot    8: 2048 op, 1100350.00 ns, 537.2803 ns/op
WorkloadPilot    9: 4096 op, 2273729.00 ns, 555.1096 ns/op
WorkloadPilot   10: 8192 op, 4518853.00 ns, 551.6178 ns/op
WorkloadPilot   11: 16384 op, 9103870.00 ns, 555.6561 ns/op
WorkloadPilot   12: 32768 op, 17909986.00 ns, 546.5694 ns/op
WorkloadPilot   13: 65536 op, 35328032.00 ns, 539.0630 ns/op
WorkloadPilot   14: 131072 op, 53849854.00 ns, 410.8418 ns/op
WorkloadPilot   15: 262144 op, 30852474.00 ns, 117.6928 ns/op
WorkloadPilot   16: 524288 op, 57124568.00 ns, 108.9565 ns/op
WorkloadPilot   17: 1048576 op, 90093181.00 ns, 85.9196 ns/op
WorkloadPilot   18: 2097152 op, 177311536.00 ns, 84.5487 ns/op
WorkloadPilot   19: 4194304 op, 361480873.00 ns, 86.1838 ns/op
WorkloadPilot   20: 8388608 op, 726951812.00 ns, 86.6594 ns/op

OverheadWarmup   1: 8388608 op, 14777364.00 ns, 1.7616 ns/op
OverheadWarmup   2: 8388608 op, 14786901.00 ns, 1.7627 ns/op
OverheadWarmup   3: 8388608 op, 14768904.00 ns, 1.7606 ns/op
OverheadWarmup   4: 8388608 op, 14780627.00 ns, 1.7620 ns/op
OverheadWarmup   5: 8388608 op, 14754437.00 ns, 1.7589 ns/op

OverheadActual   1: 8388608 op, 14841464.00 ns, 1.7692 ns/op
OverheadActual   2: 8388608 op, 14800989.00 ns, 1.7644 ns/op
OverheadActual   3: 8388608 op, 14803632.00 ns, 1.7647 ns/op
OverheadActual   4: 8388608 op, 14825798.00 ns, 1.7674 ns/op
OverheadActual   5: 8388608 op, 14794991.00 ns, 1.7637 ns/op
OverheadActual   6: 8388608 op, 14794541.00 ns, 1.7636 ns/op
OverheadActual   7: 8388608 op, 14760946.00 ns, 1.7596 ns/op
OverheadActual   8: 8388608 op, 14776182.00 ns, 1.7615 ns/op
OverheadActual   9: 8388608 op, 14776481.00 ns, 1.7615 ns/op
OverheadActual  10: 8388608 op, 14736161.00 ns, 1.7567 ns/op
OverheadActual  11: 8388608 op, 14797618.00 ns, 1.7640 ns/op
OverheadActual  12: 8388608 op, 14790976.00 ns, 1.7632 ns/op
OverheadActual  13: 8388608 op, 14798353.00 ns, 1.7641 ns/op
OverheadActual  14: 8388608 op, 14868598.00 ns, 1.7725 ns/op
OverheadActual  15: 8388608 op, 12196560.00 ns, 1.4539 ns/op
OverheadActual  16: 8388608 op, 11623939.00 ns, 1.3857 ns/op
OverheadActual  17: 8388608 op, 11607721.00 ns, 1.3837 ns/op
OverheadActual  18: 8388608 op, 11642462.00 ns, 1.3879 ns/op
OverheadActual  19: 8388608 op, 11632173.00 ns, 1.3867 ns/op
OverheadActual  20: 8388608 op, 11598930.00 ns, 1.3827 ns/op

WorkloadWarmup   1: 8388608 op, 797258420.00 ns, 95.0406 ns/op
WorkloadWarmup   2: 8388608 op, 785879936.00 ns, 93.6842 ns/op
WorkloadWarmup   3: 8388608 op, 779397330.00 ns, 92.9114 ns/op
WorkloadWarmup   4: 8388608 op, 769565434.00 ns, 91.7393 ns/op
WorkloadWarmup   5: 8388608 op, 752501605.00 ns, 89.7052 ns/op
WorkloadWarmup   6: 8388608 op, 730023744.00 ns, 87.0256 ns/op
WorkloadWarmup   7: 8388608 op, 739415819.00 ns, 88.1452 ns/op
WorkloadWarmup   8: 8388608 op, 731156453.00 ns, 87.1606 ns/op
WorkloadWarmup   9: 8388608 op, 753681378.00 ns, 89.8458 ns/op
WorkloadWarmup  10: 8388608 op, 739276140.00 ns, 88.1286 ns/op

// BeforeActualRun
WorkloadActual   1: 8388608 op, 731956583.00 ns, 87.2560 ns/op
WorkloadActual   2: 8388608 op, 752748287.00 ns, 89.7346 ns/op
WorkloadActual   3: 8388608 op, 747698304.00 ns, 89.1326 ns/op
WorkloadActual   4: 8388608 op, 739918006.00 ns, 88.2051 ns/op
WorkloadActual   5: 8388608 op, 735671266.00 ns, 87.6988 ns/op
WorkloadActual   6: 8388608 op, 720769637.00 ns, 85.9224 ns/op
WorkloadActual   7: 8388608 op, 708292688.00 ns, 84.4351 ns/op
WorkloadActual   8: 8388608 op, 728750730.00 ns, 86.8739 ns/op
WorkloadActual   9: 8388608 op, 704380612.00 ns, 83.9687 ns/op
WorkloadActual  10: 8388608 op, 706168800.00 ns, 84.1819 ns/op
WorkloadActual  11: 8388608 op, 710819246.00 ns, 84.7363 ns/op
WorkloadActual  12: 8388608 op, 712301802.00 ns, 84.9130 ns/op
WorkloadActual  13: 8388608 op, 699859475.00 ns, 83.4298 ns/op
WorkloadActual  14: 8388608 op, 696183817.00 ns, 82.9916 ns/op
WorkloadActual  15: 8388608 op, 703433016.00 ns, 83.8558 ns/op
WorkloadActual  16: 8388608 op, 726610617.00 ns, 86.6187 ns/op
WorkloadActual  17: 8388608 op, 702311538.00 ns, 83.7221 ns/op
WorkloadActual  18: 8388608 op, 698603206.00 ns, 83.2800 ns/op
WorkloadActual  19: 8388608 op, 708536434.00 ns, 84.4641 ns/op
WorkloadActual  20: 8388608 op, 727236192.00 ns, 86.6933 ns/op
WorkloadActual  21: 8388608 op, 718899583.00 ns, 85.6995 ns/op

// AfterActualRun
WorkloadResult   1: 8388608 op, 717172854.50 ns, 85.4937 ns/op
WorkloadResult   2: 8388608 op, 737964558.50 ns, 87.9722 ns/op
WorkloadResult   3: 8388608 op, 732914575.50 ns, 87.3702 ns/op
WorkloadResult   4: 8388608 op, 725134277.50 ns, 86.4427 ns/op
WorkloadResult   5: 8388608 op, 720887537.50 ns, 85.9365 ns/op
WorkloadResult   6: 8388608 op, 705985908.50 ns, 84.1601 ns/op
WorkloadResult   7: 8388608 op, 693508959.50 ns, 82.6727 ns/op
WorkloadResult   8: 8388608 op, 713967001.50 ns, 85.1115 ns/op
WorkloadResult   9: 8388608 op, 689596883.50 ns, 82.2064 ns/op
WorkloadResult  10: 8388608 op, 691385071.50 ns, 82.4195 ns/op
WorkloadResult  11: 8388608 op, 696035517.50 ns, 82.9739 ns/op
WorkloadResult  12: 8388608 op, 697518073.50 ns, 83.1506 ns/op
WorkloadResult  13: 8388608 op, 685075746.50 ns, 81.6674 ns/op
WorkloadResult  14: 8388608 op, 681400088.50 ns, 81.2292 ns/op
WorkloadResult  15: 8388608 op, 688649287.50 ns, 82.0934 ns/op
WorkloadResult  16: 8388608 op, 711826888.50 ns, 84.8564 ns/op
WorkloadResult  17: 8388608 op, 687527809.50 ns, 81.9597 ns/op
WorkloadResult  18: 8388608 op, 683819477.50 ns, 81.5176 ns/op
WorkloadResult  19: 8388608 op, 693752705.50 ns, 82.7018 ns/op
WorkloadResult  20: 8388608 op, 712452463.50 ns, 84.9310 ns/op
WorkloadResult  21: 8388608 op, 704115854.50 ns, 83.9372 ns/op
// GC:  19 0 0 1610612736 8388608
// Threading:  0 0 8388608

// AfterAll
// Benchmark Process 4429 has exited with code 0.

Mean = 83.848 ns, StdErr = 0.435 ns (0.52%), N = 21, StdDev = 1.993 ns
Min = 81.229 ns, Q1 = 82.206 ns, Median = 83.151 ns, Q3 = 85.111 ns, Max = 87.972 ns
IQR = 2.905 ns, LowerFence = 77.849 ns, UpperFence = 89.469 ns
ConfidenceInterval = [82.173 ns; 85.522 ns] (CI 99.9%), Margin = 1.675 ns (2.00% of Mean)
Skewness = 0.51, Kurtosis = 1.98, MValue = 2

// ** Remained 28 (77.8 %) benchmark(s) to run. Estimated finish 2026-09-27 7:30 (0h 10m from now) **
// **************************
// Benchmark: MediatorBenchmarks.NestedSend: .NET 10.0(Runtime=.NET 10.0, Toolchain=net10.0)
// *** Execute ***
// Launch: 1 / 1
// Execute: dotnet "EricksonLopez.Mediator.Benchmarks-.NET 10.0-1.dll" --anonymousPipes 168 169 --benchmarkName EricksonLopez.Mediator.Benchmarks.MediatorBenchmarks.NestedSend --job ".NET 10.0" --benchmarkId 8 in /home/runner/work/dotnet-mediator/dotnet-mediator/benchmarks/EricksonLopez.Mediator.Benchmarks/bin/Release/net10.0/EricksonLopez.Mediator.Benchmarks-.NET 10.0-1/bin/Release/net10.0
// Failed to set up high priority (Permission denied). In order to run benchmarks with high priority, make sure you have the right permissions.
// BeforeAnythingElse

// Benchmark Process Environment Information:
// BenchmarkDotNet v0.15.8
// Runtime=.NET 10.0.12 (10.0.12, 10.0.1226.42308), X64 RyuJIT x86-64-v4
// GC=Concurrent Workstation
// HardwareIntrinsics=AVX10v1,AVX512 BF16+FP16,AVX512 BITALG+VBMI2+VNNI+VPOPCNTDQ,AVX512 IFMA+VBMI,AVX512 F+BW+CD+DQ+VL,AVX2+BMI1+BMI2+F16C+FMA+LZCNT+MOVBE,AVX,SSE3+SSSE3+SSE4.1+SSE4.2+POPCNT,X86Base+SSE+SSE2,AES+PCLMUL,AvxVnni,SERIALIZE VectorSize=256
// Job: .NET 10.0

OverheadJitting  1: 1 op, 160309.00 ns, 160.3090 us/op
WorkloadJitting  1: 1 op, 1547158.00 ns, 1.5472 ms/op

OverheadJitting  2: 16 op, 331097.00 ns, 20.6936 us/op
WorkloadJitting  2: 16 op, 373628.00 ns, 23.3518 us/op

WorkloadPilot    1: 16 op, 14648.00 ns, 915.5000 ns/op
WorkloadPilot    2: 32 op, 18488.00 ns, 577.7500 ns/op
WorkloadPilot    3: 64 op, 27129.00 ns, 423.8906 ns/op
WorkloadPilot    4: 128 op, 46928.00 ns, 366.6250 ns/op
WorkloadPilot    5: 256 op, 95303.00 ns, 372.2773 ns/op
WorkloadPilot    6: 512 op, 212831.00 ns, 415.6855 ns/op
WorkloadPilot    7: 1024 op, 350083.00 ns, 341.8779 ns/op
WorkloadPilot    8: 2048 op, 691085.00 ns, 337.4438 ns/op
WorkloadPilot    9: 4096 op, 1446585.00 ns, 353.1702 ns/op
WorkloadPilot   10: 8192 op, 2864878.00 ns, 349.7166 ns/op
WorkloadPilot   11: 16384 op, 5531885.00 ns, 337.6395 ns/op
WorkloadPilot   12: 32768 op, 11044383.00 ns, 337.0478 ns/op
WorkloadPilot   13: 65536 op, 22048227.00 ns, 336.4292 ns/op
WorkloadPilot   14: 131072 op, 44114703.00 ns, 336.5685 ns/op
WorkloadPilot   15: 262144 op, 40829935.00 ns, 155.7538 ns/op
WorkloadPilot   16: 524288 op, 23750172.00 ns, 45.2999 ns/op
WorkloadPilot   17: 1048576 op, 45640365.00 ns, 43.5260 ns/op
WorkloadPilot   18: 2097152 op, 93799479.00 ns, 44.7271 ns/op
WorkloadPilot   19: 4194304 op, 180899230.00 ns, 43.1297 ns/op
WorkloadPilot   20: 8388608 op, 353837640.00 ns, 42.1807 ns/op
WorkloadPilot   21: 16777216 op, 687971312.00 ns, 41.0063 ns/op

OverheadWarmup   1: 16777216 op, 53086310.00 ns, 3.1642 ns/op
OverheadWarmup   2: 16777216 op, 52021214.00 ns, 3.1007 ns/op
OverheadWarmup   3: 16777216 op, 51751154.00 ns, 3.0846 ns/op
OverheadWarmup   4: 16777216 op, 49586237.00 ns, 2.9556 ns/op
OverheadWarmup   5: 16777216 op, 39168069.00 ns, 2.3346 ns/op
OverheadWarmup   6: 16777216 op, 39046428.00 ns, 2.3273 ns/op
OverheadWarmup   7: 16777216 op, 39062118.00 ns, 2.3283 ns/op
OverheadWarmup   8: 16777216 op, 39056815.00 ns, 2.3280 ns/op
OverheadWarmup   9: 16777216 op, 39165936.00 ns, 2.3345 ns/op
OverheadWarmup  10: 16777216 op, 39124703.00 ns, 2.3320 ns/op

OverheadActual   1: 16777216 op, 40120827.00 ns, 2.3914 ns/op
OverheadActual   2: 16777216 op, 41510596.00 ns, 2.4742 ns/op
OverheadActual   3: 16777216 op, 44316741.00 ns, 2.6415 ns/op
OverheadActual   4: 16777216 op, 46497253.00 ns, 2.7715 ns/op
OverheadActual   5: 16777216 op, 46929732.00 ns, 2.7972 ns/op
OverheadActual   6: 16777216 op, 45237288.00 ns, 2.6964 ns/op
OverheadActual   7: 16777216 op, 41587296.00 ns, 2.4788 ns/op
OverheadActual   8: 16777216 op, 40913292.00 ns, 2.4386 ns/op
OverheadActual   9: 16777216 op, 40312658.00 ns, 2.4028 ns/op
OverheadActual  10: 16777216 op, 40271002.00 ns, 2.4003 ns/op
OverheadActual  11: 16777216 op, 40213117.00 ns, 2.3969 ns/op
OverheadActual  12: 16777216 op, 42635396.00 ns, 2.5413 ns/op
OverheadActual  13: 16777216 op, 40266289.00 ns, 2.4001 ns/op
OverheadActual  14: 16777216 op, 40079620.00 ns, 2.3889 ns/op
OverheadActual  15: 16777216 op, 40099511.00 ns, 2.3901 ns/op
OverheadActual  16: 16777216 op, 40035151.00 ns, 2.3863 ns/op
OverheadActual  17: 16777216 op, 40694454.00 ns, 2.4256 ns/op

WorkloadWarmup   1: 16777216 op, 716339063.00 ns, 42.6971 ns/op
WorkloadWarmup   2: 16777216 op, 669871791.00 ns, 39.9275 ns/op
WorkloadWarmup   3: 16777216 op, 665577467.00 ns, 39.6715 ns/op
WorkloadWarmup   4: 16777216 op, 667087551.00 ns, 39.7615 ns/op
WorkloadWarmup   5: 16777216 op, 675945386.00 ns, 40.2895 ns/op
WorkloadWarmup   6: 16777216 op, 693133280.00 ns, 41.3140 ns/op
WorkloadWarmup   7: 16777216 op, 682071549.00 ns, 40.6546 ns/op
WorkloadWarmup   8: 16777216 op, 687346420.00 ns, 40.9690 ns/op
WorkloadWarmup   9: 16777216 op, 681594289.00 ns, 40.6262 ns/op

// BeforeActualRun
WorkloadActual   1: 16777216 op, 732795584.00 ns, 43.6780 ns/op
WorkloadActual   2: 16777216 op, 686500096.00 ns, 40.9186 ns/op
WorkloadActual   3: 16777216 op, 688486964.00 ns, 41.0370 ns/op
WorkloadActual   4: 16777216 op, 687094200.00 ns, 40.9540 ns/op
WorkloadActual   5: 16777216 op, 684829073.00 ns, 40.8190 ns/op
WorkloadActual   6: 16777216 op, 681329223.00 ns, 40.6104 ns/op
WorkloadActual   7: 16777216 op, 689140389.00 ns, 41.0760 ns/op
WorkloadActual   8: 16777216 op, 687410457.00 ns, 40.9729 ns/op
WorkloadActual   9: 16777216 op, 729278706.00 ns, 43.4684 ns/op
WorkloadActual  10: 16777216 op, 714758807.00 ns, 42.6029 ns/op
WorkloadActual  11: 16777216 op, 704763370.00 ns, 42.0072 ns/op
WorkloadActual  12: 16777216 op, 704488967.00 ns, 41.9908 ns/op
WorkloadActual  13: 16777216 op, 707791023.00 ns, 42.1876 ns/op
WorkloadActual  14: 16777216 op, 699732140.00 ns, 41.7073 ns/op
WorkloadActual  15: 16777216 op, 697102152.00 ns, 41.5505 ns/op
WorkloadActual  16: 16777216 op, 696271286.00 ns, 41.5010 ns/op
WorkloadActual  17: 16777216 op, 690737173.00 ns, 41.1711 ns/op

// AfterActualRun
WorkloadResult   1: 16777216 op, 645805642.00 ns, 38.4930 ns/op
WorkloadResult   2: 16777216 op, 647792510.00 ns, 38.6114 ns/op
WorkloadResult   3: 16777216 op, 646399746.00 ns, 38.5284 ns/op
WorkloadResult   4: 16777216 op, 644134619.00 ns, 38.3934 ns/op
WorkloadResult   5: 16777216 op, 640634769.00 ns, 38.1848 ns/op
WorkloadResult   6: 16777216 op, 648445935.00 ns, 38.6504 ns/op
WorkloadResult   7: 16777216 op, 646716003.00 ns, 38.5473 ns/op
WorkloadResult   8: 16777216 op, 688584252.00 ns, 41.0428 ns/op
WorkloadResult   9: 16777216 op, 674064353.00 ns, 40.1774 ns/op
WorkloadResult  10: 16777216 op, 664068916.00 ns, 39.5816 ns/op
WorkloadResult  11: 16777216 op, 663794513.00 ns, 39.5652 ns/op
WorkloadResult  12: 16777216 op, 667096569.00 ns, 39.7621 ns/op
WorkloadResult  13: 16777216 op, 659037686.00 ns, 39.2817 ns/op
WorkloadResult  14: 16777216 op, 656407698.00 ns, 39.1249 ns/op
WorkloadResult  15: 16777216 op, 655576832.00 ns, 39.0754 ns/op
WorkloadResult  16: 16777216 op, 650042719.00 ns, 38.7456 ns/op
// GC:  4 0 0 402653184 16777216
// Threading:  0 0 16777216

// AfterAll
// Benchmark Process 4462 has exited with code 0.

Mean = 39.110 ns, StdErr = 0.191 ns (0.49%), N = 16, StdDev = 0.764 ns
Min = 38.185 ns, Q1 = 38.543 ns, Median = 38.910 ns, Q3 = 39.569 ns, Max = 41.043 ns
IQR = 1.027 ns, LowerFence = 37.002 ns, UpperFence = 41.109 ns
ConfidenceInterval = [38.332 ns; 39.888 ns] (CI 99.9%), Margin = 0.778 ns (1.99% of Mean)
Skewness = 0.96, Kurtosis = 3.12, MValue = 2

// ** Remained 27 (75.0 %) benchmark(s) to run. Estimated finish 2026-09-27 7:30 (0h 10m from now) **
// **************************
// Benchmark: MediatorBenchmarks.DirectCall: .NET 8.0(Runtime=.NET 8.0, Toolchain=net8.0)
// *** Execute ***
// Launch: 1 / 1
// Execute: dotnet "EricksonLopez.Mediator.Benchmarks-.NET 8.0-2.dll" --anonymousPipes 168 169 --benchmarkName EricksonLopez.Mediator.Benchmarks.MediatorBenchmarks.DirectCall --job ".NET 8.0" --benchmarkId 0 in /home/runner/work/dotnet-mediator/dotnet-mediator/benchmarks/EricksonLopez.Mediator.Benchmarks/bin/Release/net10.0/EricksonLopez.Mediator.Benchmarks-.NET 8.0-2/bin/Release/net8.0
// Failed to set up high priority (Permission denied). In order to run benchmarks with high priority, make sure you have the right permissions.
// BeforeAnythingElse

// Benchmark Process Environment Information:
// BenchmarkDotNet v0.15.8
// Runtime=.NET 8.0.31 (8.0.31, 8.0.3126.42015), X64 RyuJIT x86-64-v4
// GC=Concurrent Workstation
// HardwareIntrinsics=AVX512 IFMA+VBMI,AVX512 F+BW+CD+DQ+VL,AVX2+BMI1+BMI2+F16C+FMA+LZCNT+MOVBE,AVX,SSE3+SSSE3+SSE4.1+SSE4.2+POPCNT,X86Base+SSE+SSE2,AES+PCLMUL,AvxVnni,SERIALIZE VectorSize=256
// Job: .NET 8.0

OverheadJitting  1: 1 op, 160233.00 ns, 160.2330 us/op
WorkloadJitting  1: 1 op, 5575328.00 ns, 5.5753 ms/op

OverheadJitting  2: 16 op, 313638.00 ns, 19.6024 us/op
WorkloadJitting  2: 16 op, 316865.00 ns, 19.8041 us/op

WorkloadPilot    1: 16 op, 2409.00 ns, 150.5625 ns/op
WorkloadPilot    2: 32 op, 2832.00 ns, 88.5000 ns/op
WorkloadPilot    3: 64 op, 5985.00 ns, 93.5156 ns/op
WorkloadPilot    4: 128 op, 8804.00 ns, 68.7813 ns/op
WorkloadPilot    5: 256 op, 11419.00 ns, 44.6055 ns/op
WorkloadPilot    6: 512 op, 19609.00 ns, 38.2988 ns/op
WorkloadPilot    7: 1024 op, 32623.00 ns, 31.8584 ns/op
WorkloadPilot    8: 2048 op, 56328.00 ns, 27.5039 ns/op
WorkloadPilot    9: 4096 op, 107642.00 ns, 26.2798 ns/op
WorkloadPilot   10: 8192 op, 217183.00 ns, 26.5116 ns/op
WorkloadPilot   11: 16384 op, 433607.00 ns, 26.4653 ns/op
WorkloadPilot   12: 32768 op, 850858.00 ns, 25.9661 ns/op
WorkloadPilot   13: 65536 op, 1668893.00 ns, 25.4653 ns/op
WorkloadPilot   14: 131072 op, 3329412.00 ns, 25.4014 ns/op
WorkloadPilot   15: 262144 op, 6662848.00 ns, 25.4167 ns/op
WorkloadPilot   16: 524288 op, 13318550.00 ns, 25.4031 ns/op
WorkloadPilot   17: 1048576 op, 26709902.00 ns, 25.4725 ns/op
WorkloadPilot   18: 2097152 op, 53618585.00 ns, 25.5673 ns/op
WorkloadPilot   19: 4194304 op, 42304603.00 ns, 10.0862 ns/op
WorkloadPilot   20: 8388608 op, 21594125.00 ns, 2.5742 ns/op
WorkloadPilot   21: 16777216 op, 43115227.00 ns, 2.5699 ns/op
WorkloadPilot   22: 33554432 op, 86207950.00 ns, 2.5692 ns/op
WorkloadPilot   23: 67108864 op, 172439906.00 ns, 2.5696 ns/op
WorkloadPilot   24: 134217728 op, 344815294.00 ns, 2.5691 ns/op
WorkloadPilot   25: 268435456 op, 690974997.00 ns, 2.5741 ns/op

OverheadWarmup   1: 268435456 op, 734795485.00 ns, 2.7373 ns/op
OverheadWarmup   2: 268435456 op, 690031003.00 ns, 2.5706 ns/op
OverheadWarmup   3: 268435456 op, 696576451.00 ns, 2.5949 ns/op
OverheadWarmup   4: 268435456 op, 690499785.00 ns, 2.5723 ns/op
OverheadWarmup   5: 268435456 op, 690362262.00 ns, 2.5718 ns/op
OverheadWarmup   6: 268435456 op, 690692898.00 ns, 2.5730 ns/op
OverheadWarmup   7: 268435456 op, 692183326.00 ns, 2.5786 ns/op
OverheadWarmup   8: 268435456 op, 692858607.00 ns, 2.5811 ns/op
OverheadWarmup   9: 268435456 op, 691140330.00 ns, 2.5747 ns/op

OverheadActual   1: 268435456 op, 691049694.00 ns, 2.5744 ns/op
OverheadActual   2: 268435456 op, 691447535.00 ns, 2.5758 ns/op
OverheadActual   3: 268435456 op, 689744815.00 ns, 2.5695 ns/op
OverheadActual   4: 268435456 op, 693130686.00 ns, 2.5821 ns/op
OverheadActual   5: 268435456 op, 692023234.00 ns, 2.5780 ns/op
OverheadActual   6: 268435456 op, 690932347.00 ns, 2.5739 ns/op
OverheadActual   7: 268435456 op, 690880000.00 ns, 2.5737 ns/op
OverheadActual   8: 268435456 op, 691289230.00 ns, 2.5753 ns/op
OverheadActual   9: 268435456 op, 690463303.00 ns, 2.5722 ns/op
OverheadActual  10: 268435456 op, 690801184.00 ns, 2.5734 ns/op
OverheadActual  11: 268435456 op, 690669203.00 ns, 2.5729 ns/op
OverheadActual  12: 268435456 op, 690668185.00 ns, 2.5729 ns/op
OverheadActual  13: 268435456 op, 693580520.00 ns, 2.5838 ns/op
OverheadActual  14: 268435456 op, 691302586.00 ns, 2.5753 ns/op
OverheadActual  15: 268435456 op, 691648470.00 ns, 2.5766 ns/op

WorkloadWarmup   1: 268435456 op, 689088178.00 ns, 2.5671 ns/op
WorkloadWarmup   2: 268435456 op, 689441222.00 ns, 2.5684 ns/op
WorkloadWarmup   3: 268435456 op, 689623220.00 ns, 2.5690 ns/op
WorkloadWarmup   4: 268435456 op, 689356801.00 ns, 2.5681 ns/op
WorkloadWarmup   5: 268435456 op, 725499924.00 ns, 2.7027 ns/op
WorkloadWarmup   6: 268435456 op, 712106811.00 ns, 2.6528 ns/op

// BeforeActualRun
WorkloadActual   1: 268435456 op, 695847751.00 ns, 2.5922 ns/op
WorkloadActual   2: 268435456 op, 688958639.00 ns, 2.5666 ns/op
WorkloadActual   3: 268435456 op, 689180425.00 ns, 2.5674 ns/op
WorkloadActual   4: 268435456 op, 689884694.00 ns, 2.5700 ns/op
WorkloadActual   5: 268435456 op, 689166590.00 ns, 2.5673 ns/op
WorkloadActual   6: 268435456 op, 689612344.00 ns, 2.5690 ns/op
WorkloadActual   7: 268435456 op, 689705250.00 ns, 2.5694 ns/op
WorkloadActual   8: 268435456 op, 690125982.00 ns, 2.5709 ns/op
WorkloadActual   9: 268435456 op, 689046205.00 ns, 2.5669 ns/op
WorkloadActual  10: 268435456 op, 689692721.00 ns, 2.5693 ns/op
WorkloadActual  11: 268435456 op, 688684250.00 ns, 2.5655 ns/op
WorkloadActual  12: 268435456 op, 691844054.00 ns, 2.5773 ns/op
WorkloadActual  13: 268435456 op, 689914658.00 ns, 2.5701 ns/op
WorkloadActual  14: 268435456 op, 689135368.00 ns, 2.5672 ns/op
WorkloadActual  15: 268435456 op, 689703446.00 ns, 2.5693 ns/op

// AfterActualRun
WorkloadResult   1: 268435456 op, 0.00 ns, 0.0000 ns/op
WorkloadResult   2: 268435456 op, 0.00 ns, 0.0000 ns/op
WorkloadResult   3: 268435456 op, 0.00 ns, 0.0000 ns/op
WorkloadResult   4: 268435456 op, 0.00 ns, 0.0000 ns/op
WorkloadResult   5: 268435456 op, 0.00 ns, 0.0000 ns/op
WorkloadResult   6: 268435456 op, 0.00 ns, 0.0000 ns/op
WorkloadResult   7: 268435456 op, 0.00 ns, 0.0000 ns/op
WorkloadResult   8: 268435456 op, 0.00 ns, 0.0000 ns/op
WorkloadResult   9: 268435456 op, 0.00 ns, 0.0000 ns/op
WorkloadResult  10: 268435456 op, 0.00 ns, 0.0000 ns/op
WorkloadResult  11: 268435456 op, 0.00 ns, 0.0000 ns/op
WorkloadResult  12: 268435456 op, 0.00 ns, 0.0000 ns/op
WorkloadResult  13: 268435456 op, 0.00 ns, 0.0000 ns/op
// GC:  0 0 0 0 268435456
// Threading:  0 0 268435456

// AfterAll
// Benchmark Process 4507 has exited with code 0.

Mean = 0.000 ns, StdErr = 0.000 ns (NaN%), N = 13, StdDev = 0.000 ns
Min = 0.000 ns, Q1 = 0.000 ns, Median = 0.000 ns, Q3 = 0.000 ns, Max = 0.000 ns
IQR = 0.000 ns, LowerFence = 0.000 ns, UpperFence = 0.000 ns
ConfidenceInterval = [0.000 ns; 0.000 ns] (CI 99.9%), Margin = 0.000 ns (NaN% of Mean)
Skewness = NaN, Kurtosis = NaN, MValue = 2

// ** Remained 26 (72.2 %) benchmark(s) to run. Estimated finish 2026-09-27 7:31 (0h 10m from now) **
// **************************
// Benchmark: MediatorBenchmarks.SendCommand_NoBehaviors: .NET 8.0(Runtime=.NET 8.0, Toolchain=net8.0)
// *** Execute ***
// Launch: 1 / 1
// Execute: dotnet "EricksonLopez.Mediator.Benchmarks-.NET 8.0-2.dll" --anonymousPipes 168 169 --benchmarkName EricksonLopez.Mediator.Benchmarks.MediatorBenchmarks.SendCommand_NoBehaviors --job ".NET 8.0" --benchmarkId 1 in /home/runner/work/dotnet-mediator/dotnet-mediator/benchmarks/EricksonLopez.Mediator.Benchmarks/bin/Release/net10.0/EricksonLopez.Mediator.Benchmarks-.NET 8.0-2/bin/Release/net8.0
// Failed to set up high priority (Permission denied). In order to run benchmarks with high priority, make sure you have the right permissions.
// BeforeAnythingElse

// Benchmark Process Environment Information:
// BenchmarkDotNet v0.15.8
// Runtime=.NET 8.0.31 (8.0.31, 8.0.3126.42015), X64 RyuJIT x86-64-v4
// GC=Concurrent Workstation
// HardwareIntrinsics=AVX512 IFMA+VBMI,AVX512 F+BW+CD+DQ+VL,AVX2+BMI1+BMI2+F16C+FMA+LZCNT+MOVBE,AVX,SSE3+SSSE3+SSE4.1+SSE4.2+POPCNT,X86Base+SSE+SSE2,AES+PCLMUL,AvxVnni,SERIALIZE VectorSize=256
// Job: .NET 8.0

OverheadJitting  1: 1 op, 150449.00 ns, 150.4490 us/op
WorkloadJitting  1: 1 op, 1095188.00 ns, 1.0952 ms/op

OverheadJitting  2: 16 op, 323996.00 ns, 20.2498 us/op
WorkloadJitting  2: 16 op, 378831.00 ns, 23.6769 us/op

WorkloadPilot    1: 16 op, 8838.00 ns, 552.3750 ns/op
WorkloadPilot    2: 32 op, 10255.00 ns, 320.4688 ns/op
WorkloadPilot    3: 64 op, 13409.00 ns, 209.5156 ns/op
WorkloadPilot    4: 128 op, 21374.00 ns, 166.9844 ns/op
WorkloadPilot    5: 256 op, 37312.00 ns, 145.7500 ns/op
WorkloadPilot    6: 512 op, 59220.00 ns, 115.6641 ns/op
WorkloadPilot    7: 1024 op, 111712.00 ns, 109.0938 ns/op
WorkloadPilot    8: 2048 op, 227511.00 ns, 111.0894 ns/op
WorkloadPilot    9: 4096 op, 429655.00 ns, 104.8962 ns/op
WorkloadPilot   10: 8192 op, 924413.00 ns, 112.8434 ns/op
WorkloadPilot   11: 16384 op, 1820007.00 ns, 111.0844 ns/op
WorkloadPilot   12: 32768 op, 3473322.00 ns, 105.9974 ns/op
WorkloadPilot   13: 65536 op, 6887873.00 ns, 105.1006 ns/op
WorkloadPilot   14: 131072 op, 13686843.00 ns, 104.4223 ns/op
WorkloadPilot   15: 262144 op, 26964697.00 ns, 102.8622 ns/op
WorkloadPilot   16: 524288 op, 54461897.00 ns, 103.8778 ns/op
WorkloadPilot   17: 1048576 op, 20998261.00 ns, 20.0255 ns/op
WorkloadPilot   18: 2097152 op, 41587393.00 ns, 19.8304 ns/op
WorkloadPilot   19: 4194304 op, 83697660.00 ns, 19.9551 ns/op
WorkloadPilot   20: 8388608 op, 166310974.00 ns, 19.8258 ns/op
WorkloadPilot   21: 16777216 op, 333453784.00 ns, 19.8754 ns/op
WorkloadPilot   22: 33554432 op, 656758940.00 ns, 19.5729 ns/op

OverheadWarmup   1: 33554432 op, 110604927.00 ns, 3.2963 ns/op
OverheadWarmup   2: 33554432 op, 105679449.00 ns, 3.1495 ns/op
OverheadWarmup   3: 33554432 op, 87029966.00 ns, 2.5937 ns/op
OverheadWarmup   4: 33554432 op, 86443869.00 ns, 2.5762 ns/op
OverheadWarmup   5: 33554432 op, 86138262.00 ns, 2.5671 ns/op
OverheadWarmup   6: 33554432 op, 86345094.00 ns, 2.5733 ns/op
OverheadWarmup   7: 33554432 op, 86209068.00 ns, 2.5692 ns/op
OverheadWarmup   8: 33554432 op, 86114928.00 ns, 2.5664 ns/op
OverheadWarmup   9: 33554432 op, 86267389.00 ns, 2.5710 ns/op
OverheadWarmup  10: 33554432 op, 90585038.00 ns, 2.6996 ns/op

OverheadActual   1: 33554432 op, 98059769.00 ns, 2.9224 ns/op
OverheadActual   2: 33554432 op, 93959313.00 ns, 2.8002 ns/op
OverheadActual   3: 33554432 op, 90949440.00 ns, 2.7105 ns/op
OverheadActual   4: 33554432 op, 92947795.00 ns, 2.7701 ns/op
OverheadActual   5: 33554432 op, 102998802.00 ns, 3.0696 ns/op
OverheadActual   6: 33554432 op, 97857897.00 ns, 2.9164 ns/op
OverheadActual   7: 33554432 op, 94274019.00 ns, 2.8096 ns/op
OverheadActual   8: 33554432 op, 94070242.00 ns, 2.8035 ns/op
OverheadActual   9: 33554432 op, 90543915.00 ns, 2.6984 ns/op
OverheadActual  10: 33554432 op, 93948265.00 ns, 2.7999 ns/op
OverheadActual  11: 33554432 op, 89869630.00 ns, 2.6783 ns/op
OverheadActual  12: 33554432 op, 92334019.00 ns, 2.7518 ns/op
OverheadActual  13: 33554432 op, 92889452.00 ns, 2.7683 ns/op
OverheadActual  14: 33554432 op, 91643649.00 ns, 2.7312 ns/op
OverheadActual  15: 33554432 op, 90712446.00 ns, 2.7034 ns/op

WorkloadWarmup   1: 33554432 op, 667527687.00 ns, 19.8939 ns/op
WorkloadWarmup   2: 33554432 op, 647201881.00 ns, 19.2881 ns/op
WorkloadWarmup   3: 33554432 op, 645222008.00 ns, 19.2291 ns/op
WorkloadWarmup   4: 33554432 op, 645415962.00 ns, 19.2349 ns/op
WorkloadWarmup   5: 33554432 op, 648563805.00 ns, 19.3287 ns/op
WorkloadWarmup   6: 33554432 op, 645877438.00 ns, 19.2486 ns/op
WorkloadWarmup   7: 33554432 op, 648688457.00 ns, 19.3324 ns/op
WorkloadWarmup   8: 33554432 op, 645655079.00 ns, 19.2420 ns/op

// BeforeActualRun
WorkloadActual   1: 33554432 op, 647368019.00 ns, 19.2931 ns/op
WorkloadActual   2: 33554432 op, 645445525.00 ns, 19.2358 ns/op
WorkloadActual   3: 33554432 op, 647309115.00 ns, 19.2913 ns/op
WorkloadActual   4: 33554432 op, 645525033.00 ns, 19.2381 ns/op
WorkloadActual   5: 33554432 op, 684407806.00 ns, 20.3969 ns/op
WorkloadActual   6: 33554432 op, 673510720.00 ns, 20.0722 ns/op
WorkloadActual   7: 33554432 op, 677868528.00 ns, 20.2021 ns/op
WorkloadActual   8: 33554432 op, 661818733.00 ns, 19.7237 ns/op
WorkloadActual   9: 33554432 op, 670055656.00 ns, 19.9692 ns/op
WorkloadActual  10: 33554432 op, 647990264.00 ns, 19.3116 ns/op
WorkloadActual  11: 33554432 op, 643097361.00 ns, 19.1658 ns/op
WorkloadActual  12: 33554432 op, 643740588.00 ns, 19.1850 ns/op
WorkloadActual  13: 33554432 op, 642289041.00 ns, 19.1417 ns/op
WorkloadActual  14: 33554432 op, 642915257.00 ns, 19.1604 ns/op
WorkloadActual  15: 33554432 op, 643695265.00 ns, 19.1836 ns/op
WorkloadActual  16: 33554432 op, 643989958.00 ns, 19.1924 ns/op
WorkloadActual  17: 33554432 op, 643734960.00 ns, 19.1848 ns/op
WorkloadActual  18: 33554432 op, 644503410.00 ns, 19.2077 ns/op
WorkloadActual  19: 33554432 op, 643829306.00 ns, 19.1876 ns/op

// AfterActualRun
WorkloadResult   1: 33554432 op, 554420224.00 ns, 16.5230 ns/op
WorkloadResult   2: 33554432 op, 552497730.00 ns, 16.4657 ns/op
WorkloadResult   3: 33554432 op, 554361320.00 ns, 16.5213 ns/op
WorkloadResult   4: 33554432 op, 552577238.00 ns, 16.4681 ns/op
WorkloadResult   5: 33554432 op, 568870938.00 ns, 16.9537 ns/op
WorkloadResult   6: 33554432 op, 577107861.00 ns, 17.1992 ns/op
WorkloadResult   7: 33554432 op, 555042469.00 ns, 16.5416 ns/op
WorkloadResult   8: 33554432 op, 550149566.00 ns, 16.3957 ns/op
WorkloadResult   9: 33554432 op, 550792793.00 ns, 16.4149 ns/op
WorkloadResult  10: 33554432 op, 549341246.00 ns, 16.3716 ns/op
WorkloadResult  11: 33554432 op, 549967462.00 ns, 16.3903 ns/op
WorkloadResult  12: 33554432 op, 550747470.00 ns, 16.4136 ns/op
WorkloadResult  13: 33554432 op, 551042163.00 ns, 16.4223 ns/op
WorkloadResult  14: 33554432 op, 550787165.00 ns, 16.4147 ns/op
WorkloadResult  15: 33554432 op, 551555615.00 ns, 16.4376 ns/op
WorkloadResult  16: 33554432 op, 550881511.00 ns, 16.4175 ns/op
// GC:  0 0 0 0 33554432
// Threading:  0 0 33554432

// AfterAll
// Benchmark Process 4538 has exited with code 0.

Mean = 16.522 ns, StdErr = 0.057 ns (0.34%), N = 16, StdDev = 0.227 ns
Min = 16.372 ns, Q1 = 16.414 ns, Median = 16.430 ns, Q3 = 16.522 ns, Max = 17.199 ns
IQR = 0.107 ns, LowerFence = 16.254 ns, UpperFence = 16.683 ns
ConfidenceInterval = [16.291 ns; 16.753 ns] (CI 99.9%), Margin = 0.231 ns (1.40% of Mean)
Skewness = 2.02, Kurtosis = 5.86, MValue = 2

// ** Remained 25 (69.4 %) benchmark(s) to run. Estimated finish 2026-09-27 7:30 (0h 10m from now) **
// **************************
// Benchmark: MediatorBenchmarks.SendQuery_NoBehaviors: .NET 8.0(Runtime=.NET 8.0, Toolchain=net8.0)
// *** Execute ***
// Launch: 1 / 1
// Execute: dotnet "EricksonLopez.Mediator.Benchmarks-.NET 8.0-2.dll" --anonymousPipes 168 169 --benchmarkName EricksonLopez.Mediator.Benchmarks.MediatorBenchmarks.SendQuery_NoBehaviors --job ".NET 8.0" --benchmarkId 2 in /home/runner/work/dotnet-mediator/dotnet-mediator/benchmarks/EricksonLopez.Mediator.Benchmarks/bin/Release/net10.0/EricksonLopez.Mediator.Benchmarks-.NET 8.0-2/bin/Release/net8.0
// Failed to set up high priority (Permission denied). In order to run benchmarks with high priority, make sure you have the right permissions.
// BeforeAnythingElse

// Benchmark Process Environment Information:
// BenchmarkDotNet v0.15.8
// Runtime=.NET 8.0.31 (8.0.31, 8.0.3126.42015), X64 RyuJIT x86-64-v4
// GC=Concurrent Workstation
// HardwareIntrinsics=AVX512 IFMA+VBMI,AVX512 F+BW+CD+DQ+VL,AVX2+BMI1+BMI2+F16C+FMA+LZCNT+MOVBE,AVX,SSE3+SSSE3+SSE4.1+SSE4.2+POPCNT,X86Base+SSE+SSE2,AES+PCLMUL,AvxVnni,SERIALIZE VectorSize=256
// Job: .NET 8.0

OverheadJitting  1: 1 op, 141369.00 ns, 141.3690 us/op
WorkloadJitting  1: 1 op, 834930.00 ns, 834.9300 us/op

OverheadJitting  2: 16 op, 333404.00 ns, 20.8378 us/op
WorkloadJitting  2: 16 op, 400332.00 ns, 25.0208 us/op

WorkloadPilot    1: 16 op, 8117.00 ns, 507.3125 ns/op
WorkloadPilot    2: 32 op, 8915.00 ns, 278.5938 ns/op
WorkloadPilot    3: 64 op, 11354.00 ns, 177.4063 ns/op
WorkloadPilot    4: 128 op, 14914.00 ns, 116.5156 ns/op
WorkloadPilot    5: 256 op, 28185.00 ns, 110.0977 ns/op
WorkloadPilot    6: 512 op, 50660.00 ns, 98.9453 ns/op
WorkloadPilot    7: 1024 op, 98124.00 ns, 95.8242 ns/op
WorkloadPilot    8: 2048 op, 194681.00 ns, 95.0591 ns/op
WorkloadPilot    9: 4096 op, 397170.00 ns, 96.9653 ns/op
WorkloadPilot   10: 8192 op, 843502.00 ns, 102.9666 ns/op
WorkloadPilot   11: 16384 op, 1650136.00 ns, 100.7163 ns/op
WorkloadPilot   12: 32768 op, 3210335.00 ns, 97.9716 ns/op
WorkloadPilot   13: 65536 op, 6334892.00 ns, 96.6628 ns/op
WorkloadPilot   14: 131072 op, 12576651.00 ns, 95.9522 ns/op
WorkloadPilot   15: 262144 op, 25103694.00 ns, 95.7630 ns/op
WorkloadPilot   16: 524288 op, 49477144.00 ns, 94.3702 ns/op
WorkloadPilot   17: 1048576 op, 18936739.00 ns, 18.0595 ns/op
WorkloadPilot   18: 2097152 op, 37967309.00 ns, 18.1042 ns/op
WorkloadPilot   19: 4194304 op, 76276738.00 ns, 18.1858 ns/op
WorkloadPilot   20: 8388608 op, 152323168.00 ns, 18.1583 ns/op
WorkloadPilot   21: 16777216 op, 303753141.00 ns, 18.1051 ns/op
WorkloadPilot   22: 33554432 op, 606991529.00 ns, 18.0898 ns/op

OverheadWarmup   1: 33554432 op, 110478974.00 ns, 3.2925 ns/op
OverheadWarmup   2: 33554432 op, 106997624.00 ns, 3.1888 ns/op
OverheadWarmup   3: 33554432 op, 86199725.00 ns, 2.5690 ns/op
OverheadWarmup   4: 33554432 op, 86145275.00 ns, 2.5673 ns/op
OverheadWarmup   5: 33554432 op, 86197291.00 ns, 2.5689 ns/op
OverheadWarmup   6: 33554432 op, 86211765.00 ns, 2.5693 ns/op
OverheadWarmup   7: 33554432 op, 86109865.00 ns, 2.5663 ns/op
OverheadWarmup   8: 33554432 op, 86198233.00 ns, 2.5689 ns/op
OverheadWarmup   9: 33554432 op, 92992566.00 ns, 2.7714 ns/op
OverheadWarmup  10: 33554432 op, 86178027.00 ns, 2.5683 ns/op

OverheadActual   1: 33554432 op, 86168596.00 ns, 2.5680 ns/op
OverheadActual   2: 33554432 op, 86247728.00 ns, 2.5704 ns/op
OverheadActual   3: 33554432 op, 86169251.00 ns, 2.5680 ns/op
OverheadActual   4: 33554432 op, 86287588.00 ns, 2.5716 ns/op
OverheadActual   5: 33554432 op, 86196507.00 ns, 2.5689 ns/op
OverheadActual   6: 33554432 op, 87762798.00 ns, 2.6155 ns/op
OverheadActual   7: 33554432 op, 86224279.00 ns, 2.5697 ns/op
OverheadActual   8: 33554432 op, 86275049.00 ns, 2.5712 ns/op
OverheadActual   9: 33554432 op, 86161484.00 ns, 2.5678 ns/op
OverheadActual  10: 33554432 op, 86130922.00 ns, 2.5669 ns/op
OverheadActual  11: 33554432 op, 86153562.00 ns, 2.5676 ns/op
OverheadActual  12: 33554432 op, 86150894.00 ns, 2.5675 ns/op
OverheadActual  13: 33554432 op, 88257675.00 ns, 2.6303 ns/op
OverheadActual  14: 33554432 op, 86156098.00 ns, 2.5677 ns/op
OverheadActual  15: 33554432 op, 86265109.00 ns, 2.5709 ns/op

WorkloadWarmup   1: 33554432 op, 605817113.00 ns, 18.0548 ns/op
WorkloadWarmup   2: 33554432 op, 606501383.00 ns, 18.0751 ns/op
WorkloadWarmup   3: 33554432 op, 606672850.00 ns, 18.0803 ns/op
WorkloadWarmup   4: 33554432 op, 606613764.00 ns, 18.0785 ns/op
WorkloadWarmup   5: 33554432 op, 605801378.00 ns, 18.0543 ns/op
WorkloadWarmup   6: 33554432 op, 605287143.00 ns, 18.0390 ns/op
WorkloadWarmup   7: 33554432 op, 610509918.00 ns, 18.1946 ns/op
WorkloadWarmup   8: 33554432 op, 609292069.00 ns, 18.1583 ns/op

// BeforeActualRun
WorkloadActual   1: 33554432 op, 607247137.00 ns, 18.0974 ns/op
WorkloadActual   2: 33554432 op, 615543150.00 ns, 18.3446 ns/op
WorkloadActual   3: 33554432 op, 606882151.00 ns, 18.0865 ns/op
WorkloadActual   4: 33554432 op, 608643233.00 ns, 18.1390 ns/op
WorkloadActual   5: 33554432 op, 607281387.00 ns, 18.0984 ns/op
WorkloadActual   6: 33554432 op, 661324565.00 ns, 19.7090 ns/op
WorkloadActual   7: 33554432 op, 631879580.00 ns, 18.8315 ns/op
WorkloadActual   8: 33554432 op, 625700135.00 ns, 18.6473 ns/op
WorkloadActual   9: 33554432 op, 620784033.00 ns, 18.5008 ns/op
WorkloadActual  10: 33554432 op, 621032594.00 ns, 18.5082 ns/op
WorkloadActual  11: 33554432 op, 612995511.00 ns, 18.2687 ns/op
WorkloadActual  12: 33554432 op, 604826941.00 ns, 18.0252 ns/op
WorkloadActual  13: 33554432 op, 604970632.00 ns, 18.0295 ns/op
WorkloadActual  14: 33554432 op, 606767205.00 ns, 18.0831 ns/op
WorkloadActual  15: 33554432 op, 606151509.00 ns, 18.0647 ns/op

// AfterActualRun
WorkloadResult   1: 33554432 op, 521050630.00 ns, 15.5285 ns/op
WorkloadResult   2: 33554432 op, 529346643.00 ns, 15.7758 ns/op
WorkloadResult   3: 33554432 op, 520685644.00 ns, 15.5176 ns/op
WorkloadResult   4: 33554432 op, 522446726.00 ns, 15.5701 ns/op
WorkloadResult   5: 33554432 op, 521084880.00 ns, 15.5295 ns/op
WorkloadResult   6: 33554432 op, 545683073.00 ns, 16.2626 ns/op
WorkloadResult   7: 33554432 op, 539503628.00 ns, 16.0785 ns/op
WorkloadResult   8: 33554432 op, 534587526.00 ns, 15.9319 ns/op
WorkloadResult   9: 33554432 op, 534836087.00 ns, 15.9394 ns/op
WorkloadResult  10: 33554432 op, 526799004.00 ns, 15.6998 ns/op
WorkloadResult  11: 33554432 op, 518630434.00 ns, 15.4564 ns/op
WorkloadResult  12: 33554432 op, 518774125.00 ns, 15.4607 ns/op
WorkloadResult  13: 33554432 op, 520570698.00 ns, 15.5142 ns/op
WorkloadResult  14: 33554432 op, 519955002.00 ns, 15.4959 ns/op
// GC:  0 0 0 0 33554432
// Threading:  0 0 33554432

// AfterAll
// Benchmark Process 4554 has exited with code 0.

Mean = 15.697 ns, StdErr = 0.069 ns (0.44%), N = 14, StdDev = 0.260 ns
Min = 15.456 ns, Q1 = 15.515 ns, Median = 15.550 ns, Q3 = 15.893 ns, Max = 16.263 ns
IQR = 0.378 ns, LowerFence = 14.948 ns, UpperFence = 16.460 ns
ConfidenceInterval = [15.404 ns; 15.990 ns] (CI 99.9%), Margin = 0.293 ns (1.87% of Mean)
Skewness = 0.83, Kurtosis = 2.22, MValue = 2

// ** Remained 24 (66.7 %) benchmark(s) to run. Estimated finish 2026-09-27 7:30 (0h 9m from now) **
// **************************
// Benchmark: MediatorBenchmarks.SendCommand_OneBehavior: .NET 8.0(Runtime=.NET 8.0, Toolchain=net8.0)
// *** Execute ***
// Launch: 1 / 1
// Execute: dotnet "EricksonLopez.Mediator.Benchmarks-.NET 8.0-2.dll" --anonymousPipes 168 169 --benchmarkName EricksonLopez.Mediator.Benchmarks.MediatorBenchmarks.SendCommand_OneBehavior --job ".NET 8.0" --benchmarkId 3 in /home/runner/work/dotnet-mediator/dotnet-mediator/benchmarks/EricksonLopez.Mediator.Benchmarks/bin/Release/net10.0/EricksonLopez.Mediator.Benchmarks-.NET 8.0-2/bin/Release/net8.0
// Failed to set up high priority (Permission denied). In order to run benchmarks with high priority, make sure you have the right permissions.
// BeforeAnythingElse

// Benchmark Process Environment Information:
// BenchmarkDotNet v0.15.8
// Runtime=.NET 8.0.31 (8.0.31, 8.0.3126.42015), X64 RyuJIT x86-64-v4
// GC=Concurrent Workstation
// HardwareIntrinsics=AVX512 IFMA+VBMI,AVX512 F+BW+CD+DQ+VL,AVX2+BMI1+BMI2+F16C+FMA+LZCNT+MOVBE,AVX,SSE3+SSSE3+SSE4.1+SSE4.2+POPCNT,X86Base+SSE+SSE2,AES+PCLMUL,AvxVnni,SERIALIZE VectorSize=256
// Job: .NET 8.0

OverheadJitting  1: 1 op, 141831.00 ns, 141.8310 us/op
WorkloadJitting  1: 1 op, 1543401.00 ns, 1.5434 ms/op

OverheadJitting  2: 16 op, 304845.00 ns, 19.0528 us/op
WorkloadJitting  2: 16 op, 317748.00 ns, 19.8593 us/op

WorkloadPilot    1: 16 op, 13057.00 ns, 816.0625 ns/op
WorkloadPilot    2: 32 op, 17374.00 ns, 542.9375 ns/op
WorkloadPilot    3: 64 op, 33824.00 ns, 528.5000 ns/op
WorkloadPilot    4: 128 op, 36397.00 ns, 284.3516 ns/op
WorkloadPilot    5: 256 op, 66385.00 ns, 259.3164 ns/op
WorkloadPilot    6: 512 op, 117582.00 ns, 229.6523 ns/op
WorkloadPilot    7: 1024 op, 228049.00 ns, 222.7041 ns/op
WorkloadPilot    8: 2048 op, 445477.00 ns, 217.5181 ns/op
WorkloadPilot    9: 4096 op, 945586.00 ns, 230.8560 ns/op
WorkloadPilot   10: 8192 op, 1896923.00 ns, 231.5580 ns/op
WorkloadPilot   11: 16384 op, 3669366.00 ns, 223.9603 ns/op
WorkloadPilot   12: 32768 op, 7199361.00 ns, 219.7071 ns/op
WorkloadPilot   13: 65536 op, 14276674.00 ns, 217.8448 ns/op
WorkloadPilot   14: 131072 op, 28436438.00 ns, 216.9528 ns/op
WorkloadPilot   15: 262144 op, 60100761.00 ns, 229.2662 ns/op
WorkloadPilot   16: 524288 op, 23214012.00 ns, 44.2772 ns/op
WorkloadPilot   17: 1048576 op, 36345973.00 ns, 34.6622 ns/op
WorkloadPilot   18: 2097152 op, 71933438.00 ns, 34.3005 ns/op
WorkloadPilot   19: 4194304 op, 144174201.00 ns, 34.3738 ns/op
WorkloadPilot   20: 8388608 op, 288726408.00 ns, 34.4189 ns/op
WorkloadPilot   21: 16777216 op, 576948972.00 ns, 34.3888 ns/op

OverheadWarmup   1: 16777216 op, 55178722.00 ns, 3.2889 ns/op
OverheadWarmup   2: 16777216 op, 55184700.00 ns, 3.2893 ns/op
OverheadWarmup   3: 16777216 op, 55240592.00 ns, 3.2926 ns/op
OverheadWarmup   4: 16777216 op, 50349704.00 ns, 3.0011 ns/op
OverheadWarmup   5: 16777216 op, 43044836.00 ns, 2.5657 ns/op
OverheadWarmup   6: 16777216 op, 43075387.00 ns, 2.5675 ns/op
OverheadWarmup   7: 16777216 op, 43028455.00 ns, 2.5647 ns/op

OverheadActual   1: 16777216 op, 43154267.00 ns, 2.5722 ns/op
OverheadActual   2: 16777216 op, 43417151.00 ns, 2.5879 ns/op
OverheadActual   3: 16777216 op, 43095971.00 ns, 2.5687 ns/op
OverheadActual   4: 16777216 op, 43090742.00 ns, 2.5684 ns/op
OverheadActual   5: 16777216 op, 43732394.00 ns, 2.6067 ns/op
OverheadActual   6: 16777216 op, 43059151.00 ns, 2.5665 ns/op
OverheadActual   7: 16777216 op, 43076793.00 ns, 2.5676 ns/op
OverheadActual   8: 16777216 op, 43195340.00 ns, 2.5746 ns/op
OverheadActual   9: 16777216 op, 43205516.00 ns, 2.5752 ns/op
OverheadActual  10: 16777216 op, 43121830.00 ns, 2.5703 ns/op
OverheadActual  11: 16777216 op, 43082491.00 ns, 2.5679 ns/op
OverheadActual  12: 16777216 op, 46520395.00 ns, 2.7728 ns/op
OverheadActual  13: 16777216 op, 43081882.00 ns, 2.5679 ns/op
OverheadActual  14: 16777216 op, 43084280.00 ns, 2.5680 ns/op
OverheadActual  15: 16777216 op, 43208319.00 ns, 2.5754 ns/op

WorkloadWarmup   1: 16777216 op, 583361390.00 ns, 34.7710 ns/op
WorkloadWarmup   2: 16777216 op, 617044247.00 ns, 36.7787 ns/op
WorkloadWarmup   3: 16777216 op, 601006762.00 ns, 35.8228 ns/op
WorkloadWarmup   4: 16777216 op, 602132522.00 ns, 35.8899 ns/op
WorkloadWarmup   5: 16777216 op, 603859135.00 ns, 35.9928 ns/op
WorkloadWarmup   6: 16777216 op, 602093285.00 ns, 35.8876 ns/op

// BeforeActualRun
WorkloadActual   1: 16777216 op, 581382058.00 ns, 34.6531 ns/op
WorkloadActual   2: 16777216 op, 578234419.00 ns, 34.4655 ns/op
WorkloadActual   3: 16777216 op, 578651337.00 ns, 34.4903 ns/op
WorkloadActual   4: 16777216 op, 578054623.00 ns, 34.4547 ns/op
WorkloadActual   5: 16777216 op, 582601207.00 ns, 34.7257 ns/op
WorkloadActual   6: 16777216 op, 626003350.00 ns, 37.3127 ns/op
WorkloadActual   7: 16777216 op, 601523371.00 ns, 35.8536 ns/op
WorkloadActual   8: 16777216 op, 625701543.00 ns, 37.2947 ns/op
WorkloadActual   9: 16777216 op, 614682622.00 ns, 36.6379 ns/op
WorkloadActual  10: 16777216 op, 615473490.00 ns, 36.6851 ns/op
WorkloadActual  11: 16777216 op, 610530380.00 ns, 36.3904 ns/op
WorkloadActual  12: 16777216 op, 607200149.00 ns, 36.1919 ns/op
WorkloadActual  13: 16777216 op, 601858790.00 ns, 35.8736 ns/op
WorkloadActual  14: 16777216 op, 608280977.00 ns, 36.2564 ns/op
WorkloadActual  15: 16777216 op, 609407341.00 ns, 36.3235 ns/op
WorkloadActual  16: 16777216 op, 606541566.00 ns, 36.1527 ns/op
WorkloadActual  17: 16777216 op, 606945638.00 ns, 36.1768 ns/op
WorkloadActual  18: 16777216 op, 598072901.00 ns, 35.6479 ns/op
WorkloadActual  19: 16777216 op, 579017410.00 ns, 34.5121 ns/op
WorkloadActual  20: 16777216 op, 576234921.00 ns, 34.3463 ns/op
WorkloadActual  21: 16777216 op, 579072295.00 ns, 34.5154 ns/op
WorkloadActual  22: 16777216 op, 585369350.00 ns, 34.8907 ns/op
WorkloadActual  23: 16777216 op, 577903610.00 ns, 34.4457 ns/op
WorkloadActual  24: 16777216 op, 574446691.00 ns, 34.2397 ns/op
WorkloadActual  25: 16777216 op, 578402223.00 ns, 34.4755 ns/op
WorkloadActual  26: 16777216 op, 586806575.00 ns, 34.9764 ns/op
WorkloadActual  27: 16777216 op, 599726565.00 ns, 35.7465 ns/op

// AfterActualRun
WorkloadResult   1: 16777216 op, 538260228.00 ns, 32.0828 ns/op
WorkloadResult   2: 16777216 op, 535112589.00 ns, 31.8952 ns/op
WorkloadResult   3: 16777216 op, 535529507.00 ns, 31.9200 ns/op
WorkloadResult   4: 16777216 op, 534932793.00 ns, 31.8845 ns/op
WorkloadResult   5: 16777216 op, 539479377.00 ns, 32.1555 ns/op
WorkloadResult   6: 16777216 op, 582881520.00 ns, 34.7424 ns/op
WorkloadResult   7: 16777216 op, 558401541.00 ns, 33.2833 ns/op
WorkloadResult   8: 16777216 op, 582579713.00 ns, 34.7245 ns/op
WorkloadResult   9: 16777216 op, 571560792.00 ns, 34.0677 ns/op
WorkloadResult  10: 16777216 op, 572351660.00 ns, 34.1148 ns/op
WorkloadResult  11: 16777216 op, 567408550.00 ns, 33.8202 ns/op
WorkloadResult  12: 16777216 op, 564078319.00 ns, 33.6217 ns/op
WorkloadResult  13: 16777216 op, 558736960.00 ns, 33.3033 ns/op
WorkloadResult  14: 16777216 op, 565159147.00 ns, 33.6861 ns/op
WorkloadResult  15: 16777216 op, 566285511.00 ns, 33.7532 ns/op
WorkloadResult  16: 16777216 op, 563419736.00 ns, 33.5824 ns/op
WorkloadResult  17: 16777216 op, 563823808.00 ns, 33.6065 ns/op
WorkloadResult  18: 16777216 op, 554951071.00 ns, 33.0777 ns/op
WorkloadResult  19: 16777216 op, 535895580.00 ns, 31.9419 ns/op
WorkloadResult  20: 16777216 op, 533113091.00 ns, 31.7760 ns/op
WorkloadResult  21: 16777216 op, 535950465.00 ns, 31.9451 ns/op
WorkloadResult  22: 16777216 op, 542247520.00 ns, 32.3205 ns/op
WorkloadResult  23: 16777216 op, 534781780.00 ns, 31.8755 ns/op
WorkloadResult  24: 16777216 op, 531324861.00 ns, 31.6694 ns/op
WorkloadResult  25: 16777216 op, 535280393.00 ns, 31.9052 ns/op
WorkloadResult  26: 16777216 op, 543684745.00 ns, 32.4061 ns/op
WorkloadResult  27: 16777216 op, 556604735.00 ns, 33.1762 ns/op
// GC:  0 0 0 0 16777216
// Threading:  0 0 16777216

// AfterAll
// Benchmark Process 4570 has exited with code 0.

Mean = 32.901 ns, StdErr = 0.189 ns (0.57%), N = 27, StdDev = 0.983 ns
Min = 31.669 ns, Q1 = 31.931 ns, Median = 33.078 ns, Q3 = 33.654 ns, Max = 34.742 ns
IQR = 1.723 ns, LowerFence = 29.347 ns, UpperFence = 36.238 ns
ConfidenceInterval = [32.200 ns; 33.602 ns] (CI 99.9%), Margin = 0.701 ns (2.13% of Mean)
Skewness = 0.29, Kurtosis = 1.61, MValue = 2

// ** Remained 23 (63.9 %) benchmark(s) to run. Estimated finish 2026-09-27 7:30 (0h 9m from now) **
// **************************
// Benchmark: MediatorBenchmarks.SendCommand_FiveBehaviors: .NET 8.0(Runtime=.NET 8.0, Toolchain=net8.0)
// *** Execute ***
// Launch: 1 / 1
// Execute: dotnet "EricksonLopez.Mediator.Benchmarks-.NET 8.0-2.dll" --anonymousPipes 168 169 --benchmarkName EricksonLopez.Mediator.Benchmarks.MediatorBenchmarks.SendCommand_FiveBehaviors --job ".NET 8.0" --benchmarkId 4 in /home/runner/work/dotnet-mediator/dotnet-mediator/benchmarks/EricksonLopez.Mediator.Benchmarks/bin/Release/net10.0/EricksonLopez.Mediator.Benchmarks-.NET 8.0-2/bin/Release/net8.0
// Failed to set up high priority (Permission denied). In order to run benchmarks with high priority, make sure you have the right permissions.
// BeforeAnythingElse

// Benchmark Process Environment Information:
// BenchmarkDotNet v0.15.8
// Runtime=.NET 8.0.31 (8.0.31, 8.0.3126.42015), X64 RyuJIT x86-64-v4
// GC=Concurrent Workstation
// HardwareIntrinsics=AVX512 IFMA+VBMI,AVX512 F+BW+CD+DQ+VL,AVX2+BMI1+BMI2+F16C+FMA+LZCNT+MOVBE,AVX,SSE3+SSSE3+SSE4.1+SSE4.2+POPCNT,X86Base+SSE+SSE2,AES+PCLMUL,AvxVnni,SERIALIZE VectorSize=256
// Job: .NET 8.0

OverheadJitting  1: 1 op, 152190.00 ns, 152.1900 us/op
WorkloadJitting  1: 1 op, 2749854.00 ns, 2.7499 ms/op

OverheadJitting  2: 16 op, 336322.00 ns, 21.0201 us/op
WorkloadJitting  2: 16 op, 394850.00 ns, 24.6781 us/op

WorkloadPilot    1: 16 op, 20397.00 ns, 1.2748 us/op
WorkloadPilot    2: 32 op, 31767.00 ns, 992.7188 ns/op
WorkloadPilot    3: 64 op, 52147.00 ns, 814.7969 ns/op
WorkloadPilot    4: 128 op, 96296.00 ns, 752.3125 ns/op
WorkloadPilot    5: 256 op, 186685.00 ns, 729.2383 ns/op
WorkloadPilot    6: 512 op, 366915.00 ns, 716.6309 ns/op
WorkloadPilot    7: 1024 op, 776927.00 ns, 758.7178 ns/op
WorkloadPilot    8: 2048 op, 1549486.00 ns, 756.5850 ns/op
WorkloadPilot    9: 4096 op, 3018665.00 ns, 736.9788 ns/op
WorkloadPilot   10: 8192 op, 5962767.00 ns, 727.8768 ns/op
WorkloadPilot   11: 16384 op, 11836785.00 ns, 722.4600 ns/op
WorkloadPilot   12: 32768 op, 23567578.00 ns, 719.2254 ns/op
WorkloadPilot   13: 65536 op, 47210622.00 ns, 720.3769 ns/op
WorkloadPilot   14: 131072 op, 46887120.00 ns, 357.7203 ns/op
WorkloadPilot   15: 262144 op, 43168411.00 ns, 164.6744 ns/op
WorkloadPilot   16: 524288 op, 86648235.00 ns, 165.2684 ns/op
WorkloadPilot   17: 1048576 op, 172665771.00 ns, 164.6669 ns/op
WorkloadPilot   18: 2097152 op, 344960071.00 ns, 164.4898 ns/op
WorkloadPilot   19: 4194304 op, 689231659.00 ns, 164.3256 ns/op

OverheadWarmup   1: 4194304 op, 13983527.00 ns, 3.3339 ns/op
OverheadWarmup   2: 4194304 op, 13839199.00 ns, 3.2995 ns/op
OverheadWarmup   3: 4194304 op, 13832219.00 ns, 3.2979 ns/op
OverheadWarmup   4: 4194304 op, 13866553.00 ns, 3.3060 ns/op
OverheadWarmup   5: 4194304 op, 13798425.00 ns, 3.2898 ns/op
OverheadWarmup   6: 4194304 op, 13834341.00 ns, 3.2984 ns/op
OverheadWarmup   7: 4194304 op, 13854723.00 ns, 3.3032 ns/op
OverheadWarmup   8: 4194304 op, 13822456.00 ns, 3.2955 ns/op

OverheadActual   1: 4194304 op, 13812420.00 ns, 3.2931 ns/op
OverheadActual   2: 4194304 op, 13829289.00 ns, 3.2972 ns/op
OverheadActual   3: 4194304 op, 13897913.00 ns, 3.3135 ns/op
OverheadActual   4: 4194304 op, 13830637.00 ns, 3.2975 ns/op
OverheadActual   5: 4194304 op, 13809987.00 ns, 3.2926 ns/op
OverheadActual   6: 4194304 op, 13876844.00 ns, 3.3085 ns/op
OverheadActual   7: 4194304 op, 13794511.00 ns, 3.2889 ns/op
OverheadActual   8: 4194304 op, 13799010.00 ns, 3.2899 ns/op
OverheadActual   9: 4194304 op, 13804976.00 ns, 3.2914 ns/op
OverheadActual  10: 4194304 op, 14190647.00 ns, 3.3833 ns/op
OverheadActual  11: 4194304 op, 15079954.00 ns, 3.5953 ns/op
OverheadActual  12: 4194304 op, 14762182.00 ns, 3.5196 ns/op
OverheadActual  13: 4194304 op, 13630965.00 ns, 3.2499 ns/op
OverheadActual  14: 4194304 op, 12157060.00 ns, 2.8985 ns/op
OverheadActual  15: 4194304 op, 11830531.00 ns, 2.8206 ns/op
OverheadActual  16: 4194304 op, 11798270.00 ns, 2.8129 ns/op
OverheadActual  17: 4194304 op, 11775814.00 ns, 2.8076 ns/op
OverheadActual  18: 4194304 op, 11794372.00 ns, 2.8120 ns/op
OverheadActual  19: 4194304 op, 12038648.00 ns, 2.8702 ns/op
OverheadActual  20: 4194304 op, 11847101.00 ns, 2.8246 ns/op

WorkloadWarmup   1: 4194304 op, 689408669.00 ns, 164.3678 ns/op
WorkloadWarmup   2: 4194304 op, 689927333.00 ns, 164.4915 ns/op
WorkloadWarmup   3: 4194304 op, 690235295.00 ns, 164.5649 ns/op
WorkloadWarmup   4: 4194304 op, 689278020.00 ns, 164.3367 ns/op
WorkloadWarmup   5: 4194304 op, 688925874.00 ns, 164.2527 ns/op
WorkloadWarmup   6: 4194304 op, 689020953.00 ns, 164.2754 ns/op
WorkloadWarmup   7: 4194304 op, 689717274.00 ns, 164.4414 ns/op
WorkloadWarmup   8: 4194304 op, 688959450.00 ns, 164.2607 ns/op

// BeforeActualRun
WorkloadActual   1: 4194304 op, 688708840.00 ns, 164.2010 ns/op
WorkloadActual   2: 4194304 op, 689473135.00 ns, 164.3832 ns/op
WorkloadActual   3: 4194304 op, 691269609.00 ns, 164.8115 ns/op
WorkloadActual   4: 4194304 op, 688744293.00 ns, 164.2094 ns/op
WorkloadActual   5: 4194304 op, 689254212.00 ns, 164.3310 ns/op
WorkloadActual   6: 4194304 op, 689600775.00 ns, 164.4136 ns/op
WorkloadActual   7: 4194304 op, 687872184.00 ns, 164.0015 ns/op
WorkloadActual   8: 4194304 op, 688659123.00 ns, 164.1891 ns/op
WorkloadActual   9: 4194304 op, 689011804.00 ns, 164.2732 ns/op
WorkloadActual  10: 4194304 op, 691304183.00 ns, 164.8198 ns/op
WorkloadActual  11: 4194304 op, 687894673.00 ns, 164.0069 ns/op
WorkloadActual  12: 4194304 op, 688833813.00 ns, 164.2308 ns/op
WorkloadActual  13: 4194304 op, 688413838.00 ns, 164.1306 ns/op
WorkloadActual  14: 4194304 op, 688366471.00 ns, 164.1194 ns/op
WorkloadActual  15: 4194304 op, 688610424.00 ns, 164.1775 ns/op

// AfterActualRun
WorkloadResult   1: 4194304 op, 674906847.00 ns, 160.9103 ns/op
WorkloadResult   2: 4194304 op, 675671142.00 ns, 161.0926 ns/op
WorkloadResult   3: 4194304 op, 674942300.00 ns, 160.9188 ns/op
WorkloadResult   4: 4194304 op, 675452219.00 ns, 161.0404 ns/op
WorkloadResult   5: 4194304 op, 675798782.00 ns, 161.1230 ns/op
WorkloadResult   6: 4194304 op, 674070191.00 ns, 160.7109 ns/op
WorkloadResult   7: 4194304 op, 674857130.00 ns, 160.8985 ns/op
WorkloadResult   8: 4194304 op, 675209811.00 ns, 160.9826 ns/op
WorkloadResult   9: 4194304 op, 674092680.00 ns, 160.7162 ns/op
WorkloadResult  10: 4194304 op, 675031820.00 ns, 160.9401 ns/op
WorkloadResult  11: 4194304 op, 674611845.00 ns, 160.8400 ns/op
WorkloadResult  12: 4194304 op, 674564478.00 ns, 160.8287 ns/op
WorkloadResult  13: 4194304 op, 674808431.00 ns, 160.8869 ns/op
// GC:  0 0 0 0 4194304
// Threading:  0 0 4194304

// AfterAll
// Benchmark Process 4593 has exited with code 0.

Mean = 160.915 ns, StdErr = 0.035 ns (0.02%), N = 13, StdDev = 0.126 ns
Min = 160.711 ns, Q1 = 160.840 ns, Median = 160.910 ns, Q3 = 160.983 ns, Max = 161.123 ns
IQR = 0.143 ns, LowerFence = 160.626 ns, UpperFence = 161.196 ns
ConfidenceInterval = [160.763 ns; 161.066 ns] (CI 99.9%), Margin = 0.151 ns (0.09% of Mean)
Skewness = -0.01, Kurtosis = 1.98, MValue = 2

// ** Remained 22 (61.1 %) benchmark(s) to run. Estimated finish 2026-09-27 7:30 (0h 8m from now) **
// **************************
// Benchmark: MediatorBenchmarks.PublishNotification_OneHandler: .NET 8.0(Runtime=.NET 8.0, Toolchain=net8.0)
// *** Execute ***
// Launch: 1 / 1
// Execute: dotnet "EricksonLopez.Mediator.Benchmarks-.NET 8.0-2.dll" --anonymousPipes 168 169 --benchmarkName EricksonLopez.Mediator.Benchmarks.MediatorBenchmarks.PublishNotification_OneHandler --job ".NET 8.0" --benchmarkId 5 in /home/runner/work/dotnet-mediator/dotnet-mediator/benchmarks/EricksonLopez.Mediator.Benchmarks/bin/Release/net10.0/EricksonLopez.Mediator.Benchmarks-.NET 8.0-2/bin/Release/net8.0
// Failed to set up high priority (Permission denied). In order to run benchmarks with high priority, make sure you have the right permissions.
// BeforeAnythingElse

// Benchmark Process Environment Information:
// BenchmarkDotNet v0.15.8
// Runtime=.NET 8.0.31 (8.0.31, 8.0.3126.42015), X64 RyuJIT x86-64-v4
// GC=Concurrent Workstation
// HardwareIntrinsics=AVX512 IFMA+VBMI,AVX512 F+BW+CD+DQ+VL,AVX2+BMI1+BMI2+F16C+FMA+LZCNT+MOVBE,AVX,SSE3+SSSE3+SSE4.1+SSE4.2+POPCNT,X86Base+SSE+SSE2,AES+PCLMUL,AvxVnni,SERIALIZE VectorSize=256
// Job: .NET 8.0

OverheadJitting  1: 1 op, 128496.00 ns, 128.4960 us/op
WorkloadJitting  1: 1 op, 13643234.00 ns, 13.6432 ms/op

OverheadJitting  2: 16 op, 165855.00 ns, 10.3659 us/op
WorkloadJitting  2: 16 op, 1259227.00 ns, 78.7017 us/op

WorkloadPilot    1: 16 op, 15177.00 ns, 948.5625 ns/op
WorkloadPilot    2: 32 op, 17381.00 ns, 543.1563 ns/op
WorkloadPilot    3: 64 op, 36025.00 ns, 562.8906 ns/op
WorkloadPilot    4: 128 op, 43229.00 ns, 337.7266 ns/op
WorkloadPilot    5: 256 op, 77459.00 ns, 302.5742 ns/op
WorkloadPilot    6: 512 op, 138737.00 ns, 270.9707 ns/op
WorkloadPilot    7: 1024 op, 269274.00 ns, 262.9629 ns/op
WorkloadPilot    8: 2048 op, 529012.00 ns, 258.3066 ns/op
WorkloadPilot    9: 4096 op, 1191293.00 ns, 290.8430 ns/op
WorkloadPilot   10: 8192 op, 2434791.00 ns, 297.2157 ns/op
WorkloadPilot   11: 16384 op, 3212165.00 ns, 196.0550 ns/op
WorkloadPilot   12: 32768 op, 6281219.00 ns, 191.6876 ns/op
WorkloadPilot   13: 65536 op, 12453714.00 ns, 190.0286 ns/op
WorkloadPilot   14: 131072 op, 24908075.00 ns, 190.0335 ns/op
WorkloadPilot   15: 262144 op, 49818671.00 ns, 190.0431 ns/op
WorkloadPilot   16: 524288 op, 100714685.00 ns, 192.0980 ns/op
WorkloadPilot   17: 1048576 op, 40629260.00 ns, 38.7471 ns/op
WorkloadPilot   18: 2097152 op, 84908163.00 ns, 40.4874 ns/op
WorkloadPilot   19: 4194304 op, 160861708.00 ns, 38.3524 ns/op
WorkloadPilot   20: 8388608 op, 295631234.00 ns, 35.2420 ns/op
WorkloadPilot   21: 16777216 op, 593848009.00 ns, 35.3961 ns/op

OverheadWarmup   1: 16777216 op, 30556143.00 ns, 1.8213 ns/op
OverheadWarmup   2: 16777216 op, 29577213.00 ns, 1.7629 ns/op
OverheadWarmup   3: 16777216 op, 29662480.00 ns, 1.7680 ns/op
OverheadWarmup   4: 16777216 op, 29795845.00 ns, 1.7760 ns/op
OverheadWarmup   5: 16777216 op, 29672415.00 ns, 1.7686 ns/op
OverheadWarmup   6: 16777216 op, 29804401.00 ns, 1.7765 ns/op
OverheadWarmup   7: 16777216 op, 29696330.00 ns, 1.7700 ns/op

OverheadActual   1: 16777216 op, 29885985.00 ns, 1.7813 ns/op
OverheadActual   2: 16777216 op, 29683022.00 ns, 1.7692 ns/op
OverheadActual   3: 16777216 op, 29725144.00 ns, 1.7718 ns/op
OverheadActual   4: 16777216 op, 29818176.00 ns, 1.7773 ns/op
OverheadActual   5: 16777216 op, 29684733.00 ns, 1.7693 ns/op
OverheadActual   6: 16777216 op, 29660619.00 ns, 1.7679 ns/op
OverheadActual   7: 16777216 op, 29761678.00 ns, 1.7739 ns/op
OverheadActual   8: 16777216 op, 29783245.00 ns, 1.7752 ns/op
OverheadActual   9: 16777216 op, 29979935.00 ns, 1.7869 ns/op
OverheadActual  10: 16777216 op, 27015543.00 ns, 1.6103 ns/op
OverheadActual  11: 16777216 op, 23227901.00 ns, 1.3845 ns/op
OverheadActual  12: 16777216 op, 23158608.00 ns, 1.3804 ns/op
OverheadActual  13: 16777216 op, 23167454.00 ns, 1.3809 ns/op
OverheadActual  14: 16777216 op, 23247961.00 ns, 1.3857 ns/op
OverheadActual  15: 16777216 op, 23214628.00 ns, 1.3837 ns/op
OverheadActual  16: 16777216 op, 23178989.00 ns, 1.3816 ns/op
OverheadActual  17: 16777216 op, 23180333.00 ns, 1.3817 ns/op
OverheadActual  18: 16777216 op, 23178307.00 ns, 1.3815 ns/op
OverheadActual  19: 16777216 op, 23173173.00 ns, 1.3812 ns/op
OverheadActual  20: 16777216 op, 23191467.00 ns, 1.3823 ns/op

WorkloadWarmup   1: 16777216 op, 620445887.00 ns, 36.9815 ns/op
WorkloadWarmup   2: 16777216 op, 627759029.00 ns, 37.4174 ns/op
WorkloadWarmup   3: 16777216 op, 599305277.00 ns, 35.7214 ns/op
WorkloadWarmup   4: 16777216 op, 591839141.00 ns, 35.2764 ns/op
WorkloadWarmup   5: 16777216 op, 591254794.00 ns, 35.2415 ns/op
WorkloadWarmup   6: 16777216 op, 598127267.00 ns, 35.6512 ns/op
WorkloadWarmup   7: 16777216 op, 592215918.00 ns, 35.2988 ns/op

// BeforeActualRun
WorkloadActual   1: 16777216 op, 594620994.00 ns, 35.4422 ns/op
WorkloadActual   2: 16777216 op, 588754115.00 ns, 35.0925 ns/op
WorkloadActual   3: 16777216 op, 591967192.00 ns, 35.2840 ns/op
WorkloadActual   4: 16777216 op, 652672783.00 ns, 38.9023 ns/op
WorkloadActual   5: 16777216 op, 632443079.00 ns, 37.6965 ns/op
WorkloadActual   6: 16777216 op, 635091946.00 ns, 37.8544 ns/op
WorkloadActual   7: 16777216 op, 592549740.00 ns, 35.3187 ns/op
WorkloadActual   8: 16777216 op, 595863622.00 ns, 35.5162 ns/op
WorkloadActual   9: 16777216 op, 595805868.00 ns, 35.5128 ns/op
WorkloadActual  10: 16777216 op, 591289940.00 ns, 35.2436 ns/op
WorkloadActual  11: 16777216 op, 593231265.00 ns, 35.3593 ns/op
WorkloadActual  12: 16777216 op, 594639970.00 ns, 35.4433 ns/op
WorkloadActual  13: 16777216 op, 592443143.00 ns, 35.3124 ns/op
WorkloadActual  14: 16777216 op, 594354968.00 ns, 35.4263 ns/op
WorkloadActual  15: 16777216 op, 592332441.00 ns, 35.3058 ns/op

// AfterActualRun
WorkloadResult   1: 16777216 op, 569489242.00 ns, 33.9442 ns/op
WorkloadResult   2: 16777216 op, 563622363.00 ns, 33.5945 ns/op
WorkloadResult   3: 16777216 op, 566835440.00 ns, 33.7860 ns/op
WorkloadResult   4: 16777216 op, 567417988.00 ns, 33.8207 ns/op
WorkloadResult   5: 16777216 op, 570731870.00 ns, 34.0183 ns/op
WorkloadResult   6: 16777216 op, 570674116.00 ns, 34.0148 ns/op
WorkloadResult   7: 16777216 op, 566158188.00 ns, 33.7457 ns/op
WorkloadResult   8: 16777216 op, 568099513.00 ns, 33.8614 ns/op
WorkloadResult   9: 16777216 op, 569508218.00 ns, 33.9453 ns/op
WorkloadResult  10: 16777216 op, 567311391.00 ns, 33.8144 ns/op
WorkloadResult  11: 16777216 op, 569223216.00 ns, 33.9283 ns/op
WorkloadResult  12: 16777216 op, 567200689.00 ns, 33.8078 ns/op
// GC:  4 0 0 402653184 16777216
// Threading:  0 0 16777216

// AfterAll
// Benchmark Process 4608 has exited with code 0.

Mean = 33.857 ns, StdErr = 0.035 ns (0.10%), N = 12, StdDev = 0.122 ns
Min = 33.595 ns, Q1 = 33.802 ns, Median = 33.841 ns, Q3 = 33.944 ns, Max = 34.018 ns
IQR = 0.142 ns, LowerFence = 33.589 ns, UpperFence = 34.158 ns
ConfidenceInterval = [33.701 ns; 34.013 ns] (CI 99.9%), Margin = 0.156 ns (0.46% of Mean)
Skewness = -0.47, Kurtosis = 2.41, MValue = 2

// ** Remained 21 (58.3 %) benchmark(s) to run. Estimated finish 2026-09-27 7:30 (0h 7m from now) **
// **************************
// Benchmark: MediatorBenchmarks.PublishNotification_FiveHandlers: .NET 8.0(Runtime=.NET 8.0, Toolchain=net8.0)
// *** Execute ***
// Launch: 1 / 1
// Execute: dotnet "EricksonLopez.Mediator.Benchmarks-.NET 8.0-2.dll" --anonymousPipes 168 169 --benchmarkName EricksonLopez.Mediator.Benchmarks.MediatorBenchmarks.PublishNotification_FiveHandlers --job ".NET 8.0" --benchmarkId 6 in /home/runner/work/dotnet-mediator/dotnet-mediator/benchmarks/EricksonLopez.Mediator.Benchmarks/bin/Release/net10.0/EricksonLopez.Mediator.Benchmarks-.NET 8.0-2/bin/Release/net8.0
// Failed to set up high priority (Permission denied). In order to run benchmarks with high priority, make sure you have the right permissions.
// BeforeAnythingElse

// Benchmark Process Environment Information:
// BenchmarkDotNet v0.15.8
// Runtime=.NET 8.0.31 (8.0.31, 8.0.3126.42015), X64 RyuJIT x86-64-v4
// GC=Concurrent Workstation
// HardwareIntrinsics=AVX512 IFMA+VBMI,AVX512 F+BW+CD+DQ+VL,AVX2+BMI1+BMI2+F16C+FMA+LZCNT+MOVBE,AVX,SSE3+SSSE3+SSE4.1+SSE4.2+POPCNT,X86Base+SSE+SSE2,AES+PCLMUL,AvxVnni,SERIALIZE VectorSize=256
// Job: .NET 8.0

OverheadJitting  1: 1 op, 176506.00 ns, 176.5060 us/op
WorkloadJitting  1: 1 op, 2014889.00 ns, 2.0149 ms/op

OverheadJitting  2: 16 op, 154685.00 ns, 9.6678 us/op
WorkloadJitting  2: 16 op, 1589065.00 ns, 99.3166 us/op

WorkloadPilot    1: 16 op, 180102.00 ns, 11.2564 us/op
WorkloadPilot    2: 32 op, 37864.00 ns, 1.1833 us/op
WorkloadPilot    3: 64 op, 51546.00 ns, 805.4063 ns/op
WorkloadPilot    4: 128 op, 92071.00 ns, 719.3047 ns/op
WorkloadPilot    5: 256 op, 166980.00 ns, 652.2656 ns/op
WorkloadPilot    6: 512 op, 326270.00 ns, 637.2461 ns/op
WorkloadPilot    7: 1024 op, 640891.00 ns, 625.8701 ns/op
WorkloadPilot    8: 2048 op, 1292582.00 ns, 631.1436 ns/op
WorkloadPilot    9: 4096 op, 2525748.00 ns, 616.6377 ns/op
WorkloadPilot   10: 8192 op, 4871904.00 ns, 594.7148 ns/op
WorkloadPilot   11: 16384 op, 9489119.00 ns, 579.1699 ns/op
WorkloadPilot   12: 32768 op, 18964632.00 ns, 578.7546 ns/op
WorkloadPilot   13: 65536 op, 38354500.00 ns, 585.2432 ns/op
WorkloadPilot   14: 131072 op, 77580721.00 ns, 591.8939 ns/op
WorkloadPilot   15: 262144 op, 76408240.00 ns, 291.4743 ns/op
WorkloadPilot   16: 524288 op, 60361824.00 ns, 115.1310 ns/op
WorkloadPilot   17: 1048576 op, 103626443.00 ns, 98.8259 ns/op
WorkloadPilot   18: 2097152 op, 194348031.00 ns, 92.6724 ns/op
WorkloadPilot   19: 4194304 op, 385930320.00 ns, 92.0130 ns/op
WorkloadPilot   20: 8388608 op, 769613323.00 ns, 91.7451 ns/op

OverheadWarmup   1: 8388608 op, 16738119.00 ns, 1.9953 ns/op
OverheadWarmup   2: 8388608 op, 16828259.00 ns, 2.0061 ns/op
OverheadWarmup   3: 8388608 op, 16680256.00 ns, 1.9884 ns/op
OverheadWarmup   4: 8388608 op, 16727423.00 ns, 1.9941 ns/op
OverheadWarmup   5: 8388608 op, 16764045.00 ns, 1.9984 ns/op
OverheadWarmup   6: 8388608 op, 16666151.00 ns, 1.9868 ns/op

OverheadActual   1: 8388608 op, 17146648.00 ns, 2.0440 ns/op
OverheadActual   2: 8388608 op, 17191354.00 ns, 2.0494 ns/op
OverheadActual   3: 8388608 op, 17203199.00 ns, 2.0508 ns/op
OverheadActual   4: 8388608 op, 17164179.00 ns, 2.0461 ns/op
OverheadActual   5: 8388608 op, 16989980.00 ns, 2.0254 ns/op
OverheadActual   6: 8388608 op, 16708183.00 ns, 1.9918 ns/op
OverheadActual   7: 8388608 op, 16679984.00 ns, 1.9884 ns/op
OverheadActual   8: 8388608 op, 16680856.00 ns, 1.9885 ns/op
OverheadActual   9: 8388608 op, 16570805.00 ns, 1.9754 ns/op
OverheadActual  10: 8388608 op, 15859177.00 ns, 1.8906 ns/op
OverheadActual  11: 8388608 op, 14432624.00 ns, 1.7205 ns/op
OverheadActual  12: 8388608 op, 11502898.00 ns, 1.3713 ns/op
OverheadActual  13: 8388608 op, 11498405.00 ns, 1.3707 ns/op
OverheadActual  14: 8388608 op, 11473770.00 ns, 1.3678 ns/op
OverheadActual  15: 8388608 op, 12240853.00 ns, 1.4592 ns/op
OverheadActual  16: 8388608 op, 12565380.00 ns, 1.4979 ns/op
OverheadActual  17: 8388608 op, 12325160.00 ns, 1.4693 ns/op
OverheadActual  18: 8388608 op, 11776476.00 ns, 1.4039 ns/op
OverheadActual  19: 8388608 op, 11826198.00 ns, 1.4098 ns/op
OverheadActual  20: 8388608 op, 12691374.00 ns, 1.5129 ns/op

WorkloadWarmup   1: 8388608 op, 817811562.00 ns, 97.4907 ns/op
WorkloadWarmup   2: 8388608 op, 807287411.00 ns, 96.2362 ns/op
WorkloadWarmup   3: 8388608 op, 788194591.00 ns, 93.9601 ns/op
WorkloadWarmup   4: 8388608 op, 789633799.00 ns, 94.1317 ns/op
WorkloadWarmup   5: 8388608 op, 786901625.00 ns, 93.8060 ns/op
WorkloadWarmup   6: 8388608 op, 782930183.00 ns, 93.3326 ns/op
WorkloadWarmup   7: 8388608 op, 768939146.00 ns, 91.6647 ns/op
WorkloadWarmup   8: 8388608 op, 775079855.00 ns, 92.3967 ns/op
WorkloadWarmup   9: 8388608 op, 780386382.00 ns, 93.0293 ns/op
WorkloadWarmup  10: 8388608 op, 762595261.00 ns, 90.9084 ns/op

// BeforeActualRun
WorkloadActual   1: 8388608 op, 715795034.00 ns, 85.3294 ns/op
WorkloadActual   2: 8388608 op, 707924618.00 ns, 84.3912 ns/op
WorkloadActual   3: 8388608 op, 705736041.00 ns, 84.1303 ns/op
WorkloadActual   4: 8388608 op, 706491152.00 ns, 84.2203 ns/op
WorkloadActual   5: 8388608 op, 702154704.00 ns, 83.7034 ns/op
WorkloadActual   6: 8388608 op, 705507751.00 ns, 84.1031 ns/op
WorkloadActual   7: 8388608 op, 699551474.00 ns, 83.3930 ns/op
WorkloadActual   8: 8388608 op, 698895357.00 ns, 83.3148 ns/op
WorkloadActual   9: 8388608 op, 691738800.00 ns, 82.4617 ns/op
WorkloadActual  10: 8388608 op, 692852336.00 ns, 82.5944 ns/op
WorkloadActual  11: 8388608 op, 678598248.00 ns, 80.8952 ns/op
WorkloadActual  12: 8388608 op, 674240554.00 ns, 80.3757 ns/op
WorkloadActual  13: 8388608 op, 681529899.00 ns, 81.2447 ns/op
WorkloadActual  14: 8388608 op, 686308383.00 ns, 81.8143 ns/op
WorkloadActual  15: 8388608 op, 702367284.00 ns, 83.7287 ns/op

// AfterActualRun
WorkloadResult   1: 8388608 op, 700649133.50 ns, 83.5239 ns/op
WorkloadResult   2: 8388608 op, 692778717.50 ns, 82.5857 ns/op
WorkloadResult   3: 8388608 op, 690590140.50 ns, 82.3248 ns/op
WorkloadResult   4: 8388608 op, 691345251.50 ns, 82.4148 ns/op
WorkloadResult   5: 8388608 op, 687008803.50 ns, 81.8978 ns/op
WorkloadResult   6: 8388608 op, 690361850.50 ns, 82.2975 ns/op
WorkloadResult   7: 8388608 op, 684405573.50 ns, 81.5875 ns/op
WorkloadResult   8: 8388608 op, 683749456.50 ns, 81.5093 ns/op
WorkloadResult   9: 8388608 op, 676592899.50 ns, 80.6562 ns/op
WorkloadResult  10: 8388608 op, 677706435.50 ns, 80.7889 ns/op
WorkloadResult  11: 8388608 op, 663452347.50 ns, 79.0897 ns/op
WorkloadResult  12: 8388608 op, 659094653.50 ns, 78.5702 ns/op
WorkloadResult  13: 8388608 op, 666383998.50 ns, 79.4392 ns/op
WorkloadResult  14: 8388608 op, 671162482.50 ns, 80.0088 ns/op
WorkloadResult  15: 8388608 op, 687221383.50 ns, 81.9232 ns/op
// GC:  12 0 0 1006632960 8388608
// Threading:  0 0 8388608

// AfterAll
// Benchmark Process 4624 has exited with code 0.

Mean = 81.241 ns, StdErr = 0.371 ns (0.46%), N = 15, StdDev = 1.436 ns
Min = 78.570 ns, Q1 = 80.332 ns, Median = 81.588 ns, Q3 = 82.311 ns, Max = 83.524 ns
IQR = 1.979 ns, LowerFence = 77.364 ns, UpperFence = 85.279 ns
ConfidenceInterval = [79.707 ns; 82.776 ns] (CI 99.9%), Margin = 1.535 ns (1.89% of Mean)
Skewness = -0.41, Kurtosis = 1.89, MValue = 2

// ** Remained 20 (55.6 %) benchmark(s) to run. Estimated finish 2026-09-27 7:30 (0h 7m from now) **
// **************************
// Benchmark: MediatorBenchmarks.PublishNotification_Parallel: .NET 8.0(Runtime=.NET 8.0, Toolchain=net8.0)
// *** Execute ***
// Launch: 1 / 1
// Execute: dotnet "EricksonLopez.Mediator.Benchmarks-.NET 8.0-2.dll" --anonymousPipes 168 169 --benchmarkName EricksonLopez.Mediator.Benchmarks.MediatorBenchmarks.PublishNotification_Parallel --job ".NET 8.0" --benchmarkId 7 in /home/runner/work/dotnet-mediator/dotnet-mediator/benchmarks/EricksonLopez.Mediator.Benchmarks/bin/Release/net10.0/EricksonLopez.Mediator.Benchmarks-.NET 8.0-2/bin/Release/net8.0
// Failed to set up high priority (Permission denied). In order to run benchmarks with high priority, make sure you have the right permissions.
// BeforeAnythingElse

// Benchmark Process Environment Information:
// BenchmarkDotNet v0.15.8
// Runtime=.NET 8.0.31 (8.0.31, 8.0.3126.42015), X64 RyuJIT x86-64-v4
// GC=Concurrent Workstation
// HardwareIntrinsics=AVX512 IFMA+VBMI,AVX512 F+BW+CD+DQ+VL,AVX2+BMI1+BMI2+F16C+FMA+LZCNT+MOVBE,AVX,SSE3+SSSE3+SSE4.1+SSE4.2+POPCNT,X86Base+SSE+SSE2,AES+PCLMUL,AvxVnni,SERIALIZE VectorSize=256
// Job: .NET 8.0

OverheadJitting  1: 1 op, 104802.00 ns, 104.8020 us/op
WorkloadJitting  1: 1 op, 1981640.00 ns, 1.9816 ms/op

OverheadJitting  2: 16 op, 139313.00 ns, 8.7071 us/op
WorkloadJitting  2: 16 op, 1347879.00 ns, 84.2424 us/op

WorkloadPilot    1: 16 op, 132119.00 ns, 8.2574 us/op
WorkloadPilot    2: 32 op, 29197.00 ns, 912.4063 ns/op
WorkloadPilot    3: 64 op, 64599.00 ns, 1.0094 us/op
WorkloadPilot    4: 128 op, 66493.00 ns, 519.4766 ns/op
WorkloadPilot    5: 256 op, 124331.00 ns, 485.6680 ns/op
WorkloadPilot    6: 512 op, 270346.00 ns, 528.0195 ns/op
WorkloadPilot    7: 1024 op, 464033.00 ns, 453.1572 ns/op
WorkloadPilot    8: 2048 op, 922325.00 ns, 450.3540 ns/op
WorkloadPilot    9: 4096 op, 1902147.00 ns, 464.3914 ns/op
WorkloadPilot   10: 8192 op, 3792152.00 ns, 462.9092 ns/op
WorkloadPilot   11: 16384 op, 7495619.00 ns, 457.4963 ns/op
WorkloadPilot   12: 32768 op, 15113407.00 ns, 461.2246 ns/op
WorkloadPilot   13: 65536 op, 29526580.00 ns, 450.5399 ns/op
WorkloadPilot   14: 131072 op, 59821878.00 ns, 456.4047 ns/op
WorkloadPilot   15: 262144 op, 36647122.00 ns, 139.7977 ns/op
WorkloadPilot   16: 524288 op, 64234888.00 ns, 122.5183 ns/op
WorkloadPilot   17: 1048576 op, 106811347.00 ns, 101.8632 ns/op
WorkloadPilot   18: 2097152 op, 210114179.00 ns, 100.1902 ns/op
WorkloadPilot   19: 4194304 op, 425823137.00 ns, 101.5241 ns/op
WorkloadPilot   20: 8388608 op, 849718813.00 ns, 101.2944 ns/op

OverheadWarmup   1: 8388608 op, 14659761.00 ns, 1.7476 ns/op
OverheadWarmup   2: 8388608 op, 14751521.00 ns, 1.7585 ns/op
OverheadWarmup   3: 8388608 op, 14712612.00 ns, 1.7539 ns/op
OverheadWarmup   4: 8388608 op, 14734331.00 ns, 1.7565 ns/op
OverheadWarmup   5: 8388608 op, 14829962.00 ns, 1.7679 ns/op
OverheadWarmup   6: 8388608 op, 14691263.00 ns, 1.7513 ns/op

OverheadActual   1: 8388608 op, 14788861.00 ns, 1.7630 ns/op
OverheadActual   2: 8388608 op, 14684861.00 ns, 1.7506 ns/op
OverheadActual   3: 8388608 op, 14770055.00 ns, 1.7607 ns/op
OverheadActual   4: 8388608 op, 14707758.00 ns, 1.7533 ns/op
OverheadActual   5: 8388608 op, 14658794.00 ns, 1.7475 ns/op
OverheadActual   6: 8388608 op, 14758130.00 ns, 1.7593 ns/op
OverheadActual   7: 8388608 op, 14714218.00 ns, 1.7541 ns/op
OverheadActual   8: 8388608 op, 14702026.00 ns, 1.7526 ns/op
OverheadActual   9: 8388608 op, 14713571.00 ns, 1.7540 ns/op
OverheadActual  10: 8388608 op, 14763119.00 ns, 1.7599 ns/op
OverheadActual  11: 8388608 op, 14694466.00 ns, 1.7517 ns/op
OverheadActual  12: 8388608 op, 14667210.00 ns, 1.7485 ns/op
OverheadActual  13: 8388608 op, 14675842.00 ns, 1.7495 ns/op
OverheadActual  14: 8388608 op, 11890446.00 ns, 1.4175 ns/op
OverheadActual  15: 8388608 op, 11500098.00 ns, 1.3709 ns/op
OverheadActual  16: 8388608 op, 11474305.00 ns, 1.3678 ns/op
OverheadActual  17: 8388608 op, 11468665.00 ns, 1.3672 ns/op
OverheadActual  18: 8388608 op, 11481846.00 ns, 1.3687 ns/op
OverheadActual  19: 8388608 op, 11474857.00 ns, 1.3679 ns/op
OverheadActual  20: 8388608 op, 11466812.00 ns, 1.3670 ns/op

WorkloadWarmup   1: 8388608 op, 890033770.00 ns, 106.1003 ns/op
WorkloadWarmup   2: 8388608 op, 869729575.00 ns, 103.6798 ns/op
WorkloadWarmup   3: 8388608 op, 864121744.00 ns, 103.0113 ns/op
WorkloadWarmup   4: 8388608 op, 866197519.00 ns, 103.2588 ns/op
WorkloadWarmup   5: 8388608 op, 860467326.00 ns, 102.5757 ns/op
WorkloadWarmup   6: 8388608 op, 867750659.00 ns, 103.4439 ns/op
WorkloadWarmup   7: 8388608 op, 859161242.00 ns, 102.4200 ns/op

// BeforeActualRun
WorkloadActual   1: 8388608 op, 899891757.00 ns, 107.2755 ns/op
WorkloadActual   2: 8388608 op, 868362200.00 ns, 103.5168 ns/op
WorkloadActual   3: 8388608 op, 867180761.00 ns, 103.3760 ns/op
WorkloadActual   4: 8388608 op, 900320810.00 ns, 107.3266 ns/op
WorkloadActual   5: 8388608 op, 873932226.00 ns, 104.1808 ns/op
WorkloadActual   6: 8388608 op, 868977076.00 ns, 103.5901 ns/op
WorkloadActual   7: 8388608 op, 912768595.00 ns, 108.8105 ns/op
WorkloadActual   8: 8388608 op, 876125888.00 ns, 104.4423 ns/op
WorkloadActual   9: 8388608 op, 879304595.00 ns, 104.8213 ns/op
WorkloadActual  10: 8388608 op, 891482226.00 ns, 106.2730 ns/op
WorkloadActual  11: 8388608 op, 852712828.00 ns, 101.6513 ns/op
WorkloadActual  12: 8388608 op, 843337498.00 ns, 100.5337 ns/op
WorkloadActual  13: 8388608 op, 857536914.00 ns, 102.2264 ns/op
WorkloadActual  14: 8388608 op, 848212346.00 ns, 101.1148 ns/op
WorkloadActual  15: 8388608 op, 835941426.00 ns, 99.6520 ns/op
WorkloadActual  16: 8388608 op, 860814788.00 ns, 102.6171 ns/op
WorkloadActual  17: 8388608 op, 867252137.00 ns, 103.3845 ns/op
WorkloadActual  18: 8388608 op, 859085985.00 ns, 102.4110 ns/op
WorkloadActual  19: 8388608 op, 860384557.00 ns, 102.5658 ns/op

// AfterActualRun
WorkloadResult   1: 8388608 op, 885211405.50 ns, 105.5254 ns/op
WorkloadResult   2: 8388608 op, 853681848.50 ns, 101.7668 ns/op
WorkloadResult   3: 8388608 op, 852500409.50 ns, 101.6260 ns/op
WorkloadResult   4: 8388608 op, 885640458.50 ns, 105.5766 ns/op
WorkloadResult   5: 8388608 op, 859251874.50 ns, 102.4308 ns/op
WorkloadResult   6: 8388608 op, 854296724.50 ns, 101.8401 ns/op
WorkloadResult   7: 8388608 op, 861445536.50 ns, 102.6923 ns/op
WorkloadResult   8: 8388608 op, 864624243.50 ns, 103.0712 ns/op
WorkloadResult   9: 8388608 op, 876801874.50 ns, 104.5229 ns/op
WorkloadResult  10: 8388608 op, 838032476.50 ns, 99.9013 ns/op
WorkloadResult  11: 8388608 op, 828657146.50 ns, 98.7836 ns/op
WorkloadResult  12: 8388608 op, 842856562.50 ns, 100.4763 ns/op
WorkloadResult  13: 8388608 op, 833531994.50 ns, 99.3648 ns/op
WorkloadResult  14: 8388608 op, 821261074.50 ns, 97.9019 ns/op
WorkloadResult  15: 8388608 op, 846134436.50 ns, 100.8671 ns/op
WorkloadResult  16: 8388608 op, 852571785.50 ns, 101.6345 ns/op
WorkloadResult  17: 8388608 op, 844405633.50 ns, 100.6610 ns/op
WorkloadResult  18: 8388608 op, 845704205.50 ns, 100.8158 ns/op
// GC:  20 0 0 1677721600 8388608
// Threading:  0 0 8388608

// AfterAll
// Benchmark Process 4642 has exited with code 0.

Mean = 101.637 ns, StdErr = 0.501 ns (0.49%), N = 18, StdDev = 2.124 ns
Min = 97.902 ns, Q1 = 100.522 ns, Median = 101.630 ns, Q3 = 102.627 ns, Max = 105.577 ns
IQR = 2.104 ns, LowerFence = 97.366 ns, UpperFence = 105.784 ns
ConfidenceInterval = [99.652 ns; 103.621 ns] (CI 99.9%), Margin = 1.985 ns (1.95% of Mean)
Skewness = 0.31, Kurtosis = 2.31, MValue = 2

// ** Remained 19 (52.8 %) benchmark(s) to run. Estimated finish 2026-09-27 7:30 (0h 7m from now) **
// **************************
// Benchmark: MediatorBenchmarks.NestedSend: .NET 8.0(Runtime=.NET 8.0, Toolchain=net8.0)
// *** Execute ***
// Launch: 1 / 1
// Execute: dotnet "EricksonLopez.Mediator.Benchmarks-.NET 8.0-2.dll" --anonymousPipes 168 169 --benchmarkName EricksonLopez.Mediator.Benchmarks.MediatorBenchmarks.NestedSend --job ".NET 8.0" --benchmarkId 8 in /home/runner/work/dotnet-mediator/dotnet-mediator/benchmarks/EricksonLopez.Mediator.Benchmarks/bin/Release/net10.0/EricksonLopez.Mediator.Benchmarks-.NET 8.0-2/bin/Release/net8.0
// Failed to set up high priority (Permission denied). In order to run benchmarks with high priority, make sure you have the right permissions.
// BeforeAnythingElse

// Benchmark Process Environment Information:
// BenchmarkDotNet v0.15.8
// Runtime=.NET 8.0.31 (8.0.31, 8.0.3126.42015), X64 RyuJIT x86-64-v4
// GC=Concurrent Workstation
// HardwareIntrinsics=AVX512 IFMA+VBMI,AVX512 F+BW+CD+DQ+VL,AVX2+BMI1+BMI2+F16C+FMA+LZCNT+MOVBE,AVX,SSE3+SSSE3+SSE4.1+SSE4.2+POPCNT,X86Base+SSE+SSE2,AES+PCLMUL,AvxVnni,SERIALIZE VectorSize=256
// Job: .NET 8.0

OverheadJitting  1: 1 op, 154931.00 ns, 154.9310 us/op
WorkloadJitting  1: 1 op, 1702476.00 ns, 1.7025 ms/op

OverheadJitting  2: 16 op, 353991.00 ns, 22.1244 us/op
WorkloadJitting  2: 16 op, 376029.00 ns, 23.5018 us/op

WorkloadPilot    1: 16 op, 15458.00 ns, 966.1250 ns/op
WorkloadPilot    2: 32 op, 17689.00 ns, 552.7813 ns/op
WorkloadPilot    3: 64 op, 24014.00 ns, 375.2188 ns/op
WorkloadPilot    4: 128 op, 52579.00 ns, 410.7734 ns/op
WorkloadPilot    5: 256 op, 81637.00 ns, 318.8945 ns/op
WorkloadPilot    6: 512 op, 150148.00 ns, 293.2578 ns/op
WorkloadPilot    7: 1024 op, 284359.00 ns, 277.6943 ns/op
WorkloadPilot    8: 2048 op, 539466.00 ns, 263.4111 ns/op
WorkloadPilot    9: 4096 op, 1159064.00 ns, 282.9746 ns/op
WorkloadPilot   10: 8192 op, 2212370.00 ns, 270.0647 ns/op
WorkloadPilot   11: 16384 op, 4502281.00 ns, 274.7974 ns/op
WorkloadPilot   12: 32768 op, 9248058.00 ns, 282.2283 ns/op
WorkloadPilot   13: 65536 op, 19186956.00 ns, 292.7697 ns/op
WorkloadPilot   14: 131072 op, 36514729.00 ns, 278.5853 ns/op
WorkloadPilot   15: 262144 op, 55327875.00 ns, 211.0591 ns/op
WorkloadPilot   16: 524288 op, 34047264.00 ns, 64.9400 ns/op
WorkloadPilot   17: 1048576 op, 63685854.00 ns, 60.7356 ns/op
WorkloadPilot   18: 2097152 op, 125199220.00 ns, 59.6996 ns/op
WorkloadPilot   19: 4194304 op, 232490321.00 ns, 55.4300 ns/op
WorkloadPilot   20: 8388608 op, 461922524.00 ns, 55.0655 ns/op
WorkloadPilot   21: 16777216 op, 871560312.00 ns, 51.9490 ns/op

OverheadWarmup   1: 16777216 op, 56202238.00 ns, 3.3499 ns/op
OverheadWarmup   2: 16777216 op, 55216291.00 ns, 3.2911 ns/op
OverheadWarmup   3: 16777216 op, 55275413.00 ns, 3.2947 ns/op
OverheadWarmup   4: 16777216 op, 50091407.00 ns, 2.9857 ns/op
OverheadWarmup   5: 16777216 op, 43164574.00 ns, 2.5728 ns/op
OverheadWarmup   6: 16777216 op, 43111605.00 ns, 2.5697 ns/op
OverheadWarmup   7: 16777216 op, 43111687.00 ns, 2.5697 ns/op
OverheadWarmup   8: 16777216 op, 43154842.00 ns, 2.5722 ns/op
OverheadWarmup   9: 16777216 op, 43621125.00 ns, 2.6000 ns/op
OverheadWarmup  10: 16777216 op, 43174672.00 ns, 2.5734 ns/op

OverheadActual   1: 16777216 op, 43118558.00 ns, 2.5701 ns/op
OverheadActual   2: 16777216 op, 43079670.00 ns, 2.5677 ns/op
OverheadActual   3: 16777216 op, 43079586.00 ns, 2.5677 ns/op
OverheadActual   4: 16777216 op, 43069318.00 ns, 2.5671 ns/op
OverheadActual   5: 16777216 op, 43106701.00 ns, 2.5694 ns/op
OverheadActual   6: 16777216 op, 43098625.00 ns, 2.5689 ns/op
OverheadActual   7: 16777216 op, 43062602.00 ns, 2.5667 ns/op
OverheadActual   8: 16777216 op, 43083765.00 ns, 2.5680 ns/op
OverheadActual   9: 16777216 op, 43406531.00 ns, 2.5872 ns/op
OverheadActual  10: 16777216 op, 43066690.00 ns, 2.5670 ns/op
OverheadActual  11: 16777216 op, 43098253.00 ns, 2.5689 ns/op
OverheadActual  12: 16777216 op, 43523912.00 ns, 2.5942 ns/op
OverheadActual  13: 16777216 op, 43052550.00 ns, 2.5661 ns/op
OverheadActual  14: 16777216 op, 43041119.00 ns, 2.5655 ns/op
OverheadActual  15: 16777216 op, 43178582.00 ns, 2.5736 ns/op

WorkloadWarmup   1: 16777216 op, 883486067.00 ns, 52.6599 ns/op
WorkloadWarmup   2: 16777216 op, 858084429.00 ns, 51.1458 ns/op
WorkloadWarmup   3: 16777216 op, 852657472.00 ns, 50.8223 ns/op
WorkloadWarmup   4: 16777216 op, 852030104.00 ns, 50.7850 ns/op
WorkloadWarmup   5: 16777216 op, 856850642.00 ns, 51.0723 ns/op
WorkloadWarmup   6: 16777216 op, 862239510.00 ns, 51.3935 ns/op
WorkloadWarmup   7: 16777216 op, 854569173.00 ns, 50.9363 ns/op
WorkloadWarmup   8: 16777216 op, 868489963.00 ns, 51.7660 ns/op
WorkloadWarmup   9: 16777216 op, 859312489.00 ns, 51.2190 ns/op

// BeforeActualRun
WorkloadActual   1: 16777216 op, 855843574.00 ns, 51.0123 ns/op
WorkloadActual   2: 16777216 op, 960769701.00 ns, 57.2663 ns/op
WorkloadActual   3: 16777216 op, 873583064.00 ns, 52.0696 ns/op
WorkloadActual   4: 16777216 op, 852771094.00 ns, 50.8291 ns/op
WorkloadActual   5: 16777216 op, 855443205.00 ns, 50.9884 ns/op
WorkloadActual   6: 16777216 op, 853585393.00 ns, 50.8777 ns/op
WorkloadActual   7: 16777216 op, 858515658.00 ns, 51.1715 ns/op
WorkloadActual   8: 16777216 op, 854031287.00 ns, 50.9042 ns/op
WorkloadActual   9: 16777216 op, 852194940.00 ns, 50.7948 ns/op
WorkloadActual  10: 16777216 op, 861626976.00 ns, 51.3570 ns/op
WorkloadActual  11: 16777216 op, 860823373.00 ns, 51.3091 ns/op
WorkloadActual  12: 16777216 op, 858206901.00 ns, 51.1531 ns/op
WorkloadActual  13: 16777216 op, 888246953.00 ns, 52.9436 ns/op
WorkloadActual  14: 16777216 op, 908394489.00 ns, 54.1445 ns/op
WorkloadActual  15: 16777216 op, 861605057.00 ns, 51.3557 ns/op

// AfterActualRun
WorkloadResult   1: 16777216 op, 812759809.00 ns, 48.4443 ns/op
WorkloadResult   2: 16777216 op, 830499299.00 ns, 49.5016 ns/op
WorkloadResult   3: 16777216 op, 809687329.00 ns, 48.2611 ns/op
WorkloadResult   4: 16777216 op, 812359440.00 ns, 48.4204 ns/op
WorkloadResult   5: 16777216 op, 810501628.00 ns, 48.3097 ns/op
WorkloadResult   6: 16777216 op, 815431893.00 ns, 48.6035 ns/op
WorkloadResult   7: 16777216 op, 810947522.00 ns, 48.3362 ns/op
WorkloadResult   8: 16777216 op, 809111175.00 ns, 48.2268 ns/op
WorkloadResult   9: 16777216 op, 818543211.00 ns, 48.7890 ns/op
WorkloadResult  10: 16777216 op, 817739608.00 ns, 48.7411 ns/op
WorkloadResult  11: 16777216 op, 815123136.00 ns, 48.5851 ns/op
WorkloadResult  12: 16777216 op, 818521292.00 ns, 48.7877 ns/op
// GC:  4 0 0 402653184 16777216
// Threading:  0 0 16777216

// AfterAll
// Benchmark Process 4665 has exited with code 0.

Mean = 48.584 ns, StdErr = 0.102 ns (0.21%), N = 12, StdDev = 0.352 ns
Min = 48.227 ns, Q1 = 48.330 ns, Median = 48.515 ns, Q3 = 48.753 ns, Max = 49.502 ns
IQR = 0.423 ns, LowerFence = 47.695 ns, UpperFence = 49.387 ns
ConfidenceInterval = [48.133 ns; 49.035 ns] (CI 99.9%), Margin = 0.451 ns (0.93% of Mean)
Skewness = 1.28, Kurtosis = 4.06, MValue = 2

// ** Remained 18 (50.0 %) benchmark(s) to run. Estimated finish 2026-09-27 7:30 (0h 6m from now) **
// **************************
// Benchmark: MediatorBenchmarks.DirectCall: .NET 9.0(Runtime=.NET 9.0, Toolchain=net9.0)
// *** Execute ***
// Launch: 1 / 1
// Execute: dotnet "EricksonLopez.Mediator.Benchmarks-.NET 9.0-3.dll" --anonymousPipes 168 169 --benchmarkName EricksonLopez.Mediator.Benchmarks.MediatorBenchmarks.DirectCall --job ".NET 9.0" --benchmarkId 0 in /home/runner/work/dotnet-mediator/dotnet-mediator/benchmarks/EricksonLopez.Mediator.Benchmarks/bin/Release/net10.0/EricksonLopez.Mediator.Benchmarks-.NET 9.0-3/bin/Release/net9.0
// Failed to set up high priority (Permission denied). In order to run benchmarks with high priority, make sure you have the right permissions.
// BeforeAnythingElse

// Benchmark Process Environment Information:
// BenchmarkDotNet v0.15.8
// Runtime=.NET 9.0.20 (9.0.20, 9.0.2026.41315), X64 RyuJIT x86-64-v4
// GC=Concurrent Workstation
// HardwareIntrinsics=AVX10v1,AVX512 BF16+FP16,AVX512 IFMA+VBMI,AVX512 F+BW+CD+DQ+VL,AVX2+BMI1+BMI2+F16C+FMA+LZCNT+MOVBE,AVX,SSE3+SSSE3+SSE4.1+SSE4.2+POPCNT,X86Base+SSE+SSE2,AES+PCLMUL,AvxVnni,SERIALIZE VectorSize=256
// Job: .NET 9.0

OverheadJitting  1: 1 op, 171941.00 ns, 171.9410 us/op
WorkloadJitting  1: 1 op, 581985.00 ns, 581.9850 us/op

OverheadJitting  2: 16 op, 322909.00 ns, 20.1818 us/op
WorkloadJitting  2: 16 op, 308422.00 ns, 19.2764 us/op

WorkloadPilot    1: 16 op, 2161.00 ns, 135.0625 ns/op
WorkloadPilot    2: 32 op, 2092.00 ns, 65.3750 ns/op
WorkloadPilot    3: 64 op, 2826.00 ns, 44.1563 ns/op
WorkloadPilot    4: 128 op, 4470.00 ns, 34.9219 ns/op
WorkloadPilot    5: 256 op, 7083.00 ns, 27.6680 ns/op
WorkloadPilot    6: 512 op, 15818.00 ns, 30.8945 ns/op
WorkloadPilot    7: 1024 op, 25738.00 ns, 25.1348 ns/op
WorkloadPilot    8: 2048 op, 55198.00 ns, 26.9521 ns/op
WorkloadPilot    9: 4096 op, 99811.00 ns, 24.3679 ns/op
WorkloadPilot   10: 8192 op, 207137.00 ns, 25.2853 ns/op
WorkloadPilot   11: 16384 op, 387707.00 ns, 23.6638 ns/op
WorkloadPilot   12: 32768 op, 786499.00 ns, 24.0020 ns/op
WorkloadPilot   13: 65536 op, 1574717.00 ns, 24.0283 ns/op
WorkloadPilot   14: 131072 op, 3201815.00 ns, 24.4279 ns/op
WorkloadPilot   15: 262144 op, 6417464.00 ns, 24.4807 ns/op
WorkloadPilot   16: 524288 op, 12708461.00 ns, 24.2395 ns/op
WorkloadPilot   17: 1048576 op, 25587219.00 ns, 24.4019 ns/op
WorkloadPilot   18: 2097152 op, 50999205.00 ns, 24.3183 ns/op
WorkloadPilot   19: 4194304 op, 80911389.00 ns, 19.2908 ns/op
WorkloadPilot   20: 8388608 op, 25723245.00 ns, 3.0664 ns/op
WorkloadPilot   21: 16777216 op, 51454938.00 ns, 3.0670 ns/op
WorkloadPilot   22: 33554432 op, 103038631.00 ns, 3.0708 ns/op
WorkloadPilot   23: 67108864 op, 205875359.00 ns, 3.0678 ns/op
WorkloadPilot   24: 134217728 op, 411325841.00 ns, 3.0646 ns/op
WorkloadPilot   25: 268435456 op, 826832553.00 ns, 3.0802 ns/op

OverheadWarmup   1: 268435456 op, 721613245.00 ns, 2.6882 ns/op
OverheadWarmup   2: 268435456 op, 690586332.00 ns, 2.5726 ns/op
OverheadWarmup   3: 268435456 op, 733441913.00 ns, 2.7323 ns/op
OverheadWarmup   4: 268435456 op, 689730141.00 ns, 2.5694 ns/op
OverheadWarmup   5: 268435456 op, 689027637.00 ns, 2.5668 ns/op
OverheadWarmup   6: 268435456 op, 691049985.00 ns, 2.5744 ns/op
OverheadWarmup   7: 268435456 op, 689713168.00 ns, 2.5694 ns/op

OverheadActual   1: 268435456 op, 689068432.00 ns, 2.5670 ns/op
OverheadActual   2: 268435456 op, 689330445.00 ns, 2.5680 ns/op
OverheadActual   3: 268435456 op, 689689117.00 ns, 2.5693 ns/op
OverheadActual   4: 268435456 op, 689746664.00 ns, 2.5695 ns/op
OverheadActual   5: 268435456 op, 689058504.00 ns, 2.5669 ns/op
OverheadActual   6: 268435456 op, 689164750.00 ns, 2.5673 ns/op
OverheadActual   7: 268435456 op, 688953152.00 ns, 2.5666 ns/op
OverheadActual   8: 268435456 op, 688949943.00 ns, 2.5665 ns/op
OverheadActual   9: 268435456 op, 689051441.00 ns, 2.5669 ns/op
OverheadActual  10: 268435456 op, 689006997.00 ns, 2.5668 ns/op
OverheadActual  11: 268435456 op, 689233311.00 ns, 2.5676 ns/op
OverheadActual  12: 268435456 op, 689132179.00 ns, 2.5672 ns/op
OverheadActual  13: 268435456 op, 688963080.00 ns, 2.5666 ns/op
OverheadActual  14: 268435456 op, 689469040.00 ns, 2.5685 ns/op
OverheadActual  15: 268435456 op, 689194631.00 ns, 2.5675 ns/op

WorkloadWarmup   1: 268435456 op, 821750181.00 ns, 3.0613 ns/op
WorkloadWarmup   2: 268435456 op, 822139789.00 ns, 3.0627 ns/op
WorkloadWarmup   3: 268435456 op, 827324088.00 ns, 3.0820 ns/op
WorkloadWarmup   4: 268435456 op, 825387616.00 ns, 3.0748 ns/op
WorkloadWarmup   5: 268435456 op, 822214174.00 ns, 3.0630 ns/op
WorkloadWarmup   6: 268435456 op, 821768138.00 ns, 3.0613 ns/op
WorkloadWarmup   7: 268435456 op, 822516057.00 ns, 3.0641 ns/op
WorkloadWarmup   8: 268435456 op, 822312141.00 ns, 3.0634 ns/op

// BeforeActualRun
WorkloadActual   1: 268435456 op, 822294514.00 ns, 3.0633 ns/op
WorkloadActual   2: 268435456 op, 822748259.00 ns, 3.0650 ns/op
WorkloadActual   3: 268435456 op, 822166997.00 ns, 3.0628 ns/op
WorkloadActual   4: 268435456 op, 880173997.00 ns, 3.2789 ns/op
WorkloadActual   5: 268435456 op, 827802735.00 ns, 3.0838 ns/op
WorkloadActual   6: 268435456 op, 822270173.00 ns, 3.0632 ns/op
WorkloadActual   7: 268435456 op, 826107571.00 ns, 3.0775 ns/op
WorkloadActual   8: 268435456 op, 894155606.00 ns, 3.3310 ns/op
WorkloadActual   9: 268435456 op, 822862631.00 ns, 3.0654 ns/op
WorkloadActual  10: 268435456 op, 873289934.00 ns, 3.2533 ns/op
WorkloadActual  11: 268435456 op, 852134512.00 ns, 3.1744 ns/op
WorkloadActual  12: 268435456 op, 843387243.00 ns, 3.1419 ns/op
WorkloadActual  13: 268435456 op, 830441603.00 ns, 3.0936 ns/op
WorkloadActual  14: 268435456 op, 821612365.00 ns, 3.0607 ns/op
WorkloadActual  15: 268435456 op, 823649596.00 ns, 3.0683 ns/op
WorkloadActual  16: 268435456 op, 822679925.00 ns, 3.0647 ns/op
WorkloadActual  17: 268435456 op, 821833744.00 ns, 3.0616 ns/op

// AfterActualRun
WorkloadResult   1: 268435456 op, 133162335.00 ns, 0.4961 ns/op
WorkloadResult   2: 268435456 op, 133616080.00 ns, 0.4978 ns/op
WorkloadResult   3: 268435456 op, 133034818.00 ns, 0.4956 ns/op
WorkloadResult   4: 268435456 op, 138670556.00 ns, 0.5166 ns/op
WorkloadResult   5: 268435456 op, 133137994.00 ns, 0.4960 ns/op
WorkloadResult   6: 268435456 op, 136975392.00 ns, 0.5103 ns/op
WorkloadResult   7: 268435456 op, 133730452.00 ns, 0.4982 ns/op
WorkloadResult   8: 268435456 op, 184157755.00 ns, 0.6860 ns/op
WorkloadResult   9: 268435456 op, 163002333.00 ns, 0.6072 ns/op
WorkloadResult  10: 268435456 op, 154255064.00 ns, 0.5746 ns/op
WorkloadResult  11: 268435456 op, 141309424.00 ns, 0.5264 ns/op
WorkloadResult  12: 268435456 op, 132480186.00 ns, 0.4935 ns/op
WorkloadResult  13: 268435456 op, 134517417.00 ns, 0.5011 ns/op
WorkloadResult  14: 268435456 op, 133547746.00 ns, 0.4975 ns/op
WorkloadResult  15: 268435456 op, 132701565.00 ns, 0.4944 ns/op
// GC:  0 0 0 0 268435456
// Threading:  0 0 268435456

// AfterAll
// Benchmark Process 4682 has exited with code 0.

Mean = 0.526 ns, StdErr = 0.014 ns (2.71%), N = 15, StdDev = 0.055 ns
Min = 0.494 ns, Q1 = 0.496 ns, Median = 0.498 ns, Q3 = 0.522 ns, Max = 0.686 ns
IQR = 0.025 ns, LowerFence = 0.458 ns, UpperFence = 0.560 ns
ConfidenceInterval = [0.467 ns; 0.585 ns] (CI 99.9%), Margin = 0.059 ns (11.22% of Mean)
Skewness = 1.78, Kurtosis = 5.09, MValue = 2

// ** Remained 17 (47.2 %) benchmark(s) to run. Estimated finish 2026-09-27 7:30 (0h 6m from now) **
// **************************
// Benchmark: MediatorBenchmarks.SendCommand_NoBehaviors: .NET 9.0(Runtime=.NET 9.0, Toolchain=net9.0)
// *** Execute ***
// Launch: 1 / 1
// Execute: dotnet "EricksonLopez.Mediator.Benchmarks-.NET 9.0-3.dll" --anonymousPipes 168 169 --benchmarkName EricksonLopez.Mediator.Benchmarks.MediatorBenchmarks.SendCommand_NoBehaviors --job ".NET 9.0" --benchmarkId 1 in /home/runner/work/dotnet-mediator/dotnet-mediator/benchmarks/EricksonLopez.Mediator.Benchmarks/bin/Release/net10.0/EricksonLopez.Mediator.Benchmarks-.NET 9.0-3/bin/Release/net9.0
// Failed to set up high priority (Permission denied). In order to run benchmarks with high priority, make sure you have the right permissions.
// BeforeAnythingElse

// Benchmark Process Environment Information:
// BenchmarkDotNet v0.15.8
// Runtime=.NET 9.0.20 (9.0.20, 9.0.2026.41315), X64 RyuJIT x86-64-v4
// GC=Concurrent Workstation
// HardwareIntrinsics=AVX10v1,AVX512 BF16+FP16,AVX512 IFMA+VBMI,AVX512 F+BW+CD+DQ+VL,AVX2+BMI1+BMI2+F16C+FMA+LZCNT+MOVBE,AVX,SSE3+SSSE3+SSE4.1+SSE4.2+POPCNT,X86Base+SSE+SSE2,AES+PCLMUL,AvxVnni,SERIALIZE VectorSize=256
// Job: .NET 9.0

OverheadJitting  1: 1 op, 139704.00 ns, 139.7040 us/op
WorkloadJitting  1: 1 op, 973102.00 ns, 973.1020 us/op

OverheadJitting  2: 16 op, 333032.00 ns, 20.8145 us/op
WorkloadJitting  2: 16 op, 345169.00 ns, 21.5731 us/op

WorkloadPilot    1: 16 op, 6137.00 ns, 383.5625 ns/op
WorkloadPilot    2: 32 op, 7452.00 ns, 232.8750 ns/op
WorkloadPilot    3: 64 op, 8796.00 ns, 137.4375 ns/op
WorkloadPilot    4: 128 op, 14814.00 ns, 115.7344 ns/op
WorkloadPilot    5: 256 op, 27233.00 ns, 106.3789 ns/op
WorkloadPilot    6: 512 op, 55058.00 ns, 107.5352 ns/op
WorkloadPilot    7: 1024 op, 110147.00 ns, 107.5654 ns/op
WorkloadPilot    8: 2048 op, 216075.00 ns, 105.5054 ns/op
WorkloadPilot    9: 4096 op, 398145.00 ns, 97.2034 ns/op
WorkloadPilot   10: 8192 op, 860600.00 ns, 105.0537 ns/op
WorkloadPilot   11: 16384 op, 1644860.00 ns, 100.3943 ns/op
WorkloadPilot   12: 32768 op, 3232461.00 ns, 98.6469 ns/op
WorkloadPilot   13: 65536 op, 6417894.00 ns, 97.9293 ns/op
WorkloadPilot   14: 131072 op, 12840950.00 ns, 97.9687 ns/op
WorkloadPilot   15: 262144 op, 25335681.00 ns, 96.6480 ns/op
WorkloadPilot   16: 524288 op, 50488123.00 ns, 96.2985 ns/op
WorkloadPilot   17: 1048576 op, 106730555.00 ns, 101.7862 ns/op
WorkloadPilot   18: 2097152 op, 34457447.00 ns, 16.4306 ns/op
WorkloadPilot   19: 4194304 op, 68860637.00 ns, 16.4177 ns/op
WorkloadPilot   20: 8388608 op, 138158130.00 ns, 16.4697 ns/op
WorkloadPilot   21: 16777216 op, 274544561.00 ns, 16.3641 ns/op
WorkloadPilot   22: 33554432 op, 549382827.00 ns, 16.3729 ns/op

OverheadWarmup   1: 33554432 op, 102660243.00 ns, 3.0595 ns/op
OverheadWarmup   2: 33554432 op, 101980349.00 ns, 3.0393 ns/op
OverheadWarmup   3: 33554432 op, 86582610.00 ns, 2.5804 ns/op
OverheadWarmup   4: 33554432 op, 86653106.00 ns, 2.5825 ns/op
OverheadWarmup   5: 33554432 op, 86656743.00 ns, 2.5826 ns/op
OverheadWarmup   6: 33554432 op, 86797078.00 ns, 2.5868 ns/op
OverheadWarmup   7: 33554432 op, 86598584.00 ns, 2.5808 ns/op
OverheadWarmup   8: 33554432 op, 86581779.00 ns, 2.5803 ns/op
OverheadWarmup   9: 33554432 op, 86986138.00 ns, 2.5924 ns/op
OverheadWarmup  10: 33554432 op, 86731041.00 ns, 2.5848 ns/op

OverheadActual   1: 33554432 op, 86554377.00 ns, 2.5795 ns/op
OverheadActual   2: 33554432 op, 86512996.00 ns, 2.5783 ns/op
OverheadActual   3: 33554432 op, 86462046.00 ns, 2.5768 ns/op
OverheadActual   4: 33554432 op, 86517020.00 ns, 2.5784 ns/op
OverheadActual   5: 33554432 op, 86567742.00 ns, 2.5799 ns/op
OverheadActual   6: 33554432 op, 86507103.00 ns, 2.5781 ns/op
OverheadActual   7: 33554432 op, 86595927.00 ns, 2.5808 ns/op
OverheadActual   8: 33554432 op, 87028367.00 ns, 2.5936 ns/op
OverheadActual   9: 33554432 op, 86564625.00 ns, 2.5798 ns/op
OverheadActual  10: 33554432 op, 86570287.00 ns, 2.5800 ns/op
OverheadActual  11: 33554432 op, 86662819.00 ns, 2.5828 ns/op
OverheadActual  12: 33554432 op, 86534271.00 ns, 2.5789 ns/op
OverheadActual  13: 33554432 op, 86578510.00 ns, 2.5802 ns/op
OverheadActual  14: 33554432 op, 86431399.00 ns, 2.5759 ns/op
OverheadActual  15: 33554432 op, 86477393.00 ns, 2.5772 ns/op

WorkloadWarmup   1: 33554432 op, 547431580.00 ns, 16.3147 ns/op
WorkloadWarmup   2: 33554432 op, 547677134.00 ns, 16.3221 ns/op
WorkloadWarmup   3: 33554432 op, 548269209.00 ns, 16.3397 ns/op
WorkloadWarmup   4: 33554432 op, 547373499.00 ns, 16.3130 ns/op
WorkloadWarmup   5: 33554432 op, 547215449.00 ns, 16.3083 ns/op
WorkloadWarmup   6: 33554432 op, 547157824.00 ns, 16.3066 ns/op
WorkloadWarmup   7: 33554432 op, 552007223.00 ns, 16.4511 ns/op
WorkloadWarmup   8: 33554432 op, 547713182.00 ns, 16.3231 ns/op

// BeforeActualRun
WorkloadActual   1: 33554432 op, 548410691.00 ns, 16.3439 ns/op
WorkloadActual   2: 33554432 op, 550689377.00 ns, 16.4118 ns/op
WorkloadActual   3: 33554432 op, 547717540.00 ns, 16.3233 ns/op
WorkloadActual   4: 33554432 op, 570145658.00 ns, 16.9917 ns/op
WorkloadActual   5: 33554432 op, 547833583.00 ns, 16.3267 ns/op
WorkloadActual   6: 33554432 op, 547043064.00 ns, 16.3032 ns/op
WorkloadActual   7: 33554432 op, 547518817.00 ns, 16.3173 ns/op
WorkloadActual   8: 33554432 op, 547679968.00 ns, 16.3221 ns/op
WorkloadActual   9: 33554432 op, 547606204.00 ns, 16.3199 ns/op
WorkloadActual  10: 33554432 op, 547200049.00 ns, 16.3078 ns/op
WorkloadActual  11: 33554432 op, 547969678.00 ns, 16.3308 ns/op
WorkloadActual  12: 33554432 op, 553029175.00 ns, 16.4816 ns/op
WorkloadActual  13: 33554432 op, 548443594.00 ns, 16.3449 ns/op
WorkloadActual  14: 33554432 op, 547583837.00 ns, 16.3193 ns/op
WorkloadActual  15: 33554432 op, 547233113.00 ns, 16.3088 ns/op

// AfterActualRun
WorkloadResult   1: 33554432 op, 461856314.00 ns, 13.7644 ns/op
WorkloadResult   2: 33554432 op, 461163163.00 ns, 13.7437 ns/op
WorkloadResult   3: 33554432 op, 461279206.00 ns, 13.7472 ns/op
WorkloadResult   4: 33554432 op, 460488687.00 ns, 13.7236 ns/op
WorkloadResult   5: 33554432 op, 460964440.00 ns, 13.7378 ns/op
WorkloadResult   6: 33554432 op, 461125591.00 ns, 13.7426 ns/op
WorkloadResult   7: 33554432 op, 461051827.00 ns, 13.7404 ns/op
WorkloadResult   8: 33554432 op, 460645672.00 ns, 13.7283 ns/op
WorkloadResult   9: 33554432 op, 461415301.00 ns, 13.7512 ns/op
WorkloadResult  10: 33554432 op, 461889217.00 ns, 13.7654 ns/op
WorkloadResult  11: 33554432 op, 461029460.00 ns, 13.7397 ns/op
WorkloadResult  12: 33554432 op, 460678736.00 ns, 13.7293 ns/op
// GC:  0 0 0 0 33554432
// Threading:  0 0 33554432

// AfterAll
// Benchmark Process 4710 has exited with code 0.

Mean = 13.743 ns, StdErr = 0.004 ns (0.03%), N = 12, StdDev = 0.013 ns
Min = 13.724 ns, Q1 = 13.736 ns, Median = 13.742 ns, Q3 = 13.748 ns, Max = 13.765 ns
IQR = 0.013 ns, LowerFence = 13.717 ns, UpperFence = 13.767 ns
ConfidenceInterval = [13.726 ns; 13.759 ns] (CI 99.9%), Margin = 0.017 ns (0.12% of Mean)
Skewness = 0.36, Kurtosis = 2.01, MValue = 2

// ** Remained 16 (44.4 %) benchmark(s) to run. Estimated finish 2026-09-27 7:30 (0h 6m from now) **
// **************************
// Benchmark: MediatorBenchmarks.SendQuery_NoBehaviors: .NET 9.0(Runtime=.NET 9.0, Toolchain=net9.0)
// *** Execute ***
// Launch: 1 / 1
// Execute: dotnet "EricksonLopez.Mediator.Benchmarks-.NET 9.0-3.dll" --anonymousPipes 170 171 --benchmarkName EricksonLopez.Mediator.Benchmarks.MediatorBenchmarks.SendQuery_NoBehaviors --job ".NET 9.0" --benchmarkId 2 in /home/runner/work/dotnet-mediator/dotnet-mediator/benchmarks/EricksonLopez.Mediator.Benchmarks/bin/Release/net10.0/EricksonLopez.Mediator.Benchmarks-.NET 9.0-3/bin/Release/net9.0
// Failed to set up high priority (Permission denied). In order to run benchmarks with high priority, make sure you have the right permissions.
// BeforeAnythingElse

// Benchmark Process Environment Information:
// BenchmarkDotNet v0.15.8
// Runtime=.NET 9.0.20 (9.0.20, 9.0.2026.41315), X64 RyuJIT x86-64-v4
// GC=Concurrent Workstation
// HardwareIntrinsics=AVX10v1,AVX512 BF16+FP16,AVX512 IFMA+VBMI,AVX512 F+BW+CD+DQ+VL,AVX2+BMI1+BMI2+F16C+FMA+LZCNT+MOVBE,AVX,SSE3+SSSE3+SSE4.1+SSE4.2+POPCNT,X86Base+SSE+SSE2,AES+PCLMUL,AvxVnni,SERIALIZE VectorSize=256
// Job: .NET 9.0

OverheadJitting  1: 1 op, 149790.00 ns, 149.7900 us/op
WorkloadJitting  1: 1 op, 796297.00 ns, 796.2970 us/op

OverheadJitting  2: 16 op, 347503.00 ns, 21.7189 us/op
WorkloadJitting  2: 16 op, 354613.00 ns, 22.1633 us/op

WorkloadPilot    1: 16 op, 6506.00 ns, 406.6250 ns/op
WorkloadPilot    2: 32 op, 11105.00 ns, 347.0313 ns/op
WorkloadPilot    3: 64 op, 13521.00 ns, 211.2656 ns/op
WorkloadPilot    4: 128 op, 19069.00 ns, 148.9766 ns/op
WorkloadPilot    5: 256 op, 30989.00 ns, 121.0508 ns/op
WorkloadPilot    6: 512 op, 49238.00 ns, 96.1680 ns/op
WorkloadPilot    7: 1024 op, 93406.00 ns, 91.2168 ns/op
WorkloadPilot    8: 2048 op, 184084.00 ns, 89.8848 ns/op
WorkloadPilot    9: 4096 op, 366017.00 ns, 89.3596 ns/op
WorkloadPilot   10: 8192 op, 815629.00 ns, 99.5641 ns/op
WorkloadPilot   11: 16384 op, 1552676.00 ns, 94.7678 ns/op
WorkloadPilot   12: 32768 op, 3055547.00 ns, 93.2479 ns/op
WorkloadPilot   13: 65536 op, 6045287.00 ns, 92.2438 ns/op
WorkloadPilot   14: 131072 op, 12124517.00 ns, 92.5027 ns/op
WorkloadPilot   15: 262144 op, 23945571.00 ns, 91.3451 ns/op
WorkloadPilot   16: 524288 op, 47639953.00 ns, 90.8660 ns/op
WorkloadPilot   17: 1048576 op, 97448752.00 ns, 92.9344 ns/op
WorkloadPilot   18: 2097152 op, 30610522.00 ns, 14.5962 ns/op
WorkloadPilot   19: 4194304 op, 55584671.00 ns, 13.2524 ns/op
WorkloadPilot   20: 8388608 op, 110724407.00 ns, 13.1994 ns/op
WorkloadPilot   21: 16777216 op, 221508636.00 ns, 13.2029 ns/op
WorkloadPilot   22: 33554432 op, 442446418.00 ns, 13.1859 ns/op
WorkloadPilot   23: 67108864 op, 884715886.00 ns, 13.1833 ns/op

OverheadWarmup   1: 67108864 op, 204442666.00 ns, 3.0464 ns/op
OverheadWarmup   2: 67108864 op, 173183585.00 ns, 2.5806 ns/op
OverheadWarmup   3: 67108864 op, 173354899.00 ns, 2.5832 ns/op
OverheadWarmup   4: 67108864 op, 172968877.00 ns, 2.5774 ns/op
OverheadWarmup   5: 67108864 op, 172878046.00 ns, 2.5761 ns/op
OverheadWarmup   6: 67108864 op, 175604972.00 ns, 2.6167 ns/op
OverheadWarmup   7: 67108864 op, 177552305.00 ns, 2.6457 ns/op
OverheadWarmup   8: 67108864 op, 199541530.00 ns, 2.9734 ns/op
OverheadWarmup   9: 67108864 op, 185973391.00 ns, 2.7712 ns/op

OverheadActual   1: 67108864 op, 184410360.00 ns, 2.7479 ns/op
OverheadActual   2: 67108864 op, 197179912.00 ns, 2.9382 ns/op
OverheadActual   3: 67108864 op, 187862126.00 ns, 2.7994 ns/op
OverheadActual   4: 67108864 op, 173625215.00 ns, 2.5872 ns/op
OverheadActual   5: 67108864 op, 173080427.00 ns, 2.5791 ns/op
OverheadActual   6: 67108864 op, 173134325.00 ns, 2.5799 ns/op
OverheadActual   7: 67108864 op, 173013195.00 ns, 2.5781 ns/op
OverheadActual   8: 67108864 op, 173178316.00 ns, 2.5806 ns/op
OverheadActual   9: 67108864 op, 173274595.00 ns, 2.5820 ns/op
OverheadActual  10: 67108864 op, 172977782.00 ns, 2.5776 ns/op
OverheadActual  11: 67108864 op, 173080055.00 ns, 2.5791 ns/op
OverheadActual  12: 67108864 op, 172866370.00 ns, 2.5759 ns/op
OverheadActual  13: 67108864 op, 172803365.00 ns, 2.5750 ns/op
OverheadActual  14: 67108864 op, 172977456.00 ns, 2.5776 ns/op
OverheadActual  15: 67108864 op, 173132709.00 ns, 2.5799 ns/op

WorkloadWarmup   1: 67108864 op, 884319681.00 ns, 13.1774 ns/op
WorkloadWarmup   2: 67108864 op, 883534314.00 ns, 13.1657 ns/op
WorkloadWarmup   3: 67108864 op, 884330449.00 ns, 13.1776 ns/op
WorkloadWarmup   4: 67108864 op, 886325260.00 ns, 13.2073 ns/op
WorkloadWarmup   5: 67108864 op, 894023453.00 ns, 13.3220 ns/op
WorkloadWarmup   6: 67108864 op, 884089935.00 ns, 13.1740 ns/op
WorkloadWarmup   7: 67108864 op, 884649946.00 ns, 13.1823 ns/op
WorkloadWarmup   8: 67108864 op, 885281575.00 ns, 13.1917 ns/op
WorkloadWarmup   9: 67108864 op, 886702181.00 ns, 13.2129 ns/op
WorkloadWarmup  10: 67108864 op, 885722526.00 ns, 13.1983 ns/op

// BeforeActualRun
WorkloadActual   1: 67108864 op, 886529829.00 ns, 13.2103 ns/op
WorkloadActual   2: 67108864 op, 885034440.00 ns, 13.1880 ns/op
WorkloadActual   3: 67108864 op, 885902610.00 ns, 13.2010 ns/op
WorkloadActual   4: 67108864 op, 887219387.00 ns, 13.2206 ns/op
WorkloadActual   5: 67108864 op, 885793113.00 ns, 13.1993 ns/op
WorkloadActual   6: 67108864 op, 886163198.00 ns, 13.2049 ns/op
WorkloadActual   7: 67108864 op, 887844254.00 ns, 13.2299 ns/op
WorkloadActual   8: 67108864 op, 887419300.00 ns, 13.2236 ns/op
WorkloadActual   9: 67108864 op, 884797850.00 ns, 13.1845 ns/op
WorkloadActual  10: 67108864 op, 884528203.00 ns, 13.1805 ns/op
WorkloadActual  11: 67108864 op, 885384304.00 ns, 13.1933 ns/op
WorkloadActual  12: 67108864 op, 886439983.00 ns, 13.2090 ns/op
WorkloadActual  13: 67108864 op, 884681975.00 ns, 13.1828 ns/op
WorkloadActual  14: 67108864 op, 886993545.00 ns, 13.2172 ns/op
WorkloadActual  15: 67108864 op, 888471540.00 ns, 13.2393 ns/op

// AfterActualRun
WorkloadResult   1: 67108864 op, 713397120.00 ns, 10.6304 ns/op
WorkloadResult   2: 67108864 op, 711901731.00 ns, 10.6082 ns/op
WorkloadResult   3: 67108864 op, 712769901.00 ns, 10.6211 ns/op
WorkloadResult   4: 67108864 op, 714086678.00 ns, 10.6407 ns/op
WorkloadResult   5: 67108864 op, 712660404.00 ns, 10.6195 ns/op
WorkloadResult   6: 67108864 op, 713030489.00 ns, 10.6250 ns/op
WorkloadResult   7: 67108864 op, 714711545.00 ns, 10.6500 ns/op
WorkloadResult   8: 67108864 op, 714286591.00 ns, 10.6437 ns/op
WorkloadResult   9: 67108864 op, 711665141.00 ns, 10.6046 ns/op
WorkloadResult  10: 67108864 op, 711395494.00 ns, 10.6006 ns/op
WorkloadResult  11: 67108864 op, 712251595.00 ns, 10.6134 ns/op
WorkloadResult  12: 67108864 op, 713307274.00 ns, 10.6291 ns/op
WorkloadResult  13: 67108864 op, 711549266.00 ns, 10.6029 ns/op
WorkloadResult  14: 67108864 op, 713860836.00 ns, 10.6374 ns/op
WorkloadResult  15: 67108864 op, 715338831.00 ns, 10.6594 ns/op
// GC:  0 0 0 0 67108864
// Threading:  0 0 67108864

// AfterAll
// Benchmark Process 4722 has exited with code 0.

Mean = 10.626 ns, StdErr = 0.005 ns (0.04%), N = 15, StdDev = 0.018 ns
Min = 10.601 ns, Q1 = 10.611 ns, Median = 10.625 ns, Q3 = 10.639 ns, Max = 10.659 ns
IQR = 0.028 ns, LowerFence = 10.568 ns, UpperFence = 10.681 ns
ConfidenceInterval = [10.606 ns; 10.645 ns] (CI 99.9%), Margin = 0.019 ns (0.18% of Mean)
Skewness = 0.21, Kurtosis = 1.76, MValue = 2

// ** Remained 15 (41.7 %) benchmark(s) to run. Estimated finish 2026-09-27 7:30 (0h 5m from now) **
// **************************
// Benchmark: MediatorBenchmarks.SendCommand_OneBehavior: .NET 9.0(Runtime=.NET 9.0, Toolchain=net9.0)
// *** Execute ***
// Launch: 1 / 1
// Execute: dotnet "EricksonLopez.Mediator.Benchmarks-.NET 9.0-3.dll" --anonymousPipes 168 169 --benchmarkName EricksonLopez.Mediator.Benchmarks.MediatorBenchmarks.SendCommand_OneBehavior --job ".NET 9.0" --benchmarkId 3 in /home/runner/work/dotnet-mediator/dotnet-mediator/benchmarks/EricksonLopez.Mediator.Benchmarks/bin/Release/net10.0/EricksonLopez.Mediator.Benchmarks-.NET 9.0-3/bin/Release/net9.0
// Failed to set up high priority (Permission denied). In order to run benchmarks with high priority, make sure you have the right permissions.
// BeforeAnythingElse

// Benchmark Process Environment Information:
// BenchmarkDotNet v0.15.8
// Runtime=.NET 9.0.20 (9.0.20, 9.0.2026.41315), X64 RyuJIT x86-64-v4
// GC=Concurrent Workstation
// HardwareIntrinsics=AVX10v1,AVX512 BF16+FP16,AVX512 IFMA+VBMI,AVX512 F+BW+CD+DQ+VL,AVX2+BMI1+BMI2+F16C+FMA+LZCNT+MOVBE,AVX,SSE3+SSSE3+SSE4.1+SSE4.2+POPCNT,X86Base+SSE+SSE2,AES+PCLMUL,AvxVnni,SERIALIZE VectorSize=256
// Job: .NET 9.0

OverheadJitting  1: 1 op, 149043.00 ns, 149.0430 us/op
WorkloadJitting  1: 1 op, 1435676.00 ns, 1.4357 ms/op

OverheadJitting  2: 16 op, 310761.00 ns, 19.4226 us/op
WorkloadJitting  2: 16 op, 313143.00 ns, 19.5714 us/op

WorkloadPilot    1: 16 op, 10583.00 ns, 661.4375 ns/op
WorkloadPilot    2: 32 op, 12083.00 ns, 377.5938 ns/op
WorkloadPilot    3: 64 op, 16992.00 ns, 265.5000 ns/op
WorkloadPilot    4: 128 op, 29195.00 ns, 228.0859 ns/op
WorkloadPilot    5: 256 op, 55728.00 ns, 217.6875 ns/op
WorkloadPilot    6: 512 op, 108956.00 ns, 212.8047 ns/op
WorkloadPilot    7: 1024 op, 210363.00 ns, 205.4326 ns/op
WorkloadPilot    8: 2048 op, 446087.00 ns, 217.8159 ns/op
WorkloadPilot    9: 4096 op, 906599.00 ns, 221.3376 ns/op
WorkloadPilot   10: 8192 op, 1816914.00 ns, 221.7913 ns/op
WorkloadPilot   11: 16384 op, 3559863.00 ns, 217.2768 ns/op
WorkloadPilot   12: 32768 op, 6992182.00 ns, 213.3845 ns/op
WorkloadPilot   13: 65536 op, 13945142.00 ns, 212.7860 ns/op
WorkloadPilot   14: 131072 op, 27536760.00 ns, 210.0888 ns/op
WorkloadPilot   15: 262144 op, 55214471.00 ns, 210.6265 ns/op
WorkloadPilot   16: 524288 op, 103344516.00 ns, 197.1140 ns/op
WorkloadPilot   17: 1048576 op, 34756645.00 ns, 33.1465 ns/op
WorkloadPilot   18: 2097152 op, 69520744.00 ns, 33.1501 ns/op
WorkloadPilot   19: 4194304 op, 143220673.00 ns, 34.1465 ns/op
WorkloadPilot   20: 8388608 op, 292266225.00 ns, 34.8408 ns/op
WorkloadPilot   21: 16777216 op, 577494785.00 ns, 34.4214 ns/op

OverheadWarmup   1: 16777216 op, 51577886.00 ns, 3.0743 ns/op
OverheadWarmup   2: 16777216 op, 51476795.00 ns, 3.0683 ns/op
OverheadWarmup   3: 16777216 op, 51348741.00 ns, 3.0606 ns/op
OverheadWarmup   4: 16777216 op, 50323330.00 ns, 2.9995 ns/op
OverheadWarmup   5: 16777216 op, 43326814.00 ns, 2.5825 ns/op
OverheadWarmup   6: 16777216 op, 43263770.00 ns, 2.5787 ns/op
OverheadWarmup   7: 16777216 op, 43309635.00 ns, 2.5815 ns/op
OverheadWarmup   8: 16777216 op, 43282500.00 ns, 2.5798 ns/op
OverheadWarmup   9: 16777216 op, 43366265.00 ns, 2.5848 ns/op
OverheadWarmup  10: 16777216 op, 43571550.00 ns, 2.5971 ns/op

OverheadActual   1: 16777216 op, 43386513.00 ns, 2.5860 ns/op
OverheadActual   2: 16777216 op, 43349803.00 ns, 2.5838 ns/op
OverheadActual   3: 16777216 op, 43337333.00 ns, 2.5831 ns/op
OverheadActual   4: 16777216 op, 43295832.00 ns, 2.5806 ns/op
OverheadActual   5: 16777216 op, 43284416.00 ns, 2.5800 ns/op
OverheadActual   6: 16777216 op, 43382419.00 ns, 2.5858 ns/op
OverheadActual   7: 16777216 op, 43373898.00 ns, 2.5853 ns/op
OverheadActual   8: 16777216 op, 47244351.00 ns, 2.8160 ns/op
OverheadActual   9: 16777216 op, 43642255.00 ns, 2.6013 ns/op
OverheadActual  10: 16777216 op, 43258071.00 ns, 2.5784 ns/op
OverheadActual  11: 16777216 op, 43323951.00 ns, 2.5823 ns/op
OverheadActual  12: 16777216 op, 43327305.00 ns, 2.5825 ns/op
OverheadActual  13: 16777216 op, 43356280.00 ns, 2.5842 ns/op
OverheadActual  14: 16777216 op, 43297584.00 ns, 2.5807 ns/op
OverheadActual  15: 16777216 op, 43310276.00 ns, 2.5815 ns/op

WorkloadWarmup   1: 16777216 op, 556409369.00 ns, 33.1646 ns/op
WorkloadWarmup   2: 16777216 op, 555008237.00 ns, 33.0811 ns/op
WorkloadWarmup   3: 16777216 op, 555652437.00 ns, 33.1195 ns/op
WorkloadWarmup   4: 16777216 op, 554300772.00 ns, 33.0389 ns/op
WorkloadWarmup   5: 16777216 op, 556496148.00 ns, 33.1698 ns/op
WorkloadWarmup   6: 16777216 op, 554360184.00 ns, 33.0424 ns/op

// BeforeActualRun
WorkloadActual   1: 16777216 op, 587556379.00 ns, 35.0211 ns/op
WorkloadActual   2: 16777216 op, 576185955.00 ns, 34.3434 ns/op
WorkloadActual   3: 16777216 op, 598183350.00 ns, 35.6545 ns/op
WorkloadActual   4: 16777216 op, 555436399.00 ns, 33.1066 ns/op
WorkloadActual   5: 16777216 op, 554386781.00 ns, 33.0440 ns/op
WorkloadActual   6: 16777216 op, 555183233.00 ns, 33.0915 ns/op
WorkloadActual   7: 16777216 op, 554962973.00 ns, 33.0784 ns/op
WorkloadActual   8: 16777216 op, 554281593.00 ns, 33.0378 ns/op
WorkloadActual   9: 16777216 op, 557691380.00 ns, 33.2410 ns/op
WorkloadActual  10: 16777216 op, 554449851.00 ns, 33.0478 ns/op
WorkloadActual  11: 16777216 op, 552937854.00 ns, 32.9577 ns/op
WorkloadActual  12: 16777216 op, 553196233.00 ns, 32.9731 ns/op
WorkloadActual  13: 16777216 op, 552179036.00 ns, 32.9124 ns/op
WorkloadActual  14: 16777216 op, 552025847.00 ns, 32.9033 ns/op
WorkloadActual  15: 16777216 op, 554292144.00 ns, 33.0384 ns/op

// AfterActualRun
WorkloadResult   1: 16777216 op, 512099066.00 ns, 30.5235 ns/op
WorkloadResult   2: 16777216 op, 511049448.00 ns, 30.4609 ns/op
WorkloadResult   3: 16777216 op, 511845900.00 ns, 30.5084 ns/op
WorkloadResult   4: 16777216 op, 511625640.00 ns, 30.4953 ns/op
WorkloadResult   5: 16777216 op, 510944260.00 ns, 30.4547 ns/op
WorkloadResult   6: 16777216 op, 514354047.00 ns, 30.6579 ns/op
WorkloadResult   7: 16777216 op, 511112518.00 ns, 30.4647 ns/op
WorkloadResult   8: 16777216 op, 509600521.00 ns, 30.3746 ns/op
WorkloadResult   9: 16777216 op, 509858900.00 ns, 30.3900 ns/op
WorkloadResult  10: 16777216 op, 508841703.00 ns, 30.3293 ns/op
WorkloadResult  11: 16777216 op, 508688514.00 ns, 30.3202 ns/op
WorkloadResult  12: 16777216 op, 510954811.00 ns, 30.4553 ns/op
// GC:  0 0 0 0 16777216
// Threading:  0 0 16777216

// AfterAll
// Benchmark Process 4749 has exited with code 0.

Mean = 30.453 ns, StdErr = 0.027 ns (0.09%), N = 12, StdDev = 0.093 ns
Min = 30.320 ns, Q1 = 30.386 ns, Median = 30.458 ns, Q3 = 30.499 ns, Max = 30.658 ns
IQR = 0.112 ns, LowerFence = 30.217 ns, UpperFence = 30.667 ns
ConfidenceInterval = [30.334 ns; 30.572 ns] (CI 99.9%), Margin = 0.119 ns (0.39% of Mean)
Skewness = 0.44, Kurtosis = 2.68, MValue = 2

// ** Remained 14 (38.9 %) benchmark(s) to run. Estimated finish 2026-09-27 7:30 (0h 5m from now) **
// **************************
// Benchmark: MediatorBenchmarks.SendCommand_FiveBehaviors: .NET 9.0(Runtime=.NET 9.0, Toolchain=net9.0)
// *** Execute ***
// Launch: 1 / 1
// Execute: dotnet "EricksonLopez.Mediator.Benchmarks-.NET 9.0-3.dll" --anonymousPipes 168 169 --benchmarkName EricksonLopez.Mediator.Benchmarks.MediatorBenchmarks.SendCommand_FiveBehaviors --job ".NET 9.0" --benchmarkId 4 in /home/runner/work/dotnet-mediator/dotnet-mediator/benchmarks/EricksonLopez.Mediator.Benchmarks/bin/Release/net10.0/EricksonLopez.Mediator.Benchmarks-.NET 9.0-3/bin/Release/net9.0
// Failed to set up high priority (Permission denied). In order to run benchmarks with high priority, make sure you have the right permissions.
// BeforeAnythingElse

// Benchmark Process Environment Information:
// BenchmarkDotNet v0.15.8
// Runtime=.NET 9.0.20 (9.0.20, 9.0.2026.41315), X64 RyuJIT x86-64-v4
// GC=Concurrent Workstation
// HardwareIntrinsics=AVX10v1,AVX512 BF16+FP16,AVX512 IFMA+VBMI,AVX512 F+BW+CD+DQ+VL,AVX2+BMI1+BMI2+F16C+FMA+LZCNT+MOVBE,AVX,SSE3+SSSE3+SSE4.1+SSE4.2+POPCNT,X86Base+SSE+SSE2,AES+PCLMUL,AvxVnni,SERIALIZE VectorSize=256
// Job: .NET 9.0

OverheadJitting  1: 1 op, 218258.00 ns, 218.2580 us/op
WorkloadJitting  1: 1 op, 2522992.00 ns, 2.5230 ms/op

OverheadJitting  2: 16 op, 334526.00 ns, 20.9079 us/op
WorkloadJitting  2: 16 op, 378175.00 ns, 23.6359 us/op

WorkloadPilot    1: 16 op, 19319.00 ns, 1.2074 us/op
WorkloadPilot    2: 32 op, 28346.00 ns, 885.8125 ns/op
WorkloadPilot    3: 64 op, 49919.00 ns, 779.9844 ns/op
WorkloadPilot    4: 128 op, 92649.00 ns, 723.8203 ns/op
WorkloadPilot    5: 256 op, 181086.00 ns, 707.3672 ns/op
WorkloadPilot    6: 512 op, 380833.00 ns, 743.8145 ns/op
WorkloadPilot    7: 1024 op, 768996.00 ns, 750.9727 ns/op
WorkloadPilot    8: 2048 op, 1524158.00 ns, 744.2178 ns/op
WorkloadPilot    9: 4096 op, 2967963.00 ns, 724.6003 ns/op
WorkloadPilot   10: 8192 op, 5882668.00 ns, 718.0991 ns/op
WorkloadPilot   11: 16384 op, 11646034.00 ns, 710.8175 ns/op
WorkloadPilot   12: 32768 op, 23224336.00 ns, 708.7505 ns/op
WorkloadPilot   13: 65536 op, 46402385.00 ns, 708.0442 ns/op
WorkloadPilot   14: 131072 op, 94090777.00 ns, 717.8557 ns/op
WorkloadPilot   15: 262144 op, 116888644.00 ns, 445.8948 ns/op
WorkloadPilot   16: 524288 op, 78234137.00 ns, 149.2198 ns/op
WorkloadPilot   17: 1048576 op, 141944358.00 ns, 135.3687 ns/op
WorkloadPilot   18: 2097152 op, 285398158.00 ns, 136.0884 ns/op
WorkloadPilot   19: 4194304 op, 574918240.00 ns, 137.0712 ns/op

OverheadWarmup   1: 4194304 op, 15702827.00 ns, 3.7438 ns/op
OverheadWarmup   2: 4194304 op, 16203324.00 ns, 3.8632 ns/op
OverheadWarmup   3: 4194304 op, 15485758.00 ns, 3.6921 ns/op
OverheadWarmup   4: 4194304 op, 14980287.00 ns, 3.5716 ns/op
OverheadWarmup   5: 4194304 op, 15000702.00 ns, 3.5764 ns/op
OverheadWarmup   6: 4194304 op, 14611469.00 ns, 3.4836 ns/op

OverheadActual   1: 4194304 op, 14272396.00 ns, 3.4028 ns/op
OverheadActual   2: 4194304 op, 14259023.00 ns, 3.3996 ns/op
OverheadActual   3: 4194304 op, 14234091.00 ns, 3.3937 ns/op
OverheadActual   4: 4194304 op, 14197865.00 ns, 3.3850 ns/op
OverheadActual   5: 4194304 op, 14233268.00 ns, 3.3935 ns/op
OverheadActual   6: 4194304 op, 14201418.00 ns, 3.3859 ns/op
OverheadActual   7: 4194304 op, 14179648.00 ns, 3.3807 ns/op
OverheadActual   8: 4194304 op, 14212848.00 ns, 3.3886 ns/op
OverheadActual   9: 4194304 op, 14226741.00 ns, 3.3919 ns/op
OverheadActual  10: 4194304 op, 14216014.00 ns, 3.3894 ns/op
OverheadActual  11: 4194304 op, 14196925.00 ns, 3.3848 ns/op
OverheadActual  12: 4194304 op, 13766409.00 ns, 3.2822 ns/op
OverheadActual  13: 4194304 op, 13870623.00 ns, 3.3070 ns/op
OverheadActual  14: 4194304 op, 12931333.00 ns, 3.0831 ns/op
OverheadActual  15: 4194304 op, 11379704.00 ns, 2.7131 ns/op
OverheadActual  16: 4194304 op, 11391640.00 ns, 2.7160 ns/op
OverheadActual  17: 4194304 op, 11742995.00 ns, 2.7997 ns/op
OverheadActual  18: 4194304 op, 11942613.00 ns, 2.8473 ns/op
OverheadActual  19: 4194304 op, 11914158.00 ns, 2.8406 ns/op
OverheadActual  20: 4194304 op, 11971364.00 ns, 2.8542 ns/op

WorkloadWarmup   1: 4194304 op, 605543736.00 ns, 144.3729 ns/op
WorkloadWarmup   2: 4194304 op, 600220641.00 ns, 143.1038 ns/op
WorkloadWarmup   3: 4194304 op, 571789401.00 ns, 136.3252 ns/op
WorkloadWarmup   4: 4194304 op, 567467767.00 ns, 135.2949 ns/op
WorkloadWarmup   5: 4194304 op, 566953522.00 ns, 135.1723 ns/op
WorkloadWarmup   6: 4194304 op, 567457552.00 ns, 135.2924 ns/op
WorkloadWarmup   7: 4194304 op, 571141114.00 ns, 136.1707 ns/op
WorkloadWarmup   8: 4194304 op, 567574834.00 ns, 135.3204 ns/op
WorkloadWarmup   9: 4194304 op, 568513723.00 ns, 135.5442 ns/op
WorkloadWarmup  10: 4194304 op, 571944641.00 ns, 136.3622 ns/op
WorkloadWarmup  11: 4194304 op, 568800677.00 ns, 135.6126 ns/op

// BeforeActualRun
WorkloadActual   1: 4194304 op, 568347215.00 ns, 135.5045 ns/op
WorkloadActual   2: 4194304 op, 576296390.00 ns, 137.3998 ns/op
WorkloadActual   3: 4194304 op, 574148166.00 ns, 136.8876 ns/op
WorkloadActual   4: 4194304 op, 567662032.00 ns, 135.3412 ns/op
WorkloadActual   5: 4194304 op, 575334132.00 ns, 137.1703 ns/op
WorkloadActual   6: 4194304 op, 568564988.00 ns, 135.5565 ns/op
WorkloadActual   7: 4194304 op, 568883618.00 ns, 135.6324 ns/op
WorkloadActual   8: 4194304 op, 569866863.00 ns, 135.8668 ns/op
WorkloadActual   9: 4194304 op, 569364296.00 ns, 135.7470 ns/op
WorkloadActual  10: 4194304 op, 568590847.00 ns, 135.5626 ns/op
WorkloadActual  11: 4194304 op, 567818041.00 ns, 135.3784 ns/op
WorkloadActual  12: 4194304 op, 569864787.00 ns, 135.8664 ns/op
WorkloadActual  13: 4194304 op, 567902502.00 ns, 135.3985 ns/op
WorkloadActual  14: 4194304 op, 568639306.00 ns, 135.5742 ns/op
WorkloadActual  15: 4194304 op, 567893753.00 ns, 135.3964 ns/op

// AfterActualRun
WorkloadResult   1: 4194304 op, 554158928.50 ns, 132.1218 ns/op
WorkloadResult   2: 4194304 op, 553473745.50 ns, 131.9584 ns/op
WorkloadResult   3: 4194304 op, 554376701.50 ns, 132.1737 ns/op
WorkloadResult   4: 4194304 op, 554695331.50 ns, 132.2497 ns/op
WorkloadResult   5: 4194304 op, 555678576.50 ns, 132.4841 ns/op
WorkloadResult   6: 4194304 op, 555176009.50 ns, 132.3643 ns/op
WorkloadResult   7: 4194304 op, 554402560.50 ns, 132.1799 ns/op
WorkloadResult   8: 4194304 op, 553629754.50 ns, 131.9956 ns/op
WorkloadResult   9: 4194304 op, 555676500.50 ns, 132.4836 ns/op
WorkloadResult  10: 4194304 op, 553714215.50 ns, 132.0158 ns/op
WorkloadResult  11: 4194304 op, 554451019.50 ns, 132.1914 ns/op
WorkloadResult  12: 4194304 op, 553705466.50 ns, 132.0137 ns/op
// GC:  0 0 0 0 4194304
// Threading:  0 0 4194304

// AfterAll
// Benchmark Process 4772 has exited with code 0.

Mean = 132.186 ns, StdErr = 0.053 ns (0.04%), N = 12, StdDev = 0.182 ns
Min = 131.958 ns, Q1 = 132.015 ns, Median = 132.177 ns, Q3 = 132.278 ns, Max = 132.484 ns
IQR = 0.263 ns, LowerFence = 131.621 ns, UpperFence = 132.673 ns
ConfidenceInterval = [131.953 ns; 132.419 ns] (CI 99.9%), Margin = 0.233 ns (0.18% of Mean)
Skewness = 0.41, Kurtosis = 1.71, MValue = 2

// ** Remained 13 (36.1 %) benchmark(s) to run. Estimated finish 2026-09-27 7:30 (0h 5m from now) **
// **************************
// Benchmark: MediatorBenchmarks.PublishNotification_OneHandler: .NET 9.0(Runtime=.NET 9.0, Toolchain=net9.0)
// *** Execute ***
// Launch: 1 / 1
// Execute: dotnet "EricksonLopez.Mediator.Benchmarks-.NET 9.0-3.dll" --anonymousPipes 168 169 --benchmarkName EricksonLopez.Mediator.Benchmarks.MediatorBenchmarks.PublishNotification_OneHandler --job ".NET 9.0" --benchmarkId 5 in /home/runner/work/dotnet-mediator/dotnet-mediator/benchmarks/EricksonLopez.Mediator.Benchmarks/bin/Release/net10.0/EricksonLopez.Mediator.Benchmarks-.NET 9.0-3/bin/Release/net9.0
// Failed to set up high priority (Permission denied). In order to run benchmarks with high priority, make sure you have the right permissions.
// BeforeAnythingElse

// Benchmark Process Environment Information:
// BenchmarkDotNet v0.15.8
// Runtime=.NET 9.0.20 (9.0.20, 9.0.2026.41315), X64 RyuJIT x86-64-v4
// GC=Concurrent Workstation
// HardwareIntrinsics=AVX10v1,AVX512 BF16+FP16,AVX512 IFMA+VBMI,AVX512 F+BW+CD+DQ+VL,AVX2+BMI1+BMI2+F16C+FMA+LZCNT+MOVBE,AVX,SSE3+SSSE3+SSE4.1+SSE4.2+POPCNT,X86Base+SSE+SSE2,AES+PCLMUL,AvxVnni,SERIALIZE VectorSize=256
// Job: .NET 9.0

OverheadJitting  1: 1 op, 121729.00 ns, 121.7290 us/op
WorkloadJitting  1: 1 op, 43256164.00 ns, 43.2562 ms/op

WorkloadPilot    1: 2 op, 1215979.00 ns, 607.9895 us/op
WorkloadPilot    2: 3 op, 15290.00 ns, 5.0967 us/op
WorkloadPilot    3: 4 op, 11682.00 ns, 2.9205 us/op
WorkloadPilot    4: 5 op, 7704.00 ns, 1.5408 us/op
WorkloadPilot    5: 6 op, 7273.00 ns, 1.2122 us/op
WorkloadPilot    6: 7 op, 9803.00 ns, 1.4004 us/op
WorkloadPilot    7: 8 op, 9123.00 ns, 1.1404 us/op
WorkloadPilot    8: 9 op, 9280.00 ns, 1.0311 us/op
WorkloadPilot    9: 10 op, 10005.00 ns, 1.0005 us/op
WorkloadPilot   10: 11 op, 9929.00 ns, 902.6364 ns/op
WorkloadPilot   11: 12 op, 10048.00 ns, 837.3333 ns/op
WorkloadPilot   12: 13 op, 10411.00 ns, 800.8462 ns/op
WorkloadPilot   13: 14 op, 10715.00 ns, 765.3571 ns/op
WorkloadPilot   14: 15 op, 11150.00 ns, 743.3333 ns/op
WorkloadPilot   15: 16 op, 11392.00 ns, 712.0000 ns/op
WorkloadPilot   16: 32 op, 16860.00 ns, 526.8750 ns/op
WorkloadPilot   17: 64 op, 27404.00 ns, 428.1875 ns/op
WorkloadPilot   18: 128 op, 48746.00 ns, 380.8281 ns/op
WorkloadPilot   19: 256 op, 100438.00 ns, 392.3359 ns/op
WorkloadPilot   20: 512 op, 184630.00 ns, 360.6055 ns/op
WorkloadPilot   21: 1024 op, 394448.00 ns, 385.2031 ns/op
WorkloadPilot   22: 2048 op, 746172.00 ns, 364.3418 ns/op
WorkloadPilot   23: 4096 op, 1445092.00 ns, 352.8057 ns/op
WorkloadPilot   24: 8192 op, 2950668.00 ns, 360.1890 ns/op
WorkloadPilot   25: 16384 op, 5740834.00 ns, 350.3927 ns/op
WorkloadPilot   26: 32768 op, 11461597.00 ns, 349.7802 ns/op
WorkloadPilot   27: 65536 op, 18855326.00 ns, 287.7094 ns/op
WorkloadPilot   28: 131072 op, 36580340.00 ns, 279.0858 ns/op
WorkloadPilot   29: 262144 op, 69813343.00 ns, 266.3168 ns/op
WorkloadPilot   30: 524288 op, 20134839.00 ns, 38.4042 ns/op
WorkloadPilot   31: 1048576 op, 39507060.00 ns, 37.6769 ns/op
WorkloadPilot   32: 2097152 op, 76361912.00 ns, 36.4122 ns/op
WorkloadPilot   33: 4194304 op, 147897623.00 ns, 35.2615 ns/op
WorkloadPilot   34: 8388608 op, 280238401.00 ns, 33.4070 ns/op
WorkloadPilot   35: 16777216 op, 585789576.00 ns, 34.9158 ns/op

WorkloadWarmup   1: 16777216 op, 571528214.00 ns, 34.0657 ns/op
WorkloadWarmup   2: 16777216 op, 567285644.00 ns, 33.8129 ns/op
WorkloadWarmup   3: 16777216 op, 578073856.00 ns, 34.4559 ns/op
WorkloadWarmup   4: 16777216 op, 566200632.00 ns, 33.7482 ns/op
WorkloadWarmup   5: 16777216 op, 570705171.00 ns, 34.0167 ns/op
WorkloadWarmup   6: 16777216 op, 560126856.00 ns, 33.3862 ns/op

// BeforeActualRun
WorkloadActual   1: 16777216 op, 540279053.00 ns, 32.2031 ns/op
WorkloadActual   2: 16777216 op, 539577266.00 ns, 32.1613 ns/op
WorkloadActual   3: 16777216 op, 546729897.00 ns, 32.5876 ns/op
WorkloadActual   4: 16777216 op, 542741898.00 ns, 32.3499 ns/op
WorkloadActual   5: 16777216 op, 541303936.00 ns, 32.2642 ns/op
WorkloadActual   6: 16777216 op, 541798650.00 ns, 32.2937 ns/op
WorkloadActual   7: 16777216 op, 572231081.00 ns, 34.1076 ns/op
WorkloadActual   8: 16777216 op, 539443180.00 ns, 32.1533 ns/op
WorkloadActual   9: 16777216 op, 546033716.00 ns, 32.5461 ns/op
WorkloadActual  10: 16777216 op, 590317225.00 ns, 35.1856 ns/op
WorkloadActual  11: 16777216 op, 543883180.00 ns, 32.4180 ns/op
WorkloadActual  12: 16777216 op, 540456020.00 ns, 32.2137 ns/op
WorkloadActual  13: 16777216 op, 541378415.00 ns, 32.2687 ns/op
WorkloadActual  14: 16777216 op, 537363145.00 ns, 32.0293 ns/op
WorkloadActual  15: 16777216 op, 541915492.00 ns, 32.3007 ns/op

// AfterActualRun
WorkloadResult   1: 16777216 op, 540279053.00 ns, 32.2031 ns/op
WorkloadResult   2: 16777216 op, 539577266.00 ns, 32.1613 ns/op
WorkloadResult   3: 16777216 op, 546729897.00 ns, 32.5876 ns/op
WorkloadResult   4: 16777216 op, 542741898.00 ns, 32.3499 ns/op
WorkloadResult   5: 16777216 op, 541303936.00 ns, 32.2642 ns/op
WorkloadResult   6: 16777216 op, 541798650.00 ns, 32.2937 ns/op
WorkloadResult   7: 16777216 op, 539443180.00 ns, 32.1533 ns/op
WorkloadResult   8: 16777216 op, 546033716.00 ns, 32.5461 ns/op
WorkloadResult   9: 16777216 op, 543883180.00 ns, 32.4180 ns/op
WorkloadResult  10: 16777216 op, 540456020.00 ns, 32.2137 ns/op
WorkloadResult  11: 16777216 op, 541378415.00 ns, 32.2687 ns/op
WorkloadResult  12: 16777216 op, 537363145.00 ns, 32.0293 ns/op
WorkloadResult  13: 16777216 op, 541915492.00 ns, 32.3007 ns/op
// GC:  4 0 0 402653184 16777216
// Threading:  0 0 16777216

// AfterAll
// Benchmark Process 4783 has exited with code 0.

Mean = 32.292 ns, StdErr = 0.043 ns (0.13%), N = 13, StdDev = 0.156 ns
Min = 32.029 ns, Q1 = 32.203 ns, Median = 32.269 ns, Q3 = 32.350 ns, Max = 32.588 ns
IQR = 0.147 ns, LowerFence = 31.983 ns, UpperFence = 32.570 ns
ConfidenceInterval = [32.105 ns; 32.478 ns] (CI 99.9%), Margin = 0.187 ns (0.58% of Mean)
Skewness = 0.42, Kurtosis = 2.29, MValue = 2

// ** Remained 12 (33.3 %) benchmark(s) to run. Estimated finish 2026-09-27 7:30 (0h 4m from now) **
// **************************
// Benchmark: MediatorBenchmarks.PublishNotification_FiveHandlers: .NET 9.0(Runtime=.NET 9.0, Toolchain=net9.0)
// *** Execute ***
// Launch: 1 / 1
// Execute: dotnet "EricksonLopez.Mediator.Benchmarks-.NET 9.0-3.dll" --anonymousPipes 168 169 --benchmarkName EricksonLopez.Mediator.Benchmarks.MediatorBenchmarks.PublishNotification_FiveHandlers --job ".NET 9.0" --benchmarkId 6 in /home/runner/work/dotnet-mediator/dotnet-mediator/benchmarks/EricksonLopez.Mediator.Benchmarks/bin/Release/net10.0/EricksonLopez.Mediator.Benchmarks-.NET 9.0-3/bin/Release/net9.0
// Failed to set up high priority (Permission denied). In order to run benchmarks with high priority, make sure you have the right permissions.
// BeforeAnythingElse

// Benchmark Process Environment Information:
// BenchmarkDotNet v0.15.8
// Runtime=.NET 9.0.20 (9.0.20, 9.0.2026.41315), X64 RyuJIT x86-64-v4
// GC=Concurrent Workstation
// HardwareIntrinsics=AVX10v1,AVX512 BF16+FP16,AVX512 IFMA+VBMI,AVX512 F+BW+CD+DQ+VL,AVX2+BMI1+BMI2+F16C+FMA+LZCNT+MOVBE,AVX,SSE3+SSSE3+SSE4.1+SSE4.2+POPCNT,X86Base+SSE+SSE2,AES+PCLMUL,AvxVnni,SERIALIZE VectorSize=256
// Job: .NET 9.0

OverheadJitting  1: 1 op, 114534.00 ns, 114.5340 us/op
WorkloadJitting  1: 1 op, 1621189.00 ns, 1.6212 ms/op

OverheadJitting  2: 16 op, 152471.00 ns, 9.5294 us/op
WorkloadJitting  2: 16 op, 1408238.00 ns, 88.0149 us/op

WorkloadPilot    1: 16 op, 179096.00 ns, 11.1935 us/op
WorkloadPilot    2: 32 op, 52351.00 ns, 1.6360 us/op
WorkloadPilot    3: 64 op, 85153.00 ns, 1.3305 us/op
WorkloadPilot    4: 128 op, 152537.00 ns, 1.1917 us/op
WorkloadPilot    5: 256 op, 309737.00 ns, 1.2099 us/op
WorkloadPilot    6: 512 op, 609056.00 ns, 1.1896 us/op
WorkloadPilot    7: 1024 op, 1158201.00 ns, 1.1311 us/op
WorkloadPilot    8: 2048 op, 2322565.00 ns, 1.1341 us/op
WorkloadPilot    9: 4096 op, 4494699.00 ns, 1.0973 us/op
WorkloadPilot   10: 8192 op, 9009969.00 ns, 1.0998 us/op
WorkloadPilot   11: 16384 op, 17901628.00 ns, 1.0926 us/op
WorkloadPilot   12: 32768 op, 35742184.00 ns, 1.0908 us/op
WorkloadPilot   13: 65536 op, 72181718.00 ns, 1.1014 us/op
WorkloadPilot   14: 131072 op, 68270789.00 ns, 520.8648 ns/op
WorkloadPilot   15: 262144 op, 26784801.00 ns, 102.1759 ns/op
WorkloadPilot   16: 524288 op, 51235081.00 ns, 97.7232 ns/op
WorkloadPilot   17: 1048576 op, 84535634.00 ns, 80.6195 ns/op
WorkloadPilot   18: 2097152 op, 159284414.00 ns, 75.9527 ns/op
WorkloadPilot   19: 4194304 op, 315388218.00 ns, 75.1944 ns/op
WorkloadPilot   20: 8388608 op, 628018835.00 ns, 74.8657 ns/op

OverheadWarmup   1: 8388608 op, 18896410.00 ns, 2.2526 ns/op
OverheadWarmup   2: 8388608 op, 18817701.00 ns, 2.2432 ns/op
OverheadWarmup   3: 8388608 op, 18786720.00 ns, 2.2396 ns/op
OverheadWarmup   4: 8388608 op, 18777074.00 ns, 2.2384 ns/op
OverheadWarmup   5: 8388608 op, 18899349.00 ns, 2.2530 ns/op
OverheadWarmup   6: 8388608 op, 18806148.00 ns, 2.2419 ns/op
OverheadWarmup   7: 8388608 op, 18802477.00 ns, 2.2414 ns/op
OverheadWarmup   8: 8388608 op, 18817413.00 ns, 2.2432 ns/op
OverheadWarmup   9: 8388608 op, 18862921.00 ns, 2.2486 ns/op
OverheadWarmup  10: 8388608 op, 18862074.00 ns, 2.2485 ns/op

OverheadActual   1: 8388608 op, 18818409.00 ns, 2.2433 ns/op
OverheadActual   2: 8388608 op, 18808344.00 ns, 2.2421 ns/op
OverheadActual   3: 8388608 op, 18842145.00 ns, 2.2462 ns/op
OverheadActual   4: 8388608 op, 18840311.00 ns, 2.2459 ns/op
OverheadActual   5: 8388608 op, 18837044.00 ns, 2.2456 ns/op
OverheadActual   6: 8388608 op, 18792928.00 ns, 2.2403 ns/op
OverheadActual   7: 8388608 op, 18792621.00 ns, 2.2403 ns/op
OverheadActual   8: 8388608 op, 18796046.00 ns, 2.2407 ns/op
OverheadActual   9: 8388608 op, 18776477.00 ns, 2.2383 ns/op
OverheadActual  10: 8388608 op, 18798563.00 ns, 2.2410 ns/op
OverheadActual  11: 8388608 op, 17009831.00 ns, 2.0277 ns/op
OverheadActual  12: 8388608 op, 12772385.00 ns, 1.5226 ns/op
OverheadActual  13: 8388608 op, 12715525.00 ns, 1.5158 ns/op
OverheadActual  14: 8388608 op, 12724509.00 ns, 1.5169 ns/op
OverheadActual  15: 8388608 op, 12717600.00 ns, 1.5161 ns/op
OverheadActual  16: 8388608 op, 12724031.00 ns, 1.5168 ns/op
OverheadActual  17: 8388608 op, 12715488.00 ns, 1.5158 ns/op
OverheadActual  18: 8388608 op, 12757726.00 ns, 1.5208 ns/op
OverheadActual  19: 8388608 op, 12747324.00 ns, 1.5196 ns/op
OverheadActual  20: 8388608 op, 12714191.00 ns, 1.5156 ns/op

WorkloadWarmup   1: 8388608 op, 674105081.00 ns, 80.3596 ns/op
WorkloadWarmup   2: 8388608 op, 659678310.00 ns, 78.6398 ns/op
WorkloadWarmup   3: 8388608 op, 636790227.00 ns, 75.9113 ns/op
WorkloadWarmup   4: 8388608 op, 645382065.00 ns, 76.9355 ns/op
WorkloadWarmup   5: 8388608 op, 641121530.00 ns, 76.4276 ns/op
WorkloadWarmup   6: 8388608 op, 642755323.00 ns, 76.6224 ns/op
WorkloadWarmup   7: 8388608 op, 645144241.00 ns, 76.9072 ns/op
WorkloadWarmup   8: 8388608 op, 643728815.00 ns, 76.7385 ns/op

// BeforeActualRun
WorkloadActual   1: 8388608 op, 647753143.00 ns, 77.2182 ns/op
WorkloadActual   2: 8388608 op, 645712702.00 ns, 76.9750 ns/op
WorkloadActual   3: 8388608 op, 646194781.00 ns, 77.0324 ns/op
WorkloadActual   4: 8388608 op, 645820608.00 ns, 76.9878 ns/op
WorkloadActual   5: 8388608 op, 645678292.00 ns, 76.9709 ns/op
WorkloadActual   6: 8388608 op, 644738870.00 ns, 76.8589 ns/op
WorkloadActual   7: 8388608 op, 647501220.00 ns, 77.1882 ns/op
WorkloadActual   8: 8388608 op, 645720987.00 ns, 76.9759 ns/op
WorkloadActual   9: 8388608 op, 648716130.00 ns, 77.3330 ns/op
WorkloadActual  10: 8388608 op, 646095356.00 ns, 77.0206 ns/op
WorkloadActual  11: 8388608 op, 646012170.00 ns, 77.0107 ns/op
WorkloadActual  12: 8388608 op, 645541237.00 ns, 76.9545 ns/op
WorkloadActual  13: 8388608 op, 651749966.00 ns, 77.6947 ns/op
WorkloadActual  14: 8388608 op, 645924268.00 ns, 77.0002 ns/op
WorkloadActual  15: 8388608 op, 646117683.00 ns, 77.0232 ns/op

// AfterActualRun
WorkloadResult   1: 8388608 op, 629859989.00 ns, 75.0852 ns/op
WorkloadResult   2: 8388608 op, 627819548.00 ns, 74.8419 ns/op
WorkloadResult   3: 8388608 op, 628301627.00 ns, 74.8994 ns/op
WorkloadResult   4: 8388608 op, 627927454.00 ns, 74.8548 ns/op
WorkloadResult   5: 8388608 op, 627785138.00 ns, 74.8378 ns/op
WorkloadResult   6: 8388608 op, 626845716.00 ns, 74.7258 ns/op
WorkloadResult   7: 8388608 op, 629608066.00 ns, 75.0551 ns/op
WorkloadResult   8: 8388608 op, 627827833.00 ns, 74.8429 ns/op
WorkloadResult   9: 8388608 op, 628202202.00 ns, 74.8875 ns/op
WorkloadResult  10: 8388608 op, 628119016.00 ns, 74.8776 ns/op
WorkloadResult  11: 8388608 op, 627648083.00 ns, 74.8215 ns/op
WorkloadResult  12: 8388608 op, 628031114.00 ns, 74.8671 ns/op
WorkloadResult  13: 8388608 op, 628224529.00 ns, 74.8902 ns/op
// GC:  12 0 0 1006632960 8388608
// Threading:  0 0 8388608

// AfterAll
// Benchmark Process 4800 has exited with code 0.

Mean = 74.884 ns, StdErr = 0.026 ns (0.03%), N = 13, StdDev = 0.094 ns
Min = 74.726 ns, Q1 = 74.842 ns, Median = 74.867 ns, Q3 = 74.890 ns, Max = 75.085 ns
IQR = 0.048 ns, LowerFence = 74.770 ns, UpperFence = 74.963 ns
ConfidenceInterval = [74.771 ns; 74.996 ns] (CI 99.9%), Margin = 0.112 ns (0.15% of Mean)
Skewness = 0.82, Kurtosis = 3.13, MValue = 2

// ** Remained 11 (30.6 %) benchmark(s) to run. Estimated finish 2026-09-27 7:30 (0h 4m from now) **
// **************************
// Benchmark: MediatorBenchmarks.PublishNotification_Parallel: .NET 9.0(Runtime=.NET 9.0, Toolchain=net9.0)
// *** Execute ***
// Launch: 1 / 1
// Execute: dotnet "EricksonLopez.Mediator.Benchmarks-.NET 9.0-3.dll" --anonymousPipes 168 169 --benchmarkName EricksonLopez.Mediator.Benchmarks.MediatorBenchmarks.PublishNotification_Parallel --job ".NET 9.0" --benchmarkId 7 in /home/runner/work/dotnet-mediator/dotnet-mediator/benchmarks/EricksonLopez.Mediator.Benchmarks/bin/Release/net10.0/EricksonLopez.Mediator.Benchmarks-.NET 9.0-3/bin/Release/net9.0
// Failed to set up high priority (Permission denied). In order to run benchmarks with high priority, make sure you have the right permissions.
// BeforeAnythingElse

// Benchmark Process Environment Information:
// BenchmarkDotNet v0.15.8
// Runtime=.NET 9.0.20 (9.0.20, 9.0.2026.41315), X64 RyuJIT x86-64-v4
// GC=Concurrent Workstation
// HardwareIntrinsics=AVX10v1,AVX512 BF16+FP16,AVX512 IFMA+VBMI,AVX512 F+BW+CD+DQ+VL,AVX2+BMI1+BMI2+F16C+FMA+LZCNT+MOVBE,AVX,SSE3+SSSE3+SSE4.1+SSE4.2+POPCNT,X86Base+SSE+SSE2,AES+PCLMUL,AvxVnni,SERIALIZE VectorSize=256
// Job: .NET 9.0

OverheadJitting  1: 1 op, 121727.00 ns, 121.7270 us/op
WorkloadJitting  1: 1 op, 2321347.00 ns, 2.3213 ms/op

OverheadJitting  2: 16 op, 146947.00 ns, 9.1842 us/op
WorkloadJitting  2: 16 op, 1388808.00 ns, 86.8005 us/op

WorkloadPilot    1: 16 op, 168648.00 ns, 10.5405 us/op
WorkloadPilot    2: 32 op, 35566.00 ns, 1.1114 us/op
WorkloadPilot    3: 64 op, 47282.00 ns, 738.7813 ns/op
WorkloadPilot    4: 128 op, 98573.00 ns, 770.1016 ns/op
WorkloadPilot    5: 256 op, 151586.00 ns, 592.1328 ns/op
WorkloadPilot    6: 512 op, 302400.00 ns, 590.6250 ns/op
WorkloadPilot    7: 1024 op, 601751.00 ns, 587.6475 ns/op
WorkloadPilot    8: 2048 op, 1130412.00 ns, 551.9590 ns/op
WorkloadPilot    9: 4096 op, 2380579.00 ns, 581.1960 ns/op
WorkloadPilot   10: 8192 op, 4693796.00 ns, 572.9731 ns/op
WorkloadPilot   11: 16384 op, 9307576.00 ns, 568.0894 ns/op
WorkloadPilot   12: 32768 op, 18327559.00 ns, 559.3127 ns/op
WorkloadPilot   13: 65536 op, 37990826.00 ns, 579.6940 ns/op
WorkloadPilot   14: 131072 op, 73414378.00 ns, 560.1073 ns/op
WorkloadPilot   15: 262144 op, 83147688.00 ns, 317.1833 ns/op
WorkloadPilot   16: 524288 op, 62438342.00 ns, 119.0917 ns/op
WorkloadPilot   17: 1048576 op, 102579808.00 ns, 97.8277 ns/op
WorkloadPilot   18: 2097152 op, 204266449.00 ns, 97.4018 ns/op
WorkloadPilot   19: 4194304 op, 411069943.00 ns, 98.0067 ns/op
WorkloadPilot   20: 8388608 op, 817441021.00 ns, 97.4466 ns/op

OverheadWarmup   1: 8388608 op, 18902004.00 ns, 2.2533 ns/op
OverheadWarmup   2: 8388608 op, 18855124.00 ns, 2.2477 ns/op
OverheadWarmup   3: 8388608 op, 18814245.00 ns, 2.2428 ns/op
OverheadWarmup   4: 8388608 op, 18904013.00 ns, 2.2535 ns/op
OverheadWarmup   5: 8388608 op, 18800351.00 ns, 2.2412 ns/op
OverheadWarmup   6: 8388608 op, 18806038.00 ns, 2.2419 ns/op
OverheadWarmup   7: 8388608 op, 18791033.00 ns, 2.2401 ns/op

OverheadActual   1: 8388608 op, 18832781.00 ns, 2.2450 ns/op
OverheadActual   2: 8388608 op, 18821541.00 ns, 2.2437 ns/op
OverheadActual   3: 8388608 op, 18856031.00 ns, 2.2478 ns/op
OverheadActual   4: 8388608 op, 18837548.00 ns, 2.2456 ns/op
OverheadActual   5: 8388608 op, 18823680.00 ns, 2.2440 ns/op
OverheadActual   6: 8388608 op, 18762832.00 ns, 2.2367 ns/op
OverheadActual   7: 8388608 op, 18782966.00 ns, 2.2391 ns/op
OverheadActual   8: 8388608 op, 18822824.00 ns, 2.2439 ns/op
OverheadActual   9: 8388608 op, 18781149.00 ns, 2.2389 ns/op
OverheadActual  10: 8388608 op, 18792493.00 ns, 2.2402 ns/op
OverheadActual  11: 8388608 op, 18784631.00 ns, 2.2393 ns/op
OverheadActual  12: 8388608 op, 18807121.00 ns, 2.2420 ns/op
OverheadActual  13: 8388608 op, 18787456.00 ns, 2.2396 ns/op
OverheadActual  14: 8388608 op, 14928221.00 ns, 1.7796 ns/op
OverheadActual  15: 8388608 op, 11909041.00 ns, 1.4197 ns/op
OverheadActual  16: 8388608 op, 11609501.00 ns, 1.3840 ns/op
OverheadActual  17: 8388608 op, 11578591.00 ns, 1.3803 ns/op
OverheadActual  18: 8388608 op, 11618380.00 ns, 1.3850 ns/op
OverheadActual  19: 8388608 op, 11596956.00 ns, 1.3825 ns/op
OverheadActual  20: 8388608 op, 11701132.00 ns, 1.3949 ns/op

WorkloadWarmup   1: 8388608 op, 849404030.00 ns, 101.2569 ns/op
WorkloadWarmup   2: 8388608 op, 816438824.00 ns, 97.3271 ns/op
WorkloadWarmup   3: 8388608 op, 812103809.00 ns, 96.8103 ns/op
WorkloadWarmup   4: 8388608 op, 816257361.00 ns, 97.3055 ns/op
WorkloadWarmup   5: 8388608 op, 821651066.00 ns, 97.9484 ns/op
WorkloadWarmup   6: 8388608 op, 834521327.00 ns, 99.4827 ns/op
WorkloadWarmup   7: 8388608 op, 810396604.00 ns, 96.6068 ns/op
WorkloadWarmup   8: 8388608 op, 820233162.00 ns, 97.7794 ns/op
WorkloadWarmup   9: 8388608 op, 809326195.00 ns, 96.4792 ns/op

// BeforeActualRun
WorkloadActual   1: 8388608 op, 879494985.00 ns, 104.8440 ns/op
WorkloadActual   2: 8388608 op, 806596245.00 ns, 96.1538 ns/op
WorkloadActual   3: 8388608 op, 814126421.00 ns, 97.0514 ns/op
WorkloadActual   4: 8388608 op, 815197112.00 ns, 97.1791 ns/op
WorkloadActual   5: 8388608 op, 822826458.00 ns, 98.0886 ns/op
WorkloadActual   6: 8388608 op, 814077663.00 ns, 97.0456 ns/op
WorkloadActual   7: 8388608 op, 816090043.00 ns, 97.2855 ns/op
WorkloadActual   8: 8388608 op, 814159815.00 ns, 97.0554 ns/op
WorkloadActual   9: 8388608 op, 821229038.00 ns, 97.8981 ns/op
WorkloadActual  10: 8388608 op, 813351844.00 ns, 96.9591 ns/op
WorkloadActual  11: 8388608 op, 810808756.00 ns, 96.6559 ns/op
WorkloadActual  12: 8388608 op, 812037304.00 ns, 96.8024 ns/op
WorkloadActual  13: 8388608 op, 808741644.00 ns, 96.4095 ns/op
WorkloadActual  14: 8388608 op, 829167904.00 ns, 98.8445 ns/op
WorkloadActual  15: 8388608 op, 846520242.00 ns, 100.9131 ns/op

// AfterActualRun
WorkloadResult   1: 8388608 op, 787812446.50 ns, 93.9146 ns/op
WorkloadResult   2: 8388608 op, 795342622.50 ns, 94.8122 ns/op
WorkloadResult   3: 8388608 op, 796413313.50 ns, 94.9399 ns/op
WorkloadResult   4: 8388608 op, 804042659.50 ns, 95.8494 ns/op
WorkloadResult   5: 8388608 op, 795293864.50 ns, 94.8064 ns/op
WorkloadResult   6: 8388608 op, 797306244.50 ns, 95.0463 ns/op
WorkloadResult   7: 8388608 op, 795376016.50 ns, 94.8162 ns/op
WorkloadResult   8: 8388608 op, 802445239.50 ns, 95.6589 ns/op
WorkloadResult   9: 8388608 op, 794568045.50 ns, 94.7199 ns/op
WorkloadResult  10: 8388608 op, 792024957.50 ns, 94.4167 ns/op
WorkloadResult  11: 8388608 op, 793253505.50 ns, 94.5632 ns/op
WorkloadResult  12: 8388608 op, 789957845.50 ns, 94.1703 ns/op
WorkloadResult  13: 8388608 op, 810384105.50 ns, 96.6053 ns/op
// GC:  19 0 0 1610612736 8388608
// Threading:  0 0 8388608

// AfterAll
// Benchmark Process 4816 has exited with code 0.

Mean = 94.948 ns, StdErr = 0.201 ns (0.21%), N = 13, StdDev = 0.724 ns
Min = 93.915 ns, Q1 = 94.563 ns, Median = 94.812 ns, Q3 = 95.046 ns, Max = 96.605 ns
IQR = 0.483 ns, LowerFence = 93.839 ns, UpperFence = 95.771 ns
ConfidenceInterval = [94.081 ns; 95.814 ns] (CI 99.9%), Margin = 0.867 ns (0.91% of Mean)
Skewness = 0.78, Kurtosis = 2.83, MValue = 2

// ** Remained 10 (27.8 %) benchmark(s) to run. Estimated finish 2026-09-27 7:30 (0h 3m from now) **
// **************************
// Benchmark: MediatorBenchmarks.NestedSend: .NET 9.0(Runtime=.NET 9.0, Toolchain=net9.0)
// *** Execute ***
// Launch: 1 / 1
// Execute: dotnet "EricksonLopez.Mediator.Benchmarks-.NET 9.0-3.dll" --anonymousPipes 168 169 --benchmarkName EricksonLopez.Mediator.Benchmarks.MediatorBenchmarks.NestedSend --job ".NET 9.0" --benchmarkId 8 in /home/runner/work/dotnet-mediator/dotnet-mediator/benchmarks/EricksonLopez.Mediator.Benchmarks/bin/Release/net10.0/EricksonLopez.Mediator.Benchmarks-.NET 9.0-3/bin/Release/net9.0
// Failed to set up high priority (Permission denied). In order to run benchmarks with high priority, make sure you have the right permissions.
// BeforeAnythingElse

// Benchmark Process Environment Information:
// BenchmarkDotNet v0.15.8
// Runtime=.NET 9.0.20 (9.0.20, 9.0.2026.41315), X64 RyuJIT x86-64-v4
// GC=Concurrent Workstation
// HardwareIntrinsics=AVX10v1,AVX512 BF16+FP16,AVX512 IFMA+VBMI,AVX512 F+BW+CD+DQ+VL,AVX2+BMI1+BMI2+F16C+FMA+LZCNT+MOVBE,AVX,SSE3+SSSE3+SSE4.1+SSE4.2+POPCNT,X86Base+SSE+SSE2,AES+PCLMUL,AvxVnni,SERIALIZE VectorSize=256
// Job: .NET 9.0

OverheadJitting  1: 1 op, 149123.00 ns, 149.1230 us/op
WorkloadJitting  1: 1 op, 1461017.00 ns, 1.4610 ms/op

OverheadJitting  2: 16 op, 319322.00 ns, 19.9576 us/op
WorkloadJitting  2: 16 op, 342951.00 ns, 21.4344 us/op

WorkloadPilot    1: 16 op, 25339.00 ns, 1.5837 us/op
WorkloadPilot    2: 32 op, 26358.00 ns, 823.6875 ns/op
WorkloadPilot    3: 64 op, 19000.00 ns, 296.8750 ns/op
WorkloadPilot    4: 128 op, 37152.00 ns, 290.2500 ns/op
WorkloadPilot    5: 256 op, 66839.00 ns, 261.0898 ns/op
WorkloadPilot    6: 512 op, 132508.00 ns, 258.8047 ns/op
WorkloadPilot    7: 1024 op, 283065.00 ns, 276.4307 ns/op
WorkloadPilot    8: 2048 op, 465277.00 ns, 227.1860 ns/op
WorkloadPilot    9: 4096 op, 995303.00 ns, 242.9939 ns/op
WorkloadPilot   10: 8192 op, 1923060.00 ns, 234.7485 ns/op
WorkloadPilot   11: 16384 op, 3717225.00 ns, 226.8814 ns/op
WorkloadPilot   12: 32768 op, 7401641.00 ns, 225.8802 ns/op
WorkloadPilot   13: 65536 op, 14718584.00 ns, 224.5878 ns/op
WorkloadPilot   14: 131072 op, 29338689.00 ns, 223.8364 ns/op
WorkloadPilot   15: 262144 op, 58742274.00 ns, 224.0840 ns/op
WorkloadPilot   16: 524288 op, 102048224.00 ns, 194.6415 ns/op
WorkloadPilot   17: 1048576 op, 51473389.00 ns, 49.0888 ns/op
WorkloadPilot   18: 2097152 op, 106462560.00 ns, 50.7653 ns/op
WorkloadPilot   19: 4194304 op, 205760750.00 ns, 49.0572 ns/op
WorkloadPilot   20: 8388608 op, 390366044.00 ns, 46.5353 ns/op
WorkloadPilot   21: 16777216 op, 789681773.00 ns, 47.0687 ns/op

OverheadWarmup   1: 16777216 op, 51540161.00 ns, 3.0720 ns/op
OverheadWarmup   2: 16777216 op, 51437371.00 ns, 3.0659 ns/op
OverheadWarmup   3: 16777216 op, 51308651.00 ns, 3.0582 ns/op
OverheadWarmup   4: 16777216 op, 50536194.00 ns, 3.0122 ns/op
OverheadWarmup   5: 16777216 op, 43518518.00 ns, 2.5939 ns/op
OverheadWarmup   6: 16777216 op, 43275445.00 ns, 2.5794 ns/op
OverheadWarmup   7: 16777216 op, 43269368.00 ns, 2.5791 ns/op
OverheadWarmup   8: 16777216 op, 43304511.00 ns, 2.5811 ns/op
OverheadWarmup   9: 16777216 op, 43276842.00 ns, 2.5795 ns/op
OverheadWarmup  10: 16777216 op, 46752340.00 ns, 2.7867 ns/op

OverheadActual   1: 16777216 op, 43286067.00 ns, 2.5801 ns/op
OverheadActual   2: 16777216 op, 43333471.00 ns, 2.5829 ns/op
OverheadActual   3: 16777216 op, 43233266.00 ns, 2.5769 ns/op
OverheadActual   4: 16777216 op, 43308259.00 ns, 2.5814 ns/op
OverheadActual   5: 16777216 op, 43253999.00 ns, 2.5781 ns/op
OverheadActual   6: 16777216 op, 43303164.00 ns, 2.5811 ns/op
OverheadActual   7: 16777216 op, 43289634.00 ns, 2.5803 ns/op
OverheadActual   8: 16777216 op, 43278601.00 ns, 2.5796 ns/op
OverheadActual   9: 16777216 op, 43343557.00 ns, 2.5835 ns/op
OverheadActual  10: 16777216 op, 43312396.00 ns, 2.5816 ns/op
OverheadActual  11: 16777216 op, 43309592.00 ns, 2.5815 ns/op
OverheadActual  12: 16777216 op, 43292329.00 ns, 2.5804 ns/op
OverheadActual  13: 16777216 op, 43517470.00 ns, 2.5938 ns/op
OverheadActual  14: 16777216 op, 43283158.00 ns, 2.5799 ns/op
OverheadActual  15: 16777216 op, 43307740.00 ns, 2.5813 ns/op

WorkloadWarmup   1: 16777216 op, 802728689.00 ns, 47.8464 ns/op
WorkloadWarmup   2: 16777216 op, 784280937.00 ns, 46.7468 ns/op
WorkloadWarmup   3: 16777216 op, 811427695.00 ns, 48.3649 ns/op
WorkloadWarmup   4: 16777216 op, 772667280.00 ns, 46.0546 ns/op
WorkloadWarmup   5: 16777216 op, 777221036.00 ns, 46.3260 ns/op
WorkloadWarmup   6: 16777216 op, 776267697.00 ns, 46.2692 ns/op

// BeforeActualRun
WorkloadActual   1: 16777216 op, 773582422.00 ns, 46.1091 ns/op
WorkloadActual   2: 16777216 op, 773451518.00 ns, 46.1013 ns/op
WorkloadActual   3: 16777216 op, 776518968.00 ns, 46.2841 ns/op
WorkloadActual   4: 16777216 op, 770726996.00 ns, 45.9389 ns/op
WorkloadActual   5: 16777216 op, 773581384.00 ns, 46.1090 ns/op
WorkloadActual   6: 16777216 op, 776724145.00 ns, 46.2964 ns/op
WorkloadActual   7: 16777216 op, 774079189.00 ns, 46.1387 ns/op
WorkloadActual   8: 16777216 op, 808333283.00 ns, 48.1804 ns/op
WorkloadActual   9: 16777216 op, 773374046.00 ns, 46.0967 ns/op
WorkloadActual  10: 16777216 op, 772641813.00 ns, 46.0530 ns/op
WorkloadActual  11: 16777216 op, 775095008.00 ns, 46.1993 ns/op
WorkloadActual  12: 16777216 op, 779297759.00 ns, 46.4498 ns/op
WorkloadActual  13: 16777216 op, 772581822.00 ns, 46.0495 ns/op
WorkloadActual  14: 16777216 op, 773998597.00 ns, 46.1339 ns/op
WorkloadActual  15: 16777216 op, 772703050.00 ns, 46.0567 ns/op

// AfterActualRun
WorkloadResult   1: 16777216 op, 730279258.00 ns, 43.5280 ns/op
WorkloadResult   2: 16777216 op, 730148354.00 ns, 43.5202 ns/op
WorkloadResult   3: 16777216 op, 733215804.00 ns, 43.7031 ns/op
WorkloadResult   4: 16777216 op, 727423832.00 ns, 43.3578 ns/op
WorkloadResult   5: 16777216 op, 730278220.00 ns, 43.5280 ns/op
WorkloadResult   6: 16777216 op, 733420981.00 ns, 43.7153 ns/op
WorkloadResult   7: 16777216 op, 730776025.00 ns, 43.5576 ns/op
WorkloadResult   8: 16777216 op, 730070882.00 ns, 43.5156 ns/op
WorkloadResult   9: 16777216 op, 729338649.00 ns, 43.4720 ns/op
WorkloadResult  10: 16777216 op, 731791844.00 ns, 43.6182 ns/op
WorkloadResult  11: 16777216 op, 735994595.00 ns, 43.8687 ns/op
WorkloadResult  12: 16777216 op, 729278658.00 ns, 43.4684 ns/op
WorkloadResult  13: 16777216 op, 730695433.00 ns, 43.5528 ns/op
WorkloadResult  14: 16777216 op, 729399886.00 ns, 43.4756 ns/op
// GC:  4 0 0 402653184 16777216
// Threading:  0 0 16777216

// AfterAll
// Benchmark Process 4863 has exited with code 0.

Mean = 43.563 ns, StdErr = 0.034 ns (0.08%), N = 14, StdDev = 0.128 ns
Min = 43.358 ns, Q1 = 43.486 ns, Median = 43.528 ns, Q3 = 43.603 ns, Max = 43.869 ns
IQR = 0.117 ns, LowerFence = 43.309 ns, UpperFence = 43.779 ns
ConfidenceInterval = [43.419 ns; 43.707 ns] (CI 99.9%), Margin = 0.144 ns (0.33% of Mean)
Skewness = 0.81, Kurtosis = 3.1, MValue = 2

// ** Remained 9 (25.0 %) benchmark(s) to run. Estimated finish 2026-09-27 7:29 (0h 3m from now) **
// **************************
// Benchmark: MediatorBenchmarks.DirectCall: ShortRun(IterationCount=3, LaunchCount=1, WarmupCount=3)
// *** Execute ***
// Launch: 1 / 1
// Execute: dotnet "EricksonLopez.Mediator.Benchmarks-.NET 10.0-1.dll" --anonymousPipes 168 169 --benchmarkName EricksonLopez.Mediator.Benchmarks.MediatorBenchmarks.DirectCall --job ShortRun --benchmarkId 9 in /home/runner/work/dotnet-mediator/dotnet-mediator/benchmarks/EricksonLopez.Mediator.Benchmarks/bin/Release/net10.0/EricksonLopez.Mediator.Benchmarks-.NET 10.0-1/bin/Release/net10.0
// Failed to set up high priority (Permission denied). In order to run benchmarks with high priority, make sure you have the right permissions.
// BeforeAnythingElse

// Benchmark Process Environment Information:
// BenchmarkDotNet v0.15.8
// Runtime=.NET 10.0.12 (10.0.12, 10.0.1226.42308), X64 RyuJIT x86-64-v4
// GC=Concurrent Workstation
// HardwareIntrinsics=AVX10v1,AVX512 BF16+FP16,AVX512 BITALG+VBMI2+VNNI+VPOPCNTDQ,AVX512 IFMA+VBMI,AVX512 F+BW+CD+DQ+VL,AVX2+BMI1+BMI2+F16C+FMA+LZCNT+MOVBE,AVX,SSE3+SSSE3+SSE4.1+SSE4.2+POPCNT,X86Base+SSE+SSE2,AES+PCLMUL,AvxVnni,SERIALIZE VectorSize=256
// Job: ShortRun(IterationCount=3, LaunchCount=1, WarmupCount=3)

OverheadJitting  1: 1 op, 175526.00 ns, 175.5260 us/op
WorkloadJitting  1: 1 op, 578497.00 ns, 578.4970 us/op

OverheadJitting  2: 16 op, 337225.00 ns, 21.0766 us/op
WorkloadJitting  2: 16 op, 372769.00 ns, 23.2981 us/op

WorkloadPilot    1: 16 op, 1966.00 ns, 122.8750 ns/op
WorkloadPilot    2: 32 op, 2159.00 ns, 67.4688 ns/op
WorkloadPilot    3: 64 op, 1954.00 ns, 30.5313 ns/op
WorkloadPilot    4: 128 op, 3231.00 ns, 25.2422 ns/op
WorkloadPilot    5: 256 op, 5949.00 ns, 23.2383 ns/op
WorkloadPilot    6: 512 op, 11207.00 ns, 21.8887 ns/op
WorkloadPilot    7: 1024 op, 21829.00 ns, 21.3174 ns/op
WorkloadPilot    8: 2048 op, 43472.00 ns, 21.2266 ns/op
WorkloadPilot    9: 4096 op, 86163.00 ns, 21.0359 ns/op
WorkloadPilot   10: 8192 op, 168968.00 ns, 20.6260 ns/op
WorkloadPilot   11: 16384 op, 337140.00 ns, 20.5774 ns/op
WorkloadPilot   12: 32768 op, 673176.00 ns, 20.5437 ns/op
WorkloadPilot   13: 65536 op, 1363886.00 ns, 20.8112 ns/op
WorkloadPilot   14: 131072 op, 2732105.00 ns, 20.8443 ns/op
WorkloadPilot   15: 262144 op, 5483113.00 ns, 20.9164 ns/op
WorkloadPilot   16: 524288 op, 10902467.00 ns, 20.7948 ns/op
WorkloadPilot   17: 1048576 op, 21810418.00 ns, 20.8000 ns/op
WorkloadPilot   18: 2097152 op, 43398425.00 ns, 20.6940 ns/op
WorkloadPilot   19: 4194304 op, 30538138.00 ns, 7.2809 ns/op
WorkloadPilot   20: 8388608 op, 21713709.00 ns, 2.5885 ns/op
WorkloadPilot   21: 16777216 op, 43795092.00 ns, 2.6104 ns/op
WorkloadPilot   22: 33554432 op, 87643423.00 ns, 2.6120 ns/op
WorkloadPilot   23: 67108864 op, 175617942.00 ns, 2.6169 ns/op
WorkloadPilot   24: 134217728 op, 347182694.00 ns, 2.5867 ns/op
WorkloadPilot   25: 268435456 op, 696031811.00 ns, 2.5929 ns/op

OverheadWarmup   1: 268435456 op, 682531867.00 ns, 2.5426 ns/op
OverheadWarmup   2: 268435456 op, 637822376.00 ns, 2.3761 ns/op
OverheadWarmup   3: 268435456 op, 635357914.00 ns, 2.3669 ns/op
OverheadWarmup   4: 268435456 op, 636108566.00 ns, 2.3697 ns/op
OverheadWarmup   5: 268435456 op, 635038635.00 ns, 2.3657 ns/op
OverheadWarmup   6: 268435456 op, 652902242.00 ns, 2.4323 ns/op
OverheadWarmup   7: 268435456 op, 663345306.00 ns, 2.4712 ns/op
OverheadWarmup   8: 268435456 op, 680652247.00 ns, 2.5356 ns/op
OverheadWarmup   9: 268435456 op, 643545897.00 ns, 2.3974 ns/op

OverheadActual   1: 268435456 op, 635344172.00 ns, 2.3668 ns/op
OverheadActual   2: 268435456 op, 635707049.00 ns, 2.3682 ns/op
OverheadActual   3: 268435456 op, 634088558.00 ns, 2.3622 ns/op
OverheadActual   4: 268435456 op, 634741601.00 ns, 2.3646 ns/op
OverheadActual   5: 268435456 op, 636642884.00 ns, 2.3717 ns/op
OverheadActual   6: 268435456 op, 686726154.00 ns, 2.5583 ns/op
OverheadActual   7: 268435456 op, 664519785.00 ns, 2.4755 ns/op
OverheadActual   8: 268435456 op, 638197021.00 ns, 2.3775 ns/op
OverheadActual   9: 268435456 op, 651482212.00 ns, 2.4270 ns/op
OverheadActual  10: 268435456 op, 704389633.00 ns, 2.6241 ns/op
OverheadActual  11: 268435456 op, 661271882.00 ns, 2.4634 ns/op
OverheadActual  12: 268435456 op, 635066781.00 ns, 2.3658 ns/op
OverheadActual  13: 268435456 op, 635852705.00 ns, 2.3687 ns/op
OverheadActual  14: 268435456 op, 665946389.00 ns, 2.4808 ns/op
OverheadActual  15: 268435456 op, 635940593.00 ns, 2.3691 ns/op

WorkloadWarmup   1: 268435456 op, 701847687.00 ns, 2.6146 ns/op
WorkloadWarmup   2: 268435456 op, 699311973.00 ns, 2.6051 ns/op
WorkloadWarmup   3: 268435456 op, 740734828.00 ns, 2.7595 ns/op

// BeforeActualRun
WorkloadActual   1: 268435456 op, 702584084.00 ns, 2.6173 ns/op
WorkloadActual   2: 268435456 op, 698428325.00 ns, 2.6018 ns/op
WorkloadActual   3: 268435456 op, 698514703.00 ns, 2.6022 ns/op

// AfterActualRun
WorkloadResult   1: 268435456 op, 65941200.00 ns, 0.2457 ns/op
WorkloadResult   2: 268435456 op, 61785441.00 ns, 0.2302 ns/op
WorkloadResult   3: 268435456 op, 61871819.00 ns, 0.2305 ns/op
// GC:  0 0 0 0 268435456
// Threading:  0 0 268435456

// AfterAll
// Benchmark Process 4880 has exited with code 0.

Mean = 0.235 ns, StdErr = 0.005 ns (2.17%), N = 3, StdDev = 0.009 ns
Min = 0.230 ns, Q1 = 0.230 ns, Median = 0.230 ns, Q3 = 0.238 ns, Max = 0.246 ns
IQR = 0.008 ns, LowerFence = 0.219 ns, UpperFence = 0.250 ns
ConfidenceInterval = [0.074 ns; 0.397 ns] (CI 99.9%), Margin = 0.161 ns (68.55% of Mean)
Skewness = 0.38, Kurtosis = 0.67, MValue = 2

// ** Remained 8 (22.2 %) benchmark(s) to run. Estimated finish 2026-09-27 7:29 (0h 3m from now) **
// **************************
// Benchmark: MediatorBenchmarks.SendCommand_NoBehaviors: ShortRun(IterationCount=3, LaunchCount=1, WarmupCount=3)
// *** Execute ***
// Launch: 1 / 1
// Execute: dotnet "EricksonLopez.Mediator.Benchmarks-.NET 10.0-1.dll" --anonymousPipes 168 169 --benchmarkName EricksonLopez.Mediator.Benchmarks.MediatorBenchmarks.SendCommand_NoBehaviors --job ShortRun --benchmarkId 10 in /home/runner/work/dotnet-mediator/dotnet-mediator/benchmarks/EricksonLopez.Mediator.Benchmarks/bin/Release/net10.0/EricksonLopez.Mediator.Benchmarks-.NET 10.0-1/bin/Release/net10.0
// Failed to set up high priority (Permission denied). In order to run benchmarks with high priority, make sure you have the right permissions.
// BeforeAnythingElse

// Benchmark Process Environment Information:
// BenchmarkDotNet v0.15.8
// Runtime=.NET 10.0.12 (10.0.12, 10.0.1226.42308), X64 RyuJIT x86-64-v4
// GC=Concurrent Workstation
// HardwareIntrinsics=AVX10v1,AVX512 BF16+FP16,AVX512 BITALG+VBMI2+VNNI+VPOPCNTDQ,AVX512 IFMA+VBMI,AVX512 F+BW+CD+DQ+VL,AVX2+BMI1+BMI2+F16C+FMA+LZCNT+MOVBE,AVX,SSE3+SSSE3+SSE4.1+SSE4.2+POPCNT,X86Base+SSE+SSE2,AES+PCLMUL,AvxVnni,SERIALIZE VectorSize=256
// Job: ShortRun(IterationCount=3, LaunchCount=1, WarmupCount=3)

OverheadJitting  1: 1 op, 158326.00 ns, 158.3260 us/op
WorkloadJitting  1: 1 op, 1101217.00 ns, 1.1012 ms/op

OverheadJitting  2: 16 op, 346169.00 ns, 21.6356 us/op
WorkloadJitting  2: 16 op, 368153.00 ns, 23.0096 us/op

WorkloadPilot    1: 16 op, 8292.00 ns, 518.2500 ns/op
WorkloadPilot    2: 32 op, 10884.00 ns, 340.1250 ns/op
WorkloadPilot    3: 64 op, 11669.00 ns, 182.3281 ns/op
WorkloadPilot    4: 128 op, 18612.00 ns, 145.4063 ns/op
WorkloadPilot    5: 256 op, 29540.00 ns, 115.3906 ns/op
WorkloadPilot    6: 512 op, 51838.00 ns, 101.2461 ns/op
WorkloadPilot    7: 1024 op, 96872.00 ns, 94.6016 ns/op
WorkloadPilot    8: 2048 op, 204272.00 ns, 99.7422 ns/op
WorkloadPilot    9: 4096 op, 355417.00 ns, 86.7717 ns/op
WorkloadPilot   10: 8192 op, 775952.00 ns, 94.7207 ns/op
WorkloadPilot   11: 16384 op, 1495283.00 ns, 91.2648 ns/op
WorkloadPilot   12: 32768 op, 2943843.00 ns, 89.8390 ns/op
WorkloadPilot   13: 65536 op, 5816123.00 ns, 88.7470 ns/op
WorkloadPilot   14: 131072 op, 11618925.00 ns, 88.6454 ns/op
WorkloadPilot   15: 262144 op, 23234213.00 ns, 88.6315 ns/op
WorkloadPilot   16: 524288 op, 46139663.00 ns, 88.0044 ns/op
WorkloadPilot   17: 1048576 op, 39090086.00 ns, 37.2792 ns/op
WorkloadPilot   18: 2097152 op, 31758167.00 ns, 15.1435 ns/op
WorkloadPilot   19: 4194304 op, 63990111.00 ns, 15.2564 ns/op
WorkloadPilot   20: 8388608 op, 126848027.00 ns, 15.1215 ns/op
WorkloadPilot   21: 16777216 op, 254292832.00 ns, 15.1570 ns/op
WorkloadPilot   22: 33554432 op, 506898680.00 ns, 15.1068 ns/op

OverheadWarmup   1: 33554432 op, 102835310.00 ns, 3.0647 ns/op
OverheadWarmup   2: 33554432 op, 101712169.00 ns, 3.0313 ns/op
OverheadWarmup   3: 33554432 op, 78548194.00 ns, 2.3409 ns/op
OverheadWarmup   4: 33554432 op, 78193752.00 ns, 2.3304 ns/op
OverheadWarmup   5: 33554432 op, 78509413.00 ns, 2.3398 ns/op
OverheadWarmup   6: 33554432 op, 78276942.00 ns, 2.3328 ns/op
OverheadWarmup   7: 33554432 op, 78242928.00 ns, 2.3318 ns/op
OverheadWarmup   8: 33554432 op, 78294913.00 ns, 2.3334 ns/op
OverheadWarmup   9: 33554432 op, 78363996.00 ns, 2.3354 ns/op
OverheadWarmup  10: 33554432 op, 84301698.00 ns, 2.5124 ns/op

OverheadActual   1: 33554432 op, 78184752.00 ns, 2.3301 ns/op
OverheadActual   2: 33554432 op, 78431951.00 ns, 2.3375 ns/op
OverheadActual   3: 33554432 op, 78281253.00 ns, 2.3330 ns/op
OverheadActual   4: 33554432 op, 78372197.00 ns, 2.3357 ns/op
OverheadActual   5: 33554432 op, 78390861.00 ns, 2.3362 ns/op
OverheadActual   6: 33554432 op, 78405467.00 ns, 2.3367 ns/op
OverheadActual   7: 33554432 op, 80273183.00 ns, 2.3923 ns/op
OverheadActual   8: 33554432 op, 78294622.00 ns, 2.3334 ns/op
OverheadActual   9: 33554432 op, 78268705.00 ns, 2.3326 ns/op
OverheadActual  10: 33554432 op, 78581791.00 ns, 2.3419 ns/op
OverheadActual  11: 33554432 op, 78256129.00 ns, 2.3322 ns/op
OverheadActual  12: 33554432 op, 78270373.00 ns, 2.3326 ns/op
OverheadActual  13: 33554432 op, 79025215.00 ns, 2.3551 ns/op
OverheadActual  14: 33554432 op, 78448198.00 ns, 2.3379 ns/op
OverheadActual  15: 33554432 op, 78278617.00 ns, 2.3329 ns/op

WorkloadWarmup   1: 33554432 op, 511885310.00 ns, 15.2554 ns/op
WorkloadWarmup   2: 33554432 op, 508416401.00 ns, 15.1520 ns/op
WorkloadWarmup   3: 33554432 op, 508805491.00 ns, 15.1636 ns/op

// BeforeActualRun
WorkloadActual   1: 33554432 op, 508769786.00 ns, 15.1625 ns/op
WorkloadActual   2: 33554432 op, 507843585.00 ns, 15.1349 ns/op
WorkloadActual   3: 33554432 op, 507527071.00 ns, 15.1255 ns/op

// AfterActualRun
WorkloadResult   1: 33554432 op, 430397589.00 ns, 12.8268 ns/op
WorkloadResult   2: 33554432 op, 429471388.00 ns, 12.7992 ns/op
WorkloadResult   3: 33554432 op, 429154874.00 ns, 12.7898 ns/op
// GC:  0 0 0 0 33554432
// Threading:  0 0 33554432

// AfterAll
// Benchmark Process 4893 has exited with code 0.

Mean = 12.805 ns, StdErr = 0.011 ns (0.09%), N = 3, StdDev = 0.019 ns
Min = 12.790 ns, Q1 = 12.795 ns, Median = 12.799 ns, Q3 = 12.813 ns, Max = 12.827 ns
IQR = 0.019 ns, LowerFence = 12.767 ns, UpperFence = 12.841 ns
ConfidenceInterval = [12.454 ns; 13.156 ns] (CI 99.9%), Margin = 0.351 ns (2.74% of Mean)
Skewness = 0.28, Kurtosis = 0.67, MValue = 2

// ** Remained 7 (19.4 %) benchmark(s) to run. Estimated finish 2026-09-27 7:29 (0h 2m from now) **
// **************************
// Benchmark: MediatorBenchmarks.SendQuery_NoBehaviors: ShortRun(IterationCount=3, LaunchCount=1, WarmupCount=3)
// *** Execute ***
// Launch: 1 / 1
// Execute: dotnet "EricksonLopez.Mediator.Benchmarks-.NET 10.0-1.dll" --anonymousPipes 168 169 --benchmarkName EricksonLopez.Mediator.Benchmarks.MediatorBenchmarks.SendQuery_NoBehaviors --job ShortRun --benchmarkId 11 in /home/runner/work/dotnet-mediator/dotnet-mediator/benchmarks/EricksonLopez.Mediator.Benchmarks/bin/Release/net10.0/EricksonLopez.Mediator.Benchmarks-.NET 10.0-1/bin/Release/net10.0
// Failed to set up high priority (Permission denied). In order to run benchmarks with high priority, make sure you have the right permissions.
// BeforeAnythingElse

// Benchmark Process Environment Information:
// BenchmarkDotNet v0.15.8
// Runtime=.NET 10.0.12 (10.0.12, 10.0.1226.42308), X64 RyuJIT x86-64-v4
// GC=Concurrent Workstation
// HardwareIntrinsics=AVX10v1,AVX512 BF16+FP16,AVX512 BITALG+VBMI2+VNNI+VPOPCNTDQ,AVX512 IFMA+VBMI,AVX512 F+BW+CD+DQ+VL,AVX2+BMI1+BMI2+F16C+FMA+LZCNT+MOVBE,AVX,SSE3+SSSE3+SSE4.1+SSE4.2+POPCNT,X86Base+SSE+SSE2,AES+PCLMUL,AvxVnni,SERIALIZE VectorSize=256
// Job: ShortRun(IterationCount=3, LaunchCount=1, WarmupCount=3)

OverheadJitting  1: 1 op, 173792.00 ns, 173.7920 us/op
WorkloadJitting  1: 1 op, 939077.00 ns, 939.0770 us/op

OverheadJitting  2: 16 op, 386935.00 ns, 24.1834 us/op
WorkloadJitting  2: 16 op, 402662.00 ns, 25.1664 us/op

WorkloadPilot    1: 16 op, 6708.00 ns, 419.2500 ns/op
WorkloadPilot    2: 32 op, 6871.00 ns, 214.7188 ns/op
WorkloadPilot    3: 64 op, 7749.00 ns, 121.0781 ns/op
WorkloadPilot    4: 128 op, 12544.00 ns, 98.0000 ns/op
WorkloadPilot    5: 256 op, 22691.00 ns, 88.6367 ns/op
WorkloadPilot    6: 512 op, 43111.00 ns, 84.2012 ns/op
WorkloadPilot    7: 1024 op, 101375.00 ns, 98.9990 ns/op
WorkloadPilot    8: 2048 op, 165095.00 ns, 80.6128 ns/op
WorkloadPilot    9: 4096 op, 348333.00 ns, 85.0422 ns/op
WorkloadPilot   10: 8192 op, 731773.00 ns, 89.3278 ns/op
WorkloadPilot   11: 16384 op, 1408352.00 ns, 85.9590 ns/op
WorkloadPilot   12: 32768 op, 2731683.00 ns, 83.3643 ns/op
WorkloadPilot   13: 65536 op, 5401377.00 ns, 82.4185 ns/op
WorkloadPilot   14: 131072 op, 10769065.00 ns, 82.1614 ns/op
WorkloadPilot   15: 262144 op, 21561701.00 ns, 82.2514 ns/op
WorkloadPilot   16: 524288 op, 43019107.00 ns, 82.0524 ns/op
WorkloadPilot   17: 1048576 op, 44326140.00 ns, 42.2727 ns/op
WorkloadPilot   18: 2097152 op, 23541156.00 ns, 11.2253 ns/op
WorkloadPilot   19: 4194304 op, 46972809.00 ns, 11.1992 ns/op
WorkloadPilot   20: 8388608 op, 93925559.00 ns, 11.1968 ns/op
WorkloadPilot   21: 16777216 op, 187581226.00 ns, 11.1807 ns/op
WorkloadPilot   22: 33554432 op, 376836575.00 ns, 11.2306 ns/op
WorkloadPilot   23: 67108864 op, 748911283.00 ns, 11.1596 ns/op

OverheadWarmup   1: 67108864 op, 203588412.00 ns, 3.0337 ns/op
OverheadWarmup   2: 67108864 op, 156462971.00 ns, 2.3315 ns/op
OverheadWarmup   3: 67108864 op, 156498986.00 ns, 2.3320 ns/op
OverheadWarmup   4: 67108864 op, 156223199.00 ns, 2.3279 ns/op
OverheadWarmup   5: 67108864 op, 156279352.00 ns, 2.3287 ns/op
OverheadWarmup   6: 67108864 op, 156547420.00 ns, 2.3327 ns/op
OverheadWarmup   7: 67108864 op, 156277652.00 ns, 2.3287 ns/op

OverheadActual   1: 67108864 op, 156469551.00 ns, 2.3316 ns/op
OverheadActual   2: 67108864 op, 156883192.00 ns, 2.3377 ns/op
OverheadActual   3: 67108864 op, 156503832.00 ns, 2.3321 ns/op
OverheadActual   4: 67108864 op, 156965725.00 ns, 2.3390 ns/op
OverheadActual   5: 67108864 op, 160333185.00 ns, 2.3892 ns/op
OverheadActual   6: 67108864 op, 156910699.00 ns, 2.3382 ns/op
OverheadActual   7: 67108864 op, 156462754.00 ns, 2.3315 ns/op
OverheadActual   8: 67108864 op, 157036758.00 ns, 2.3400 ns/op
OverheadActual   9: 67108864 op, 156695734.00 ns, 2.3349 ns/op
OverheadActual  10: 67108864 op, 156742796.00 ns, 2.3356 ns/op
OverheadActual  11: 67108864 op, 160853564.00 ns, 2.3969 ns/op
OverheadActual  12: 67108864 op, 178447249.00 ns, 2.6591 ns/op
OverheadActual  13: 67108864 op, 167530401.00 ns, 2.4964 ns/op
OverheadActual  14: 67108864 op, 165088974.00 ns, 2.4600 ns/op
OverheadActual  15: 67108864 op, 157715974.00 ns, 2.3502 ns/op

WorkloadWarmup   1: 67108864 op, 752213583.00 ns, 11.2089 ns/op
WorkloadWarmup   2: 67108864 op, 751402905.00 ns, 11.1968 ns/op
WorkloadWarmup   3: 67108864 op, 753070653.00 ns, 11.2216 ns/op

// BeforeActualRun
WorkloadActual   1: 67108864 op, 757063822.00 ns, 11.2811 ns/op
WorkloadActual   2: 67108864 op, 751683240.00 ns, 11.2010 ns/op
WorkloadActual   3: 67108864 op, 767070877.00 ns, 11.4302 ns/op

// AfterActualRun
WorkloadResult   1: 67108864 op, 600098097.00 ns, 8.9422 ns/op
WorkloadResult   2: 67108864 op, 594717515.00 ns, 8.8620 ns/op
WorkloadResult   3: 67108864 op, 610105152.00 ns, 9.0913 ns/op
// GC:  0 0 0 0 67108864
// Threading:  0 0 67108864

// AfterAll
// Benchmark Process 4906 has exited with code 0.

Mean = 8.965 ns, StdErr = 0.067 ns (0.75%), N = 3, StdDev = 0.116 ns
Min = 8.862 ns, Q1 = 8.902 ns, Median = 8.942 ns, Q3 = 9.017 ns, Max = 9.091 ns
IQR = 0.115 ns, LowerFence = 8.730 ns, UpperFence = 9.189 ns
ConfidenceInterval = [6.842 ns; 11.088 ns] (CI 99.9%), Margin = 2.123 ns (23.68% of Mean)
Skewness = 0.19, Kurtosis = 0.67, MValue = 2

// ** Remained 6 (16.7 %) benchmark(s) to run. Estimated finish 2026-09-27 7:29 (0h 2m from now) **
// **************************
// Benchmark: MediatorBenchmarks.SendCommand_OneBehavior: ShortRun(IterationCount=3, LaunchCount=1, WarmupCount=3)
// *** Execute ***
// Launch: 1 / 1
// Execute: dotnet "EricksonLopez.Mediator.Benchmarks-.NET 10.0-1.dll" --anonymousPipes 168 169 --benchmarkName EricksonLopez.Mediator.Benchmarks.MediatorBenchmarks.SendCommand_OneBehavior --job ShortRun --benchmarkId 12 in /home/runner/work/dotnet-mediator/dotnet-mediator/benchmarks/EricksonLopez.Mediator.Benchmarks/bin/Release/net10.0/EricksonLopez.Mediator.Benchmarks-.NET 10.0-1/bin/Release/net10.0
// Failed to set up high priority (Permission denied). In order to run benchmarks with high priority, make sure you have the right permissions.
// BeforeAnythingElse

// Benchmark Process Environment Information:
// BenchmarkDotNet v0.15.8
// Runtime=.NET 10.0.12 (10.0.12, 10.0.1226.42308), X64 RyuJIT x86-64-v4
// GC=Concurrent Workstation
// HardwareIntrinsics=AVX10v1,AVX512 BF16+FP16,AVX512 BITALG+VBMI2+VNNI+VPOPCNTDQ,AVX512 IFMA+VBMI,AVX512 F+BW+CD+DQ+VL,AVX2+BMI1+BMI2+F16C+FMA+LZCNT+MOVBE,AVX,SSE3+SSSE3+SSE4.1+SSE4.2+POPCNT,X86Base+SSE+SSE2,AES+PCLMUL,AvxVnni,SERIALIZE VectorSize=256
// Job: ShortRun(IterationCount=3, LaunchCount=1, WarmupCount=3)

OverheadJitting  1: 1 op, 182743.00 ns, 182.7430 us/op
WorkloadJitting  1: 1 op, 1614720.00 ns, 1.6147 ms/op

OverheadJitting  2: 16 op, 333726.00 ns, 20.8579 us/op
WorkloadJitting  2: 16 op, 352115.00 ns, 22.0072 us/op

WorkloadPilot    1: 16 op, 12199.00 ns, 762.4375 ns/op
WorkloadPilot    2: 32 op, 16089.00 ns, 502.7813 ns/op
WorkloadPilot    3: 64 op, 37588.00 ns, 587.3125 ns/op
WorkloadPilot    4: 128 op, 43910.00 ns, 343.0469 ns/op
WorkloadPilot    5: 256 op, 82555.00 ns, 322.4805 ns/op
WorkloadPilot    6: 512 op, 162164.00 ns, 316.7266 ns/op
WorkloadPilot    7: 1024 op, 336346.00 ns, 328.4629 ns/op
WorkloadPilot    8: 2048 op, 653801.00 ns, 319.2388 ns/op
WorkloadPilot    9: 4096 op, 1352643.00 ns, 330.2351 ns/op
WorkloadPilot   10: 8192 op, 2726782.00 ns, 332.8591 ns/op
WorkloadPilot   11: 16384 op, 5342000.00 ns, 326.0498 ns/op
WorkloadPilot   12: 32768 op, 10512656.00 ns, 320.8208 ns/op
WorkloadPilot   13: 65536 op, 20926200.00 ns, 319.3085 ns/op
WorkloadPilot   14: 131072 op, 41869801.00 ns, 319.4412 ns/op
WorkloadPilot   15: 262144 op, 54270736.00 ns, 207.0264 ns/op
WorkloadPilot   16: 524288 op, 13090786.00 ns, 24.9687 ns/op
WorkloadPilot   17: 1048576 op, 25616725.00 ns, 24.4300 ns/op
WorkloadPilot   18: 2097152 op, 51062018.00 ns, 24.3483 ns/op
WorkloadPilot   19: 4194304 op, 102259308.00 ns, 24.3805 ns/op
WorkloadPilot   20: 8388608 op, 205485544.00 ns, 24.4958 ns/op
WorkloadPilot   21: 16777216 op, 410222838.00 ns, 24.4512 ns/op
WorkloadPilot   22: 33554432 op, 824392696.00 ns, 24.5688 ns/op

OverheadWarmup   1: 33554432 op, 104522078.00 ns, 3.1150 ns/op
OverheadWarmup   2: 33554432 op, 102489605.00 ns, 3.0544 ns/op
OverheadWarmup   3: 33554432 op, 78220843.00 ns, 2.3312 ns/op
OverheadWarmup   4: 33554432 op, 78439407.00 ns, 2.3377 ns/op
OverheadWarmup   5: 33554432 op, 78169729.00 ns, 2.3296 ns/op
OverheadWarmup   6: 33554432 op, 78423258.00 ns, 2.3372 ns/op
OverheadWarmup   7: 33554432 op, 78230771.00 ns, 2.3315 ns/op

OverheadActual   1: 33554432 op, 78794085.00 ns, 2.3482 ns/op
OverheadActual   2: 33554432 op, 78431127.00 ns, 2.3374 ns/op
OverheadActual   3: 33554432 op, 78848699.00 ns, 2.3499 ns/op
OverheadActual   4: 33554432 op, 80267807.00 ns, 2.3922 ns/op
OverheadActual   5: 33554432 op, 78428703.00 ns, 2.3374 ns/op
OverheadActual   6: 33554432 op, 78450383.00 ns, 2.3380 ns/op
OverheadActual   7: 33554432 op, 78448770.00 ns, 2.3380 ns/op
OverheadActual   8: 33554432 op, 78624502.00 ns, 2.3432 ns/op
OverheadActual   9: 33554432 op, 78489348.00 ns, 2.3392 ns/op
OverheadActual  10: 33554432 op, 78463458.00 ns, 2.3384 ns/op
OverheadActual  11: 33554432 op, 78142832.00 ns, 2.3288 ns/op
OverheadActual  12: 33554432 op, 78476416.00 ns, 2.3388 ns/op
OverheadActual  13: 33554432 op, 78290873.00 ns, 2.3332 ns/op
OverheadActual  14: 33554432 op, 79996455.00 ns, 2.3841 ns/op
OverheadActual  15: 33554432 op, 78349003.00 ns, 2.3350 ns/op

WorkloadWarmup   1: 33554432 op, 822005286.00 ns, 24.4977 ns/op
WorkloadWarmup   2: 33554432 op, 820644756.00 ns, 24.4571 ns/op
WorkloadWarmup   3: 33554432 op, 821815654.00 ns, 24.4920 ns/op

// BeforeActualRun
WorkloadActual   1: 33554432 op, 823015311.00 ns, 24.5278 ns/op
WorkloadActual   2: 33554432 op, 823417019.00 ns, 24.5397 ns/op
WorkloadActual   3: 33554432 op, 824442035.00 ns, 24.5703 ns/op

// AfterActualRun
WorkloadResult   1: 33554432 op, 744551853.00 ns, 22.1894 ns/op
WorkloadResult   2: 33554432 op, 744953561.00 ns, 22.2013 ns/op
WorkloadResult   3: 33554432 op, 745978577.00 ns, 22.2319 ns/op
// GC:  0 0 0 0 33554432
// Threading:  0 0 33554432

// AfterAll
// Benchmark Process 4916 has exited with code 0.

Mean = 22.208 ns, StdErr = 0.013 ns (0.06%), N = 3, StdDev = 0.022 ns
Min = 22.189 ns, Q1 = 22.195 ns, Median = 22.201 ns, Q3 = 22.217 ns, Max = 22.232 ns
IQR = 0.021 ns, LowerFence = 22.163 ns, UpperFence = 22.249 ns
ConfidenceInterval = [21.808 ns; 22.608 ns] (CI 99.9%), Margin = 0.400 ns (1.80% of Mean)
Skewness = 0.26, Kurtosis = 0.67, MValue = 2

// ** Remained 5 (13.9 %) benchmark(s) to run. Estimated finish 2026-09-27 7:29 (0h 1m from now) **
// **************************
// Benchmark: MediatorBenchmarks.SendCommand_FiveBehaviors: ShortRun(IterationCount=3, LaunchCount=1, WarmupCount=3)
// *** Execute ***
// Launch: 1 / 1
// Execute: dotnet "EricksonLopez.Mediator.Benchmarks-.NET 10.0-1.dll" --anonymousPipes 168 169 --benchmarkName EricksonLopez.Mediator.Benchmarks.MediatorBenchmarks.SendCommand_FiveBehaviors --job ShortRun --benchmarkId 13 in /home/runner/work/dotnet-mediator/dotnet-mediator/benchmarks/EricksonLopez.Mediator.Benchmarks/bin/Release/net10.0/EricksonLopez.Mediator.Benchmarks-.NET 10.0-1/bin/Release/net10.0
// Failed to set up high priority (Permission denied). In order to run benchmarks with high priority, make sure you have the right permissions.
// BeforeAnythingElse

// Benchmark Process Environment Information:
// BenchmarkDotNet v0.15.8
// Runtime=.NET 10.0.12 (10.0.12, 10.0.1226.42308), X64 RyuJIT x86-64-v4
// GC=Concurrent Workstation
// HardwareIntrinsics=AVX10v1,AVX512 BF16+FP16,AVX512 BITALG+VBMI2+VNNI+VPOPCNTDQ,AVX512 IFMA+VBMI,AVX512 F+BW+CD+DQ+VL,AVX2+BMI1+BMI2+F16C+FMA+LZCNT+MOVBE,AVX,SSE3+SSSE3+SSE4.1+SSE4.2+POPCNT,X86Base+SSE+SSE2,AES+PCLMUL,AvxVnni,SERIALIZE VectorSize=256
// Job: ShortRun(IterationCount=3, LaunchCount=1, WarmupCount=3)

OverheadJitting  1: 1 op, 182078.00 ns, 182.0780 us/op
WorkloadJitting  1: 1 op, 2911694.00 ns, 2.9117 ms/op

OverheadJitting  2: 16 op, 358882.00 ns, 22.4301 us/op
WorkloadJitting  2: 16 op, 353667.00 ns, 22.1042 us/op

WorkloadPilot    1: 16 op, 22865.00 ns, 1.4291 us/op
WorkloadPilot    2: 32 op, 31114.00 ns, 972.3125 ns/op
WorkloadPilot    3: 64 op, 54054.00 ns, 844.5938 ns/op
WorkloadPilot    4: 128 op, 101384.00 ns, 792.0625 ns/op
WorkloadPilot    5: 256 op, 202216.00 ns, 789.9063 ns/op
WorkloadPilot    6: 512 op, 405449.00 ns, 791.8926 ns/op
WorkloadPilot    7: 1024 op, 820932.00 ns, 801.6914 ns/op
WorkloadPilot    8: 2048 op, 1648496.00 ns, 804.9297 ns/op
WorkloadPilot    9: 4096 op, 3223349.00 ns, 786.9504 ns/op
WorkloadPilot   10: 8192 op, 6349950.00 ns, 775.1404 ns/op
WorkloadPilot   11: 16384 op, 12672858.00 ns, 773.4899 ns/op
WorkloadPilot   12: 32768 op, 25366867.00 ns, 774.1353 ns/op
WorkloadPilot   13: 65536 op, 50369317.00 ns, 768.5748 ns/op
WorkloadPilot   14: 131072 op, 105112374.00 ns, 801.9438 ns/op
WorkloadPilot   15: 262144 op, 46243682.00 ns, 176.4056 ns/op
WorkloadPilot   16: 524288 op, 47882598.00 ns, 91.3288 ns/op
WorkloadPilot   17: 1048576 op, 96663665.00 ns, 92.1857 ns/op
WorkloadPilot   18: 2097152 op, 218251862.00 ns, 104.0706 ns/op
WorkloadPilot   19: 4194304 op, 401897984.00 ns, 95.8199 ns/op
WorkloadPilot   20: 8388608 op, 798169258.00 ns, 95.1492 ns/op

OverheadWarmup   1: 8388608 op, 31333773.00 ns, 3.7353 ns/op
OverheadWarmup   2: 8388608 op, 30382888.00 ns, 3.6219 ns/op
OverheadWarmup   3: 8388608 op, 29929091.00 ns, 3.5678 ns/op
OverheadWarmup   4: 8388608 op, 29900194.00 ns, 3.5644 ns/op
OverheadWarmup   5: 8388608 op, 27933281.00 ns, 3.3299 ns/op
OverheadWarmup   6: 8388608 op, 26731036.00 ns, 3.1866 ns/op
OverheadWarmup   7: 8388608 op, 26302340.00 ns, 3.1355 ns/op
OverheadWarmup   8: 8388608 op, 26262062.00 ns, 3.1307 ns/op
OverheadWarmup   9: 8388608 op, 26276340.00 ns, 3.1324 ns/op
OverheadWarmup  10: 8388608 op, 26219459.00 ns, 3.1256 ns/op

OverheadActual   1: 8388608 op, 26208547.00 ns, 3.1243 ns/op
OverheadActual   2: 8388608 op, 26855332.00 ns, 3.2014 ns/op
OverheadActual   3: 8388608 op, 27859120.00 ns, 3.3211 ns/op
OverheadActual   4: 8388608 op, 27151984.00 ns, 3.2368 ns/op
OverheadActual   5: 8388608 op, 26709646.00 ns, 3.1840 ns/op
OverheadActual   6: 8388608 op, 26365267.00 ns, 3.1430 ns/op
OverheadActual   7: 8388608 op, 26316645.00 ns, 3.1372 ns/op
OverheadActual   8: 8388608 op, 26327024.00 ns, 3.1384 ns/op
OverheadActual   9: 8388608 op, 26368740.00 ns, 3.1434 ns/op
OverheadActual  10: 8388608 op, 26260024.00 ns, 3.1304 ns/op
OverheadActual  11: 8388608 op, 26302174.00 ns, 3.1355 ns/op
OverheadActual  12: 8388608 op, 22626751.00 ns, 2.6973 ns/op
OverheadActual  13: 8388608 op, 20122076.00 ns, 2.3987 ns/op
OverheadActual  14: 8388608 op, 20124910.00 ns, 2.3991 ns/op
OverheadActual  15: 8388608 op, 20090578.00 ns, 2.3950 ns/op
OverheadActual  16: 8388608 op, 20824279.00 ns, 2.4824 ns/op
OverheadActual  17: 8388608 op, 20845270.00 ns, 2.4849 ns/op
OverheadActual  18: 8388608 op, 20750324.00 ns, 2.4736 ns/op
OverheadActual  19: 8388608 op, 21775910.00 ns, 2.5959 ns/op
OverheadActual  20: 8388608 op, 22998147.00 ns, 2.7416 ns/op

WorkloadWarmup   1: 8388608 op, 832376047.00 ns, 99.2270 ns/op
WorkloadWarmup   2: 8388608 op, 764045300.00 ns, 91.0813 ns/op
WorkloadWarmup   3: 8388608 op, 764483611.00 ns, 91.1335 ns/op

// BeforeActualRun
WorkloadActual   1: 8388608 op, 765659129.00 ns, 91.2737 ns/op
WorkloadActual   2: 8388608 op, 765023080.00 ns, 91.1979 ns/op
WorkloadActual   3: 8388608 op, 765642603.00 ns, 91.2717 ns/op

// AfterActualRun
WorkloadResult   1: 8388608 op, 739424843.50 ns, 88.1463 ns/op
WorkloadResult   2: 8388608 op, 738788794.50 ns, 88.0705 ns/op
WorkloadResult   3: 8388608 op, 739408317.50 ns, 88.1443 ns/op
// GC:  0 0 0 0 8388608
// Threading:  0 0 8388608

// AfterAll
// Benchmark Process 4928 has exited with code 0.

Mean = 88.120 ns, StdErr = 0.025 ns (0.03%), N = 3, StdDev = 0.043 ns
Min = 88.070 ns, Q1 = 88.107 ns, Median = 88.144 ns, Q3 = 88.145 ns, Max = 88.146 ns
IQR = 0.038 ns, LowerFence = 88.051 ns, UpperFence = 88.202 ns
ConfidenceInterval = [87.332 ns; 88.909 ns] (CI 99.9%), Margin = 0.788 ns (0.89% of Mean)
Skewness = -0.38, Kurtosis = 0.67, MValue = 2

// ** Remained 4 (11.1 %) benchmark(s) to run. Estimated finish 2026-09-27 7:28 (0h 1m from now) **
// **************************
// Benchmark: MediatorBenchmarks.PublishNotification_OneHandler: ShortRun(IterationCount=3, LaunchCount=1, WarmupCount=3)
// *** Execute ***
// Launch: 1 / 1
// Execute: dotnet "EricksonLopez.Mediator.Benchmarks-.NET 10.0-1.dll" --anonymousPipes 168 169 --benchmarkName EricksonLopez.Mediator.Benchmarks.MediatorBenchmarks.PublishNotification_OneHandler --job ShortRun --benchmarkId 14 in /home/runner/work/dotnet-mediator/dotnet-mediator/benchmarks/EricksonLopez.Mediator.Benchmarks/bin/Release/net10.0/EricksonLopez.Mediator.Benchmarks-.NET 10.0-1/bin/Release/net10.0
// Failed to set up high priority (Permission denied). In order to run benchmarks with high priority, make sure you have the right permissions.
// BeforeAnythingElse

// Benchmark Process Environment Information:
// BenchmarkDotNet v0.15.8
// Runtime=.NET 10.0.12 (10.0.12, 10.0.1226.42308), X64 RyuJIT x86-64-v4
// GC=Concurrent Workstation
// HardwareIntrinsics=AVX10v1,AVX512 BF16+FP16,AVX512 BITALG+VBMI2+VNNI+VPOPCNTDQ,AVX512 IFMA+VBMI,AVX512 F+BW+CD+DQ+VL,AVX2+BMI1+BMI2+F16C+FMA+LZCNT+MOVBE,AVX,SSE3+SSSE3+SSE4.1+SSE4.2+POPCNT,X86Base+SSE+SSE2,AES+PCLMUL,AvxVnni,SERIALIZE VectorSize=256
// Job: ShortRun(IterationCount=3, LaunchCount=1, WarmupCount=3)

OverheadJitting  1: 1 op, 134554.00 ns, 134.5540 us/op
WorkloadJitting  1: 1 op, 1586840.00 ns, 1.5868 ms/op

OverheadJitting  2: 16 op, 160111.00 ns, 10.0069 us/op
WorkloadJitting  2: 16 op, 1289713.00 ns, 80.6071 us/op

WorkloadPilot    1: 16 op, 117809.00 ns, 7.3631 us/op
WorkloadPilot    2: 32 op, 15841.00 ns, 495.0313 ns/op
WorkloadPilot    3: 64 op, 21624.00 ns, 337.8750 ns/op
WorkloadPilot    4: 128 op, 42830.00 ns, 334.6094 ns/op
WorkloadPilot    5: 256 op, 88768.00 ns, 346.7500 ns/op
WorkloadPilot    6: 512 op, 153468.00 ns, 299.7422 ns/op
WorkloadPilot    7: 1024 op, 288466.00 ns, 281.7051 ns/op
WorkloadPilot    8: 2048 op, 592832.00 ns, 289.4688 ns/op
WorkloadPilot    9: 4096 op, 1193936.00 ns, 291.4883 ns/op
WorkloadPilot   10: 8192 op, 2355294.00 ns, 287.5115 ns/op
WorkloadPilot   11: 16384 op, 4642271.00 ns, 283.3417 ns/op
WorkloadPilot   12: 32768 op, 9246450.00 ns, 282.1793 ns/op
WorkloadPilot   13: 65536 op, 18426503.00 ns, 281.1661 ns/op
WorkloadPilot   14: 131072 op, 36818267.00 ns, 280.9011 ns/op
WorkloadPilot   15: 262144 op, 48392371.00 ns, 184.6022 ns/op
WorkloadPilot   16: 524288 op, 18548958.00 ns, 35.3793 ns/op
WorkloadPilot   17: 1048576 op, 30845989.00 ns, 29.4170 ns/op
WorkloadPilot   18: 2097152 op, 65198919.00 ns, 31.0893 ns/op
WorkloadPilot   19: 4194304 op, 122651362.00 ns, 29.2424 ns/op
WorkloadPilot   20: 8388608 op, 220864041.00 ns, 26.3290 ns/op
WorkloadPilot   21: 16777216 op, 436884870.00 ns, 26.0404 ns/op
WorkloadPilot   22: 33554432 op, 877674409.00 ns, 26.1567 ns/op

OverheadWarmup   1: 33554432 op, 67127860.00 ns, 2.0006 ns/op
OverheadWarmup   2: 33554432 op, 67172871.00 ns, 2.0019 ns/op
OverheadWarmup   3: 33554432 op, 66562268.00 ns, 1.9837 ns/op
OverheadWarmup   4: 33554432 op, 46983676.00 ns, 1.4002 ns/op
OverheadWarmup   5: 33554432 op, 46851747.00 ns, 1.3963 ns/op
OverheadWarmup   6: 33554432 op, 47018739.00 ns, 1.4013 ns/op
OverheadWarmup   7: 33554432 op, 46842410.00 ns, 1.3960 ns/op

OverheadActual   1: 33554432 op, 46999418.00 ns, 1.4007 ns/op
OverheadActual   2: 33554432 op, 47014556.00 ns, 1.4011 ns/op
OverheadActual   3: 33554432 op, 46978441.00 ns, 1.4001 ns/op
OverheadActual   4: 33554432 op, 46872589.00 ns, 1.3969 ns/op
OverheadActual   5: 33554432 op, 46904262.00 ns, 1.3979 ns/op
OverheadActual   6: 33554432 op, 46825421.00 ns, 1.3955 ns/op
OverheadActual   7: 33554432 op, 47041075.00 ns, 1.4019 ns/op
OverheadActual   8: 33554432 op, 46926168.00 ns, 1.3985 ns/op
OverheadActual   9: 33554432 op, 46961980.00 ns, 1.3996 ns/op
OverheadActual  10: 33554432 op, 47033314.00 ns, 1.4017 ns/op
OverheadActual  11: 33554432 op, 47508337.00 ns, 1.4159 ns/op
OverheadActual  12: 33554432 op, 46863611.00 ns, 1.3966 ns/op
OverheadActual  13: 33554432 op, 46978707.00 ns, 1.4001 ns/op
OverheadActual  14: 33554432 op, 46990243.00 ns, 1.4004 ns/op
OverheadActual  15: 33554432 op, 46984832.00 ns, 1.4003 ns/op

WorkloadWarmup   1: 33554432 op, 908313898.00 ns, 27.0699 ns/op
WorkloadWarmup   2: 33554432 op, 927425369.00 ns, 27.6394 ns/op
WorkloadWarmup   3: 33554432 op, 932441113.00 ns, 27.7889 ns/op

// BeforeActualRun
WorkloadActual   1: 33554432 op, 950109812.00 ns, 28.3155 ns/op
WorkloadActual   2: 33554432 op, 964578256.00 ns, 28.7467 ns/op
WorkloadActual   3: 33554432 op, 883098332.00 ns, 26.3184 ns/op

// AfterActualRun
WorkloadResult   1: 33554432 op, 903131105.00 ns, 26.9154 ns/op
WorkloadResult   2: 33554432 op, 917599549.00 ns, 27.3466 ns/op
WorkloadResult   3: 33554432 op, 836119625.00 ns, 24.9183 ns/op
// GC:  9 0 0 805306368 33554432
// Threading:  0 0 33554432

// AfterAll
// Benchmark Process 4939 has exited with code 0.

Mean = 26.393 ns, StdErr = 0.748 ns (2.83%), N = 3, StdDev = 1.296 ns
Min = 24.918 ns, Q1 = 25.917 ns, Median = 26.915 ns, Q3 = 27.131 ns, Max = 27.347 ns
IQR = 1.214 ns, LowerFence = 24.096 ns, UpperFence = 28.952 ns
ConfidenceInterval = [2.758 ns; 50.029 ns] (CI 99.9%), Margin = 23.636 ns (89.55% of Mean)
Skewness = -0.34, Kurtosis = 0.67, MValue = 2

// ** Remained 3 (8.3 %) benchmark(s) to run. Estimated finish 2026-09-27 7:28 (0h 1m from now) **
// **************************
// Benchmark: MediatorBenchmarks.PublishNotification_FiveHandlers: ShortRun(IterationCount=3, LaunchCount=1, WarmupCount=3)
// *** Execute ***
// Launch: 1 / 1
// Execute: dotnet "EricksonLopez.Mediator.Benchmarks-.NET 10.0-1.dll" --anonymousPipes 168 169 --benchmarkName EricksonLopez.Mediator.Benchmarks.MediatorBenchmarks.PublishNotification_FiveHandlers --job ShortRun --benchmarkId 15 in /home/runner/work/dotnet-mediator/dotnet-mediator/benchmarks/EricksonLopez.Mediator.Benchmarks/bin/Release/net10.0/EricksonLopez.Mediator.Benchmarks-.NET 10.0-1/bin/Release/net10.0
// Failed to set up high priority (Permission denied). In order to run benchmarks with high priority, make sure you have the right permissions.
// BeforeAnythingElse

// Benchmark Process Environment Information:
// BenchmarkDotNet v0.15.8
// Runtime=.NET 10.0.12 (10.0.12, 10.0.1226.42308), X64 RyuJIT x86-64-v4
// GC=Concurrent Workstation
// HardwareIntrinsics=AVX10v1,AVX512 BF16+FP16,AVX512 BITALG+VBMI2+VNNI+VPOPCNTDQ,AVX512 IFMA+VBMI,AVX512 F+BW+CD+DQ+VL,AVX2+BMI1+BMI2+F16C+FMA+LZCNT+MOVBE,AVX,SSE3+SSSE3+SSE4.1+SSE4.2+POPCNT,X86Base+SSE+SSE2,AES+PCLMUL,AvxVnni,SERIALIZE VectorSize=256
// Job: ShortRun(IterationCount=3, LaunchCount=1, WarmupCount=3)

OverheadJitting  1: 1 op, 141891.00 ns, 141.8910 us/op
WorkloadJitting  1: 1 op, 2058222.00 ns, 2.0582 ms/op

OverheadJitting  2: 16 op, 220515.00 ns, 13.7822 us/op
WorkloadJitting  2: 16 op, 1765819.00 ns, 110.3637 us/op

WorkloadPilot    1: 16 op, 213867.00 ns, 13.3667 us/op
WorkloadPilot    2: 32 op, 40533.00 ns, 1.2667 us/op
WorkloadPilot    3: 64 op, 95679.00 ns, 1.4950 us/op
WorkloadPilot    4: 128 op, 161047.00 ns, 1.2582 us/op
WorkloadPilot    5: 256 op, 283858.00 ns, 1.1088 us/op
WorkloadPilot    6: 512 op, 575067.00 ns, 1.1232 us/op
WorkloadPilot    7: 1024 op, 1145727.00 ns, 1.1189 us/op
WorkloadPilot    8: 2048 op, 2528431.00 ns, 1.2346 us/op
WorkloadPilot    9: 4096 op, 4833751.00 ns, 1.1801 us/op
WorkloadPilot   10: 8192 op, 9600708.00 ns, 1.1720 us/op
WorkloadPilot   11: 16384 op, 17965248.00 ns, 1.0965 us/op
WorkloadPilot   12: 32768 op, 34788998.00 ns, 1.0617 us/op
WorkloadPilot   13: 65536 op, 50795915.00 ns, 775.0842 ns/op
WorkloadPilot   14: 131072 op, 17851129.00 ns, 136.1933 ns/op
WorkloadPilot   15: 262144 op, 22065880.00 ns, 84.1747 ns/op
WorkloadPilot   16: 524288 op, 44534490.00 ns, 84.9428 ns/op
WorkloadPilot   17: 1048576 op, 73938459.00 ns, 70.5132 ns/op
WorkloadPilot   18: 2097152 op, 134765526.00 ns, 64.2612 ns/op
WorkloadPilot   19: 4194304 op, 269077559.00 ns, 64.1531 ns/op
WorkloadPilot   20: 8388608 op, 535650636.00 ns, 63.8545 ns/op

OverheadWarmup   1: 8388608 op, 16780157.00 ns, 2.0004 ns/op
OverheadWarmup   2: 8388608 op, 16827983.00 ns, 2.0061 ns/op
OverheadWarmup   3: 8388608 op, 16799436.00 ns, 2.0026 ns/op
OverheadWarmup   4: 8388608 op, 16816062.00 ns, 2.0046 ns/op
OverheadWarmup   5: 8388608 op, 16801332.00 ns, 2.0029 ns/op

OverheadActual   1: 8388608 op, 16761488.00 ns, 1.9981 ns/op
OverheadActual   2: 8388608 op, 16797565.00 ns, 2.0024 ns/op
OverheadActual   3: 8388608 op, 16780576.00 ns, 2.0004 ns/op
OverheadActual   4: 8388608 op, 16842980.00 ns, 2.0078 ns/op
OverheadActual   5: 8388608 op, 17062991.00 ns, 2.0341 ns/op
OverheadActual   6: 8388608 op, 16774776.00 ns, 1.9997 ns/op
OverheadActual   7: 8388608 op, 16823074.00 ns, 2.0055 ns/op
OverheadActual   8: 8388608 op, 16792696.00 ns, 2.0018 ns/op
OverheadActual   9: 8388608 op, 16781481.00 ns, 2.0005 ns/op
OverheadActual  10: 8388608 op, 16782056.00 ns, 2.0006 ns/op
OverheadActual  11: 8388608 op, 16834736.00 ns, 2.0069 ns/op
OverheadActual  12: 8388608 op, 16068590.00 ns, 1.9155 ns/op
OverheadActual  13: 8388608 op, 12788501.00 ns, 1.5245 ns/op
OverheadActual  14: 8388608 op, 12775350.00 ns, 1.5229 ns/op
OverheadActual  15: 8388608 op, 12723386.00 ns, 1.5167 ns/op
OverheadActual  16: 8388608 op, 12737484.00 ns, 1.5184 ns/op
OverheadActual  17: 8388608 op, 12769354.00 ns, 1.5222 ns/op
OverheadActual  18: 8388608 op, 12817511.00 ns, 1.5280 ns/op
OverheadActual  19: 8388608 op, 12732126.00 ns, 1.5178 ns/op
OverheadActual  20: 8388608 op, 12717402.00 ns, 1.5160 ns/op

WorkloadWarmup   1: 8388608 op, 573631684.00 ns, 68.3822 ns/op
WorkloadWarmup   2: 8388608 op, 537231497.00 ns, 64.0430 ns/op
WorkloadWarmup   3: 8388608 op, 534404222.00 ns, 63.7059 ns/op

// BeforeActualRun
WorkloadActual   1: 8388608 op, 537997215.00 ns, 64.1343 ns/op
WorkloadActual   2: 8388608 op, 537006655.00 ns, 64.0162 ns/op
WorkloadActual   3: 8388608 op, 530285707.00 ns, 63.2150 ns/op

// AfterActualRun
WorkloadResult   1: 8388608 op, 521229083.00 ns, 62.1353 ns/op
WorkloadResult   2: 8388608 op, 520238523.00 ns, 62.0173 ns/op
WorkloadResult   3: 8388608 op, 513517575.00 ns, 61.2161 ns/op
// GC:  12 0 0 1006632960 8388608
// Threading:  0 0 8388608

// AfterAll
// Benchmark Process 4951 has exited with code 0.

Mean = 61.790 ns, StdErr = 0.289 ns (0.47%), N = 3, StdDev = 0.500 ns
Min = 61.216 ns, Q1 = 61.617 ns, Median = 62.017 ns, Q3 = 62.076 ns, Max = 62.135 ns
IQR = 0.460 ns, LowerFence = 60.927 ns, UpperFence = 62.766 ns
ConfidenceInterval = [52.665 ns; 70.914 ns] (CI 99.9%), Margin = 9.125 ns (14.77% of Mean)
Skewness = -0.36, Kurtosis = 0.67, MValue = 2

// ** Remained 2 (5.6 %) benchmark(s) to run. Estimated finish 2026-09-27 7:28 (0h 0m from now) **
// **************************
// Benchmark: MediatorBenchmarks.PublishNotification_Parallel: ShortRun(IterationCount=3, LaunchCount=1, WarmupCount=3)
// *** Execute ***
// Launch: 1 / 1
// Execute: dotnet "EricksonLopez.Mediator.Benchmarks-.NET 10.0-1.dll" --anonymousPipes 168 169 --benchmarkName EricksonLopez.Mediator.Benchmarks.MediatorBenchmarks.PublishNotification_Parallel --job ShortRun --benchmarkId 16 in /home/runner/work/dotnet-mediator/dotnet-mediator/benchmarks/EricksonLopez.Mediator.Benchmarks/bin/Release/net10.0/EricksonLopez.Mediator.Benchmarks-.NET 10.0-1/bin/Release/net10.0
// Failed to set up high priority (Permission denied). In order to run benchmarks with high priority, make sure you have the right permissions.
// BeforeAnythingElse

// Benchmark Process Environment Information:
// BenchmarkDotNet v0.15.8
// Runtime=.NET 10.0.12 (10.0.12, 10.0.1226.42308), X64 RyuJIT x86-64-v4
// GC=Concurrent Workstation
// HardwareIntrinsics=AVX10v1,AVX512 BF16+FP16,AVX512 BITALG+VBMI2+VNNI+VPOPCNTDQ,AVX512 IFMA+VBMI,AVX512 F+BW+CD+DQ+VL,AVX2+BMI1+BMI2+F16C+FMA+LZCNT+MOVBE,AVX,SSE3+SSSE3+SSE4.1+SSE4.2+POPCNT,X86Base+SSE+SSE2,AES+PCLMUL,AvxVnni,SERIALIZE VectorSize=256
// Job: ShortRun(IterationCount=3, LaunchCount=1, WarmupCount=3)

OverheadJitting  1: 1 op, 153492.00 ns, 153.4920 us/op
WorkloadJitting  1: 1 op, 2085988.00 ns, 2.0860 ms/op

OverheadJitting  2: 16 op, 180745.00 ns, 11.2966 us/op
WorkloadJitting  2: 16 op, 1680488.00 ns, 105.0305 us/op

WorkloadPilot    1: 16 op, 167270.00 ns, 10.4544 us/op
WorkloadPilot    2: 32 op, 40433.00 ns, 1.2635 us/op
WorkloadPilot    3: 64 op, 53229.00 ns, 831.7031 ns/op
WorkloadPilot    4: 128 op, 87628.00 ns, 684.5938 ns/op
WorkloadPilot    5: 256 op, 171643.00 ns, 670.4805 ns/op
WorkloadPilot    6: 512 op, 299901.00 ns, 585.7441 ns/op
WorkloadPilot    7: 1024 op, 560818.00 ns, 547.6738 ns/op
WorkloadPilot    8: 2048 op, 1114814.00 ns, 544.3428 ns/op
WorkloadPilot    9: 4096 op, 2476894.00 ns, 604.7104 ns/op
WorkloadPilot   10: 8192 op, 4643636.00 ns, 566.8501 ns/op
WorkloadPilot   11: 16384 op, 9181695.00 ns, 560.4062 ns/op
WorkloadPilot   12: 32768 op, 18238870.00 ns, 556.6061 ns/op
WorkloadPilot   13: 65536 op, 36564839.00 ns, 557.9352 ns/op
WorkloadPilot   14: 131072 op, 64889604.00 ns, 495.0684 ns/op
WorkloadPilot   15: 262144 op, 32185681.00 ns, 122.7786 ns/op
WorkloadPilot   16: 524288 op, 56953417.00 ns, 108.6300 ns/op
WorkloadPilot   17: 1048576 op, 91990155.00 ns, 87.7286 ns/op
WorkloadPilot   18: 2097152 op, 182153073.00 ns, 86.8574 ns/op
WorkloadPilot   19: 4194304 op, 362810914.00 ns, 86.5009 ns/op
WorkloadPilot   20: 8388608 op, 755454436.00 ns, 90.0572 ns/op

OverheadWarmup   1: 8388608 op, 16849393.00 ns, 2.0086 ns/op
OverheadWarmup   2: 8388608 op, 16797319.00 ns, 2.0024 ns/op
OverheadWarmup   3: 8388608 op, 16774936.00 ns, 1.9997 ns/op
OverheadWarmup   4: 8388608 op, 16790907.00 ns, 2.0016 ns/op
OverheadWarmup   5: 8388608 op, 16774981.00 ns, 1.9997 ns/op
OverheadWarmup   6: 8388608 op, 16839231.00 ns, 2.0074 ns/op
OverheadWarmup   7: 8388608 op, 16774883.00 ns, 1.9997 ns/op

OverheadActual   1: 8388608 op, 16812197.00 ns, 2.0042 ns/op
OverheadActual   2: 8388608 op, 17155490.00 ns, 2.0451 ns/op
OverheadActual   3: 8388608 op, 17744959.00 ns, 2.1154 ns/op
OverheadActual   4: 8388608 op, 17378193.00 ns, 2.0716 ns/op
OverheadActual   5: 8388608 op, 18625783.00 ns, 2.2204 ns/op
OverheadActual   6: 8388608 op, 19181530.00 ns, 2.2866 ns/op
OverheadActual   7: 8388608 op, 19546811.00 ns, 2.3302 ns/op
OverheadActual   8: 8388608 op, 21272749.00 ns, 2.5359 ns/op
OverheadActual   9: 8388608 op, 20551742.00 ns, 2.4500 ns/op
OverheadActual  10: 8388608 op, 19613217.00 ns, 2.3381 ns/op
OverheadActual  11: 8388608 op, 19641950.00 ns, 2.3415 ns/op
OverheadActual  12: 8388608 op, 19233785.00 ns, 2.2928 ns/op
OverheadActual  13: 8388608 op, 18530777.00 ns, 2.2090 ns/op
OverheadActual  14: 8388608 op, 19100084.00 ns, 2.2769 ns/op
OverheadActual  15: 8388608 op, 14101443.00 ns, 1.6810 ns/op
OverheadActual  16: 8388608 op, 14068237.00 ns, 1.6771 ns/op
OverheadActual  17: 8388608 op, 14024950.00 ns, 1.6719 ns/op
OverheadActual  18: 8388608 op, 14119143.00 ns, 1.6831 ns/op
OverheadActual  19: 8388608 op, 14083279.00 ns, 1.6789 ns/op
OverheadActual  20: 8388608 op, 14131070.00 ns, 1.6846 ns/op

WorkloadWarmup   1: 8388608 op, 793619025.00 ns, 94.6068 ns/op
WorkloadWarmup   2: 8388608 op, 729350507.00 ns, 86.9454 ns/op
WorkloadWarmup   3: 8388608 op, 721825636.00 ns, 86.0483 ns/op

// BeforeActualRun
WorkloadActual   1: 8388608 op, 715115361.00 ns, 85.2484 ns/op
WorkloadActual   2: 8388608 op, 712415175.00 ns, 84.9265 ns/op
WorkloadActual   3: 8388608 op, 716410088.00 ns, 85.4027 ns/op

// AfterActualRun
WorkloadResult   1: 8388608 op, 696977493.00 ns, 83.0862 ns/op
WorkloadResult   2: 8388608 op, 694277307.00 ns, 82.7643 ns/op
WorkloadResult   3: 8388608 op, 698272220.00 ns, 83.2405 ns/op
// GC:  19 0 0 1610612736 8388608
// Threading:  0 0 8388608

// AfterAll
// Benchmark Process 4965 has exited with code 0.

Mean = 83.030 ns, StdErr = 0.140 ns (0.17%), N = 3, StdDev = 0.243 ns
Min = 82.764 ns, Q1 = 82.925 ns, Median = 83.086 ns, Q3 = 83.163 ns, Max = 83.241 ns
IQR = 0.238 ns, LowerFence = 82.568 ns, UpperFence = 83.521 ns
ConfidenceInterval = [78.598 ns; 87.463 ns] (CI 99.9%), Margin = 4.433 ns (5.34% of Mean)
Skewness = -0.22, Kurtosis = 0.67, MValue = 2

// ** Remained 1 (2.8 %) benchmark(s) to run. Estimated finish 2026-09-27 7:28 (0h 0m from now) **
// **************************
// Benchmark: MediatorBenchmarks.NestedSend: ShortRun(IterationCount=3, LaunchCount=1, WarmupCount=3)
// *** Execute ***
// Launch: 1 / 1
// Execute: dotnet "EricksonLopez.Mediator.Benchmarks-.NET 10.0-1.dll" --anonymousPipes 168 169 --benchmarkName EricksonLopez.Mediator.Benchmarks.MediatorBenchmarks.NestedSend --job ShortRun --benchmarkId 17 in /home/runner/work/dotnet-mediator/dotnet-mediator/benchmarks/EricksonLopez.Mediator.Benchmarks/bin/Release/net10.0/EricksonLopez.Mediator.Benchmarks-.NET 10.0-1/bin/Release/net10.0
// Failed to set up high priority (Permission denied). In order to run benchmarks with high priority, make sure you have the right permissions.
// BeforeAnythingElse

// Benchmark Process Environment Information:
// BenchmarkDotNet v0.15.8
// Runtime=.NET 10.0.12 (10.0.12, 10.0.1226.42308), X64 RyuJIT x86-64-v4
// GC=Concurrent Workstation
// HardwareIntrinsics=AVX10v1,AVX512 BF16+FP16,AVX512 BITALG+VBMI2+VNNI+VPOPCNTDQ,AVX512 IFMA+VBMI,AVX512 F+BW+CD+DQ+VL,AVX2+BMI1+BMI2+F16C+FMA+LZCNT+MOVBE,AVX,SSE3+SSSE3+SSE4.1+SSE4.2+POPCNT,X86Base+SSE+SSE2,AES+PCLMUL,AvxVnni,SERIALIZE VectorSize=256
// Job: ShortRun(IterationCount=3, LaunchCount=1, WarmupCount=3)

OverheadJitting  1: 1 op, 162912.00 ns, 162.9120 us/op
WorkloadJitting  1: 1 op, 1612858.00 ns, 1.6129 ms/op

OverheadJitting  2: 16 op, 332772.00 ns, 20.7983 us/op
WorkloadJitting  2: 16 op, 357727.00 ns, 22.3579 us/op

WorkloadPilot    1: 16 op, 14142.00 ns, 883.8750 ns/op
WorkloadPilot    2: 32 op, 18396.00 ns, 574.8750 ns/op
WorkloadPilot    3: 64 op, 35515.00 ns, 554.9219 ns/op
WorkloadPilot    4: 128 op, 54311.00 ns, 424.3047 ns/op
WorkloadPilot    5: 256 op, 100864.00 ns, 394.0000 ns/op
WorkloadPilot    6: 512 op, 181870.00 ns, 355.2148 ns/op
WorkloadPilot    7: 1024 op, 377177.00 ns, 368.3369 ns/op
WorkloadPilot    8: 2048 op, 725855.00 ns, 354.4214 ns/op
WorkloadPilot    9: 4096 op, 1481580.00 ns, 361.7139 ns/op
WorkloadPilot   10: 8192 op, 2893638.00 ns, 353.2273 ns/op
WorkloadPilot   11: 16384 op, 5722650.00 ns, 349.2828 ns/op
WorkloadPilot   12: 32768 op, 11315079.00 ns, 345.3088 ns/op
WorkloadPilot   13: 65536 op, 22511840.00 ns, 343.5034 ns/op
WorkloadPilot   14: 131072 op, 44989600.00 ns, 343.2434 ns/op
WorkloadPilot   15: 262144 op, 45488555.00 ns, 173.5251 ns/op
WorkloadPilot   16: 524288 op, 26330664.00 ns, 50.2218 ns/op
WorkloadPilot   17: 1048576 op, 51235546.00 ns, 48.8620 ns/op
WorkloadPilot   18: 2097152 op, 104291242.00 ns, 49.7299 ns/op
WorkloadPilot   19: 4194304 op, 197900044.00 ns, 47.1830 ns/op
WorkloadPilot   20: 8388608 op, 368186993.00 ns, 43.8913 ns/op
WorkloadPilot   21: 16777216 op, 737615252.00 ns, 43.9653 ns/op

OverheadWarmup   1: 16777216 op, 52518572.00 ns, 3.1304 ns/op
OverheadWarmup   2: 16777216 op, 51774477.00 ns, 3.0860 ns/op
OverheadWarmup   3: 16777216 op, 51565043.00 ns, 3.0735 ns/op
OverheadWarmup   4: 16777216 op, 49635945.00 ns, 2.9585 ns/op
OverheadWarmup   5: 16777216 op, 39532444.00 ns, 2.3563 ns/op
OverheadWarmup   6: 16777216 op, 39477075.00 ns, 2.3530 ns/op
OverheadWarmup   7: 16777216 op, 39447096.00 ns, 2.3512 ns/op
OverheadWarmup   8: 16777216 op, 39579747.00 ns, 2.3591 ns/op
OverheadWarmup   9: 16777216 op, 39325577.00 ns, 2.3440 ns/op
OverheadWarmup  10: 16777216 op, 39354111.00 ns, 2.3457 ns/op

OverheadActual   1: 16777216 op, 39404909.00 ns, 2.3487 ns/op
OverheadActual   2: 16777216 op, 39433226.00 ns, 2.3504 ns/op
OverheadActual   3: 16777216 op, 39632255.00 ns, 2.3623 ns/op
OverheadActual   4: 16777216 op, 39596791.00 ns, 2.3602 ns/op
OverheadActual   5: 16777216 op, 39409628.00 ns, 2.3490 ns/op
OverheadActual   6: 16777216 op, 39611359.00 ns, 2.3610 ns/op
OverheadActual   7: 16777216 op, 39506820.00 ns, 2.3548 ns/op
OverheadActual   8: 16777216 op, 39496710.00 ns, 2.3542 ns/op
OverheadActual   9: 16777216 op, 39429576.00 ns, 2.3502 ns/op
OverheadActual  10: 16777216 op, 39591442.00 ns, 2.3598 ns/op
OverheadActual  11: 16777216 op, 39606369.00 ns, 2.3607 ns/op
OverheadActual  12: 16777216 op, 39591629.00 ns, 2.3598 ns/op
OverheadActual  13: 16777216 op, 40099424.00 ns, 2.3901 ns/op
OverheadActual  14: 16777216 op, 39882589.00 ns, 2.3772 ns/op
OverheadActual  15: 16777216 op, 39504024.00 ns, 2.3546 ns/op

WorkloadWarmup   1: 16777216 op, 764471976.00 ns, 45.5661 ns/op
WorkloadWarmup   2: 16777216 op, 750068270.00 ns, 44.7076 ns/op
WorkloadWarmup   3: 16777216 op, 744161436.00 ns, 44.3555 ns/op

// BeforeActualRun
WorkloadActual   1: 16777216 op, 744896082.00 ns, 44.3993 ns/op
WorkloadActual   2: 16777216 op, 743494600.00 ns, 44.3157 ns/op
WorkloadActual   3: 16777216 op, 744779771.00 ns, 44.3923 ns/op

// AfterActualRun
WorkloadResult   1: 16777216 op, 705304640.00 ns, 42.0394 ns/op
WorkloadResult   2: 16777216 op, 703903158.00 ns, 41.9559 ns/op
WorkloadResult   3: 16777216 op, 705188329.00 ns, 42.0325 ns/op
// GC:  4 0 0 402653184 16777216
// Threading:  0 0 16777216

// AfterAll
// Benchmark Process 4979 has exited with code 0.

Mean = 42.009 ns, StdErr = 0.027 ns (0.06%), N = 3, StdDev = 0.046 ns
Min = 41.956 ns, Q1 = 41.994 ns, Median = 42.032 ns, Q3 = 42.036 ns, Max = 42.039 ns
IQR = 0.042 ns, LowerFence = 41.932 ns, UpperFence = 42.099 ns
ConfidenceInterval = [41.164 ns; 42.855 ns] (CI 99.9%), Margin = 0.846 ns (2.01% of Mean)
Skewness = -0.38, Kurtosis = 0.67, MValue = 2

// ** Remained 0 (0.0 %) benchmark(s) to run. Estimated finish 2026-09-27 7:28 (0h 0m from now) **
// ***** BenchmarkRunner: Finish  *****

// * Export *
  benchmarks/results/results/EricksonLopez.Mediator.Benchmarks.MediatorBenchmarks-report.csv
  benchmarks/results/results/EricksonLopez.Mediator.Benchmarks.MediatorBenchmarks-report-github.md
  benchmarks/results/results/EricksonLopez.Mediator.Benchmarks.MediatorBenchmarks-report.html
  benchmarks/results/results/EricksonLopez.Mediator.Benchmarks.MediatorBenchmarks-report-full-compressed.json
  benchmarks/results/results/EricksonLopez.Mediator.Benchmarks.MediatorBenchmarks-report-default.md

// * Detailed results *
MediatorBenchmarks.DirectCall: .NET 10.0(Runtime=.NET 10.0, Toolchain=net10.0)
Runtime = .NET 10.0.12 (10.0.12, 10.0.1226.42308), X64 RyuJIT x86-64-v4; GC = Concurrent Workstation
Mean = 0.199 ns, StdErr = 0.001 ns (0.31%), N = 15, StdDev = 0.002 ns
Min = 0.196 ns, Q1 = 0.197 ns, Median = 0.198 ns, Q3 = 0.200 ns, Max = 0.204 ns
IQR = 0.004 ns, LowerFence = 0.191 ns, UpperFence = 0.206 ns
ConfidenceInterval = [0.196 ns; 0.201 ns] (CI 99.9%), Margin = 0.003 ns (1.30% of Mean)
Skewness = 0.85, Kurtosis = 2.52, MValue = 2
-------------------- Histogram --------------------
[0.195 ns ; 0.206 ns) | @@@@@@@@@@@@@@@
---------------------------------------------------

MediatorBenchmarks.SendCommand_NoBehaviors: .NET 10.0(Runtime=.NET 10.0, Toolchain=net10.0)
Runtime = .NET 10.0.12 (10.0.12, 10.0.1226.42308), X64 RyuJIT x86-64-v4; GC = Concurrent Workstation
Mean = 14.426 ns, StdErr = 0.005 ns (0.04%), N = 13, StdDev = 0.019 ns
Min = 14.399 ns, Q1 = 14.414 ns, Median = 14.422 ns, Q3 = 14.440 ns, Max = 14.460 ns
IQR = 0.026 ns, LowerFence = 14.375 ns, UpperFence = 14.479 ns
ConfidenceInterval = [14.403 ns; 14.448 ns] (CI 99.9%), Margin = 0.022 ns (0.15% of Mean)
Skewness = 0.22, Kurtosis = 1.79, MValue = 2
-------------------- Histogram --------------------
[14.388 ns ; 14.470 ns) | @@@@@@@@@@@@@
---------------------------------------------------

MediatorBenchmarks.SendQuery_NoBehaviors: .NET 10.0(Runtime=.NET 10.0, Toolchain=net10.0)
Runtime = .NET 10.0.12 (10.0.12, 10.0.1226.42308), X64 RyuJIT x86-64-v4; GC = Concurrent Workstation
Mean = 9.080 ns, StdErr = 0.054 ns (0.60%), N = 15, StdDev = 0.211 ns
Min = 8.879 ns, Q1 = 8.905 ns, Median = 9.005 ns, Q3 = 9.239 ns, Max = 9.483 ns
IQR = 0.334 ns, LowerFence = 8.405 ns, UpperFence = 9.739 ns
ConfidenceInterval = [8.855 ns; 9.305 ns] (CI 99.9%), Margin = 0.225 ns (2.48% of Mean)
Skewness = 0.7, Kurtosis = 1.82, MValue = 2.6
-------------------- Histogram --------------------
[8.852 ns ; 9.076 ns) | @@@@@@@@@@
[9.076 ns ; 9.277 ns) | @
[9.277 ns ; 9.502 ns) | @@@@
---------------------------------------------------

MediatorBenchmarks.SendCommand_OneBehavior: .NET 10.0(Runtime=.NET 10.0, Toolchain=net10.0)
Runtime = .NET 10.0.12 (10.0.12, 10.0.1226.42308), X64 RyuJIT x86-64-v4; GC = Concurrent Workstation
Mean = 24.876 ns, StdErr = 0.043 ns (0.17%), N = 13, StdDev = 0.156 ns
Min = 24.617 ns, Q1 = 24.780 ns, Median = 24.880 ns, Q3 = 24.973 ns, Max = 25.213 ns
IQR = 0.193 ns, LowerFence = 24.491 ns, UpperFence = 25.262 ns
ConfidenceInterval = [24.690 ns; 25.063 ns] (CI 99.9%), Margin = 0.187 ns (0.75% of Mean)
Skewness = 0.4, Kurtosis = 2.55, MValue = 2
-------------------- Histogram --------------------
[24.530 ns ; 25.300 ns) | @@@@@@@@@@@@@
---------------------------------------------------

MediatorBenchmarks.SendCommand_FiveBehaviors: .NET 10.0(Runtime=.NET 10.0, Toolchain=net10.0)
Runtime = .NET 10.0.12 (10.0.12, 10.0.1226.42308), X64 RyuJIT x86-64-v4; GC = Concurrent Workstation
Mean = 80.359 ns, StdErr = 0.038 ns (0.05%), N = 14, StdDev = 0.141 ns
Min = 80.217 ns, Q1 = 80.260 ns, Median = 80.319 ns, Q3 = 80.416 ns, Max = 80.689 ns
IQR = 0.157 ns, LowerFence = 80.024 ns, UpperFence = 80.652 ns
ConfidenceInterval = [80.200 ns; 80.519 ns] (CI 99.9%), Margin = 0.159 ns (0.20% of Mean)
Skewness = 0.95, Kurtosis = 2.74, MValue = 2
-------------------- Histogram --------------------
[80.140 ns ; 80.766 ns) | @@@@@@@@@@@@@@
---------------------------------------------------

MediatorBenchmarks.PublishNotification_OneHandler: .NET 10.0(Runtime=.NET 10.0, Toolchain=net10.0)
Runtime = .NET 10.0.12 (10.0.12, 10.0.1226.42308), X64 RyuJIT x86-64-v4; GC = Concurrent Workstation
Mean = 25.507 ns, StdErr = 0.044 ns (0.17%), N = 14, StdDev = 0.163 ns
Min = 25.264 ns, Q1 = 25.379 ns, Median = 25.472 ns, Q3 = 25.666 ns, Max = 25.783 ns
IQR = 0.287 ns, LowerFence = 24.949 ns, UpperFence = 26.097 ns
ConfidenceInterval = [25.324 ns; 25.691 ns] (CI 99.9%), Margin = 0.184 ns (0.72% of Mean)
Skewness = 0.23, Kurtosis = 1.47, MValue = 2
-------------------- Histogram --------------------
[25.175 ns ; 25.872 ns) | @@@@@@@@@@@@@@
---------------------------------------------------

MediatorBenchmarks.PublishNotification_FiveHandlers: .NET 10.0(Runtime=.NET 10.0, Toolchain=net10.0)
Runtime = .NET 10.0.12 (10.0.12, 10.0.1226.42308), X64 RyuJIT x86-64-v4; GC = Concurrent Workstation
Mean = 60.144 ns, StdErr = 0.195 ns (0.32%), N = 15, StdDev = 0.756 ns
Min = 59.052 ns, Q1 = 59.640 ns, Median = 60.042 ns, Q3 = 60.455 ns, Max = 61.588 ns
IQR = 0.815 ns, LowerFence = 58.418 ns, UpperFence = 61.677 ns
ConfidenceInterval = [59.335 ns; 60.952 ns] (CI 99.9%), Margin = 0.808 ns (1.34% of Mean)
Skewness = 0.5, Kurtosis = 2.07, MValue = 2
-------------------- Histogram --------------------
[58.649 ns ; 60.468 ns) | @@@@@@@@@@@
[60.468 ns ; 61.991 ns) | @@@@
---------------------------------------------------

MediatorBenchmarks.PublishNotification_Parallel: .NET 10.0(Runtime=.NET 10.0, Toolchain=net10.0)
Runtime = .NET 10.0.12 (10.0.12, 10.0.1226.42308), X64 RyuJIT x86-64-v4; GC = Concurrent Workstation
Mean = 83.848 ns, StdErr = 0.435 ns (0.52%), N = 21, StdDev = 1.993 ns
Min = 81.229 ns, Q1 = 82.206 ns, Median = 83.151 ns, Q3 = 85.111 ns, Max = 87.972 ns
IQR = 2.905 ns, LowerFence = 77.849 ns, UpperFence = 89.469 ns
ConfidenceInterval = [82.173 ns; 85.522 ns] (CI 99.9%), Margin = 1.675 ns (2.00% of Mean)
Skewness = 0.51, Kurtosis = 1.98, MValue = 2
-------------------- Histogram --------------------
[80.281 ns ; 83.282 ns) | @@@@@@@@@@@
[83.282 ns ; 85.664 ns) | @@@@@@
[85.664 ns ; 88.921 ns) | @@@@
---------------------------------------------------

MediatorBenchmarks.NestedSend: .NET 10.0(Runtime=.NET 10.0, Toolchain=net10.0)
Runtime = .NET 10.0.12 (10.0.12, 10.0.1226.42308), X64 RyuJIT x86-64-v4; GC = Concurrent Workstation
Mean = 39.110 ns, StdErr = 0.191 ns (0.49%), N = 16, StdDev = 0.764 ns
Min = 38.185 ns, Q1 = 38.543 ns, Median = 38.910 ns, Q3 = 39.569 ns, Max = 41.043 ns
IQR = 1.027 ns, LowerFence = 37.002 ns, UpperFence = 41.109 ns
ConfidenceInterval = [38.332 ns; 39.888 ns] (CI 99.9%), Margin = 0.778 ns (1.99% of Mean)
Skewness = 0.96, Kurtosis = 3.12, MValue = 2
-------------------- Histogram --------------------
[37.787 ns ; 39.157 ns) | @@@@@@@@@@
[39.157 ns ; 40.579 ns) | @@@@@
[40.579 ns ; 41.441 ns) | @
---------------------------------------------------

MediatorBenchmarks.DirectCall: .NET 8.0(Runtime=.NET 8.0, Toolchain=net8.0)
Runtime = .NET 8.0.31 (8.0.31, 8.0.3126.42015), X64 RyuJIT x86-64-v4; GC = Concurrent Workstation
Mean = 0.000 ns, StdErr = 0.000 ns (NaN%), N = 13, StdDev = 0.000 ns
Min = 0.000 ns, Q1 = 0.000 ns, Median = 0.000 ns, Q3 = 0.000 ns, Max = 0.000 ns
IQR = 0.000 ns, LowerFence = 0.000 ns, UpperFence = 0.000 ns
ConfidenceInterval = [0.000 ns; 0.000 ns] (CI 99.9%), Margin = 0.000 ns (NaN% of Mean)
Skewness = NaN, Kurtosis = NaN, MValue = 2
-------------------- Histogram --------------------
[0.000 ns ; 0.500 ns) | @@@@@@@@@@@@@
---------------------------------------------------

MediatorBenchmarks.SendCommand_NoBehaviors: .NET 8.0(Runtime=.NET 8.0, Toolchain=net8.0)
Runtime = .NET 8.0.31 (8.0.31, 8.0.3126.42015), X64 RyuJIT x86-64-v4; GC = Concurrent Workstation
Mean = 16.522 ns, StdErr = 0.057 ns (0.34%), N = 16, StdDev = 0.227 ns
Min = 16.372 ns, Q1 = 16.414 ns, Median = 16.430 ns, Q3 = 16.522 ns, Max = 17.199 ns
IQR = 0.107 ns, LowerFence = 16.254 ns, UpperFence = 16.683 ns
ConfidenceInterval = [16.291 ns; 16.753 ns] (CI 99.9%), Margin = 0.231 ns (1.40% of Mean)
Skewness = 2.02, Kurtosis = 5.86, MValue = 2
-------------------- Histogram --------------------
[16.292 ns ; 16.784 ns) | @@@@@@@@@@@@@@
[16.784 ns ; 17.317 ns) | @@
---------------------------------------------------

MediatorBenchmarks.SendQuery_NoBehaviors: .NET 8.0(Runtime=.NET 8.0, Toolchain=net8.0)
Runtime = .NET 8.0.31 (8.0.31, 8.0.3126.42015), X64 RyuJIT x86-64-v4; GC = Concurrent Workstation
Mean = 15.697 ns, StdErr = 0.069 ns (0.44%), N = 14, StdDev = 0.260 ns
Min = 15.456 ns, Q1 = 15.515 ns, Median = 15.550 ns, Q3 = 15.893 ns, Max = 16.263 ns
IQR = 0.378 ns, LowerFence = 14.948 ns, UpperFence = 16.460 ns
ConfidenceInterval = [15.404 ns; 15.990 ns] (CI 99.9%), Margin = 0.293 ns (1.87% of Mean)
Skewness = 0.83, Kurtosis = 2.22, MValue = 2
-------------------- Histogram --------------------
[15.422 ns ; 15.845 ns) | @@@@@@@@@@
[15.845 ns ; 16.404 ns) | @@@@
---------------------------------------------------

MediatorBenchmarks.SendCommand_OneBehavior: .NET 8.0(Runtime=.NET 8.0, Toolchain=net8.0)
Runtime = .NET 8.0.31 (8.0.31, 8.0.3126.42015), X64 RyuJIT x86-64-v4; GC = Concurrent Workstation
Mean = 32.901 ns, StdErr = 0.189 ns (0.57%), N = 27, StdDev = 0.983 ns
Min = 31.669 ns, Q1 = 31.931 ns, Median = 33.078 ns, Q3 = 33.654 ns, Max = 34.742 ns
IQR = 1.723 ns, LowerFence = 29.347 ns, UpperFence = 36.238 ns
ConfidenceInterval = [32.200 ns; 33.602 ns] (CI 99.9%), Margin = 0.701 ns (2.13% of Mean)
Skewness = 0.29, Kurtosis = 1.61, MValue = 2
-------------------- Histogram --------------------
[31.608 ns ; 32.468 ns) | @@@@@@@@@@@@@
[32.468 ns ; 33.879 ns) | @@@@@@@@@@
[33.879 ns ; 34.835 ns) | @@@@
---------------------------------------------------

MediatorBenchmarks.SendCommand_FiveBehaviors: .NET 8.0(Runtime=.NET 8.0, Toolchain=net8.0)
Runtime = .NET 8.0.31 (8.0.31, 8.0.3126.42015), X64 RyuJIT x86-64-v4; GC = Concurrent Workstation
Mean = 160.915 ns, StdErr = 0.035 ns (0.02%), N = 13, StdDev = 0.126 ns
Min = 160.711 ns, Q1 = 160.840 ns, Median = 160.910 ns, Q3 = 160.983 ns, Max = 161.123 ns
IQR = 0.143 ns, LowerFence = 160.626 ns, UpperFence = 161.196 ns
ConfidenceInterval = [160.763 ns; 161.066 ns] (CI 99.9%), Margin = 0.151 ns (0.09% of Mean)
Skewness = -0.01, Kurtosis = 1.98, MValue = 2
-------------------- Histogram --------------------
[160.640 ns ; 161.194 ns) | @@@@@@@@@@@@@
---------------------------------------------------

MediatorBenchmarks.PublishNotification_OneHandler: .NET 8.0(Runtime=.NET 8.0, Toolchain=net8.0)
Runtime = .NET 8.0.31 (8.0.31, 8.0.3126.42015), X64 RyuJIT x86-64-v4; GC = Concurrent Workstation
Mean = 33.857 ns, StdErr = 0.035 ns (0.10%), N = 12, StdDev = 0.122 ns
Min = 33.595 ns, Q1 = 33.802 ns, Median = 33.841 ns, Q3 = 33.944 ns, Max = 34.018 ns
IQR = 0.142 ns, LowerFence = 33.589 ns, UpperFence = 34.158 ns
ConfidenceInterval = [33.701 ns; 34.013 ns] (CI 99.9%), Margin = 0.156 ns (0.46% of Mean)
Skewness = -0.47, Kurtosis = 2.41, MValue = 2
-------------------- Histogram --------------------
[33.525 ns ; 34.088 ns) | @@@@@@@@@@@@
---------------------------------------------------

MediatorBenchmarks.PublishNotification_FiveHandlers: .NET 8.0(Runtime=.NET 8.0, Toolchain=net8.0)
Runtime = .NET 8.0.31 (8.0.31, 8.0.3126.42015), X64 RyuJIT x86-64-v4; GC = Concurrent Workstation
Mean = 81.241 ns, StdErr = 0.371 ns (0.46%), N = 15, StdDev = 1.436 ns
Min = 78.570 ns, Q1 = 80.332 ns, Median = 81.588 ns, Q3 = 82.311 ns, Max = 83.524 ns
IQR = 1.979 ns, LowerFence = 77.364 ns, UpperFence = 85.279 ns
ConfidenceInterval = [79.707 ns; 82.776 ns] (CI 99.9%), Margin = 1.535 ns (1.89% of Mean)
Skewness = -0.41, Kurtosis = 1.89, MValue = 2
-------------------- Histogram --------------------
[77.806 ns ; 80.915 ns) | @@@@@@
[80.915 ns ; 84.288 ns) | @@@@@@@@@
---------------------------------------------------

MediatorBenchmarks.PublishNotification_Parallel: .NET 8.0(Runtime=.NET 8.0, Toolchain=net8.0)
Runtime = .NET 8.0.31 (8.0.31, 8.0.3126.42015), X64 RyuJIT x86-64-v4; GC = Concurrent Workstation
Mean = 101.637 ns, StdErr = 0.501 ns (0.49%), N = 18, StdDev = 2.124 ns
Min = 97.902 ns, Q1 = 100.522 ns, Median = 101.630 ns, Q3 = 102.627 ns, Max = 105.577 ns
IQR = 2.104 ns, LowerFence = 97.366 ns, UpperFence = 105.784 ns
ConfidenceInterval = [99.652 ns; 103.621 ns] (CI 99.9%), Margin = 1.985 ns (1.95% of Mean)
Skewness = 0.31, Kurtosis = 2.31, MValue = 2
-------------------- Histogram --------------------
[ 97.570 ns ;  99.807 ns) | @@@
[ 99.807 ns ; 101.934 ns) | @@@@@@@@@
[101.934 ns ; 106.640 ns) | @@@@@@
---------------------------------------------------

MediatorBenchmarks.NestedSend: .NET 8.0(Runtime=.NET 8.0, Toolchain=net8.0)
Runtime = .NET 8.0.31 (8.0.31, 8.0.3126.42015), X64 RyuJIT x86-64-v4; GC = Concurrent Workstation
Mean = 48.584 ns, StdErr = 0.102 ns (0.21%), N = 12, StdDev = 0.352 ns
Min = 48.227 ns, Q1 = 48.330 ns, Median = 48.515 ns, Q3 = 48.753 ns, Max = 49.502 ns
IQR = 0.423 ns, LowerFence = 47.695 ns, UpperFence = 49.387 ns
ConfidenceInterval = [48.133 ns; 49.035 ns] (CI 99.9%), Margin = 0.451 ns (0.93% of Mean)
Skewness = 1.28, Kurtosis = 4.06, MValue = 2
-------------------- Histogram --------------------
[48.025 ns ; 49.704 ns) | @@@@@@@@@@@@
---------------------------------------------------

MediatorBenchmarks.DirectCall: .NET 9.0(Runtime=.NET 9.0, Toolchain=net9.0)
Runtime = .NET 9.0.20 (9.0.20, 9.0.2026.41315), X64 RyuJIT x86-64-v4; GC = Concurrent Workstation
Mean = 0.526 ns, StdErr = 0.014 ns (2.71%), N = 15, StdDev = 0.055 ns
Min = 0.494 ns, Q1 = 0.496 ns, Median = 0.498 ns, Q3 = 0.522 ns, Max = 0.686 ns
IQR = 0.025 ns, LowerFence = 0.458 ns, UpperFence = 0.560 ns
ConfidenceInterval = [0.467 ns; 0.585 ns] (CI 99.9%), Margin = 0.059 ns (11.22% of Mean)
Skewness = 1.78, Kurtosis = 5.09, MValue = 2
-------------------- Histogram --------------------
[0.481 ns ; 0.539 ns) | @@@@@@@@@@@@
[0.539 ns ; 0.561 ns) | 
[0.561 ns ; 0.620 ns) | @@
[0.620 ns ; 0.657 ns) | 
[0.657 ns ; 0.716 ns) | @
---------------------------------------------------

MediatorBenchmarks.SendCommand_NoBehaviors: .NET 9.0(Runtime=.NET 9.0, Toolchain=net9.0)
Runtime = .NET 9.0.20 (9.0.20, 9.0.2026.41315), X64 RyuJIT x86-64-v4; GC = Concurrent Workstation
Mean = 13.743 ns, StdErr = 0.004 ns (0.03%), N = 12, StdDev = 0.013 ns
Min = 13.724 ns, Q1 = 13.736 ns, Median = 13.742 ns, Q3 = 13.748 ns, Max = 13.765 ns
IQR = 0.013 ns, LowerFence = 13.717 ns, UpperFence = 13.767 ns
ConfidenceInterval = [13.726 ns; 13.759 ns] (CI 99.9%), Margin = 0.017 ns (0.12% of Mean)
Skewness = 0.36, Kurtosis = 2.01, MValue = 2
-------------------- Histogram --------------------
[13.716 ns ; 13.773 ns) | @@@@@@@@@@@@
---------------------------------------------------

MediatorBenchmarks.SendQuery_NoBehaviors: .NET 9.0(Runtime=.NET 9.0, Toolchain=net9.0)
Runtime = .NET 9.0.20 (9.0.20, 9.0.2026.41315), X64 RyuJIT x86-64-v4; GC = Concurrent Workstation
Mean = 10.626 ns, StdErr = 0.005 ns (0.04%), N = 15, StdDev = 0.018 ns
Min = 10.601 ns, Q1 = 10.611 ns, Median = 10.625 ns, Q3 = 10.639 ns, Max = 10.659 ns
IQR = 0.028 ns, LowerFence = 10.568 ns, UpperFence = 10.681 ns
ConfidenceInterval = [10.606 ns; 10.645 ns] (CI 99.9%), Margin = 0.019 ns (0.18% of Mean)
Skewness = 0.21, Kurtosis = 1.76, MValue = 2
-------------------- Histogram --------------------
[10.591 ns ; 10.669 ns) | @@@@@@@@@@@@@@@
---------------------------------------------------

MediatorBenchmarks.SendCommand_OneBehavior: .NET 9.0(Runtime=.NET 9.0, Toolchain=net9.0)
Runtime = .NET 9.0.20 (9.0.20, 9.0.2026.41315), X64 RyuJIT x86-64-v4; GC = Concurrent Workstation
Mean = 30.453 ns, StdErr = 0.027 ns (0.09%), N = 12, StdDev = 0.093 ns
Min = 30.320 ns, Q1 = 30.386 ns, Median = 30.458 ns, Q3 = 30.499 ns, Max = 30.658 ns
IQR = 0.112 ns, LowerFence = 30.217 ns, UpperFence = 30.667 ns
ConfidenceInterval = [30.334 ns; 30.572 ns] (CI 99.9%), Margin = 0.119 ns (0.39% of Mean)
Skewness = 0.44, Kurtosis = 2.68, MValue = 2
-------------------- Histogram --------------------
[30.267 ns ; 30.711 ns) | @@@@@@@@@@@@
---------------------------------------------------

MediatorBenchmarks.SendCommand_FiveBehaviors: .NET 9.0(Runtime=.NET 9.0, Toolchain=net9.0)
Runtime = .NET 9.0.20 (9.0.20, 9.0.2026.41315), X64 RyuJIT x86-64-v4; GC = Concurrent Workstation
Mean = 132.186 ns, StdErr = 0.053 ns (0.04%), N = 12, StdDev = 0.182 ns
Min = 131.958 ns, Q1 = 132.015 ns, Median = 132.177 ns, Q3 = 132.278 ns, Max = 132.484 ns
IQR = 0.263 ns, LowerFence = 131.621 ns, UpperFence = 132.673 ns
ConfidenceInterval = [131.953 ns; 132.419 ns] (CI 99.9%), Margin = 0.233 ns (0.18% of Mean)
Skewness = 0.41, Kurtosis = 1.71, MValue = 2
-------------------- Histogram --------------------
[131.854 ns ; 132.589 ns) | @@@@@@@@@@@@
---------------------------------------------------

MediatorBenchmarks.PublishNotification_OneHandler: .NET 9.0(Runtime=.NET 9.0, Toolchain=net9.0)
Runtime = .NET 9.0.20 (9.0.20, 9.0.2026.41315), X64 RyuJIT x86-64-v4; GC = Concurrent Workstation
Mean = 32.292 ns, StdErr = 0.043 ns (0.13%), N = 13, StdDev = 0.156 ns
Min = 32.029 ns, Q1 = 32.203 ns, Median = 32.269 ns, Q3 = 32.350 ns, Max = 32.588 ns
IQR = 0.147 ns, LowerFence = 31.983 ns, UpperFence = 32.570 ns
ConfidenceInterval = [32.105 ns; 32.478 ns] (CI 99.9%), Margin = 0.187 ns (0.58% of Mean)
Skewness = 0.42, Kurtosis = 2.29, MValue = 2
-------------------- Histogram --------------------
[31.942 ns ; 32.675 ns) | @@@@@@@@@@@@@
---------------------------------------------------

MediatorBenchmarks.PublishNotification_FiveHandlers: .NET 9.0(Runtime=.NET 9.0, Toolchain=net9.0)
Runtime = .NET 9.0.20 (9.0.20, 9.0.2026.41315), X64 RyuJIT x86-64-v4; GC = Concurrent Workstation
Mean = 74.884 ns, StdErr = 0.026 ns (0.03%), N = 13, StdDev = 0.094 ns
Min = 74.726 ns, Q1 = 74.842 ns, Median = 74.867 ns, Q3 = 74.890 ns, Max = 75.085 ns
IQR = 0.048 ns, LowerFence = 74.770 ns, UpperFence = 74.963 ns
ConfidenceInterval = [74.771 ns; 74.996 ns] (CI 99.9%), Margin = 0.112 ns (0.15% of Mean)
Skewness = 0.82, Kurtosis = 3.13, MValue = 2
-------------------- Histogram --------------------
[74.673 ns ; 75.138 ns) | @@@@@@@@@@@@@
---------------------------------------------------

MediatorBenchmarks.PublishNotification_Parallel: .NET 9.0(Runtime=.NET 9.0, Toolchain=net9.0)
Runtime = .NET 9.0.20 (9.0.20, 9.0.2026.41315), X64 RyuJIT x86-64-v4; GC = Concurrent Workstation
Mean = 94.948 ns, StdErr = 0.201 ns (0.21%), N = 13, StdDev = 0.724 ns
Min = 93.915 ns, Q1 = 94.563 ns, Median = 94.812 ns, Q3 = 95.046 ns, Max = 96.605 ns
IQR = 0.483 ns, LowerFence = 93.839 ns, UpperFence = 95.771 ns
ConfidenceInterval = [94.081 ns; 95.814 ns] (CI 99.9%), Margin = 0.867 ns (0.91% of Mean)
Skewness = 0.78, Kurtosis = 2.83, MValue = 2
-------------------- Histogram --------------------
[93.784 ns ; 97.009 ns) | @@@@@@@@@@@@@
---------------------------------------------------

MediatorBenchmarks.NestedSend: .NET 9.0(Runtime=.NET 9.0, Toolchain=net9.0)
Runtime = .NET 9.0.20 (9.0.20, 9.0.2026.41315), X64 RyuJIT x86-64-v4; GC = Concurrent Workstation
Mean = 43.563 ns, StdErr = 0.034 ns (0.08%), N = 14, StdDev = 0.128 ns
Min = 43.358 ns, Q1 = 43.486 ns, Median = 43.528 ns, Q3 = 43.603 ns, Max = 43.869 ns
IQR = 0.117 ns, LowerFence = 43.309 ns, UpperFence = 43.779 ns
ConfidenceInterval = [43.419 ns; 43.707 ns] (CI 99.9%), Margin = 0.144 ns (0.33% of Mean)
Skewness = 0.81, Kurtosis = 3.1, MValue = 2
-------------------- Histogram --------------------
[43.288 ns ; 43.938 ns) | @@@@@@@@@@@@@@
---------------------------------------------------

MediatorBenchmarks.DirectCall: ShortRun(IterationCount=3, LaunchCount=1, WarmupCount=3)
Runtime = .NET 10.0.12 (10.0.12, 10.0.1226.42308), X64 RyuJIT x86-64-v4; GC = Concurrent Workstation
Mean = 0.235 ns, StdErr = 0.005 ns (2.17%), N = 3, StdDev = 0.009 ns
Min = 0.230 ns, Q1 = 0.230 ns, Median = 0.230 ns, Q3 = 0.238 ns, Max = 0.246 ns
IQR = 0.008 ns, LowerFence = 0.219 ns, UpperFence = 0.250 ns
ConfidenceInterval = [0.074 ns; 0.397 ns] (CI 99.9%), Margin = 0.161 ns (68.55% of Mean)
Skewness = 0.38, Kurtosis = 0.67, MValue = 2
-------------------- Histogram --------------------
[0.230 ns ; 0.246 ns) | @@@
---------------------------------------------------

MediatorBenchmarks.SendCommand_NoBehaviors: ShortRun(IterationCount=3, LaunchCount=1, WarmupCount=3)
Runtime = .NET 10.0.12 (10.0.12, 10.0.1226.42308), X64 RyuJIT x86-64-v4; GC = Concurrent Workstation
Mean = 12.805 ns, StdErr = 0.011 ns (0.09%), N = 3, StdDev = 0.019 ns
Min = 12.790 ns, Q1 = 12.795 ns, Median = 12.799 ns, Q3 = 12.813 ns, Max = 12.827 ns
IQR = 0.019 ns, LowerFence = 12.767 ns, UpperFence = 12.841 ns
ConfidenceInterval = [12.454 ns; 13.156 ns] (CI 99.9%), Margin = 0.351 ns (2.74% of Mean)
Skewness = 0.28, Kurtosis = 0.67, MValue = 2
-------------------- Histogram --------------------
[12.772 ns ; 12.844 ns) | @@@
---------------------------------------------------

MediatorBenchmarks.SendQuery_NoBehaviors: ShortRun(IterationCount=3, LaunchCount=1, WarmupCount=3)
Runtime = .NET 10.0.12 (10.0.12, 10.0.1226.42308), X64 RyuJIT x86-64-v4; GC = Concurrent Workstation
Mean = 8.965 ns, StdErr = 0.067 ns (0.75%), N = 3, StdDev = 0.116 ns
Min = 8.862 ns, Q1 = 8.902 ns, Median = 8.942 ns, Q3 = 9.017 ns, Max = 9.091 ns
IQR = 0.115 ns, LowerFence = 8.730 ns, UpperFence = 9.189 ns
ConfidenceInterval = [6.842 ns; 11.088 ns] (CI 99.9%), Margin = 2.123 ns (23.68% of Mean)
Skewness = 0.19, Kurtosis = 0.67, MValue = 2
-------------------- Histogram --------------------
[8.796 ns ; 9.008 ns) | @@
[9.008 ns ; 9.197 ns) | @
---------------------------------------------------

MediatorBenchmarks.SendCommand_OneBehavior: ShortRun(IterationCount=3, LaunchCount=1, WarmupCount=3)
Runtime = .NET 10.0.12 (10.0.12, 10.0.1226.42308), X64 RyuJIT x86-64-v4; GC = Concurrent Workstation
Mean = 22.208 ns, StdErr = 0.013 ns (0.06%), N = 3, StdDev = 0.022 ns
Min = 22.189 ns, Q1 = 22.195 ns, Median = 22.201 ns, Q3 = 22.217 ns, Max = 22.232 ns
IQR = 0.021 ns, LowerFence = 22.163 ns, UpperFence = 22.249 ns
ConfidenceInterval = [21.808 ns; 22.608 ns] (CI 99.9%), Margin = 0.400 ns (1.80% of Mean)
Skewness = 0.26, Kurtosis = 0.67, MValue = 2
-------------------- Histogram --------------------
[22.169 ns ; 22.252 ns) | @@@
---------------------------------------------------

MediatorBenchmarks.SendCommand_FiveBehaviors: ShortRun(IterationCount=3, LaunchCount=1, WarmupCount=3)
Runtime = .NET 10.0.12 (10.0.12, 10.0.1226.42308), X64 RyuJIT x86-64-v4; GC = Concurrent Workstation
Mean = 88.120 ns, StdErr = 0.025 ns (0.03%), N = 3, StdDev = 0.043 ns
Min = 88.070 ns, Q1 = 88.107 ns, Median = 88.144 ns, Q3 = 88.145 ns, Max = 88.146 ns
IQR = 0.038 ns, LowerFence = 88.051 ns, UpperFence = 88.202 ns
ConfidenceInterval = [87.332 ns; 88.909 ns] (CI 99.9%), Margin = 0.788 ns (0.89% of Mean)
Skewness = -0.38, Kurtosis = 0.67, MValue = 2
-------------------- Histogram --------------------
[88.069 ns ; 88.148 ns) | @@@
---------------------------------------------------

MediatorBenchmarks.PublishNotification_OneHandler: ShortRun(IterationCount=3, LaunchCount=1, WarmupCount=3)
Runtime = .NET 10.0.12 (10.0.12, 10.0.1226.42308), X64 RyuJIT x86-64-v4; GC = Concurrent Workstation
Mean = 26.393 ns, StdErr = 0.748 ns (2.83%), N = 3, StdDev = 1.296 ns
Min = 24.918 ns, Q1 = 25.917 ns, Median = 26.915 ns, Q3 = 27.131 ns, Max = 27.347 ns
IQR = 1.214 ns, LowerFence = 24.096 ns, UpperFence = 28.952 ns
ConfidenceInterval = [2.758 ns; 50.029 ns] (CI 99.9%), Margin = 23.636 ns (89.55% of Mean)
Skewness = -0.34, Kurtosis = 0.67, MValue = 2
-------------------- Histogram --------------------
[23.739 ns ; 25.952 ns) | @
[25.952 ns ; 28.526 ns) | @@
---------------------------------------------------

MediatorBenchmarks.PublishNotification_FiveHandlers: ShortRun(IterationCount=3, LaunchCount=1, WarmupCount=3)
Runtime = .NET 10.0.12 (10.0.12, 10.0.1226.42308), X64 RyuJIT x86-64-v4; GC = Concurrent Workstation
Mean = 61.790 ns, StdErr = 0.289 ns (0.47%), N = 3, StdDev = 0.500 ns
Min = 61.216 ns, Q1 = 61.617 ns, Median = 62.017 ns, Q3 = 62.076 ns, Max = 62.135 ns
IQR = 0.460 ns, LowerFence = 60.927 ns, UpperFence = 62.766 ns
ConfidenceInterval = [52.665 ns; 70.914 ns] (CI 99.9%), Margin = 9.125 ns (14.77% of Mean)
Skewness = -0.36, Kurtosis = 0.67, MValue = 2
-------------------- Histogram --------------------
[60.761 ns ; 62.591 ns) | @@@
---------------------------------------------------

MediatorBenchmarks.PublishNotification_Parallel: ShortRun(IterationCount=3, LaunchCount=1, WarmupCount=3)
Runtime = .NET 10.0.12 (10.0.12, 10.0.1226.42308), X64 RyuJIT x86-64-v4; GC = Concurrent Workstation
Mean = 83.030 ns, StdErr = 0.140 ns (0.17%), N = 3, StdDev = 0.243 ns
Min = 82.764 ns, Q1 = 82.925 ns, Median = 83.086 ns, Q3 = 83.163 ns, Max = 83.241 ns
IQR = 0.238 ns, LowerFence = 82.568 ns, UpperFence = 83.521 ns
ConfidenceInterval = [78.598 ns; 87.463 ns] (CI 99.9%), Margin = 4.433 ns (5.34% of Mean)
Skewness = -0.22, Kurtosis = 0.67, MValue = 2
-------------------- Histogram --------------------
[82.543 ns ; 83.462 ns) | @@@
---------------------------------------------------

MediatorBenchmarks.NestedSend: ShortRun(IterationCount=3, LaunchCount=1, WarmupCount=3)
Runtime = .NET 10.0.12 (10.0.12, 10.0.1226.42308), X64 RyuJIT x86-64-v4; GC = Concurrent Workstation
Mean = 42.009 ns, StdErr = 0.027 ns (0.06%), N = 3, StdDev = 0.046 ns
Min = 41.956 ns, Q1 = 41.994 ns, Median = 42.032 ns, Q3 = 42.036 ns, Max = 42.039 ns
IQR = 0.042 ns, LowerFence = 41.932 ns, UpperFence = 42.099 ns
ConfidenceInterval = [41.164 ns; 42.855 ns] (CI 99.9%), Margin = 0.846 ns (2.01% of Mean)
Skewness = -0.38, Kurtosis = 0.67, MValue = 2
-------------------- Histogram --------------------
[41.955 ns ; 42.040 ns) | @@@
---------------------------------------------------

// * Summary *

BenchmarkDotNet v0.15.8, Linux Ubuntu 24.04.5 LTS (Noble Numbat)
Intel Xeon 6973P-C 2.60GHz, 1 CPU, 4 logical and 2 physical cores
.NET SDK 10.0.401
  [Host]    : .NET 10.0.12 (10.0.12, 10.0.1226.42308), X64 RyuJIT x86-64-v4
  .NET 10.0 : .NET 10.0.12 (10.0.12, 10.0.1226.42308), X64 RyuJIT x86-64-v4
  .NET 8.0  : .NET 8.0.31 (8.0.31, 8.0.3126.42015), X64 RyuJIT x86-64-v4
  .NET 9.0  : .NET 9.0.20 (9.0.20, 9.0.2026.41315), X64 RyuJIT x86-64-v4
  ShortRun  : .NET 10.0.12 (10.0.12, 10.0.1226.42308), X64 RyuJIT x86-64-v4


| Method                           | Job       | Runtime   | IterationCount | LaunchCount | WarmupCount | Mean        | Error      | StdDev    | Ratio | RatioSD | Gen0   | Allocated | Alloc Ratio |
|--------------------------------- |---------- |---------- |--------------- |------------ |------------ |------------:|-----------:|----------:|------:|--------:|-------:|----------:|------------:|
| DirectCall                       | .NET 10.0 | .NET 10.0 | Default        | Default     | Default     |   0.1987 ns |  0.0026 ns | 0.0024 ns |     ? |       ? |      - |         - |           ? |
| SendCommand_NoBehaviors          | .NET 10.0 | .NET 10.0 | Default        | Default     | Default     |  14.4257 ns |  0.0223 ns | 0.0186 ns |     ? |       ? |      - |         - |           ? |
| SendQuery_NoBehaviors            | .NET 10.0 | .NET 10.0 | Default        | Default     | Default     |   9.0800 ns |  0.2251 ns | 0.2106 ns |     ? |       ? |      - |         - |           ? |
| SendCommand_OneBehavior          | .NET 10.0 | .NET 10.0 | Default        | Default     | Default     |  24.8764 ns |  0.1867 ns | 0.1559 ns |     ? |       ? |      - |         - |           ? |
| SendCommand_FiveBehaviors        | .NET 10.0 | .NET 10.0 | Default        | Default     | Default     |  80.3592 ns |  0.1594 ns | 0.1413 ns |     ? |       ? |      - |         - |           ? |
| PublishNotification_OneHandler   | .NET 10.0 | .NET 10.0 | Default        | Default     | Default     |  25.5074 ns |  0.1838 ns | 0.1630 ns |     ? |       ? | 0.0003 |      24 B |           ? |
| PublishNotification_FiveHandlers | .NET 10.0 | .NET 10.0 | Default        | Default     | Default     |  60.1439 ns |  0.8084 ns | 0.7562 ns |     ? |       ? | 0.0014 |     120 B |           ? |
| PublishNotification_Parallel     | .NET 10.0 | .NET 10.0 | Default        | Default     | Default     |  83.8478 ns |  1.6746 ns | 1.9935 ns |     ? |       ? | 0.0023 |     192 B |           ? |
| NestedSend                       | .NET 10.0 | .NET 10.0 | Default        | Default     | Default     |  39.1103 ns |  0.7780 ns | 0.7641 ns |     ? |       ? | 0.0002 |      24 B |           ? |
| DirectCall                       | .NET 8.0  | .NET 8.0  | Default        | Default     | Default     |   0.0000 ns |  0.0000 ns | 0.0000 ns |     ? |       ? |      - |         - |           ? |
| SendCommand_NoBehaviors          | .NET 8.0  | .NET 8.0  | Default        | Default     | Default     |  16.5219 ns |  0.2307 ns | 0.2266 ns |     ? |       ? |      - |         - |           ? |
| SendQuery_NoBehaviors            | .NET 8.0  | .NET 8.0  | Default        | Default     | Default     |  15.6972 ns |  0.2931 ns | 0.2599 ns |     ? |       ? |      - |         - |           ? |
| SendCommand_OneBehavior          | .NET 8.0  | .NET 8.0  | Default        | Default     | Default     |  32.9014 ns |  0.7010 ns | 0.9827 ns |     ? |       ? |      - |         - |           ? |
| SendCommand_FiveBehaviors        | .NET 8.0  | .NET 8.0  | Default        | Default     | Default     | 160.9145 ns |  0.1511 ns | 0.1262 ns |     ? |       ? |      - |         - |           ? |
| PublishNotification_OneHandler   | .NET 8.0  | .NET 8.0  | Default        | Default     | Default     |  33.8568 ns |  0.1561 ns | 0.1218 ns |     ? |       ? | 0.0002 |      24 B |           ? |
| PublishNotification_FiveHandlers | .NET 8.0  | .NET 8.0  | Default        | Default     | Default     |  81.2412 ns |  1.5346 ns | 1.4355 ns |     ? |       ? | 0.0014 |     120 B |           ? |
| PublishNotification_Parallel     | .NET 8.0  | .NET 8.0  | Default        | Default     | Default     | 101.6366 ns |  1.9847 ns | 2.1236 ns |     ? |       ? | 0.0024 |     200 B |           ? |
| NestedSend                       | .NET 8.0  | .NET 8.0  | Default        | Default     | Default     |  48.5839 ns |  0.4513 ns | 0.3523 ns |     ? |       ? | 0.0002 |      24 B |           ? |
| DirectCall                       | .NET 9.0  | .NET 9.0  | Default        | Default     | Default     |   0.5261 ns |  0.0590 ns | 0.0552 ns |     ? |       ? |      - |         - |           ? |
| SendCommand_NoBehaviors          | .NET 9.0  | .NET 9.0  | Default        | Default     | Default     |  13.7428 ns |  0.0167 ns | 0.0130 ns |     ? |       ? |      - |         - |           ? |
| SendQuery_NoBehaviors            | .NET 9.0  | .NET 9.0  | Default        | Default     | Default     |  10.6257 ns |  0.0193 ns | 0.0180 ns |     ? |       ? |      - |         - |           ? |
| SendCommand_OneBehavior          | .NET 9.0  | .NET 9.0  | Default        | Default     | Default     |  30.4529 ns |  0.1191 ns | 0.0930 ns |     ? |       ? |      - |         - |           ? |
| SendCommand_FiveBehaviors        | .NET 9.0  | .NET 9.0  | Default        | Default     | Default     | 132.1860 ns |  0.2331 ns | 0.1820 ns |     ? |       ? |      - |         - |           ? |
| PublishNotification_OneHandler   | .NET 9.0  | .NET 9.0  | Default        | Default     | Default     |  32.2915 ns |  0.1868 ns | 0.1560 ns |     ? |       ? | 0.0002 |      24 B |           ? |
| PublishNotification_FiveHandlers | .NET 9.0  | .NET 9.0  | Default        | Default     | Default     |  74.8836 ns |  0.1124 ns | 0.0939 ns |     ? |       ? | 0.0014 |     120 B |           ? |
| PublishNotification_Parallel     | .NET 9.0  | .NET 9.0  | Default        | Default     | Default     |  94.9476 ns |  0.8667 ns | 0.7237 ns |     ? |       ? | 0.0023 |     192 B |           ? |
| NestedSend                       | .NET 9.0  | .NET 9.0  | Default        | Default     | Default     |  43.5630 ns |  0.1444 ns | 0.1280 ns |     ? |       ? | 0.0002 |      24 B |           ? |
| DirectCall                       | ShortRun  | .NET 10.0 | 3              | 1           | 3           |   0.2354 ns |  0.1614 ns | 0.0088 ns |     ? |       ? |      - |         - |           ? |
| SendCommand_NoBehaviors          | ShortRun  | .NET 10.0 | 3              | 1           | 3           |  12.8053 ns |  0.3511 ns | 0.0192 ns |     ? |       ? |      - |         - |           ? |
| SendQuery_NoBehaviors            | ShortRun  | .NET 10.0 | 3              | 1           | 3           |   8.9651 ns |  2.1229 ns | 0.1164 ns |     ? |       ? |      - |         - |           ? |
| SendCommand_OneBehavior          | ShortRun  | .NET 10.0 | 3              | 1           | 3           |  22.2075 ns |  0.4000 ns | 0.0219 ns |     ? |       ? |      - |         - |           ? |
| SendCommand_FiveBehaviors        | ShortRun  | .NET 10.0 | 3              | 1           | 3           |  88.1204 ns |  0.7885 ns | 0.0432 ns |     ? |       ? |      - |         - |           ? |
| PublishNotification_OneHandler   | ShortRun  | .NET 10.0 | 3              | 1           | 3           |  26.3934 ns | 23.6359 ns | 1.2956 ns |     ? |       ? | 0.0003 |      24 B |           ? |
| PublishNotification_FiveHandlers | ShortRun  | .NET 10.0 | 3              | 1           | 3           |  61.7896 ns |  9.1247 ns | 0.5002 ns |     ? |       ? | 0.0014 |     120 B |           ? |
| PublishNotification_Parallel     | ShortRun  | .NET 10.0 | 3              | 1           | 3           |  83.0303 ns |  4.4328 ns | 0.2430 ns |     ? |       ? | 0.0023 |     192 B |           ? |
| NestedSend                       | ShortRun  | .NET 10.0 | 3              | 1           | 3           |  42.0093 ns |  0.8457 ns | 0.0464 ns |     ? |       ? | 0.0002 |      24 B |           ? |

// * Warnings *
BaselineCustomAnalyzer
  Summary -> A question mark '?' symbol indicates that it was not possible to compute the (Ratio, RatioSD, Alloc Ratio) column(s) because the baseline or benchmark could not be found, or the baseline value is too close to zero.
ZeroMeasurement
  MediatorBenchmarks.DirectCall: .NET 8.0 -> The method duration is indistinguishable from the empty method duration
  MediatorBenchmarks.DirectCall: ShortRun -> The method duration is indistinguishable from the empty method duration

// * Hints *
Outliers
  MediatorBenchmarks.SendCommand_NoBehaviors: .NET 10.0         -> 2 outliers were removed (17.30 ns, 17.83 ns)
  MediatorBenchmarks.SendCommand_OneBehavior: .NET 10.0         -> 4 outliers were removed (28.27 ns..28.94 ns)
  MediatorBenchmarks.SendCommand_FiveBehaviors: .NET 10.0       -> 1 outlier  was  removed (84.17 ns)
  MediatorBenchmarks.PublishNotification_OneHandler: .NET 10.0  -> 1 outlier  was  removed (28.44 ns)
  MediatorBenchmarks.NestedSend: .NET 10.0                      -> 1 outlier  was  removed (43.68 ns)
  MediatorBenchmarks.DirectCall: .NET 8.0                       -> 2 outliers were removed (2.58 ns, 2.59 ns)
  MediatorBenchmarks.SendCommand_NoBehaviors: .NET 8.0          -> 3 outliers were removed (20.07 ns..20.40 ns)
  MediatorBenchmarks.SendQuery_NoBehaviors: .NET 8.0            -> 1 outlier  was  removed (19.71 ns)
  MediatorBenchmarks.SendCommand_FiveBehaviors: .NET 8.0        -> 2 outliers were removed (164.81 ns, 164.82 ns)
  MediatorBenchmarks.PublishNotification_OneHandler: .NET 8.0   -> 3 outliers were removed (37.70 ns..38.90 ns)
  MediatorBenchmarks.PublishNotification_Parallel: .NET 8.0     -> 1 outlier  was  removed (108.81 ns)
  MediatorBenchmarks.NestedSend: .NET 8.0                       -> 3 outliers were removed (52.94 ns..57.27 ns)
  MediatorBenchmarks.DirectCall: .NET 9.0                       -> 2 outliers were removed (3.28 ns, 3.33 ns)
  MediatorBenchmarks.SendCommand_NoBehaviors: .NET 9.0          -> 3 outliers were removed (16.41 ns..16.99 ns)
  MediatorBenchmarks.SendCommand_OneBehavior: .NET 9.0          -> 3 outliers were removed (34.34 ns..35.65 ns)
  MediatorBenchmarks.SendCommand_FiveBehaviors: .NET 9.0        -> 3 outliers were removed (136.89 ns..137.40 ns)
  MediatorBenchmarks.PublishNotification_OneHandler: .NET 9.0   -> 2 outliers were removed (34.11 ns, 35.19 ns)
  MediatorBenchmarks.PublishNotification_FiveHandlers: .NET 9.0 -> 2 outliers were removed (77.33 ns, 77.69 ns)
  MediatorBenchmarks.PublishNotification_Parallel: .NET 9.0     -> 2 outliers were removed (100.91 ns, 104.84 ns)
  MediatorBenchmarks.NestedSend: .NET 9.0                       -> 1 outlier  was  removed (48.18 ns)

// * Legends *
  Mean        : Arithmetic mean of all measurements
  Error       : Half of 99.9% confidence interval
  StdDev      : Standard deviation of all measurements
  Ratio       : Mean of the ratio distribution ([Current]/[Baseline])
  RatioSD     : Standard deviation of the ratio distribution ([Current]/[Baseline])
  Gen0        : GC Generation 0 collects per 1000 operations
  Allocated   : Allocated memory per single operation (managed only, inclusive, 1KB = 1024B)
  Alloc Ratio : Allocated memory ratio distribution ([Current]/[Baseline])
  1 ns        : 1 Nanosecond (0.000000001 sec)

// * Diagnostic Output - MemoryDiagnoser *


// ***** BenchmarkRunner: End *****
Run time: 00:11:37 (697.65 sec), executed benchmarks: 36

Global total time: 00:12:02 (722.21 sec), executed benchmarks: 36
// * Artifacts cleanup *
Artifacts cleanup is finished
